warning: bif_core@0.1.0: Building USD bridge via CMake...
   Compiling bif_core v0.1.0 (D:\__projects\_programming\rust\bif\crates\bif_core)
   Compiling bif_renderer v0.1.0 (D:\__projects\_programming\rust\bif\crates\bif_renderer)
   Compiling bif_viewport v0.1.0 (D:\__projects\_programming\rust\bif\crates\bif_viewport)
   Compiling bif_viewer v0.1.0 (D:\__projects\_programming\rust\bif\crates\bif_viewer)
    Finished `dev` profile [optimized + debuginfo] target(s) in 9.99s
     Running `target\debug\bif_viewer.exe`
[2026-03-15T09:07:36Z INFO  bif_viewer] Starting BIF Viewer (default scene)
[2026-03-15T09:07:36Z INFO  bif_viewer] Running event loop
[2026-03-15T09:07:37Z INFO  bif_viewer] Starting with blank scene (load USD via node graph)
[2026-03-15T09:07:37Z WARN  wgpu_hal::vulkan::instance] InstanceFlags::VALIDATION requested, but unable to find layer: VK_LAYER_KHRONOS_validation
[2026-03-15T09:07:37Z WARN  wgpu_hal::vulkan::instance] GENERAL [Loader Message (0x0)]
    	Layer name GalaxyOverlayVkLayer does not conform to naming standard (Policy #LLP_LAYER_3)
[2026-03-15T09:07:37Z WARN  wgpu_hal::vulkan::instance] 	objects: (type: INSTANCE, hndl: 0x1b596554220, name: ?)
[2026-03-15T09:07:37Z WARN  wgpu_hal::vulkan::instance] GENERAL [Loader Message (0x0)]
    	Layer name GalaxyOverlayVkLayer_VERBOSE does not conform to naming standard (Policy #LLP_LAYER_3)
[2026-03-15T09:07:37Z WARN  wgpu_hal::vulkan::instance] 	objects: (type: INSTANCE, hndl: 0x1b596554220, name: ?)
[2026-03-15T09:07:37Z WARN  wgpu_hal::vulkan::instance] GENERAL [Loader Message (0x0)]
    	Layer name GalaxyOverlayVkLayer_DEBUG does not conform to naming standard (Policy #LLP_LAYER_3)
[2026-03-15T09:07:37Z WARN  wgpu_hal::vulkan::instance] 	objects: (type: INSTANCE, hndl: 0x1b596554220, name: ?)
[2026-03-15T09:07:37Z ERROR wgpu_hal::vulkan::instance] GENERAL [Loader Message (0x0)]
    	loader_get_json: Failed to open JSON file C:\Program Files\Rockstar Games\Social Club\SocialClubVulkanLayer.json
[2026-03-15T09:07:37Z ERROR wgpu_hal::vulkan::instance] 	objects: (type: INSTANCE, hndl: 0x1b596554220, name: ?)
[2026-03-15T09:07:37Z WARN  wgpu_hal::vulkan::conv] Unrecognized present mode 1000361000
[2026-03-15T09:07:38Z WARN  wgpu_hal::vulkan::conv] Unrecognized present mode 1000361000
[2026-03-15T09:07:38Z WARN  wgpu_hal::vulkan::conv] Unrecognized present mode 1000361000
[2026-03-15T09:07:38Z INFO  bif_viewport] Initializing blank scene (no default geometry)
[2026-03-15T09:07:38Z INFO  bif_viewport] Camera positioned at Vec3(0.0, 10.0, 50.0), looking at Vec3(0.0, 0.0, 0.0)
[2026-03-15T09:07:38Z INFO  bif_viewport] Camera near=0.10, far=1000.00
[2026-03-15T09:07:38Z INFO  bif_viewport] Created dynamic instance buffer (capacity: 100000 instances)
[2026-03-15T09:07:38Z INFO  bif_viewport] Created culling manager
[2026-03-15T09:07:38Z WARN  egui_wgpu::renderer] Detected a linear (sRGBA aware) framebuffer Bgra8UnormSrgb. egui prefers Rgba8Unorm or Bgra8Unorm
[2026-03-15T09:07:38Z INFO  bif_viewport] egui initialized
[2026-03-15T09:07:38Z INFO  bif_viewport] Gnomon initialized
[2026-03-15T09:07:38Z INFO  bif_viewport] Grid initialized
[2026-03-15T09:07:38Z INFO  bif_viewport] Point preview initialized
[2026-03-15T09:07:38Z INFO  bif_viewport] Ivar resources initialized
[2026-03-15T09:07:38Z INFO  bif_viewer] Window and renderer initialized
[2026-03-15T09:07:38Z WARN  wgpu_hal::vulkan::conv] Unrecognized present mode 1000361000
[2026-03-15T09:07:38Z INFO  bif_viewer] Resized to 1904x990
[2026-03-15T09:07:38Z WARN  wgpu_hal::vulkan::conv] Unrecognized present mode 1000361000
[2026-03-15T09:07:38Z INFO  bif_viewer] Resized to 1280x720
[2026-03-15T09:07:38Z WARN  wgpu_hal::vulkan::conv] Unrecognized present mode 1000361000
[2026-03-15T09:07:38Z INFO  bif_viewer] Resized to 1280x720
[2026-03-15T09:08:52Z WARN  wgpu_hal::vulkan::conv] Unrecognized present mode 1000361000
[2026-03-15T09:08:52Z INFO  bif_viewer] Resized to 1281x720
[2026-03-15T09:08:52Z WARN  wgpu_hal::vulkan::conv] Unrecognized present mode 1000361000
[2026-03-15T09:08:52Z INFO  bif_viewer] Resized to 1345x720
[2026-03-15T09:08:52Z WARN  wgpu_hal::vulkan::conv] Unrecognized present mode 1000361000
[2026-03-15T09:08:52Z INFO  bif_viewer] Resized to 1427x720
[2026-03-15T09:08:52Z WARN  wgpu_hal::vulkan::conv] Unrecognized present mode 1000361000
[2026-03-15T09:08:52Z INFO  bif_viewer] Resized to 1517x720
[2026-03-15T09:08:52Z WARN  wgpu_hal::vulkan::conv] Unrecognized present mode 1000361000
[2026-03-15T09:08:52Z INFO  bif_viewer] Resized to 1656x720
[2026-03-15T09:08:52Z WARN  wgpu_hal::vulkan::conv] Unrecognized present mode 1000361000
[2026-03-15T09:08:52Z INFO  bif_viewer] Resized to 1800x720
[2026-03-15T09:08:53Z WARN  wgpu_hal::vulkan::conv] Unrecognized present mode 1000361000
[2026-03-15T09:08:53Z INFO  bif_viewer] Resized to 1885x720
[2026-03-15T09:08:53Z WARN  wgpu_hal::vulkan::conv] Unrecognized present mode 1000361000
[2026-03-15T09:08:53Z INFO  bif_viewer] Resized to 1928x720
[2026-03-15T09:08:53Z WARN  wgpu_hal::vulkan::conv] Unrecognized present mode 1000361000
[2026-03-15T09:08:53Z INFO  bif_viewer] Resized to 1932x720
[2026-03-15T09:08:55Z WARN  wgpu_hal::vulkan::conv] Unrecognized present mode 1000361000
[2026-03-15T09:08:55Z INFO  bif_viewer] Resized to 1934x724
[2026-03-15T09:08:55Z WARN  wgpu_hal::vulkan::conv] Unrecognized present mode 1000361000
[2026-03-15T09:08:55Z INFO  bif_viewer] Resized to 1947x781
[2026-03-15T09:08:55Z WARN  wgpu_hal::vulkan::conv] Unrecognized present mode 1000361000
[2026-03-15T09:08:55Z INFO  bif_viewer] Resized to 1972x856
[2026-03-15T09:08:55Z WARN  wgpu_hal::vulkan::conv] Unrecognized present mode 1000361000
[2026-03-15T09:08:55Z INFO  bif_viewer] Resized to 2024x965
[2026-03-15T09:08:55Z WARN  wgpu_hal::vulkan::conv] Unrecognized present mode 1000361000
[2026-03-15T09:08:55Z INFO  bif_viewer] Resized to 2066x1044
[2026-03-15T09:08:55Z WARN  wgpu_hal::vulkan::conv] Unrecognized present mode 1000361000
[2026-03-15T09:08:55Z INFO  bif_viewer] Resized to 2095x1092
[2026-03-15T09:08:55Z WARN  wgpu_hal::vulkan::conv] Unrecognized present mode 1000361000
[2026-03-15T09:08:55Z INFO  bif_viewer] Resized to 2102x1100
[2026-03-15T09:09:07Z INFO  bif_viewport::render] Node graph: Loading USD file: Z:\_houdiniFiles\USD\USD_ALab_0730\entry.usda
[2026-03-15T09:09:07Z INFO  bif_viewport::scene_loader] Loading USD scene: "Z:\\_houdiniFiles\\USD\\USD_ALab_0730\\entry.usda"
Warning: in BindingsAtPrim at line 671 of D:\__projects\_programming\vcpkg\buildtrees\usd\src\v25.11-c5a1a786cc.clean\pxr\usd\usdShade\materialBindingAPI.cpp -- Found material bindings on prim at path (/root/thelab01/workbench_grp/furniture_workbench01_0001/GEO) but MaterialBindingAPI is not applied on the prim
Warning: in BindingsAtPrim at line 671 of D:\__projects\_programming\vcpkg\buildtrees\usd\src\v25.11-c5a1a786cc.clean\pxr\usd\usdShade\materialBindingAPI.cpp -- Found material bindings on prim at path (/root/thelab01/workbench_grp/furniture_workbench01_0001/GEO) but MaterialBindingAPI is not applied on the prim
Warning: in BindingsAtPrim at line 671 of D:\__projects\_programming\vcpkg\buildtrees\usd\src\v25.11-c5a1a786cc.clean\pxr\usd\usdShade\materialBindingAPI.cpp -- Found material bindings on prim at path (/root/thelab01/workbench_grp/furniture_workbench01_0001/GEO) but MaterialBindingAPI is not applied on the prim
Warning: in BindingsAtPrim at line 671 of D:\__projects\_programming\vcpkg\buildtrees\usd\src\v25.11-c5a1a786cc.clean\pxr\usd\usdShade\materialBindingAPI.cpp -- Found material bindings on prim at path (/root/thelab01/workbench_grp/furniture_workbench01_0001/GEO) but MaterialBindingAPI is not applied on the prim
Warning: in BindingsAtPrim at line 671 of D:\__projects\_programming\vcpkg\buildtrees\usd\src\v25.11-c5a1a786cc.clean\pxr\usd\usdShade\materialBindingAPI.cpp -- Found material bindings on prim at path (/root/thelab01/workbench_grp/furniture_workbench01_0001/GEO) but MaterialBindingAPI is not applied on the prim
Warning: in BindingsAtPrim at line 671 of D:\__projects\_programming\vcpkg\buildtrees\usd\src\v25.11-c5a1a786cc.clean\pxr\usd\usdShade\materialBindingAPI.cpp -- Found material bindings on prim at path (/root/thelab01/workbench_grp/furniture_workbench01_0001/GEO) but MaterialBindingAPI is not applied on the prim
Warning: in BindingsAtPrim at line 671 of D:\__projects\_programming\vcpkg\buildtrees\usd\src\v25.11-c5a1a786cc.clean\pxr\usd\usdShade\materialBindingAPI.cpp -- Found material bindings on prim at path (/root/thelab01/workbench_grp/furniture_workbench01_0001/GEO) but MaterialBindingAPI is not applied on the prim
Warning: in BindingsAtPrim at line 671 of D:\__projects\_programming\vcpkg\buildtrees\usd\src\v25.11-c5a1a786cc.clean\pxr\usd\usdShade\materialBindingAPI.cpp -- Found material bindings on prim at path (/root/thelab01/workbench_grp/furniture_workbench01_0001/GEO) but MaterialBindingAPI is not applied on the prim
Warning: in BindingsAtPrim at line 671 of D:\__projects\_programming\vcpkg\buildtrees\usd\src\v25.11-c5a1a786cc.clean\pxr\usd\usdShade\materialBindingAPI.cpp -- Found material bindings on prim at path (/root/thelab01/workbench_grp/furniture_workbench01_0001/GEO) but MaterialBindingAPI is not applied on the prim
Warning: in BindingsAtPrim at line 671 of D:\__projects\_programming\vcpkg\buildtrees\usd\src\v25.11-c5a1a786cc.clean\pxr\usd\usdShade\materialBindingAPI.cpp -- Found material bindings on prim at path (/root/thelab01/workbench_grp/furniture_workbench01_0001/GEO) but MaterialBindingAPI is not applied on the prim
Warning: in BindingsAtPrim at line 671 of D:\__projects\_programming\vcpkg\buildtrees\usd\src\v25.11-c5a1a786cc.clean\pxr\usd\usdShade\materialBindingAPI.cpp -- Found material bindings on prim at path (/root/thelab01/workbench_grp/furniture_workbench01_0001/GEO) but MaterialBindingAPI is not applied on the prim
Warning: in BindingsAtPrim at line 671 of D:\__projects\_programming\vcpkg\buildtrees\usd\src\v25.11-c5a1a786cc.clean\pxr\usd\usdShade\materialBindingAPI.cpp -- Found material bindings on prim at path (/root/thelab01/workbench_grp/furniture_workbench01_0001/GEO) but MaterialBindingAPI is not applied on the prim
Warning: in BindingsAtPrim at line 671 of D:\__projects\_programming\vcpkg\buildtrees\usd\src\v25.11-c5a1a786cc.clean\pxr\usd\usdShade\materialBindingAPI.cpp -- Found material bindings on prim at path (/root/thelab01/workbench_grp/furniture_workbench01_0001/GEO) but MaterialBindingAPI is not applied on the prim
Warning: in BindingsAtPrim at line 671 of D:\__projects\_programming\vcpkg\buildtrees\usd\src\v25.11-c5a1a786cc.clean\pxr\usd\usdShade\materialBindingAPI.cpp -- Found material bindings on prim at path (/root/thelab01/workbench_grp/furniture_workbench01_0001/GEO) but MaterialBindingAPI is not applied on the prim
Warning: in BindingsAtPrim at line 671 of D:\__projects\_programming\vcpkg\buildtrees\usd\src\v25.11-c5a1a786cc.clean\pxr\usd\usdShade\materialBindingAPI.cpp -- Found material bindings on prim at path (/root/thelab01/workbench_grp/furniture_workbench01_0001/GEO) but MaterialBindingAPI is not applied on the prim
Warning: in BindingsAtPrim at line 671 of D:\__projects\_programming\vcpkg\buildtrees\usd\src\v25.11-c5a1a786cc.clean\pxr\usd\usdShade\materialBindingAPI.cpp -- Found material bindings on prim at path (/root/thelab01/workbench_grp/furniture_workbench01_0001/GEO) but MaterialBindingAPI is not applied on the prim
Warning: in BindingsAtPrim at line 671 of D:\__projects\_programming\vcpkg\buildtrees\usd\src\v25.11-c5a1a786cc.clean\pxr\usd\usdShade\materialBindingAPI.cpp -- Found material bindings on prim at path (/root/thelab01/workbench_grp/furniture_workbench01_0001/GEO) but MaterialBindingAPI is not applied on the prim
Warning: in BindingsAtPrim at line 671 of D:\__projects\_programming\vcpkg\buildtrees\usd\src\v25.11-c5a1a786cc.clean\pxr\usd\usdShade\materialBindingAPI.cpp -- Found material bindings on prim at path (/root/thelab01/workbench_grp/furniture_workbench01_0001/GEO) but MaterialBindingAPI is not applied on the prim
Warning: in BindingsAtPrim at line 671 of D:\__projects\_programming\vcpkg\buildtrees\usd\src\v25.11-c5a1a786cc.clean\pxr\usd\usdShade\materialBindingAPI.cpp -- Found material bindings on prim at path (/root/thelab01/workbench_grp/furniture_workbench01_0001/GEO) but MaterialBindingAPI is not applied on the prim
Warning: in BindingsAtPrim at line 671 of D:\__projects\_programming\vcpkg\buildtrees\usd\src\v25.11-c5a1a786cc.clean\pxr\usd\usdShade\materialBindingAPI.cpp -- Found material bindings on prim at path (/root/thelab01/workbench_grp/furniture_workbench01_0001/GEO) but MaterialBindingAPI is not applied on the prim
Warning: in BindingsAtPrim at line 671 of D:\__projects\_programming\vcpkg\buildtrees\usd\src\v25.11-c5a1a786cc.clean\pxr\usd\usdShade\materialBindingAPI.cpp -- Found material bindings on prim at path (/root/thelab01/workbench_grp/furniture_workbench01_0001/GEO) but MaterialBindingAPI is not applied on the prim
Warning: in BindingsAtPrim at line 671 of D:\__projects\_programming\vcpkg\buildtrees\usd\src\v25.11-c5a1a786cc.clean\pxr\usd\usdShade\materialBindingAPI.cpp -- Found material bindings on prim at path (/root/thelab01/workbench_grp/furniture_workbench01_0001/GEO) but MaterialBindingAPI is not applied on the prim
Warning: in BindingsAtPrim at line 671 of D:\__projects\_programming\vcpkg\buildtrees\usd\src\v25.11-c5a1a786cc.clean\pxr\usd\usdShade\materialBindingAPI.cpp -- Found material bindings on prim at path (/root/thelab01/workbench_grp/furniture_workbench01_0001/GEO) but MaterialBindingAPI is not applied on the prim
Warning: in BindingsAtPrim at line 671 of D:\__projects\_programming\vcpkg\buildtrees\usd\src\v25.11-c5a1a786cc.clean\pxr\usd\usdShade\materialBindingAPI.cpp -- Found material bindings on prim at path (/root/thelab01/workbench_grp/furniture_workbench01_0001/GEO) but MaterialBindingAPI is not applied on the prim
Warning: in BindingsAtPrim at line 671 of D:\__projects\_programming\vcpkg\buildtrees\usd\src\v25.11-c5a1a786cc.clean\pxr\usd\usdShade\materialBindingAPI.cpp -- Found material bindings on prim at path (/root/thelab01/workbench_grp/furniture_workbench01_0001/GEO) but MaterialBindingAPI is not applied on the prim
Warning: in BindingsAtPrim at line 671 of D:\__projects\_programming\vcpkg\buildtrees\usd\src\v25.11-c5a1a786cc.clean\pxr\usd\usdShade\materialBindingAPI.cpp -- Found material bindings on prim at path (/root/thelab01/workbench_grp/furniture_workbench01_0001/GEO) but MaterialBindingAPI is not applied on the prim
Warning: in BindingsAtPrim at line 671 of D:\__projects\_programming\vcpkg\buildtrees\usd\src\v25.11-c5a1a786cc.clean\pxr\usd\usdShade\materialBindingAPI.cpp -- Found material bindings on prim at path (/root/thelab01/workbench_grp/furniture_workbench01_0001/GEO) but MaterialBindingAPI is not applied on the prim
Warning: in BindingsAtPrim at line 671 of D:\__projects\_programming\vcpkg\buildtrees\usd\src\v25.11-c5a1a786cc.clean\pxr\usd\usdShade\materialBindingAPI.cpp -- Found material bindings on prim at path (/root/thelab01/workbench_grp/furniture_workbench01_0001/GEO) but MaterialBindingAPI is not applied on the prim
Warning: in BindingsAtPrim at line 671 of D:\__projects\_programming\vcpkg\buildtrees\usd\src\v25.11-c5a1a786cc.clean\pxr\usd\usdShade\materialBindingAPI.cpp -- Found material bindings on prim at path (/root/thelab01/workbench_grp/furniture_workbench01_0001/GEO) but MaterialBindingAPI is not applied on the prim
Warning: in BindingsAtPrim at line 671 of D:\__projects\_programming\vcpkg\buildtrees\usd\src\v25.11-c5a1a786cc.clean\pxr\usd\usdShade\materialBindingAPI.cpp -- Found material bindings on prim at path (/root/thelab01/workbench_grp/furniture_workbench01_0001/GEO) but MaterialBindingAPI is not applied on the prim
Warning: in BindingsAtPrim at line 671 of D:\__projects\_programming\vcpkg\buildtrees\usd\src\v25.11-c5a1a786cc.clean\pxr\usd\usdShade\materialBindingAPI.cpp -- Found material bindings on prim at path (/root/thelab01/workbench_grp/furniture_workbench01_0001/GEO) but MaterialBindingAPI is not applied on the prim
Warning: in BindingsAtPrim at line 671 of D:\__projects\_programming\vcpkg\buildtrees\usd\src\v25.11-c5a1a786cc.clean\pxr\usd\usdShade\materialBindingAPI.cpp -- Found material bindings on prim at path (/root/thelab01/workbench_grp/furniture_workbench01_0001/GEO) but MaterialBindingAPI is not applied on the prim
Warning: in BindingsAtPrim at line 671 of D:\__projects\_programming\vcpkg\buildtrees\usd\src\v25.11-c5a1a786cc.clean\pxr\usd\usdShade\materialBindingAPI.cpp -- Found material bindings on prim at path (/root/thelab01/workbench_grp/furniture_workbench01_0001/GEO) but MaterialBindingAPI is not applied on the prim
Warning: in BindingsAtPrim at line 671 of D:\__projects\_programming\vcpkg\buildtrees\usd\src\v25.11-c5a1a786cc.clean\pxr\usd\usdShade\materialBindingAPI.cpp -- Found material bindings on prim at path (/root/thelab01/workbench_grp/furniture_workbench01_0001/GEO) but MaterialBindingAPI is not applied on the prim
Warning: in BindingsAtPrim at line 671 of D:\__projects\_programming\vcpkg\buildtrees\usd\src\v25.11-c5a1a786cc.clean\pxr\usd\usdShade\materialBindingAPI.cpp -- Found material bindings on prim at path (/root/thelab01/workbench_grp/furniture_workbench01_0001/GEO) but MaterialBindingAPI is not applied on the prim
Warning: in BindingsAtPrim at line 671 of D:\__projects\_programming\vcpkg\buildtrees\usd\src\v25.11-c5a1a786cc.clean\pxr\usd\usdShade\materialBindingAPI.cpp -- Found material bindings on prim at path (/root/thelab01/workbench_grp/furniture_workbench01_0001/GEO) but MaterialBindingAPI is not applied on the prim
Warning: in BindingsAtPrim at line 671 of D:\__projects\_programming\vcpkg\buildtrees\usd\src\v25.11-c5a1a786cc.clean\pxr\usd\usdShade\materialBindingAPI.cpp -- Found material bindings on prim at path (/root/thelab01/workbench_grp/furniture_workbench01_0001/GEO) but MaterialBindingAPI is not applied on the prim
Warning: in BindingsAtPrim at line 671 of D:\__projects\_programming\vcpkg\buildtrees\usd\src\v25.11-c5a1a786cc.clean\pxr\usd\usdShade\materialBindingAPI.cpp -- Found material bindings on prim at path (/root/thelab01/workbench_grp/furniture_workbench01_0001/GEO) but MaterialBindingAPI is not applied on the prim
Warning: in BindingsAtPrim at line 671 of D:\__projects\_programming\vcpkg\buildtrees\usd\src\v25.11-c5a1a786cc.clean\pxr\usd\usdShade\materialBindingAPI.cpp -- Found material bindings on prim at path (/root/thelab01/workbench_grp/furniture_workbench01_0001/GEO) but MaterialBindingAPI is not applied on the prim
Warning: in BindingsAtPrim at line 671 of D:\__projects\_programming\vcpkg\buildtrees\usd\src\v25.11-c5a1a786cc.clean\pxr\usd\usdShade\materialBindingAPI.cpp -- Found material bindings on prim at path (/root/thelab01/workbench_grp/furniture_workbench01_0001/GEO) but MaterialBindingAPI is not applied on the prim
Warning: in BindingsAtPrim at line 671 of D:\__projects\_programming\vcpkg\buildtrees\usd\src\v25.11-c5a1a786cc.clean\pxr\usd\usdShade\materialBindingAPI.cpp -- Found material bindings on prim at path (/root/thelab01/workbench_grp/furniture_workbench01_0001/GEO) but MaterialBindingAPI is not applied on the prim
Warning: in BindingsAtPrim at line 671 of D:\__projects\_programming\vcpkg\buildtrees\usd\src\v25.11-c5a1a786cc.clean\pxr\usd\usdShade\materialBindingAPI.cpp -- Found material bindings on prim at path (/root/thelab01/workbench_grp/furniture_workbench01_0001/GEO) but MaterialBindingAPI is not applied on the prim
Warning: in BindingsAtPrim at line 671 of D:\__projects\_programming\vcpkg\buildtrees\usd\src\v25.11-c5a1a786cc.clean\pxr\usd\usdShade\materialBindingAPI.cpp -- Found material bindings on prim at path (/root/thelab01/workbench_grp/furniture_workbench01_0001/GEO) but MaterialBindingAPI is not applied on the prim
Warning: in BindingsAtPrim at line 671 of D:\__projects\_programming\vcpkg\buildtrees\usd\src\v25.11-c5a1a786cc.clean\pxr\usd\usdShade\materialBindingAPI.cpp -- Found material bindings on prim at path (/root/thelab01/workbench_grp/furniture_workbench01_0001/GEO) but MaterialBindingAPI is not applied on the prim
Warning: in BindingsAtPrim at line 671 of D:\__projects\_programming\vcpkg\buildtrees\usd\src\v25.11-c5a1a786cc.clean\pxr\usd\usdShade\materialBindingAPI.cpp -- Found material bindings on prim at path (/root/thelab01/workbench_grp/furniture_workbench01_0001/GEO) but MaterialBindingAPI is not applied on the prim
Warning: in BindingsAtPrim at line 671 of D:\__projects\_programming\vcpkg\buildtrees\usd\src\v25.11-c5a1a786cc.clean\pxr\usd\usdShade\materialBindingAPI.cpp -- Found material bindings on prim at path (/root/thelab01/workbench_grp/furniture_workbench01_0001/GEO) but MaterialBindingAPI is not applied on the prim
Warning: in BindingsAtPrim at line 671 of D:\__projects\_programming\vcpkg\buildtrees\usd\src\v25.11-c5a1a786cc.clean\pxr\usd\usdShade\materialBindingAPI.cpp -- Found material bindings on prim at path (/root/thelab01/workbench_grp/furniture_workbench01_0001/GEO) but MaterialBindingAPI is not applied on the prim
Warning: in BindingsAtPrim at line 671 of D:\__projects\_programming\vcpkg\buildtrees\usd\src\v25.11-c5a1a786cc.clean\pxr\usd\usdShade\materialBindingAPI.cpp -- Found material bindings on prim at path (/root/thelab01/workbench_grp/furniture_workbench01_0001/GEO) but MaterialBindingAPI is not applied on the prim
Warning: in BindingsAtPrim at line 671 of D:\__projects\_programming\vcpkg\buildtrees\usd\src\v25.11-c5a1a786cc.clean\pxr\usd\usdShade\materialBindingAPI.cpp -- Found material bindings on prim at path (/root/thelab01/workbench_grp/furniture_workbench01_0001/GEO) but MaterialBindingAPI is not applied on the prim
Warning: in BindingsAtPrim at line 671 of D:\__projects\_programming\vcpkg\buildtrees\usd\src\v25.11-c5a1a786cc.clean\pxr\usd\usdShade\materialBindingAPI.cpp -- Found material bindings on prim at path (/root/thelab01/workbench_grp/furniture_workbench01_0001/GEO) but MaterialBindingAPI is not applied on the prim
Warning: in BindingsAtPrim at line 671 of D:\__projects\_programming\vcpkg\buildtrees\usd\src\v25.11-c5a1a786cc.clean\pxr\usd\usdShade\materialBindingAPI.cpp -- Found material bindings on prim at path (/root/thelab01/workbench_grp/furniture_workbench01_0001/GEO) but MaterialBindingAPI is not applied on the prim
Warning: in BindingsAtPrim at line 671 of D:\__projects\_programming\vcpkg\buildtrees\usd\src\v25.11-c5a1a786cc.clean\pxr\usd\usdShade\materialBindingAPI.cpp -- Found material bindings on prim at path (/root/thelab01/workbench_grp/furniture_workbench01_0001/GEO) but MaterialBindingAPI is not applied on the prim
Warning: in BindingsAtPrim at line 671 of D:\__projects\_programming\vcpkg\buildtrees\usd\src\v25.11-c5a1a786cc.clean\pxr\usd\usdShade\materialBindingAPI.cpp -- Found material bindings on prim at path (/root/thelab01/workbench_grp/furniture_workbench01_0001/GEO) but MaterialBindingAPI is not applied on the prim
Warning: in BindingsAtPrim at line 671 of D:\__projects\_programming\vcpkg\buildtrees\usd\src\v25.11-c5a1a786cc.clean\pxr\usd\usdShade\materialBindingAPI.cpp -- Found material bindings on prim at path (/root/thelab01/workbench_grp/furniture_workbench01_0001/GEO) but MaterialBindingAPI is not applied on the prim
Warning: in BindingsAtPrim at line 671 of D:\__projects\_programming\vcpkg\buildtrees\usd\src\v25.11-c5a1a786cc.clean\pxr\usd\usdShade\materialBindingAPI.cpp -- Found material bindings on prim at path (/root/thelab01/workbench_grp/furniture_workbench01_0001/GEO) but MaterialBindingAPI is not applied on the prim
Warning: in BindingsAtPrim at line 671 of D:\__projects\_programming\vcpkg\buildtrees\usd\src\v25.11-c5a1a786cc.clean\pxr\usd\usdShade\materialBindingAPI.cpp -- Found material bindings on prim at path (/root/thelab01/workbench_grp/furniture_workbench01_0001/GEO) but MaterialBindingAPI is not applied on the prim
Warning: in BindingsAtPrim at line 671 of D:\__projects\_programming\vcpkg\buildtrees\usd\src\v25.11-c5a1a786cc.clean\pxr\usd\usdShade\materialBindingAPI.cpp -- Found material bindings on prim at path (/root/thelab01/workbench_grp/furniture_workbench01_0001/GEO) but MaterialBindingAPI is not applied on the prim
Warning: in BindingsAtPrim at line 671 of D:\__projects\_programming\vcpkg\buildtrees\usd\src\v25.11-c5a1a786cc.clean\pxr\usd\usdShade\materialBindingAPI.cpp -- Found material bindings on prim at path (/root/thelab01/workbench_grp/furniture_workbench01_0001/GEO) but MaterialBindingAPI is not applied on the prim
Warning: in BindingsAtPrim at line 671 of D:\__projects\_programming\vcpkg\buildtrees\usd\src\v25.11-c5a1a786cc.clean\pxr\usd\usdShade\materialBindingAPI.cpp -- Found material bindings on prim at path (/root/thelab01/workbench_grp/furniture_workbench01_0001/GEO) but MaterialBindingAPI is not applied on the prim
Warning: in BindingsAtPrim at line 671 of D:\__projects\_programming\vcpkg\buildtrees\usd\src\v25.11-c5a1a786cc.clean\pxr\usd\usdShade\materialBindingAPI.cpp -- Found material bindings on prim at path (/root/thelab01/workbench_grp/furniture_workbench01_0001/GEO) but MaterialBindingAPI is not applied on the prim
Warning: in BindingsAtPrim at line 671 of D:\__projects\_programming\vcpkg\buildtrees\usd\src\v25.11-c5a1a786cc.clean\pxr\usd\usdShade\materialBindingAPI.cpp -- Found material bindings on prim at path (/root/thelab01/workbench_grp/furniture_workbench01_0001/GEO) but MaterialBindingAPI is not applied on the prim
Warning: in BindingsAtPrim at line 671 of D:\__projects\_programming\vcpkg\buildtrees\usd\src\v25.11-c5a1a786cc.clean\pxr\usd\usdShade\materialBindingAPI.cpp -- Found material bindings on prim at path (/root/thelab01/workbench_grp/furniture_workbench01_0001/GEO) but MaterialBindingAPI is not applied on the prim
Warning: in BindingsAtPrim at line 671 of D:\__projects\_programming\vcpkg\buildtrees\usd\src\v25.11-c5a1a786cc.clean\pxr\usd\usdShade\materialBindingAPI.cpp -- Found material bindings on prim at path (/root/thelab01/workbench_grp/electronics_oscilloscope01_0001/GEO) but MaterialBindingAPI is not applied on the prim
Warning: in BindingsAtPrim at line 671 of D:\__projects\_programming\vcpkg\buildtrees\usd\src\v25.11-c5a1a786cc.clean\pxr\usd\usdShade\materialBindingAPI.cpp -- Found material bindings on prim at path (/root/thelab01/workbench_grp/electronics_oscilloscope01_0001/GEO) but MaterialBindingAPI is not applied on the prim
Warning: in BindingsAtPrim at line 671 of D:\__projects\_programming\vcpkg\buildtrees\usd\src\v25.11-c5a1a786cc.clean\pxr\usd\usdShade\materialBindingAPI.cpp -- Found material bindings on prim at path (/root/thelab01/workbench_grp/electronics_oscilloscope01_0001/GEO) but MaterialBindingAPI is not applied on the prim
Warning: in BindingsAtPrim at line 671 of D:\__projects\_programming\vcpkg\buildtrees\usd\src\v25.11-c5a1a786cc.clean\pxr\usd\usdShade\materialBindingAPI.cpp -- Found material bindings on prim at path (/root/thelab01/workbench_grp/electronics_oscilloscope01_0001/GEO) but MaterialBindingAPI is not applied on the prim
Warning: in BindingsAtPrim at line 671 of D:\__projects\_programming\vcpkg\buildtrees\usd\src\v25.11-c5a1a786cc.clean\pxr\usd\usdShade\materialBindingAPI.cpp -- Found material bindings on prim at path (/root/thelab01/workbench_grp/electronics_oscilloscope01_0001/GEO) but MaterialBindingAPI is not applied on the prim
Warning: in BindingsAtPrim at line 671 of D:\__projects\_programming\vcpkg\buildtrees\usd\src\v25.11-c5a1a786cc.clean\pxr\usd\usdShade\materialBindingAPI.cpp -- Found material bindings on prim at path (/root/thelab01/workbench_grp/electronics_oscilloscope01_0001/GEO) but MaterialBindingAPI is not applied on the prim
Warning: in BindingsAtPrim at line 671 of D:\__projects\_programming\vcpkg\buildtrees\usd\src\v25.11-c5a1a786cc.clean\pxr\usd\usdShade\materialBindingAPI.cpp -- Found material bindings on prim at path (/root/thelab01/workbench_grp/electronics_oscilloscope01_0001/GEO) but MaterialBindingAPI is not applied on the prim
Warning: in BindingsAtPrim at line 671 of D:\__projects\_programming\vcpkg\buildtrees\usd\src\v25.11-c5a1a786cc.clean\pxr\usd\usdShade\materialBindingAPI.cpp -- Found material bindings on prim at path (/root/thelab01/workbench_grp/electronics_oscilloscope01_0001/GEO) but MaterialBindingAPI is not applied on the prim
Warning: in BindingsAtPrim at line 671 of D:\__projects\_programming\vcpkg\buildtrees\usd\src\v25.11-c5a1a786cc.clean\pxr\usd\usdShade\materialBindingAPI.cpp -- Found material bindings on prim at path (/root/thelab01/workbench_grp/electronics_oscilloscope01_0001/GEO) but MaterialBindingAPI is not applied on the prim
Warning: in BindingsAtPrim at line 671 of D:\__projects\_programming\vcpkg\buildtrees\usd\src\v25.11-c5a1a786cc.clean\pxr\usd\usdShade\materialBindingAPI.cpp -- Found material bindings on prim at path (/root/thelab01/workbench_grp/electronics_oscilloscope01_0001/GEO) but MaterialBindingAPI is not applied on the prim
Warning: in BindingsAtPrim at line 671 of D:\__projects\_programming\vcpkg\buildtrees\usd\src\v25.11-c5a1a786cc.clean\pxr\usd\usdShade\materialBindingAPI.cpp -- Found material bindings on prim at path (/root/thelab01/workbench_grp/electronics_oscilloscope01_0001/GEO) but MaterialBindingAPI is not applied on the prim
Warning: in BindingsAtPrim at line 671 of D:\__projects\_programming\vcpkg\buildtrees\usd\src\v25.11-c5a1a786cc.clean\pxr\usd\usdShade\materialBindingAPI.cpp -- Found material bindings on prim at path (/root/thelab01/workbench_grp/electronics_oscilloscope01_0001/GEO) but MaterialBindingAPI is not applied on the prim
Warning: in BindingsAtPrim at line 671 of D:\__projects\_programming\vcpkg\buildtrees\usd\src\v25.11-c5a1a786cc.clean\pxr\usd\usdShade\materialBindingAPI.cpp -- Found material bindings on prim at path (/root/thelab01/workbench_grp/electronics_oscilloscope01_0001/GEO) but MaterialBindingAPI is not applied on the prim
Warning: in BindingsAtPrim at line 671 of D:\__projects\_programming\vcpkg\buildtrees\usd\src\v25.11-c5a1a786cc.clean\pxr\usd\usdShade\materialBindingAPI.cpp -- Found material bindings on prim at path (/root/thelab01/workbench_grp/electronics_oscilloscope01_0001/GEO) but MaterialBindingAPI is not applied on the prim
Warning: in BindingsAtPrim at line 671 of D:\__projects\_programming\vcpkg\buildtrees\usd\src\v25.11-c5a1a786cc.clean\pxr\usd\usdShade\materialBindingAPI.cpp -- Found material bindings on prim at path (/root/thelab01/workbench_grp/electronics_oscilloscope01_0001/GEO) but MaterialBindingAPI is not applied on the prim
Warning: in BindingsAtPrim at line 671 of D:\__projects\_programming\vcpkg\buildtrees\usd\src\v25.11-c5a1a786cc.clean\pxr\usd\usdShade\materialBindingAPI.cpp -- Found material bindings on prim at path (/root/thelab01/workbench_grp/electronics_oscilloscope01_0001/GEO) but MaterialBindingAPI is not applied on the prim
Warning: in BindingsAtPrim at line 671 of D:\__projects\_programming\vcpkg\buildtrees\usd\src\v25.11-c5a1a786cc.clean\pxr\usd\usdShade\materialBindingAPI.cpp -- Found material bindings on prim at path (/root/thelab01/workbench_grp/electronics_oscilloscope01_0001/GEO) but MaterialBindingAPI is not applied on the prim
Warning: in BindingsAtPrim at line 671 of D:\__projects\_programming\vcpkg\buildtrees\usd\src\v25.11-c5a1a786cc.clean\pxr\usd\usdShade\materialBindingAPI.cpp -- Found material bindings on prim at path (/root/thelab01/workbench_grp/electronics_oscilloscope01_0001/GEO) but MaterialBindingAPI is not applied on the prim
Warning: in BindingsAtPrim at line 671 of D:\__projects\_programming\vcpkg\buildtrees\usd\src\v25.11-c5a1a786cc.clean\pxr\usd\usdShade\materialBindingAPI.cpp -- Found material bindings on prim at path (/root/thelab01/workbench_grp/electronics_oscilloscope01_0001/GEO) but MaterialBindingAPI is not applied on the prim
Warning: in BindingsAtPrim at line 671 of D:\__projects\_programming\vcpkg\buildtrees\usd\src\v25.11-c5a1a786cc.clean\pxr\usd\usdShade\materialBindingAPI.cpp -- Found material bindings on prim at path (/root/thelab01/workbench_grp/electronics_oscilloscope01_0001/GEO) but MaterialBindingAPI is not applied on the prim
Warning: in BindingsAtPrim at line 671 of D:\__projects\_programming\vcpkg\buildtrees\usd\src\v25.11-c5a1a786cc.clean\pxr\usd\usdShade\materialBindingAPI.cpp -- Found material bindings on prim at path (/root/thelab01/workbench_grp/electronics_oscilloscope01_0001/GEO) but MaterialBindingAPI is not applied on the prim
Warning: in BindingsAtPrim at line 671 of D:\__projects\_programming\vcpkg\buildtrees\usd\src\v25.11-c5a1a786cc.clean\pxr\usd\usdShade\materialBindingAPI.cpp -- Found material bindings on prim at path (/root/thelab01/workbench_grp/electronics_oscilloscope01_0001/GEO) but MaterialBindingAPI is not applied on the prim
Warning: in BindingsAtPrim at line 671 of D:\__projects\_programming\vcpkg\buildtrees\usd\src\v25.11-c5a1a786cc.clean\pxr\usd\usdShade\materialBindingAPI.cpp -- Found material bindings on prim at path (/root/thelab01/workbench_grp/electronics_oscilloscope01_0001/GEO) but MaterialBindingAPI is not applied on the prim
Warning: in BindingsAtPrim at line 671 of D:\__projects\_programming\vcpkg\buildtrees\usd\src\v25.11-c5a1a786cc.clean\pxr\usd\usdShade\materialBindingAPI.cpp -- Found material bindings on prim at path (/root/thelab01/workbench_grp/electronics_oscilloscope01_0001/GEO) but MaterialBindingAPI is not applied on the prim
Warning: in BindingsAtPrim at line 671 of D:\__projects\_programming\vcpkg\buildtrees\usd\src\v25.11-c5a1a786cc.clean\pxr\usd\usdShade\materialBindingAPI.cpp -- Found material bindings on prim at path (/root/thelab01/workbench_grp/electronics_oscilloscope01_0001/GEO) but MaterialBindingAPI is not applied on the prim
Warning: in BindingsAtPrim at line 671 of D:\__projects\_programming\vcpkg\buildtrees\usd\src\v25.11-c5a1a786cc.clean\pxr\usd\usdShade\materialBindingAPI.cpp -- Found material bindings on prim at path (/root/thelab01/workbench_grp/electronics_oscilloscope01_0001/GEO) but MaterialBindingAPI is not applied on the prim
Warning: in BindingsAtPrim at line 671 of D:\__projects\_programming\vcpkg\buildtrees\usd\src\v25.11-c5a1a786cc.clean\pxr\usd\usdShade\materialBindingAPI.cpp -- Found material bindings on prim at path (/root/thelab01/workbench_grp/electronics_oscilloscope01_0001/GEO) but MaterialBindingAPI is not applied on the prim
Warning: in BindingsAtPrim at line 671 of D:\__projects\_programming\vcpkg\buildtrees\usd\src\v25.11-c5a1a786cc.clean\pxr\usd\usdShade\materialBindingAPI.cpp -- Found material bindings on prim at path (/root/thelab01/workbench_grp/electronics_oscilloscope01_0001/GEO) but MaterialBindingAPI is not applied on the prim
Warning: in BindingsAtPrim at line 671 of D:\__projects\_programming\vcpkg\buildtrees\usd\src\v25.11-c5a1a786cc.clean\pxr\usd\usdShade\materialBindingAPI.cpp -- Found material bindings on prim at path (/root/thelab01/workbench_grp/electronics_oscilloscope01_0001/GEO) but MaterialBindingAPI is not applied on the prim
Warning: in BindingsAtPrim at line 671 of D:\__projects\_programming\vcpkg\buildtrees\usd\src\v25.11-c5a1a786cc.clean\pxr\usd\usdShade\materialBindingAPI.cpp -- Found material bindings on prim at path (/root/thelab01/workbench_grp/electronics_oscilloscope01_0001/GEO) but MaterialBindingAPI is not applied on the prim
Warning: in BindingsAtPrim at line 671 of D:\__projects\_programming\vcpkg\buildtrees\usd\src\v25.11-c5a1a786cc.clean\pxr\usd\usdShade\materialBindingAPI.cpp -- Found material bindings on prim at path (/root/thelab01/workbench_grp/electronics_portable_tv01_0001/GEO) but MaterialBindingAPI is not applied on the prim
Warning: in BindingsAtPrim at line 671 of D:\__projects\_programming\vcpkg\buildtrees\usd\src\v25.11-c5a1a786cc.clean\pxr\usd\usdShade\materialBindingAPI.cpp -- Found material bindings on prim at path (/root/thelab01/workbench_grp/electronics_portable_tv01_0001/GEO) but MaterialBindingAPI is not applied on the prim
Warning: in BindingsAtPrim at line 671 of D:\__projects\_programming\vcpkg\buildtrees\usd\src\v25.11-c5a1a786cc.clean\pxr\usd\usdShade\materialBindingAPI.cpp -- Found material bindings on prim at path (/root/thelab01/workbench_grp/electronics_portable_tv01_0001/GEO) but MaterialBindingAPI is not applied on the prim
Warning: in BindingsAtPrim at line 671 of D:\__projects\_programming\vcpkg\buildtrees\usd\src\v25.11-c5a1a786cc.clean\pxr\usd\usdShade\materialBindingAPI.cpp -- Found material bindings on prim at path (/root/thelab01/workbench_grp/electronics_portable_tv01_0001/GEO) but MaterialBindingAPI is not applied on the prim
Warning: in BindingsAtPrim at line 671 of D:\__projects\_programming\vcpkg\buildtrees\usd\src\v25.11-c5a1a786cc.clean\pxr\usd\usdShade\materialBindingAPI.cpp -- Found material bindings on prim at path (/root/thelab01/workbench_grp/electronics_portable_tv01_0001/GEO) but MaterialBindingAPI is not applied on the prim
Warning: in BindingsAtPrim at line 671 of D:\__projects\_programming\vcpkg\buildtrees\usd\src\v25.11-c5a1a786cc.clean\pxr\usd\usdShade\materialBindingAPI.cpp -- Found material bindings on prim at path (/root/thelab01/workbench_grp/electronics_portable_tv01_0001/GEO) but MaterialBindingAPI is not applied on the prim
Warning: in BindingsAtPrim at line 671 of D:\__projects\_programming\vcpkg\buildtrees\usd\src\v25.11-c5a1a786cc.clean\pxr\usd\usdShade\materialBindingAPI.cpp -- Found material bindings on prim at path (/root/thelab01/workbench_grp/electronics_portable_tv01_0001/GEO) but MaterialBindingAPI is not applied on the prim
Warning: in BindingsAtPrim at line 671 of D:\__projects\_programming\vcpkg\buildtrees\usd\src\v25.11-c5a1a786cc.clean\pxr\usd\usdShade\materialBindingAPI.cpp -- Found material bindings on prim at path (/root/thelab01/workbench_grp/electronics_portable_tv01_0001/GEO) but MaterialBindingAPI is not applied on the prim
Warning: in BindingsAtPrim at line 671 of D:\__projects\_programming\vcpkg\buildtrees\usd\src\v25.11-c5a1a786cc.clean\pxr\usd\usdShade\materialBindingAPI.cpp -- Found material bindings on prim at path (/root/thelab01/workbench_grp/electronics_portable_tv01_0001/GEO) but MaterialBindingAPI is not applied on the prim
Warning: in BindingsAtPrim at line 671 of D:\__projects\_programming\vcpkg\buildtrees\usd\src\v25.11-c5a1a786cc.clean\pxr\usd\usdShade\materialBindingAPI.cpp -- Found material bindings on prim at path (/root/thelab01/workbench_grp/electronics_portable_tv01_0001/GEO) but MaterialBindingAPI is not applied on the prim
Warning: in BindingsAtPrim at line 671 of D:\__projects\_programming\vcpkg\buildtrees\usd\src\v25.11-c5a1a786cc.clean\pxr\usd\usdShade\materialBindingAPI.cpp -- Found material bindings on prim at path (/root/thelab01/workbench_grp/electronics_portable_tv01_0001/GEO) but MaterialBindingAPI is not applied on the prim
Warning: in BindingsAtPrim at line 671 of D:\__projects\_programming\vcpkg\buildtrees\usd\src\v25.11-c5a1a786cc.clean\pxr\usd\usdShade\materialBindingAPI.cpp -- Found material bindings on prim at path (/root/thelab01/workbench_grp/electronics_portable_tv01_0001/GEO) but MaterialBindingAPI is not applied on the prim
Warning: in BindingsAtPrim at line 671 of D:\__projects\_programming\vcpkg\buildtrees\usd\src\v25.11-c5a1a786cc.clean\pxr\usd\usdShade\materialBindingAPI.cpp -- Found material bindings on prim at path (/root/thelab01/workbench_grp/electronics_portable_tv01_0001/GEO) but MaterialBindingAPI is not applied on the prim
Warning: in BindingsAtPrim at line 671 of D:\__projects\_programming\vcpkg\buildtrees\usd\src\v25.11-c5a1a786cc.clean\pxr\usd\usdShade\materialBindingAPI.cpp -- Found material bindings on prim at path (/root/thelab01/workbench_grp/electronics_portable_tv01_0001/GEO) but MaterialBindingAPI is not applied on the prim
Warning: in BindingsAtPrim at line 671 of D:\__projects\_programming\vcpkg\buildtrees\usd\src\v25.11-c5a1a786cc.clean\pxr\usd\usdShade\materialBindingAPI.cpp -- Found material bindings on prim at path (/root/thelab01/workbench_grp/electronics_portable_tv01_0001/GEO) but MaterialBindingAPI is not applied on the prim
Warning: in BindingsAtPrim at line 671 of D:\__projects\_programming\vcpkg\buildtrees\usd\src\v25.11-c5a1a786cc.clean\pxr\usd\usdShade\materialBindingAPI.cpp -- Found material bindings on prim at path (/root/thelab01/workbench_grp/electronics_portable_tv01_0001/GEO) but MaterialBindingAPI is not applied on the prim
Warning: in BindingsAtPrim at line 671 of D:\__projects\_programming\vcpkg\buildtrees\usd\src\v25.11-c5a1a786cc.clean\pxr\usd\usdShade\materialBindingAPI.cpp -- Found material bindings on prim at path (/root/thelab01/workbench_grp/electronics_portable_tv01_0001/GEO) but MaterialBindingAPI is not applied on the prim
Warning: in BindingsAtPrim at line 671 of D:\__projects\_programming\vcpkg\buildtrees\usd\src\v25.11-c5a1a786cc.clean\pxr\usd\usdShade\materialBindingAPI.cpp -- Found material bindings on prim at path (/root/thelab01/workbench_grp/stationary_pencil01_0002/GEO) but MaterialBindingAPI is not applied on the prim
Warning: in BindingsAtPrim at line 671 of D:\__projects\_programming\vcpkg\buildtrees\usd\src\v25.11-c5a1a786cc.clean\pxr\usd\usdShade\materialBindingAPI.cpp -- Found material bindings on prim at path (/root/thelab01/workbench_grp/stationary_pencil02_0001/GEO) but MaterialBindingAPI is not applied on the prim
Warning: in BindingsAtPrim at line 671 of D:\__projects\_programming\vcpkg\buildtrees\usd\src\v25.11-c5a1a786cc.clean\pxr\usd\usdShade\materialBindingAPI.cpp -- Found material bindings on prim at path (/root/thelab01/workbench_grp/stationary_pencil03_0001/GEO) but MaterialBindingAPI is not applied on the prim
Warning: in BindingsAtPrim at line 671 of D:\__projects\_programming\vcpkg\buildtrees\usd\src\v25.11-c5a1a786cc.clean\pxr\usd\usdShade\materialBindingAPI.cpp -- Found material bindings on prim at path (/root/thelab01/workbench_grp/books_magazines01_0001/GEO) but MaterialBindingAPI is not applied on the prim
Warning: in BindingsAtPrim at line 671 of D:\__projects\_programming\vcpkg\buildtrees\usd\src\v25.11-c5a1a786cc.clean\pxr\usd\usdShade\materialBindingAPI.cpp -- Found material bindings on prim at path (/root/thelab01/workbench_grp/books_magazines01_0001/GEO) but MaterialBindingAPI is not applied on the prim
Warning: in BindingsAtPrim at line 671 of D:\__projects\_programming\vcpkg\buildtrees\usd\src\v25.11-c5a1a786cc.clean\pxr\usd\usdShade\materialBindingAPI.cpp -- Found material bindings on prim at path (/root/thelab01/workbench_grp/books_magazines01_0001/GEO) but MaterialBindingAPI is not applied on the prim
Warning: in BindingsAtPrim at line 671 of D:\__projects\_programming\vcpkg\buildtrees\usd\src\v25.11-c5a1a786cc.clean\pxr\usd\usdShade\materialBindingAPI.cpp -- Found material bindings on prim at path (/root/thelab01/workbench_grp/books_magazines01_0001/GEO) but MaterialBindingAPI is not applied on the prim
Warning: in BindingsAtPrim at line 671 of D:\__projects\_programming\vcpkg\buildtrees\usd\src\v25.11-c5a1a786cc.clean\pxr\usd\usdShade\materialBindingAPI.cpp -- Found material bindings on prim at path (/root/thelab01/workbench_grp/books_magazines01_0001/GEO) but MaterialBindingAPI is not applied on the prim
Warning: in BindingsAtPrim at line 671 of D:\__projects\_programming\vcpkg\buildtrees\usd\src\v25.11-c5a1a786cc.clean\pxr\usd\usdShade\materialBindingAPI.cpp -- Found material bindings on prim at path (/root/thelab01/workbench_grp/books_magazines01_0001/GEO) but MaterialBindingAPI is not applied on the prim
Warning: in BindingsAtPrim at line 671 of D:\__projects\_programming\vcpkg\buildtrees\usd\src\v25.11-c5a1a786cc.clean\pxr\usd\usdShade\materialBindingAPI.cpp -- Found material bindings on prim at path (/root/thelab01/workbench_grp/books_magazines01_0001/GEO) but MaterialBindingAPI is not applied on the prim
Warning: in BindingsAtPrim at line 671 of D:\__projects\_programming\vcpkg\buildtrees\usd\src\v25.11-c5a1a786cc.clean\pxr\usd\usdShade\materialBindingAPI.cpp -- Found material bindings on prim at path (/root/thelab01/workbench_grp/books_magazines01_0001/GEO) but MaterialBindingAPI is not applied on the prim
Warning: in BindingsAtPrim at line 671 of D:\__projects\_programming\vcpkg\buildtrees\usd\src\v25.11-c5a1a786cc.clean\pxr\usd\usdShade\materialBindingAPI.cpp -- Found material bindings on prim at path (/root/thelab01/workbench_grp/books_magazines01_0001/GEO) but MaterialBindingAPI is not applied on the prim
Warning: in BindingsAtPrim at line 671 of D:\__projects\_programming\vcpkg\buildtrees\usd\src\v25.11-c5a1a786cc.clean\pxr\usd\usdShade\materialBindingAPI.cpp -- Found material bindings on prim at path (/root/thelab01/workbench_grp/books_magazines01_0001/GEO) but MaterialBindingAPI is not applied on the prim
Warning: in BindingsAtPrim at line 671 of D:\__projects\_programming\vcpkg\buildtrees\usd\src\v25.11-c5a1a786cc.clean\pxr\usd\usdShade\materialBindingAPI.cpp -- Found material bindings on prim at path (/root/thelab01/workbench_grp/books_magazines01_0001/GEO) but MaterialBindingAPI is not applied on the prim
Warning: in BindingsAtPrim at line 671 of D:\__projects\_programming\vcpkg\buildtrees\usd\src\v25.11-c5a1a786cc.clean\pxr\usd\usdShade\materialBindingAPI.cpp -- Found material bindings on prim at path (/root/thelab01/workbench_grp/books_magazines01_0001/GEO) but MaterialBindingAPI is not applied on the prim
Warning: in BindingsAtPrim at line 671 of D:\__projects\_programming\vcpkg\buildtrees\usd\src\v25.11-c5a1a786cc.clean\pxr\usd\usdShade\materialBindingAPI.cpp -- Found material bindings on prim at path (/root/thelab01/workbench_grp/books_magazines01_0001/GEO) but MaterialBindingAPI is not applied on the prim
Warning: in BindingsAtPrim at line 671 of D:\__projects\_programming\vcpkg\buildtrees\usd\src\v25.11-c5a1a786cc.clean\pxr\usd\usdShade\materialBindingAPI.cpp -- Found material bindings on prim at path (/root/thelab01/workbench_grp/books_magazines01_0001/GEO) but MaterialBindingAPI is not applied on the prim
Warning: in BindingsAtPrim at line 671 of D:\__projects\_programming\vcpkg\buildtrees\usd\src\v25.11-c5a1a786cc.clean\pxr\usd\usdShade\materialBindingAPI.cpp -- Found material bindings on prim at path (/root/thelab01/workbench_grp/books_magazines01_0001/GEO) but MaterialBindingAPI is not applied on the prim
Warning: in BindingsAtPrim at line 671 of D:\__projects\_programming\vcpkg\buildtrees\usd\src\v25.11-c5a1a786cc.clean\pxr\usd\usdShade\materialBindingAPI.cpp -- Found material bindings on prim at path (/root/thelab01/workbench_grp/books_magazines01_0001/GEO) but MaterialBindingAPI is not applied on the prim
Warning: in BindingsAtPrim at line 671 of D:\__projects\_programming\vcpkg\buildtrees\usd\src\v25.11-c5a1a786cc.clean\pxr\usd\usdShade\materialBindingAPI.cpp -- Found material bindings on prim at path (/root/thelab01/workbench_grp/books_magazines01_0001/GEO) but MaterialBindingAPI is not applied on the prim
Warning: in BindingsAtPrim at line 671 of D:\__projects\_programming\vcpkg\buildtrees\usd\src\v25.11-c5a1a786cc.clean\pxr\usd\usdShade\materialBindingAPI.cpp -- Found material bindings on prim at path (/root/thelab01/workbench_grp/books_magazines01_0001/GEO) but MaterialBindingAPI is not applied on the prim
Warning: in BindingsAtPrim at line 671 of D:\__projects\_programming\vcpkg\buildtrees\usd\src\v25.11-c5a1a786cc.clean\pxr\usd\usdShade\materialBindingAPI.cpp -- Found material bindings on prim at path (/root/thelab01/workbench_grp/books_magazines01_0001/GEO) but MaterialBindingAPI is not applied on the prim
Warning: in BindingsAtPrim at line 671 of D:\__projects\_programming\vcpkg\buildtrees\usd\src\v25.11-c5a1a786cc.clean\pxr\usd\usdShade\materialBindingAPI.cpp -- Found material bindings on prim at path (/root/thelab01/workbench_grp/books_magazines01_0001/GEO) but MaterialBindingAPI is not applied on the prim
Warning: in BindingsAtPrim at line 671 of D:\__projects\_programming\vcpkg\buildtrees\usd\src\v25.11-c5a1a786cc.clean\pxr\usd\usdShade\materialBindingAPI.cpp -- Found material bindings on prim at path (/root/thelab01/workbench_grp/books_magazines01_0001/GEO) but MaterialBindingAPI is not applied on the prim
Warning: in BindingsAtPrim at line 671 of D:\__projects\_programming\vcpkg\buildtrees\usd\src\v25.11-c5a1a786cc.clean\pxr\usd\usdShade\materialBindingAPI.cpp -- Found material bindings on prim at path (/root/thelab01/workbench_grp/books_magazines01_0001/GEO) but MaterialBindingAPI is not applied on the prim
Warning: in BindingsAtPrim at line 671 of D:\__projects\_programming\vcpkg\buildtrees\usd\src\v25.11-c5a1a786cc.clean\pxr\usd\usdShade\materialBindingAPI.cpp -- Found material bindings on prim at path (/root/thelab01/workbench_grp/books_magazines01_0001/GEO) but MaterialBindingAPI is not applied on the prim
Warning: in BindingsAtPrim at line 671 of D:\__projects\_programming\vcpkg\buildtrees\usd\src\v25.11-c5a1a786cc.clean\pxr\usd\usdShade\materialBindingAPI.cpp -- Found material bindings on prim at path (/root/thelab01/workbench_grp/books_magazines01_0001/GEO) but MaterialBindingAPI is not applied on the prim
Warning: in BindingsAtPrim at line 671 of D:\__projects\_programming\vcpkg\buildtrees\usd\src\v25.11-c5a1a786cc.clean\pxr\usd\usdShade\materialBindingAPI.cpp -- Found material bindings on prim at path (/root/thelab01/workbench_grp/books_magazines01_0001/GEO) but MaterialBindingAPI is not applied on the prim
Warning: in BindingsAtPrim at line 671 of D:\__projects\_programming\vcpkg\buildtrees\usd\src\v25.11-c5a1a786cc.clean\pxr\usd\usdShade\materialBindingAPI.cpp -- Found material bindings on prim at path (/root/thelab01/workbench_grp/books_magazines01_0001/GEO) but MaterialBindingAPI is not applied on the prim
Warning: in BindingsAtPrim at line 671 of D:\__projects\_programming\vcpkg\buildtrees\usd\src\v25.11-c5a1a786cc.clean\pxr\usd\usdShade\materialBindingAPI.cpp -- Found material bindings on prim at path (/root/thelab01/workbench_grp/books_magazines01_0001/GEO) but MaterialBindingAPI is not applied on the prim
Warning: in BindingsAtPrim at line 671 of D:\__projects\_programming\vcpkg\buildtrees\usd\src\v25.11-c5a1a786cc.clean\pxr\usd\usdShade\materialBindingAPI.cpp -- Found material bindings on prim at path (/root/thelab01/workbench_grp/books_magazines01_0001/GEO) but MaterialBindingAPI is not applied on the prim
Warning: in BindingsAtPrim at line 671 of D:\__projects\_programming\vcpkg\buildtrees\usd\src\v25.11-c5a1a786cc.clean\pxr\usd\usdShade\materialBindingAPI.cpp -- Found material bindings on prim at path (/root/thelab01/workbench_grp/books_magazines01_0001/GEO) but MaterialBindingAPI is not applied on the prim
Warning: in BindingsAtPrim at line 671 of D:\__projects\_programming\vcpkg\buildtrees\usd\src\v25.11-c5a1a786cc.clean\pxr\usd\usdShade\materialBindingAPI.cpp -- Found material bindings on prim at path (/root/thelab01/workbench_grp/books_magazines01_0001/GEO) but MaterialBindingAPI is not applied on the prim
Warning: in BindingsAtPrim at line 671 of D:\__projects\_programming\vcpkg\buildtrees\usd\src\v25.11-c5a1a786cc.clean\pxr\usd\usdShade\materialBindingAPI.cpp -- Found material bindings on prim at path (/root/thelab01/workbench_grp/books_magazines01_0001/GEO) but MaterialBindingAPI is not applied on the prim
Warning: in BindingsAtPrim at line 671 of D:\__projects\_programming\vcpkg\buildtrees\usd\src\v25.11-c5a1a786cc.clean\pxr\usd\usdShade\materialBindingAPI.cpp -- Found material bindings on prim at path (/root/thelab01/workbench_grp/books_magazines01_0001/GEO) but MaterialBindingAPI is not applied on the prim
Warning: in BindingsAtPrim at line 671 of D:\__projects\_programming\vcpkg\buildtrees\usd\src\v25.11-c5a1a786cc.clean\pxr\usd\usdShade\materialBindingAPI.cpp -- Found material bindings on prim at path (/root/thelab01/workbench_grp/books_magazines01_0001/GEO) but MaterialBindingAPI is not applied on the prim
Warning: in BindingsAtPrim at line 671 of D:\__projects\_programming\vcpkg\buildtrees\usd\src\v25.11-c5a1a786cc.clean\pxr\usd\usdShade\materialBindingAPI.cpp -- Found material bindings on prim at path (/root/thelab01/workbench_grp/books_magazines01_0001/GEO) but MaterialBindingAPI is not applied on the prim
Warning: in BindingsAtPrim at line 671 of D:\__projects\_programming\vcpkg\buildtrees\usd\src\v25.11-c5a1a786cc.clean\pxr\usd\usdShade\materialBindingAPI.cpp -- Found material bindings on prim at path (/root/thelab01/workbench_grp/chemistry_beaker01_0001/GEO) but MaterialBindingAPI is not applied on the prim
Warning: in BindingsAtPrim at line 671 of D:\__projects\_programming\vcpkg\buildtrees\usd\src\v25.11-c5a1a786cc.clean\pxr\usd\usdShade\materialBindingAPI.cpp -- Found material bindings on prim at path (/root/thelab01/workbench_grp/chemistry_beaker02_0001/GEO) but MaterialBindingAPI is not applied on the prim
Warning: in BindingsAtPrim at line 671 of D:\__projects\_programming\vcpkg\buildtrees\usd\src\v25.11-c5a1a786cc.clean\pxr\usd\usdShade\materialBindingAPI.cpp -- Found material bindings on prim at path (/root/thelab01/workbench_grp/chemistry_beaker03_0001/GEO) but MaterialBindingAPI is not applied on the prim
Warning: in BindingsAtPrim at line 671 of D:\__projects\_programming\vcpkg\buildtrees\usd\src\v25.11-c5a1a786cc.clean\pxr\usd\usdShade\materialBindingAPI.cpp -- Found material bindings on prim at path (/root/thelab01/workbench_grp/chemistry_beaker_rack01_0001/GEO) but MaterialBindingAPI is not applied on the prim
Warning: in BindingsAtPrim at line 671 of D:\__projects\_programming\vcpkg\buildtrees\usd\src\v25.11-c5a1a786cc.clean\pxr\usd\usdShade\materialBindingAPI.cpp -- Found material bindings on prim at path (/root/thelab01/workbench_grp/chemistry_beaker_rack01_0001/GEO) but MaterialBindingAPI is not applied on the prim
Warning: in BindingsAtPrim at line 671 of D:\__projects\_programming\vcpkg\buildtrees\usd\src\v25.11-c5a1a786cc.clean\pxr\usd\usdShade\materialBindingAPI.cpp -- Found material bindings on prim at path (/root/thelab01/workbench_grp/chemistry_beaker_stand01_0001/GEO) but MaterialBindingAPI is not applied on the prim
Warning: in BindingsAtPrim at line 671 of D:\__projects\_programming\vcpkg\buildtrees\usd\src\v25.11-c5a1a786cc.clean\pxr\usd\usdShade\materialBindingAPI.cpp -- Found material bindings on prim at path (/root/thelab01/workbench_grp/chemistry_beaker_stand01_0001/GEO) but MaterialBindingAPI is not applied on the prim
Warning: in BindingsAtPrim at line 671 of D:\__projects\_programming\vcpkg\buildtrees\usd\src\v25.11-c5a1a786cc.clean\pxr\usd\usdShade\materialBindingAPI.cpp -- Found material bindings on prim at path (/root/thelab01/workbench_grp/chemistry_beaker_stand01_0001/GEO) but MaterialBindingAPI is not applied on the prim
Warning: in BindingsAtPrim at line 671 of D:\__projects\_programming\vcpkg\buildtrees\usd\src\v25.11-c5a1a786cc.clean\pxr\usd\usdShade\materialBindingAPI.cpp -- Found material bindings on prim at path (/root/thelab01/workbench_grp/chemistry_beaker_stand01_0001/GEO) but MaterialBindingAPI is not applied on the prim
Warning: in BindingsAtPrim at line 671 of D:\__projects\_programming\vcpkg\buildtrees\usd\src\v25.11-c5a1a786cc.clean\pxr\usd\usdShade\materialBindingAPI.cpp -- Found material bindings on prim at path (/root/thelab01/workbench_grp/chemistry_bottle01_0001/GEO) but MaterialBindingAPI is not applied on the prim
Warning: in BindingsAtPrim at line 671 of D:\__projects\_programming\vcpkg\buildtrees\usd\src\v25.11-c5a1a786cc.clean\pxr\usd\usdShade\materialBindingAPI.cpp -- Found material bindings on prim at path (/root/thelab01/workbench_grp/chemistry_bottle02_0001/GEO) but MaterialBindingAPI is not applied on the prim
Warning: in BindingsAtPrim at line 671 of D:\__projects\_programming\vcpkg\buildtrees\usd\src\v25.11-c5a1a786cc.clean\pxr\usd\usdShade\materialBindingAPI.cpp -- Found material bindings on prim at path (/root/thelab01/workbench_grp/chemistry_bottle03_0001/GEO) but MaterialBindingAPI is not applied on the prim
Warning: in BindingsAtPrim at line 671 of D:\__projects\_programming\vcpkg\buildtrees\usd\src\v25.11-c5a1a786cc.clean\pxr\usd\usdShade\materialBindingAPI.cpp -- Found material bindings on prim at path (/root/thelab01/workbench_grp/chemistry_flask_stand01_0001/GEO) but MaterialBindingAPI is not applied on the prim
Warning: in BindingsAtPrim at line 671 of D:\__projects\_programming\vcpkg\buildtrees\usd\src\v25.11-c5a1a786cc.clean\pxr\usd\usdShade\materialBindingAPI.cpp -- Found material bindings on prim at path (/root/thelab01/workbench_grp/chemistry_flask_stand01_0001/GEO) but MaterialBindingAPI is not applied on the prim
Warning: in BindingsAtPrim at line 671 of D:\__projects\_programming\vcpkg\buildtrees\usd\src\v25.11-c5a1a786cc.clean\pxr\usd\usdShade\materialBindingAPI.cpp -- Found material bindings on prim at path (/root/thelab01/workbench_grp/chemistry_flask_stand01_0001/GEO) but MaterialBindingAPI is not applied on the prim
Warning: in BindingsAtPrim at line 671 of D:\__projects\_programming\vcpkg\buildtrees\usd\src\v25.11-c5a1a786cc.clean\pxr\usd\usdShade\materialBindingAPI.cpp -- Found material bindings on prim at path (/root/thelab01/workbench_grp/chemistry_flask_stand01_0001/GEO) but MaterialBindingAPI is not applied on the prim
Warning: in BindingsAtPrim at line 671 of D:\__projects\_programming\vcpkg\buildtrees\usd\src\v25.11-c5a1a786cc.clean\pxr\usd\usdShade\materialBindingAPI.cpp -- Found material bindings on prim at path (/root/thelab01/workbench_grp/chemistry_flask_stand01_0001/GEO) but MaterialBindingAPI is not applied on the prim
Warning: in BindingsAtPrim at line 671 of D:\__projects\_programming\vcpkg\buildtrees\usd\src\v25.11-c5a1a786cc.clean\pxr\usd\usdShade\materialBindingAPI.cpp -- Found material bindings on prim at path (/root/thelab01/workbench_grp/chemistry_flask_stand01_0001/GEO) but MaterialBindingAPI is not applied on the prim
Warning: in BindingsAtPrim at line 671 of D:\__projects\_programming\vcpkg\buildtrees\usd\src\v25.11-c5a1a786cc.clean\pxr\usd\usdShade\materialBindingAPI.cpp -- Found material bindings on prim at path (/root/thelab01/workbench_grp/chemistry_flask_stand01_0001/GEO) but MaterialBindingAPI is not applied on the prim
Warning: in BindingsAtPrim at line 671 of D:\__projects\_programming\vcpkg\buildtrees\usd\src\v25.11-c5a1a786cc.clean\pxr\usd\usdShade\materialBindingAPI.cpp -- Found material bindings on prim at path (/root/thelab01/workbench_grp/chemistry_flask_stand01_0001/GEO) but MaterialBindingAPI is not applied on the prim
Warning: in BindingsAtPrim at line 671 of D:\__projects\_programming\vcpkg\buildtrees\usd\src\v25.11-c5a1a786cc.clean\pxr\usd\usdShade\materialBindingAPI.cpp -- Found material bindings on prim at path (/root/thelab01/workbench_grp/chemistry_flask_stand01_0001/GEO) but MaterialBindingAPI is not applied on the prim
Warning: in BindingsAtPrim at line 671 of D:\__projects\_programming\vcpkg\buildtrees\usd\src\v25.11-c5a1a786cc.clean\pxr\usd\usdShade\materialBindingAPI.cpp -- Found material bindings on prim at path (/root/thelab01/workbench_grp/chemistry_flask_stand01_0001/GEO) but MaterialBindingAPI is not applied on the prim
Warning: in BindingsAtPrim at line 671 of D:\__projects\_programming\vcpkg\buildtrees\usd\src\v25.11-c5a1a786cc.clean\pxr\usd\usdShade\materialBindingAPI.cpp -- Found material bindings on prim at path (/root/thelab01/workbench_grp/chemistry_kipps_apparatus01_0001/GEO) but MaterialBindingAPI is not applied on the prim
Warning: in BindingsAtPrim at line 671 of D:\__projects\_programming\vcpkg\buildtrees\usd\src\v25.11-c5a1a786cc.clean\pxr\usd\usdShade\materialBindingAPI.cpp -- Found material bindings on prim at path (/root/thelab01/workbench_grp/chemistry_kipps_apparatus01_0001/GEO) but MaterialBindingAPI is not applied on the prim
Warning: in BindingsAtPrim at line 671 of D:\__projects\_programming\vcpkg\buildtrees\usd\src\v25.11-c5a1a786cc.clean\pxr\usd\usdShade\materialBindingAPI.cpp -- Found material bindings on prim at path (/root/thelab01/workbench_grp/chemistry_kipps_apparatus01_0001/GEO) but MaterialBindingAPI is not applied on the prim
Warning: in BindingsAtPrim at line 671 of D:\__projects\_programming\vcpkg\buildtrees\usd\src\v25.11-c5a1a786cc.clean\pxr\usd\usdShade\materialBindingAPI.cpp -- Found material bindings on prim at path (/root/thelab01/workbench_grp/chemistry_kipps_apparatus01_0001/GEO) but MaterialBindingAPI is not applied on the prim
Warning: in BindingsAtPrim at line 671 of D:\__projects\_programming\vcpkg\buildtrees\usd\src\v25.11-c5a1a786cc.clean\pxr\usd\usdShade\materialBindingAPI.cpp -- Found material bindings on prim at path (/root/thelab01/workbench_grp/chemistry_kipps_apparatus01_0001/GEO) but MaterialBindingAPI is not applied on the prim
Warning: in BindingsAtPrim at line 671 of D:\__projects\_programming\vcpkg\buildtrees\usd\src\v25.11-c5a1a786cc.clean\pxr\usd\usdShade\materialBindingAPI.cpp -- Found material bindings on prim at path (/root/thelab01/workbench_grp/chemistry_kipps_apparatus01_0001/GEO) but MaterialBindingAPI is not applied on the prim
Warning: in BindingsAtPrim at line 671 of D:\__projects\_programming\vcpkg\buildtrees\usd\src\v25.11-c5a1a786cc.clean\pxr\usd\usdShade\materialBindingAPI.cpp -- Found material bindings on prim at path (/root/thelab01/workbench_grp/chemistry_kipps_apparatus01_0001/GEO) but MaterialBindingAPI is not applied on the prim
Warning: in BindingsAtPrim at line 671 of D:\__projects\_programming\vcpkg\buildtrees\usd\src\v25.11-c5a1a786cc.clean\pxr\usd\usdShade\materialBindingAPI.cpp -- Found material bindings on prim at path (/root/thelab01/workbench_grp/chemistry_kipps_apparatus01_0001/GEO) but MaterialBindingAPI is not applied on the prim
Warning: in BindingsAtPrim at line 671 of D:\__projects\_programming\vcpkg\buildtrees\usd\src\v25.11-c5a1a786cc.clean\pxr\usd\usdShade\materialBindingAPI.cpp -- Found material bindings on prim at path (/root/thelab01/workbench_grp/chemistry_kipps_apparatus01_0001/GEO) but MaterialBindingAPI is not applied on the prim
Warning: in BindingsAtPrim at line 671 of D:\__projects\_programming\vcpkg\buildtrees\usd\src\v25.11-c5a1a786cc.clean\pxr\usd\usdShade\materialBindingAPI.cpp -- Found material bindings on prim at path (/root/thelab01/workbench_grp/chemistry_microscope01_0001/GEO) but MaterialBindingAPI is not applied on the prim
Warning: in BindingsAtPrim at line 671 of D:\__projects\_programming\vcpkg\buildtrees\usd\src\v25.11-c5a1a786cc.clean\pxr\usd\usdShade\materialBindingAPI.cpp -- Found material bindings on prim at path (/root/thelab01/workbench_grp/chemistry_microscope01_0001/GEO) but MaterialBindingAPI is not applied on the prim
Warning: in BindingsAtPrim at line 671 of D:\__projects\_programming\vcpkg\buildtrees\usd\src\v25.11-c5a1a786cc.clean\pxr\usd\usdShade\materialBindingAPI.cpp -- Found material bindings on prim at path (/root/thelab01/workbench_grp/chemistry_microscope01_0001/GEO) but MaterialBindingAPI is not applied on the prim
Warning: in BindingsAtPrim at line 671 of D:\__projects\_programming\vcpkg\buildtrees\usd\src\v25.11-c5a1a786cc.clean\pxr\usd\usdShade\materialBindingAPI.cpp -- Found material bindings on prim at path (/root/thelab01/workbench_grp/chemistry_microscope01_0001/GEO) but MaterialBindingAPI is not applied on the prim
Warning: in BindingsAtPrim at line 671 of D:\__projects\_programming\vcpkg\buildtrees\usd\src\v25.11-c5a1a786cc.clean\pxr\usd\usdShade\materialBindingAPI.cpp -- Found material bindings on prim at path (/root/thelab01/workbench_grp/chemistry_microscope01_0001/GEO) but MaterialBindingAPI is not applied on the prim
Warning: in BindingsAtPrim at line 671 of D:\__projects\_programming\vcpkg\buildtrees\usd\src\v25.11-c5a1a786cc.clean\pxr\usd\usdShade\materialBindingAPI.cpp -- Found material bindings on prim at path (/root/thelab01/workbench_grp/chemistry_microscope01_0001/GEO) but MaterialBindingAPI is not applied on the prim
Warning: in BindingsAtPrim at line 671 of D:\__projects\_programming\vcpkg\buildtrees\usd\src\v25.11-c5a1a786cc.clean\pxr\usd\usdShade\materialBindingAPI.cpp -- Found material bindings on prim at path (/root/thelab01/workbench_grp/chemistry_microscope01_0001/GEO) but MaterialBindingAPI is not applied on the prim
Warning: in BindingsAtPrim at line 671 of D:\__projects\_programming\vcpkg\buildtrees\usd\src\v25.11-c5a1a786cc.clean\pxr\usd\usdShade\materialBindingAPI.cpp -- Found material bindings on prim at path (/root/thelab01/workbench_grp/chemistry_microscope01_0001/GEO) but MaterialBindingAPI is not applied on the prim
Warning: in BindingsAtPrim at line 671 of D:\__projects\_programming\vcpkg\buildtrees\usd\src\v25.11-c5a1a786cc.clean\pxr\usd\usdShade\materialBindingAPI.cpp -- Found material bindings on prim at path (/root/thelab01/workbench_grp/chemistry_microscope01_0001/GEO) but MaterialBindingAPI is not applied on the prim
Warning: in BindingsAtPrim at line 671 of D:\__projects\_programming\vcpkg\buildtrees\usd\src\v25.11-c5a1a786cc.clean\pxr\usd\usdShade\materialBindingAPI.cpp -- Found material bindings on prim at path (/root/thelab01/workbench_grp/chemistry_microscope01_0001/GEO) but MaterialBindingAPI is not applied on the prim
Warning: in BindingsAtPrim at line 671 of D:\__projects\_programming\vcpkg\buildtrees\usd\src\v25.11-c5a1a786cc.clean\pxr\usd\usdShade\materialBindingAPI.cpp -- Found material bindings on prim at path (/root/thelab01/workbench_grp/chemistry_microscope01_0001/GEO) but MaterialBindingAPI is not applied on the prim
Warning: in BindingsAtPrim at line 671 of D:\__projects\_programming\vcpkg\buildtrees\usd\src\v25.11-c5a1a786cc.clean\pxr\usd\usdShade\materialBindingAPI.cpp -- Found material bindings on prim at path (/root/thelab01/workbench_grp/chemistry_microscope01_0001/GEO) but MaterialBindingAPI is not applied on the prim
Warning: in BindingsAtPrim at line 671 of D:\__projects\_programming\vcpkg\buildtrees\usd\src\v25.11-c5a1a786cc.clean\pxr\usd\usdShade\materialBindingAPI.cpp -- Found material bindings on prim at path (/root/thelab01/workbench_grp/chemistry_microscope01_0001/GEO) but MaterialBindingAPI is not applied on the prim
Warning: in BindingsAtPrim at line 671 of D:\__projects\_programming\vcpkg\buildtrees\usd\src\v25.11-c5a1a786cc.clean\pxr\usd\usdShade\materialBindingAPI.cpp -- Found material bindings on prim at path (/root/thelab01/workbench_grp/chemistry_microscope01_0001/GEO) but MaterialBindingAPI is not applied on the prim
Warning: in BindingsAtPrim at line 671 of D:\__projects\_programming\vcpkg\buildtrees\usd\src\v25.11-c5a1a786cc.clean\pxr\usd\usdShade\materialBindingAPI.cpp -- Found material bindings on prim at path (/root/thelab01/workbench_grp/chemistry_microscope01_0001/GEO) but MaterialBindingAPI is not applied on the prim
Warning: in BindingsAtPrim at line 671 of D:\__projects\_programming\vcpkg\buildtrees\usd\src\v25.11-c5a1a786cc.clean\pxr\usd\usdShade\materialBindingAPI.cpp -- Found material bindings on prim at path (/root/thelab01/workbench_grp/chemistry_microscope01_0001/GEO) but MaterialBindingAPI is not applied on the prim
Warning: in BindingsAtPrim at line 671 of D:\__projects\_programming\vcpkg\buildtrees\usd\src\v25.11-c5a1a786cc.clean\pxr\usd\usdShade\materialBindingAPI.cpp -- Found material bindings on prim at path (/root/thelab01/workbench_grp/chemistry_microscope01_0001/GEO) but MaterialBindingAPI is not applied on the prim
Warning: in BindingsAtPrim at line 671 of D:\__projects\_programming\vcpkg\buildtrees\usd\src\v25.11-c5a1a786cc.clean\pxr\usd\usdShade\materialBindingAPI.cpp -- Found material bindings on prim at path (/root/thelab01/workbench_grp/chemistry_microscope01_0001/GEO) but MaterialBindingAPI is not applied on the prim
Warning: in BindingsAtPrim at line 671 of D:\__projects\_programming\vcpkg\buildtrees\usd\src\v25.11-c5a1a786cc.clean\pxr\usd\usdShade\materialBindingAPI.cpp -- Found material bindings on prim at path (/root/thelab01/workbench_grp/chemistry_microscope01_0001/GEO) but MaterialBindingAPI is not applied on the prim
Warning: in BindingsAtPrim at line 671 of D:\__projects\_programming\vcpkg\buildtrees\usd\src\v25.11-c5a1a786cc.clean\pxr\usd\usdShade\materialBindingAPI.cpp -- Found material bindings on prim at path (/root/thelab01/workbench_grp/chemistry_microscope01_0001/GEO) but MaterialBindingAPI is not applied on the prim
Warning: in BindingsAtPrim at line 671 of D:\__projects\_programming\vcpkg\buildtrees\usd\src\v25.11-c5a1a786cc.clean\pxr\usd\usdShade\materialBindingAPI.cpp -- Found material bindings on prim at path (/root/thelab01/workbench_grp/decor_foam_hand01_0001/GEO) but MaterialBindingAPI is not applied on the prim
Warning: in BindingsAtPrim at line 671 of D:\__projects\_programming\vcpkg\buildtrees\usd\src\v25.11-c5a1a786cc.clean\pxr\usd\usdShade\materialBindingAPI.cpp -- Found material bindings on prim at path (/root/thelab01/workbench_grp/decor_foam_hand01_0001/GEO) but MaterialBindingAPI is not applied on the prim
Warning: in BindingsAtPrim at line 671 of D:\__projects\_programming\vcpkg\buildtrees\usd\src\v25.11-c5a1a786cc.clean\pxr\usd\usdShade\materialBindingAPI.cpp -- Found material bindings on prim at path (/root/thelab01/workbench_grp/decor_helmet_head01_0001/GEO) but MaterialBindingAPI is not applied on the prim
Warning: in BindingsAtPrim at line 671 of D:\__projects\_programming\vcpkg\buildtrees\usd\src\v25.11-c5a1a786cc.clean\pxr\usd\usdShade\materialBindingAPI.cpp -- Found material bindings on prim at path (/root/thelab01/workbench_grp/decor_helmet_head01_0001/GEO) but MaterialBindingAPI is not applied on the prim
Warning: in BindingsAtPrim at line 671 of D:\__projects\_programming\vcpkg\buildtrees\usd\src\v25.11-c5a1a786cc.clean\pxr\usd\usdShade\materialBindingAPI.cpp -- Found material bindings on prim at path (/root/thelab01/workbench_grp/decor_helmet_head01_0001/GEO) but MaterialBindingAPI is not applied on the prim
Warning: in BindingsAtPrim at line 671 of D:\__projects\_programming\vcpkg\buildtrees\usd\src\v25.11-c5a1a786cc.clean\pxr\usd\usdShade\materialBindingAPI.cpp -- Found material bindings on prim at path (/root/thelab01/workbench_grp/decor_helmet_head01_0001/GEO) but MaterialBindingAPI is not applied on the prim
Warning: in BindingsAtPrim at line 671 of D:\__projects\_programming\vcpkg\buildtrees\usd\src\v25.11-c5a1a786cc.clean\pxr\usd\usdShade\materialBindingAPI.cpp -- Found material bindings on prim at path (/root/thelab01/workbench_grp/decor_wooden_box01_0001/GEO) but MaterialBindingAPI is not applied on the prim
Warning: in BindingsAtPrim at line 671 of D:\__projects\_programming\vcpkg\buildtrees\usd\src\v25.11-c5a1a786cc.clean\pxr\usd\usdShade\materialBindingAPI.cpp -- Found material bindings on prim at path (/root/thelab01/workbench_grp/decor_wooden_box01_0001/GEO) but MaterialBindingAPI is not applied on the prim
Warning: in BindingsAtPrim at line 671 of D:\__projects\_programming\vcpkg\buildtrees\usd\src\v25.11-c5a1a786cc.clean\pxr\usd\usdShade\materialBindingAPI.cpp -- Found material bindings on prim at path (/root/thelab01/workbench_grp/decor_wooden_box01_0001/GEO) but MaterialBindingAPI is not applied on the prim
Warning: in BindingsAtPrim at line 671 of D:\__projects\_programming\vcpkg\buildtrees\usd\src\v25.11-c5a1a786cc.clean\pxr\usd\usdShade\materialBindingAPI.cpp -- Found material bindings on prim at path (/root/thelab01/workbench_grp/decor_wooden_box01_0001/GEO) but MaterialBindingAPI is not applied on the prim
Warning: in BindingsAtPrim at line 671 of D:\__projects\_programming\vcpkg\buildtrees\usd\src\v25.11-c5a1a786cc.clean\pxr\usd\usdShade\materialBindingAPI.cpp -- Found material bindings on prim at path (/root/thelab01/workbench_grp/decor_wooden_box01_0001/GEO) but MaterialBindingAPI is not applied on the prim
Warning: in BindingsAtPrim at line 671 of D:\__projects\_programming\vcpkg\buildtrees\usd\src\v25.11-c5a1a786cc.clean\pxr\usd\usdShade\materialBindingAPI.cpp -- Found material bindings on prim at path (/root/thelab01/workbench_grp/decor_wooden_box01_0001/GEO) but MaterialBindingAPI is not applied on the prim
Warning: in BindingsAtPrim at line 671 of D:\__projects\_programming\vcpkg\buildtrees\usd\src\v25.11-c5a1a786cc.clean\pxr\usd\usdShade\materialBindingAPI.cpp -- Found material bindings on prim at path (/root/thelab01/workbench_grp/decor_wooden_box01_0001/GEO) but MaterialBindingAPI is not applied on the prim
Warning: in BindingsAtPrim at line 671 of D:\__projects\_programming\vcpkg\buildtrees\usd\src\v25.11-c5a1a786cc.clean\pxr\usd\usdShade\materialBindingAPI.cpp -- Found material bindings on prim at path (/root/thelab01/workbench_grp/decor_wooden_box01_0001/GEO) but MaterialBindingAPI is not applied on the prim
Warning: in BindingsAtPrim at line 671 of D:\__projects\_programming\vcpkg\buildtrees\usd\src\v25.11-c5a1a786cc.clean\pxr\usd\usdShade\materialBindingAPI.cpp -- Found material bindings on prim at path (/root/thelab01/workbench_grp/decor_wooden_box01_0001/GEO) but MaterialBindingAPI is not applied on the prim
Warning: in BindingsAtPrim at line 671 of D:\__projects\_programming\vcpkg\buildtrees\usd\src\v25.11-c5a1a786cc.clean\pxr\usd\usdShade\materialBindingAPI.cpp -- Found material bindings on prim at path (/root/thelab01/workbench_grp/decor_wooden_box01_0001/GEO) but MaterialBindingAPI is not applied on the prim
Warning: in BindingsAtPrim at line 671 of D:\__projects\_programming\vcpkg\buildtrees\usd\src\v25.11-c5a1a786cc.clean\pxr\usd\usdShade\materialBindingAPI.cpp -- Found material bindings on prim at path (/root/thelab01/workbench_grp/decor_wooden_box01_0001/GEO) but MaterialBindingAPI is not applied on the prim
Warning: in BindingsAtPrim at line 671 of D:\__projects\_programming\vcpkg\buildtrees\usd\src\v25.11-c5a1a786cc.clean\pxr\usd\usdShade\materialBindingAPI.cpp -- Found material bindings on prim at path (/root/thelab01/workbench_grp/decor_wooden_box01_0001/GEO) but MaterialBindingAPI is not applied on the prim
Warning: in BindingsAtPrim at line 671 of D:\__projects\_programming\vcpkg\buildtrees\usd\src\v25.11-c5a1a786cc.clean\pxr\usd\usdShade\materialBindingAPI.cpp -- Found material bindings on prim at path (/root/thelab01/workbench_grp/decor_wooden_box01_0001/GEO) but MaterialBindingAPI is not applied on the prim
Warning: in BindingsAtPrim at line 671 of D:\__projects\_programming\vcpkg\buildtrees\usd\src\v25.11-c5a1a786cc.clean\pxr\usd\usdShade\materialBindingAPI.cpp -- Found material bindings on prim at path (/root/thelab01/workbench_grp/decor_wooden_box01_0001/GEO) but MaterialBindingAPI is not applied on the prim
Warning: in BindingsAtPrim at line 671 of D:\__projects\_programming\vcpkg\buildtrees\usd\src\v25.11-c5a1a786cc.clean\pxr\usd\usdShade\materialBindingAPI.cpp -- Found material bindings on prim at path (/root/thelab01/workbench_grp/decor_wooden_box01_0001/GEO) but MaterialBindingAPI is not applied on the prim
Warning: in BindingsAtPrim at line 671 of D:\__projects\_programming\vcpkg\buildtrees\usd\src\v25.11-c5a1a786cc.clean\pxr\usd\usdShade\materialBindingAPI.cpp -- Found material bindings on prim at path (/root/thelab01/workbench_grp/decor_wooden_box01_0001/GEO) but MaterialBindingAPI is not applied on the prim
Warning: in BindingsAtPrim at line 671 of D:\__projects\_programming\vcpkg\buildtrees\usd\src\v25.11-c5a1a786cc.clean\pxr\usd\usdShade\materialBindingAPI.cpp -- Found material bindings on prim at path (/root/thelab01/workbench_grp/decor_wooden_box01_0001/GEO) but MaterialBindingAPI is not applied on the prim
Warning: in BindingsAtPrim at line 671 of D:\__projects\_programming\vcpkg\buildtrees\usd\src\v25.11-c5a1a786cc.clean\pxr\usd\usdShade\materialBindingAPI.cpp -- Found material bindings on prim at path (/root/thelab01/workbench_grp/decor_wooden_box01_0001/GEO) but MaterialBindingAPI is not applied on the prim
Warning: in BindingsAtPrim at line 671 of D:\__projects\_programming\vcpkg\buildtrees\usd\src\v25.11-c5a1a786cc.clean\pxr\usd\usdShade\materialBindingAPI.cpp -- Found material bindings on prim at path (/root/thelab01/workbench_grp/decor_wooden_box01_0001/GEO) but MaterialBindingAPI is not applied on the prim
Warning: in BindingsAtPrim at line 671 of D:\__projects\_programming\vcpkg\buildtrees\usd\src\v25.11-c5a1a786cc.clean\pxr\usd\usdShade\materialBindingAPI.cpp -- Found material bindings on prim at path (/root/thelab01/workbench_grp/decor_wooden_box01_0001/GEO) but MaterialBindingAPI is not applied on the prim
Warning: in BindingsAtPrim at line 671 of D:\__projects\_programming\vcpkg\buildtrees\usd\src\v25.11-c5a1a786cc.clean\pxr\usd\usdShade\materialBindingAPI.cpp -- Found material bindings on prim at path (/root/thelab01/workbench_grp/decor_wooden_box01_0001/GEO) but MaterialBindingAPI is not applied on the prim
Warning: in BindingsAtPrim at line 671 of D:\__projects\_programming\vcpkg\buildtrees\usd\src\v25.11-c5a1a786cc.clean\pxr\usd\usdShade\materialBindingAPI.cpp -- Found material bindings on prim at path (/root/thelab01/workbench_grp/decor_wooden_box01_0001/GEO) but MaterialBindingAPI is not applied on the prim
Warning: in BindingsAtPrim at line 671 of D:\__projects\_programming\vcpkg\buildtrees\usd\src\v25.11-c5a1a786cc.clean\pxr\usd\usdShade\materialBindingAPI.cpp -- Found material bindings on prim at path (/root/thelab01/workbench_grp/decor_wooden_box01_0001/GEO) but MaterialBindingAPI is not applied on the prim
Warning: in BindingsAtPrim at line 671 of D:\__projects\_programming\vcpkg\buildtrees\usd\src\v25.11-c5a1a786cc.clean\pxr\usd\usdShade\materialBindingAPI.cpp -- Found material bindings on prim at path (/root/thelab01/workbench_grp/decor_wooden_box01_0001/GEO) but MaterialBindingAPI is not applied on the prim
Warning: in BindingsAtPrim at line 671 of D:\__projects\_programming\vcpkg\buildtrees\usd\src\v25.11-c5a1a786cc.clean\pxr\usd\usdShade\materialBindingAPI.cpp -- Found material bindings on prim at path (/root/thelab01/workbench_grp/decor_wooden_box01_0001/GEO) but MaterialBindingAPI is not applied on the prim
Warning: in BindingsAtPrim at line 671 of D:\__projects\_programming\vcpkg\buildtrees\usd\src\v25.11-c5a1a786cc.clean\pxr\usd\usdShade\materialBindingAPI.cpp -- Found material bindings on prim at path (/root/thelab01/workbench_grp/decor_wooden_box01_0001/GEO) but MaterialBindingAPI is not applied on the prim
Warning: in BindingsAtPrim at line 671 of D:\__projects\_programming\vcpkg\buildtrees\usd\src\v25.11-c5a1a786cc.clean\pxr\usd\usdShade\materialBindingAPI.cpp -- Found material bindings on prim at path (/root/thelab01/workbench_grp/decor_wooden_box01_0001/GEO) but MaterialBindingAPI is not applied on the prim
Warning: in BindingsAtPrim at line 671 of D:\__projects\_programming\vcpkg\buildtrees\usd\src\v25.11-c5a1a786cc.clean\pxr\usd\usdShade\materialBindingAPI.cpp -- Found material bindings on prim at path (/root/thelab01/workbench_grp/decor_wooden_box01_0001/GEO) but MaterialBindingAPI is not applied on the prim
Warning: in BindingsAtPrim at line 671 of D:\__projects\_programming\vcpkg\buildtrees\usd\src\v25.11-c5a1a786cc.clean\pxr\usd\usdShade\materialBindingAPI.cpp -- Found material bindings on prim at path (/root/thelab01/workbench_grp/decor_wooden_box01_0001/GEO) but MaterialBindingAPI is not applied on the prim
Warning: in BindingsAtPrim at line 671 of D:\__projects\_programming\vcpkg\buildtrees\usd\src\v25.11-c5a1a786cc.clean\pxr\usd\usdShade\materialBindingAPI.cpp -- Found material bindings on prim at path (/root/thelab01/workbench_grp/decor_wooden_box01_0001/GEO) but MaterialBindingAPI is not applied on the prim
Warning: in BindingsAtPrim at line 671 of D:\__projects\_programming\vcpkg\buildtrees\usd\src\v25.11-c5a1a786cc.clean\pxr\usd\usdShade\materialBindingAPI.cpp -- Found material bindings on prim at path (/root/thelab01/workbench_grp/electronics_audio_generator01_0001/GEO) but MaterialBindingAPI is not applied on the prim
Warning: in BindingsAtPrim at line 671 of D:\__projects\_programming\vcpkg\buildtrees\usd\src\v25.11-c5a1a786cc.clean\pxr\usd\usdShade\materialBindingAPI.cpp -- Found material bindings on prim at path (/root/thelab01/workbench_grp/electronics_audio_generator01_0001/GEO) but MaterialBindingAPI is not applied on the prim
Warning: in BindingsAtPrim at line 671 of D:\__projects\_programming\vcpkg\buildtrees\usd\src\v25.11-c5a1a786cc.clean\pxr\usd\usdShade\materialBindingAPI.cpp -- Found material bindings on prim at path (/root/thelab01/workbench_grp/electronics_audio_generator01_0001/GEO) but MaterialBindingAPI is not applied on the prim
Warning: in BindingsAtPrim at line 671 of D:\__projects\_programming\vcpkg\buildtrees\usd\src\v25.11-c5a1a786cc.clean\pxr\usd\usdShade\materialBindingAPI.cpp -- Found material bindings on prim at path (/root/thelab01/workbench_grp/electronics_audio_generator01_0001/GEO) but MaterialBindingAPI is not applied on the prim
Warning: in BindingsAtPrim at line 671 of D:\__projects\_programming\vcpkg\buildtrees\usd\src\v25.11-c5a1a786cc.clean\pxr\usd\usdShade\materialBindingAPI.cpp -- Found material bindings on prim at path (/root/thelab01/workbench_grp/electronics_audio_generator01_0001/GEO) but MaterialBindingAPI is not applied on the prim
Warning: in BindingsAtPrim at line 671 of D:\__projects\_programming\vcpkg\buildtrees\usd\src\v25.11-c5a1a786cc.clean\pxr\usd\usdShade\materialBindingAPI.cpp -- Found material bindings on prim at path (/root/thelab01/workbench_grp/electronics_audio_generator01_0001/GEO) but MaterialBindingAPI is not applied on the prim
Warning: in BindingsAtPrim at line 671 of D:\__projects\_programming\vcpkg\buildtrees\usd\src\v25.11-c5a1a786cc.clean\pxr\usd\usdShade\materialBindingAPI.cpp -- Found material bindings on prim at path (/root/thelab01/workbench_grp/electronics_audio_generator01_0001/GEO) but MaterialBindingAPI is not applied on the prim
Warning: in BindingsAtPrim at line 671 of D:\__projects\_programming\vcpkg\buildtrees\usd\src\v25.11-c5a1a786cc.clean\pxr\usd\usdShade\materialBindingAPI.cpp -- Found material bindings on prim at path (/root/thelab01/workbench_grp/electronics_audio_generator01_0001/GEO) but MaterialBindingAPI is not applied on the prim
Warning: in BindingsAtPrim at line 671 of D:\__projects\_programming\vcpkg\buildtrees\usd\src\v25.11-c5a1a786cc.clean\pxr\usd\usdShade\materialBindingAPI.cpp -- Found material bindings on prim at path (/root/thelab01/workbench_grp/electronics_audio_generator01_0001/GEO) but MaterialBindingAPI is not applied on the prim
Warning: in BindingsAtPrim at line 671 of D:\__projects\_programming\vcpkg\buildtrees\usd\src\v25.11-c5a1a786cc.clean\pxr\usd\usdShade\materialBindingAPI.cpp -- Found material bindings on prim at path (/root/thelab01/workbench_grp/electronics_audio_generator01_0001/GEO) but MaterialBindingAPI is not applied on the prim
Warning: in BindingsAtPrim at line 671 of D:\__projects\_programming\vcpkg\buildtrees\usd\src\v25.11-c5a1a786cc.clean\pxr\usd\usdShade\materialBindingAPI.cpp -- Found material bindings on prim at path (/root/thelab01/workbench_grp/electronics_audio_generator01_0001/GEO) but MaterialBindingAPI is not applied on the prim
Warning: in BindingsAtPrim at line 671 of D:\__projects\_programming\vcpkg\buildtrees\usd\src\v25.11-c5a1a786cc.clean\pxr\usd\usdShade\materialBindingAPI.cpp -- Found material bindings on prim at path (/root/thelab01/workbench_grp/electronics_audio_generator01_0001/GEO) but MaterialBindingAPI is not applied on the prim
Warning: in BindingsAtPrim at line 671 of D:\__projects\_programming\vcpkg\buildtrees\usd\src\v25.11-c5a1a786cc.clean\pxr\usd\usdShade\materialBindingAPI.cpp -- Found material bindings on prim at path (/root/thelab01/workbench_grp/electronics_audio_generator01_0001/GEO) but MaterialBindingAPI is not applied on the prim
Warning: in BindingsAtPrim at line 671 of D:\__projects\_programming\vcpkg\buildtrees\usd\src\v25.11-c5a1a786cc.clean\pxr\usd\usdShade\materialBindingAPI.cpp -- Found material bindings on prim at path (/root/thelab01/workbench_grp/electronics_audio_generator01_0001/GEO) but MaterialBindingAPI is not applied on the prim
Warning: in BindingsAtPrim at line 671 of D:\__projects\_programming\vcpkg\buildtrees\usd\src\v25.11-c5a1a786cc.clean\pxr\usd\usdShade\materialBindingAPI.cpp -- Found material bindings on prim at path (/root/thelab01/workbench_grp/electronics_audio_generator01_0001/GEO) but MaterialBindingAPI is not applied on the prim
Warning: in BindingsAtPrim at line 671 of D:\__projects\_programming\vcpkg\buildtrees\usd\src\v25.11-c5a1a786cc.clean\pxr\usd\usdShade\materialBindingAPI.cpp -- Found material bindings on prim at path (/root/thelab01/workbench_grp/electronics_audio_generator01_0001/GEO) but MaterialBindingAPI is not applied on the prim
Warning: in BindingsAtPrim at line 671 of D:\__projects\_programming\vcpkg\buildtrees\usd\src\v25.11-c5a1a786cc.clean\pxr\usd\usdShade\materialBindingAPI.cpp -- Found material bindings on prim at path (/root/thelab01/workbench_grp/electronics_audio_generator01_0001/GEO) but MaterialBindingAPI is not applied on the prim
Warning: in BindingsAtPrim at line 671 of D:\__projects\_programming\vcpkg\buildtrees\usd\src\v25.11-c5a1a786cc.clean\pxr\usd\usdShade\materialBindingAPI.cpp -- Found material bindings on prim at path (/root/thelab01/workbench_grp/electronics_audio_generator01_0001/GEO) but MaterialBindingAPI is not applied on the prim
Warning: in BindingsAtPrim at line 671 of D:\__projects\_programming\vcpkg\buildtrees\usd\src\v25.11-c5a1a786cc.clean\pxr\usd\usdShade\materialBindingAPI.cpp -- Found material bindings on prim at path (/root/thelab01/workbench_grp/electronics_audio_generator01_0001/GEO) but MaterialBindingAPI is not applied on the prim
Warning: in BindingsAtPrim at line 671 of D:\__projects\_programming\vcpkg\buildtrees\usd\src\v25.11-c5a1a786cc.clean\pxr\usd\usdShade\materialBindingAPI.cpp -- Found material bindings on prim at path (/root/thelab01/workbench_grp/electronics_audio_generator01_0001/GEO) but MaterialBindingAPI is not applied on the prim
Warning: in BindingsAtPrim at line 671 of D:\__projects\_programming\vcpkg\buildtrees\usd\src\v25.11-c5a1a786cc.clean\pxr\usd\usdShade\materialBindingAPI.cpp -- Found material bindings on prim at path (/root/thelab01/workbench_grp/electronics_audio_generator01_0001/GEO) but MaterialBindingAPI is not applied on the prim
Warning: in BindingsAtPrim at line 671 of D:\__projects\_programming\vcpkg\buildtrees\usd\src\v25.11-c5a1a786cc.clean\pxr\usd\usdShade\materialBindingAPI.cpp -- Found material bindings on prim at path (/root/thelab01/workbench_grp/electronics_audio_generator01_0001/GEO) but MaterialBindingAPI is not applied on the prim
Warning: in BindingsAtPrim at line 671 of D:\__projects\_programming\vcpkg\buildtrees\usd\src\v25.11-c5a1a786cc.clean\pxr\usd\usdShade\materialBindingAPI.cpp -- Found material bindings on prim at path (/root/thelab01/workbench_grp/electronics_audio_generator01_0001/GEO) but MaterialBindingAPI is not applied on the prim
Warning: in BindingsAtPrim at line 671 of D:\__projects\_programming\vcpkg\buildtrees\usd\src\v25.11-c5a1a786cc.clean\pxr\usd\usdShade\materialBindingAPI.cpp -- Found material bindings on prim at path (/root/thelab01/workbench_grp/electronics_tesla_coil01_0001/GEO) but MaterialBindingAPI is not applied on the prim
Warning: in BindingsAtPrim at line 671 of D:\__projects\_programming\vcpkg\buildtrees\usd\src\v25.11-c5a1a786cc.clean\pxr\usd\usdShade\materialBindingAPI.cpp -- Found material bindings on prim at path (/root/thelab01/workbench_grp/electronics_tesla_coil01_0001/GEO) but MaterialBindingAPI is not applied on the prim
Warning: in BindingsAtPrim at line 671 of D:\__projects\_programming\vcpkg\buildtrees\usd\src\v25.11-c5a1a786cc.clean\pxr\usd\usdShade\materialBindingAPI.cpp -- Found material bindings on prim at path (/root/thelab01/workbench_grp/electronics_tesla_coil01_0001/GEO) but MaterialBindingAPI is not applied on the prim
Warning: in BindingsAtPrim at line 671 of D:\__projects\_programming\vcpkg\buildtrees\usd\src\v25.11-c5a1a786cc.clean\pxr\usd\usdShade\materialBindingAPI.cpp -- Found material bindings on prim at path (/root/thelab01/workbench_grp/electronics_tesla_coil01_0001/GEO) but MaterialBindingAPI is not applied on the prim
Warning: in BindingsAtPrim at line 671 of D:\__projects\_programming\vcpkg\buildtrees\usd\src\v25.11-c5a1a786cc.clean\pxr\usd\usdShade\materialBindingAPI.cpp -- Found material bindings on prim at path (/root/thelab01/workbench_grp/electronics_tesla_coil01_0001/GEO) but MaterialBindingAPI is not applied on the prim
Warning: in BindingsAtPrim at line 671 of D:\__projects\_programming\vcpkg\buildtrees\usd\src\v25.11-c5a1a786cc.clean\pxr\usd\usdShade\materialBindingAPI.cpp -- Found material bindings on prim at path (/root/thelab01/workbench_grp/electronics_tesla_coil01_0001/GEO) but MaterialBindingAPI is not applied on the prim
Warning: in BindingsAtPrim at line 671 of D:\__projects\_programming\vcpkg\buildtrees\usd\src\v25.11-c5a1a786cc.clean\pxr\usd\usdShade\materialBindingAPI.cpp -- Found material bindings on prim at path (/root/thelab01/workbench_grp/electronics_tesla_coil01_0001/GEO) but MaterialBindingAPI is not applied on the prim
Warning: in BindingsAtPrim at line 671 of D:\__projects\_programming\vcpkg\buildtrees\usd\src\v25.11-c5a1a786cc.clean\pxr\usd\usdShade\materialBindingAPI.cpp -- Found material bindings on prim at path (/root/thelab01/workbench_grp/electronics_tesla_coil01_0001/GEO) but MaterialBindingAPI is not applied on the prim
Warning: in BindingsAtPrim at line 671 of D:\__projects\_programming\vcpkg\buildtrees\usd\src\v25.11-c5a1a786cc.clean\pxr\usd\usdShade\materialBindingAPI.cpp -- Found material bindings on prim at path (/root/thelab01/workbench_grp/electronics_tesla_coil01_0001/GEO) but MaterialBindingAPI is not applied on the prim
Warning: in BindingsAtPrim at line 671 of D:\__projects\_programming\vcpkg\buildtrees\usd\src\v25.11-c5a1a786cc.clean\pxr\usd\usdShade\materialBindingAPI.cpp -- Found material bindings on prim at path (/root/thelab01/workbench_grp/electronics_tesla_coil01_0001/GEO) but MaterialBindingAPI is not applied on the prim
Warning: in BindingsAtPrim at line 671 of D:\__projects\_programming\vcpkg\buildtrees\usd\src\v25.11-c5a1a786cc.clean\pxr\usd\usdShade\materialBindingAPI.cpp -- Found material bindings on prim at path (/root/thelab01/workbench_grp/electronics_tesla_coil01_0001/GEO) but MaterialBindingAPI is not applied on the prim
Warning: in BindingsAtPrim at line 671 of D:\__projects\_programming\vcpkg\buildtrees\usd\src\v25.11-c5a1a786cc.clean\pxr\usd\usdShade\materialBindingAPI.cpp -- Found material bindings on prim at path (/root/thelab01/workbench_grp/electronics_tesla_coil01_0001/GEO) but MaterialBindingAPI is not applied on the prim
Warning: in BindingsAtPrim at line 671 of D:\__projects\_programming\vcpkg\buildtrees\usd\src\v25.11-c5a1a786cc.clean\pxr\usd\usdShade\materialBindingAPI.cpp -- Found material bindings on prim at path (/root/thelab01/workbench_grp/electronics_tesla_coil01_0001/GEO) but MaterialBindingAPI is not applied on the prim
Warning: in BindingsAtPrim at line 671 of D:\__projects\_programming\vcpkg\buildtrees\usd\src\v25.11-c5a1a786cc.clean\pxr\usd\usdShade\materialBindingAPI.cpp -- Found material bindings on prim at path (/root/thelab01/workbench_grp/electronics_tesla_coil01_0001/GEO) but MaterialBindingAPI is not applied on the prim
Warning: in BindingsAtPrim at line 671 of D:\__projects\_programming\vcpkg\buildtrees\usd\src\v25.11-c5a1a786cc.clean\pxr\usd\usdShade\materialBindingAPI.cpp -- Found material bindings on prim at path (/root/thelab01/workbench_grp/electronics_tesla_coil01_0001/GEO) but MaterialBindingAPI is not applied on the prim
Warning: in BindingsAtPrim at line 671 of D:\__projects\_programming\vcpkg\buildtrees\usd\src\v25.11-c5a1a786cc.clean\pxr\usd\usdShade\materialBindingAPI.cpp -- Found material bindings on prim at path (/root/thelab01/workbench_grp/electronics_tesla_coil01_0001/GEO) but MaterialBindingAPI is not applied on the prim
Warning: in BindingsAtPrim at line 671 of D:\__projects\_programming\vcpkg\buildtrees\usd\src\v25.11-c5a1a786cc.clean\pxr\usd\usdShade\materialBindingAPI.cpp -- Found material bindings on prim at path (/root/thelab01/workbench_grp/electronics_tesla_coil01_0001/GEO) but MaterialBindingAPI is not applied on the prim
Warning: in BindingsAtPrim at line 671 of D:\__projects\_programming\vcpkg\buildtrees\usd\src\v25.11-c5a1a786cc.clean\pxr\usd\usdShade\materialBindingAPI.cpp -- Found material bindings on prim at path (/root/thelab01/workbench_grp/electronics_tesla_coil01_0001/GEO) but MaterialBindingAPI is not applied on the prim
Warning: in BindingsAtPrim at line 671 of D:\__projects\_programming\vcpkg\buildtrees\usd\src\v25.11-c5a1a786cc.clean\pxr\usd\usdShade\materialBindingAPI.cpp -- Found material bindings on prim at path (/root/thelab01/workbench_grp/electronics_tesla_coil01_0001/GEO) but MaterialBindingAPI is not applied on the prim
Warning: in BindingsAtPrim at line 671 of D:\__projects\_programming\vcpkg\buildtrees\usd\src\v25.11-c5a1a786cc.clean\pxr\usd\usdShade\materialBindingAPI.cpp -- Found material bindings on prim at path (/root/thelab01/workbench_grp/electronics_tesla_coil01_0001/GEO) but MaterialBindingAPI is not applied on the prim
Warning: in BindingsAtPrim at line 671 of D:\__projects\_programming\vcpkg\buildtrees\usd\src\v25.11-c5a1a786cc.clean\pxr\usd\usdShade\materialBindingAPI.cpp -- Found material bindings on prim at path (/root/thelab01/workbench_grp/electronics_tesla_coil01_0001/GEO) but MaterialBindingAPI is not applied on the prim
Warning: in BindingsAtPrim at line 671 of D:\__projects\_programming\vcpkg\buildtrees\usd\src\v25.11-c5a1a786cc.clean\pxr\usd\usdShade\materialBindingAPI.cpp -- Found material bindings on prim at path (/root/thelab01/workbench_grp/electronics_tesla_coil01_0001/GEO) but MaterialBindingAPI is not applied on the prim
Warning: in BindingsAtPrim at line 671 of D:\__projects\_programming\vcpkg\buildtrees\usd\src\v25.11-c5a1a786cc.clean\pxr\usd\usdShade\materialBindingAPI.cpp -- Found material bindings on prim at path (/root/thelab01/workbench_grp/electronics_tesla_coil01_0001/GEO) but MaterialBindingAPI is not applied on the prim
Warning: in BindingsAtPrim at line 671 of D:\__projects\_programming\vcpkg\buildtrees\usd\src\v25.11-c5a1a786cc.clean\pxr\usd\usdShade\materialBindingAPI.cpp -- Found material bindings on prim at path (/root/thelab01/workbench_grp/electronics_tesla_coil01_0001/GEO) but MaterialBindingAPI is not applied on the prim
Warning: in BindingsAtPrim at line 671 of D:\__projects\_programming\vcpkg\buildtrees\usd\src\v25.11-c5a1a786cc.clean\pxr\usd\usdShade\materialBindingAPI.cpp -- Found material bindings on prim at path (/root/thelab01/workbench_grp/electronics_turntable01_0001/GEO) but MaterialBindingAPI is not applied on the prim
Warning: in BindingsAtPrim at line 671 of D:\__projects\_programming\vcpkg\buildtrees\usd\src\v25.11-c5a1a786cc.clean\pxr\usd\usdShade\materialBindingAPI.cpp -- Found material bindings on prim at path (/root/thelab01/workbench_grp/electronics_turntable01_0001/GEO) but MaterialBindingAPI is not applied on the prim
Warning: in BindingsAtPrim at line 671 of D:\__projects\_programming\vcpkg\buildtrees\usd\src\v25.11-c5a1a786cc.clean\pxr\usd\usdShade\materialBindingAPI.cpp -- Found material bindings on prim at path (/root/thelab01/workbench_grp/electronics_turntable01_0001/GEO) but MaterialBindingAPI is not applied on the prim
Warning: in BindingsAtPrim at line 671 of D:\__projects\_programming\vcpkg\buildtrees\usd\src\v25.11-c5a1a786cc.clean\pxr\usd\usdShade\materialBindingAPI.cpp -- Found material bindings on prim at path (/root/thelab01/workbench_grp/electronics_turntable01_0001/GEO) but MaterialBindingAPI is not applied on the prim
Warning: in BindingsAtPrim at line 671 of D:\__projects\_programming\vcpkg\buildtrees\usd\src\v25.11-c5a1a786cc.clean\pxr\usd\usdShade\materialBindingAPI.cpp -- Found material bindings on prim at path (/root/thelab01/workbench_grp/electronics_turntable01_0001/GEO) but MaterialBindingAPI is not applied on the prim
Warning: in BindingsAtPrim at line 671 of D:\__projects\_programming\vcpkg\buildtrees\usd\src\v25.11-c5a1a786cc.clean\pxr\usd\usdShade\materialBindingAPI.cpp -- Found material bindings on prim at path (/root/thelab01/workbench_grp/electronics_turntable01_0001/GEO) but MaterialBindingAPI is not applied on the prim
Warning: in BindingsAtPrim at line 671 of D:\__projects\_programming\vcpkg\buildtrees\usd\src\v25.11-c5a1a786cc.clean\pxr\usd\usdShade\materialBindingAPI.cpp -- Found material bindings on prim at path (/root/thelab01/workbench_grp/electronics_turntable01_0001/GEO) but MaterialBindingAPI is not applied on the prim
Warning: in BindingsAtPrim at line 671 of D:\__projects\_programming\vcpkg\buildtrees\usd\src\v25.11-c5a1a786cc.clean\pxr\usd\usdShade\materialBindingAPI.cpp -- Found material bindings on prim at path (/root/thelab01/workbench_grp/electronics_turntable01_0001/GEO) but MaterialBindingAPI is not applied on the prim
Warning: in BindingsAtPrim at line 671 of D:\__projects\_programming\vcpkg\buildtrees\usd\src\v25.11-c5a1a786cc.clean\pxr\usd\usdShade\materialBindingAPI.cpp -- Found material bindings on prim at path (/root/thelab01/workbench_grp/electronics_turntable01_0001/GEO) but MaterialBindingAPI is not applied on the prim
Warning: in BindingsAtPrim at line 671 of D:\__projects\_programming\vcpkg\buildtrees\usd\src\v25.11-c5a1a786cc.clean\pxr\usd\usdShade\materialBindingAPI.cpp -- Found material bindings on prim at path (/root/thelab01/workbench_grp/electronics_turntable01_0001/GEO) but MaterialBindingAPI is not applied on the prim
Warning: in BindingsAtPrim at line 671 of D:\__projects\_programming\vcpkg\buildtrees\usd\src\v25.11-c5a1a786cc.clean\pxr\usd\usdShade\materialBindingAPI.cpp -- Found material bindings on prim at path (/root/thelab01/workbench_grp/electronics_turntable01_0001/GEO) but MaterialBindingAPI is not applied on the prim
Warning: in BindingsAtPrim at line 671 of D:\__projects\_programming\vcpkg\buildtrees\usd\src\v25.11-c5a1a786cc.clean\pxr\usd\usdShade\materialBindingAPI.cpp -- Found material bindings on prim at path (/root/thelab01/workbench_grp/electronics_turntable01_0001/GEO) but MaterialBindingAPI is not applied on the prim
Warning: in BindingsAtPrim at line 671 of D:\__projects\_programming\vcpkg\buildtrees\usd\src\v25.11-c5a1a786cc.clean\pxr\usd\usdShade\materialBindingAPI.cpp -- Found material bindings on prim at path (/root/thelab01/workbench_grp/electronics_turntable01_0001/GEO) but MaterialBindingAPI is not applied on the prim
Warning: in BindingsAtPrim at line 671 of D:\__projects\_programming\vcpkg\buildtrees\usd\src\v25.11-c5a1a786cc.clean\pxr\usd\usdShade\materialBindingAPI.cpp -- Found material bindings on prim at path (/root/thelab01/workbench_grp/electronics_turntable01_0001/GEO) but MaterialBindingAPI is not applied on the prim
Warning: in BindingsAtPrim at line 671 of D:\__projects\_programming\vcpkg\buildtrees\usd\src\v25.11-c5a1a786cc.clean\pxr\usd\usdShade\materialBindingAPI.cpp -- Found material bindings on prim at path (/root/thelab01/workbench_grp/electronics_turntable01_0001/GEO) but MaterialBindingAPI is not applied on the prim
Warning: in BindingsAtPrim at line 671 of D:\__projects\_programming\vcpkg\buildtrees\usd\src\v25.11-c5a1a786cc.clean\pxr\usd\usdShade\materialBindingAPI.cpp -- Found material bindings on prim at path (/root/thelab01/workbench_grp/electronics_turntable01_0001/GEO) but MaterialBindingAPI is not applied on the prim
Warning: in BindingsAtPrim at line 671 of D:\__projects\_programming\vcpkg\buildtrees\usd\src\v25.11-c5a1a786cc.clean\pxr\usd\usdShade\materialBindingAPI.cpp -- Found material bindings on prim at path (/root/thelab01/workbench_grp/electronics_turntable01_0001/GEO) but MaterialBindingAPI is not applied on the prim
Warning: in BindingsAtPrim at line 671 of D:\__projects\_programming\vcpkg\buildtrees\usd\src\v25.11-c5a1a786cc.clean\pxr\usd\usdShade\materialBindingAPI.cpp -- Found material bindings on prim at path (/root/thelab01/workbench_grp/electronics_turntable01_0001/GEO) but MaterialBindingAPI is not applied on the prim
Warning: in BindingsAtPrim at line 671 of D:\__projects\_programming\vcpkg\buildtrees\usd\src\v25.11-c5a1a786cc.clean\pxr\usd\usdShade\materialBindingAPI.cpp -- Found material bindings on prim at path (/root/thelab01/workbench_grp/electronics_wire_spool01_0001/GEO) but MaterialBindingAPI is not applied on the prim
Warning: in BindingsAtPrim at line 671 of D:\__projects\_programming\vcpkg\buildtrees\usd\src\v25.11-c5a1a786cc.clean\pxr\usd\usdShade\materialBindingAPI.cpp -- Found material bindings on prim at path (/root/thelab01/workbench_grp/electronics_wire_spool01_0001/GEO) but MaterialBindingAPI is not applied on the prim
Warning: in BindingsAtPrim at line 671 of D:\__projects\_programming\vcpkg\buildtrees\usd\src\v25.11-c5a1a786cc.clean\pxr\usd\usdShade\materialBindingAPI.cpp -- Found material bindings on prim at path (/root/thelab01/workbench_grp/electronics_wire_spool01_0001/GEO) but MaterialBindingAPI is not applied on the prim
Warning: in BindingsAtPrim at line 671 of D:\__projects\_programming\vcpkg\buildtrees\usd\src\v25.11-c5a1a786cc.clean\pxr\usd\usdShade\materialBindingAPI.cpp -- Found material bindings on prim at path (/root/thelab01/workbench_grp/furniture_blackboard01_0001/GEO) but MaterialBindingAPI is not applied on the prim
Warning: in BindingsAtPrim at line 671 of D:\__projects\_programming\vcpkg\buildtrees\usd\src\v25.11-c5a1a786cc.clean\pxr\usd\usdShade\materialBindingAPI.cpp -- Found material bindings on prim at path (/root/thelab01/workbench_grp/furniture_blackboard01_0001/GEO) but MaterialBindingAPI is not applied on the prim
Warning: in BindingsAtPrim at line 671 of D:\__projects\_programming\vcpkg\buildtrees\usd\src\v25.11-c5a1a786cc.clean\pxr\usd\usdShade\materialBindingAPI.cpp -- Found material bindings on prim at path (/root/thelab01/workbench_grp/furniture_blackboard01_0001/GEO) but MaterialBindingAPI is not applied on the prim
Warning: in BindingsAtPrim at line 671 of D:\__projects\_programming\vcpkg\buildtrees\usd\src\v25.11-c5a1a786cc.clean\pxr\usd\usdShade\materialBindingAPI.cpp -- Found material bindings on prim at path (/root/thelab01/workbench_grp/furniture_blackboard01_0001/GEO) but MaterialBindingAPI is not applied on the prim
Warning: in BindingsAtPrim at line 671 of D:\__projects\_programming\vcpkg\buildtrees\usd\src\v25.11-c5a1a786cc.clean\pxr\usd\usdShade\materialBindingAPI.cpp -- Found material bindings on prim at path (/root/thelab01/workbench_grp/furniture_shelving01_0001/GEO) but MaterialBindingAPI is not applied on the prim
Warning: in BindingsAtPrim at line 671 of D:\__projects\_programming\vcpkg\buildtrees\usd\src\v25.11-c5a1a786cc.clean\pxr\usd\usdShade\materialBindingAPI.cpp -- Found material bindings on prim at path (/root/thelab01/workbench_grp/furniture_shelving01_0001/GEO) but MaterialBindingAPI is not applied on the prim
Warning: in BindingsAtPrim at line 671 of D:\__projects\_programming\vcpkg\buildtrees\usd\src\v25.11-c5a1a786cc.clean\pxr\usd\usdShade\materialBindingAPI.cpp -- Found material bindings on prim at path (/root/thelab01/workbench_grp/furniture_shelving01_0001/GEO) but MaterialBindingAPI is not applied on the prim
Warning: in BindingsAtPrim at line 671 of D:\__projects\_programming\vcpkg\buildtrees\usd\src\v25.11-c5a1a786cc.clean\pxr\usd\usdShade\materialBindingAPI.cpp -- Found material bindings on prim at path (/root/thelab01/workbench_grp/stationary_crayon_box01_0001/GEO) but MaterialBindingAPI is not applied on the prim
Warning: in BindingsAtPrim at line 671 of D:\__projects\_programming\vcpkg\buildtrees\usd\src\v25.11-c5a1a786cc.clean\pxr\usd\usdShade\materialBindingAPI.cpp -- Found material bindings on prim at path (/root/thelab01/workbench_grp/stationary_notepad01_0001/GEO) but MaterialBindingAPI is not applied on the prim
Warning: in BindingsAtPrim at line 671 of D:\__projects\_programming\vcpkg\buildtrees\usd\src\v25.11-c5a1a786cc.clean\pxr\usd\usdShade\materialBindingAPI.cpp -- Found material bindings on prim at path (/root/thelab01/workbench_grp/stationary_notepad01_0001/GEO) but MaterialBindingAPI is not applied on the prim
Warning: in BindingsAtPrim at line 671 of D:\__projects\_programming\vcpkg\buildtrees\usd\src\v25.11-c5a1a786cc.clean\pxr\usd\usdShade\materialBindingAPI.cpp -- Found material bindings on prim at path (/root/thelab01/workbench_grp/stationary_notepad01_0001/GEO) but MaterialBindingAPI is not applied on the prim
Warning: in BindingsAtPrim at line 671 of D:\__projects\_programming\vcpkg\buildtrees\usd\src\v25.11-c5a1a786cc.clean\pxr\usd\usdShade\materialBindingAPI.cpp -- Found material bindings on prim at path (/root/thelab01/workbench_grp/stationary_notepad01_0001/GEO) but MaterialBindingAPI is not applied on the prim
Warning: in BindingsAtPrim at line 671 of D:\__projects\_programming\vcpkg\buildtrees\usd\src\v25.11-c5a1a786cc.clean\pxr\usd\usdShade\materialBindingAPI.cpp -- Found material bindings on prim at path (/root/thelab01/workbench_grp/stationary_paper01_0001/GEO) but MaterialBindingAPI is not applied on the prim
Warning: in BindingsAtPrim at line 671 of D:\__projects\_programming\vcpkg\buildtrees\usd\src\v25.11-c5a1a786cc.clean\pxr\usd\usdShade\materialBindingAPI.cpp -- Found material bindings on prim at path (/root/thelab01/workbench_grp/stationary_paper02_0001/GEO) but MaterialBindingAPI is not applied on the prim
Warning: in BindingsAtPrim at line 671 of D:\__projects\_programming\vcpkg\buildtrees\usd\src\v25.11-c5a1a786cc.clean\pxr\usd\usdShade\materialBindingAPI.cpp -- Found material bindings on prim at path (/root/thelab01/workbench_grp/stationary_protractor_box01_0001/GEO) but MaterialBindingAPI is not applied on the prim
Warning: in BindingsAtPrim at line 671 of D:\__projects\_programming\vcpkg\buildtrees\usd\src\v25.11-c5a1a786cc.clean\pxr\usd\usdShade\materialBindingAPI.cpp -- Found material bindings on prim at path (/root/thelab01/workbench_grp/stationary_protractor_box01_0001/GEO) but MaterialBindingAPI is not applied on the prim
Warning: in BindingsAtPrim at line 671 of D:\__projects\_programming\vcpkg\buildtrees\usd\src\v25.11-c5a1a786cc.clean\pxr\usd\usdShade\materialBindingAPI.cpp -- Found material bindings on prim at path (/root/thelab01/workbench_grp/stationary_set_square01_0001/GEO) but MaterialBindingAPI is not applied on the prim
Warning: in BindingsAtPrim at line 671 of D:\__projects\_programming\vcpkg\buildtrees\usd\src\v25.11-c5a1a786cc.clean\pxr\usd\usdShade\materialBindingAPI.cpp -- Found material bindings on prim at path (/root/thelab01/workbench_grp/stationary_set_square02_0001/GEO) but MaterialBindingAPI is not applied on the prim
Warning: in BindingsAtPrim at line 671 of D:\__projects\_programming\vcpkg\buildtrees\usd\src\v25.11-c5a1a786cc.clean\pxr\usd\usdShade\materialBindingAPI.cpp -- Found material bindings on prim at path (/root/thelab01/workbench_grp/stationary_slide_rule01_0001/GEO) but MaterialBindingAPI is not applied on the prim
Warning: in BindingsAtPrim at line 671 of D:\__projects\_programming\vcpkg\buildtrees\usd\src\v25.11-c5a1a786cc.clean\pxr\usd\usdShade\materialBindingAPI.cpp -- Found material bindings on prim at path (/root/thelab01/workbench_grp/stationary_slide_rule01_0001/GEO) but MaterialBindingAPI is not applied on the prim
Warning: in BindingsAtPrim at line 671 of D:\__projects\_programming\vcpkg\buildtrees\usd\src\v25.11-c5a1a786cc.clean\pxr\usd\usdShade\materialBindingAPI.cpp -- Found material bindings on prim at path (/root/thelab01/workbench_grp/stationary_slide_rule01_0001/GEO) but MaterialBindingAPI is not applied on the prim
Warning: in BindingsAtPrim at line 671 of D:\__projects\_programming\vcpkg\buildtrees\usd\src\v25.11-c5a1a786cc.clean\pxr\usd\usdShade\materialBindingAPI.cpp -- Found material bindings on prim at path (/root/thelab01/workbench_grp/stationary_slide_rule01_0001/GEO) but MaterialBindingAPI is not applied on the prim
Warning: in BindingsAtPrim at line 671 of D:\__projects\_programming\vcpkg\buildtrees\usd\src\v25.11-c5a1a786cc.clean\pxr\usd\usdShade\materialBindingAPI.cpp -- Found material bindings on prim at path (/root/thelab01/workbench_grp/toy_box01_0001/GEO) but MaterialBindingAPI is not applied on the prim
Warning: in BindingsAtPrim at line 671 of D:\__projects\_programming\vcpkg\buildtrees\usd\src\v25.11-c5a1a786cc.clean\pxr\usd\usdShade\materialBindingAPI.cpp -- Found material bindings on prim at path (/root/thelab01/workbench_grp/toy_box02_0001/GEO) but MaterialBindingAPI is not applied on the prim
Warning: in BindingsAtPrim at line 671 of D:\__projects\_programming\vcpkg\buildtrees\usd\src\v25.11-c5a1a786cc.clean\pxr\usd\usdShade\materialBindingAPI.cpp -- Found material bindings on prim at path (/root/thelab01/workbench_grp/toy_box02_0001/GEO) but MaterialBindingAPI is not applied on the prim
Warning: in BindingsAtPrim at line 671 of D:\__projects\_programming\vcpkg\buildtrees\usd\src\v25.11-c5a1a786cc.clean\pxr\usd\usdShade\materialBindingAPI.cpp -- Found material bindings on prim at path (/root/thelab01/workbench_grp/toy_box04_0001/GEO) but MaterialBindingAPI is not applied on the prim
Warning: in BindingsAtPrim at line 671 of D:\__projects\_programming\vcpkg\buildtrees\usd\src\v25.11-c5a1a786cc.clean\pxr\usd\usdShade\materialBindingAPI.cpp -- Found material bindings on prim at path (/root/thelab01/workbench_grp/furniture_shelving01_0002/GEO) but MaterialBindingAPI is not applied on the prim
Warning: in BindingsAtPrim at line 671 of D:\__projects\_programming\vcpkg\buildtrees\usd\src\v25.11-c5a1a786cc.clean\pxr\usd\usdShade\materialBindingAPI.cpp -- Found material bindings on prim at path (/root/thelab01/workbench_grp/furniture_shelving01_0002/GEO) but MaterialBindingAPI is not applied on the prim
Warning: in BindingsAtPrim at line 671 of D:\__projects\_programming\vcpkg\buildtrees\usd\src\v25.11-c5a1a786cc.clean\pxr\usd\usdShade\materialBindingAPI.cpp -- Found material bindings on prim at path (/root/thelab01/workbench_grp/furniture_shelving01_0002/GEO) but MaterialBindingAPI is not applied on the prim
Warning: in BindingsAtPrim at line 671 of D:\__projects\_programming\vcpkg\buildtrees\usd\src\v25.11-c5a1a786cc.clean\pxr\usd\usdShade\materialBindingAPI.cpp -- Found material bindings on prim at path (/root/thelab01/workbench_grp/furniture_shelving01_0003/GEO) but MaterialBindingAPI is not applied on the prim
Warning: in BindingsAtPrim at line 671 of D:\__projects\_programming\vcpkg\buildtrees\usd\src\v25.11-c5a1a786cc.clean\pxr\usd\usdShade\materialBindingAPI.cpp -- Found material bindings on prim at path (/root/thelab01/workbench_grp/furniture_shelving01_0003/GEO) but MaterialBindingAPI is not applied on the prim
Warning: in BindingsAtPrim at line 671 of D:\__projects\_programming\vcpkg\buildtrees\usd\src\v25.11-c5a1a786cc.clean\pxr\usd\usdShade\materialBindingAPI.cpp -- Found material bindings on prim at path (/root/thelab01/workbench_grp/furniture_shelving01_0003/GEO) but MaterialBindingAPI is not applied on the prim
Warning: in BindingsAtPrim at line 671 of D:\__projects\_programming\vcpkg\buildtrees\usd\src\v25.11-c5a1a786cc.clean\pxr\usd\usdShade\materialBindingAPI.cpp -- Found material bindings on prim at path (/root/thelab01/workbench_grp/furniture_shelving01_0004/GEO) but MaterialBindingAPI is not applied on the prim
Warning: in BindingsAtPrim at line 671 of D:\__projects\_programming\vcpkg\buildtrees\usd\src\v25.11-c5a1a786cc.clean\pxr\usd\usdShade\materialBindingAPI.cpp -- Found material bindings on prim at path (/root/thelab01/workbench_grp/furniture_shelving01_0004/GEO) but MaterialBindingAPI is not applied on the prim
Warning: in BindingsAtPrim at line 671 of D:\__projects\_programming\vcpkg\buildtrees\usd\src\v25.11-c5a1a786cc.clean\pxr\usd\usdShade\materialBindingAPI.cpp -- Found material bindings on prim at path (/root/thelab01/workbench_grp/furniture_shelving01_0004/GEO) but MaterialBindingAPI is not applied on the prim
Warning: in BindingsAtPrim at line 671 of D:\__projects\_programming\vcpkg\buildtrees\usd\src\v25.11-c5a1a786cc.clean\pxr\usd\usdShade\materialBindingAPI.cpp -- Found material bindings on prim at path (/root/thelab01/workbench_grp/chemistry_flask_stand01_0002/GEO) but MaterialBindingAPI is not applied on the prim
Warning: in BindingsAtPrim at line 671 of D:\__projects\_programming\vcpkg\buildtrees\usd\src\v25.11-c5a1a786cc.clean\pxr\usd\usdShade\materialBindingAPI.cpp -- Found material bindings on prim at path (/root/thelab01/workbench_grp/chemistry_flask_stand01_0002/GEO) but MaterialBindingAPI is not applied on the prim
Warning: in BindingsAtPrim at line 671 of D:\__projects\_programming\vcpkg\buildtrees\usd\src\v25.11-c5a1a786cc.clean\pxr\usd\usdShade\materialBindingAPI.cpp -- Found material bindings on prim at path (/root/thelab01/workbench_grp/chemistry_flask_stand01_0002/GEO) but MaterialBindingAPI is not applied on the prim
Warning: in BindingsAtPrim at line 671 of D:\__projects\_programming\vcpkg\buildtrees\usd\src\v25.11-c5a1a786cc.clean\pxr\usd\usdShade\materialBindingAPI.cpp -- Found material bindings on prim at path (/root/thelab01/workbench_grp/chemistry_flask_stand01_0002/GEO) but MaterialBindingAPI is not applied on the prim
Warning: in BindingsAtPrim at line 671 of D:\__projects\_programming\vcpkg\buildtrees\usd\src\v25.11-c5a1a786cc.clean\pxr\usd\usdShade\materialBindingAPI.cpp -- Found material bindings on prim at path (/root/thelab01/workbench_grp/chemistry_flask_stand01_0002/GEO) but MaterialBindingAPI is not applied on the prim
Warning: in BindingsAtPrim at line 671 of D:\__projects\_programming\vcpkg\buildtrees\usd\src\v25.11-c5a1a786cc.clean\pxr\usd\usdShade\materialBindingAPI.cpp -- Found material bindings on prim at path (/root/thelab01/workbench_grp/chemistry_flask_stand01_0002/GEO) but MaterialBindingAPI is not applied on the prim
Warning: in BindingsAtPrim at line 671 of D:\__projects\_programming\vcpkg\buildtrees\usd\src\v25.11-c5a1a786cc.clean\pxr\usd\usdShade\materialBindingAPI.cpp -- Found material bindings on prim at path (/root/thelab01/workbench_grp/chemistry_flask_stand01_0002/GEO) but MaterialBindingAPI is not applied on the prim
Warning: in BindingsAtPrim at line 671 of D:\__projects\_programming\vcpkg\buildtrees\usd\src\v25.11-c5a1a786cc.clean\pxr\usd\usdShade\materialBindingAPI.cpp -- Found material bindings on prim at path (/root/thelab01/workbench_grp/chemistry_flask_stand01_0002/GEO) but MaterialBindingAPI is not applied on the prim
Warning: in BindingsAtPrim at line 671 of D:\__projects\_programming\vcpkg\buildtrees\usd\src\v25.11-c5a1a786cc.clean\pxr\usd\usdShade\materialBindingAPI.cpp -- Found material bindings on prim at path (/root/thelab01/workbench_grp/chemistry_flask_stand01_0002/GEO) but MaterialBindingAPI is not applied on the prim
Warning: in BindingsAtPrim at line 671 of D:\__projects\_programming\vcpkg\buildtrees\usd\src\v25.11-c5a1a786cc.clean\pxr\usd\usdShade\materialBindingAPI.cpp -- Found material bindings on prim at path (/root/thelab01/workbench_grp/chemistry_flask_stand01_0002/GEO) but MaterialBindingAPI is not applied on the prim
Warning: in BindingsAtPrim at line 671 of D:\__projects\_programming\vcpkg\buildtrees\usd\src\v25.11-c5a1a786cc.clean\pxr\usd\usdShade\materialBindingAPI.cpp -- Found material bindings on prim at path (/root/thelab01/workbench_grp/toy_box04_0002/GEO) but MaterialBindingAPI is not applied on the prim
Warning: in BindingsAtPrim at line 671 of D:\__projects\_programming\vcpkg\buildtrees\usd\src\v25.11-c5a1a786cc.clean\pxr\usd\usdShade\materialBindingAPI.cpp -- Found material bindings on prim at path (/root/thelab01/workbench_grp/electronics_audio_generator01_0002/GEO) but MaterialBindingAPI is not applied on the prim
Warning: in BindingsAtPrim at line 671 of D:\__projects\_programming\vcpkg\buildtrees\usd\src\v25.11-c5a1a786cc.clean\pxr\usd\usdShade\materialBindingAPI.cpp -- Found material bindings on prim at path (/root/thelab01/workbench_grp/electronics_audio_generator01_0002/GEO) but MaterialBindingAPI is not applied on the prim
Warning: in BindingsAtPrim at line 671 of D:\__projects\_programming\vcpkg\buildtrees\usd\src\v25.11-c5a1a786cc.clean\pxr\usd\usdShade\materialBindingAPI.cpp -- Found material bindings on prim at path (/root/thelab01/workbench_grp/electronics_audio_generator01_0002/GEO) but MaterialBindingAPI is not applied on the prim
Warning: in BindingsAtPrim at line 671 of D:\__projects\_programming\vcpkg\buildtrees\usd\src\v25.11-c5a1a786cc.clean\pxr\usd\usdShade\materialBindingAPI.cpp -- Found material bindings on prim at path (/root/thelab01/workbench_grp/electronics_audio_generator01_0002/GEO) but MaterialBindingAPI is not applied on the prim
Warning: in BindingsAtPrim at line 671 of D:\__projects\_programming\vcpkg\buildtrees\usd\src\v25.11-c5a1a786cc.clean\pxr\usd\usdShade\materialBindingAPI.cpp -- Found material bindings on prim at path (/root/thelab01/workbench_grp/electronics_audio_generator01_0002/GEO) but MaterialBindingAPI is not applied on the prim
Warning: in BindingsAtPrim at line 671 of D:\__projects\_programming\vcpkg\buildtrees\usd\src\v25.11-c5a1a786cc.clean\pxr\usd\usdShade\materialBindingAPI.cpp -- Found material bindings on prim at path (/root/thelab01/workbench_grp/electronics_audio_generator01_0002/GEO) but MaterialBindingAPI is not applied on the prim
Warning: in BindingsAtPrim at line 671 of D:\__projects\_programming\vcpkg\buildtrees\usd\src\v25.11-c5a1a786cc.clean\pxr\usd\usdShade\materialBindingAPI.cpp -- Found material bindings on prim at path (/root/thelab01/workbench_grp/electronics_audio_generator01_0002/GEO) but MaterialBindingAPI is not applied on the prim
Warning: in BindingsAtPrim at line 671 of D:\__projects\_programming\vcpkg\buildtrees\usd\src\v25.11-c5a1a786cc.clean\pxr\usd\usdShade\materialBindingAPI.cpp -- Found material bindings on prim at path (/root/thelab01/workbench_grp/electronics_audio_generator01_0002/GEO) but MaterialBindingAPI is not applied on the prim
Warning: in BindingsAtPrim at line 671 of D:\__projects\_programming\vcpkg\buildtrees\usd\src\v25.11-c5a1a786cc.clean\pxr\usd\usdShade\materialBindingAPI.cpp -- Found material bindings on prim at path (/root/thelab01/workbench_grp/electronics_audio_generator01_0002/GEO) but MaterialBindingAPI is not applied on the prim
Warning: in BindingsAtPrim at line 671 of D:\__projects\_programming\vcpkg\buildtrees\usd\src\v25.11-c5a1a786cc.clean\pxr\usd\usdShade\materialBindingAPI.cpp -- Found material bindings on prim at path (/root/thelab01/workbench_grp/electronics_audio_generator01_0002/GEO) but MaterialBindingAPI is not applied on the prim
Warning: in BindingsAtPrim at line 671 of D:\__projects\_programming\vcpkg\buildtrees\usd\src\v25.11-c5a1a786cc.clean\pxr\usd\usdShade\materialBindingAPI.cpp -- Found material bindings on prim at path (/root/thelab01/workbench_grp/electronics_audio_generator01_0002/GEO) but MaterialBindingAPI is not applied on the prim
Warning: in BindingsAtPrim at line 671 of D:\__projects\_programming\vcpkg\buildtrees\usd\src\v25.11-c5a1a786cc.clean\pxr\usd\usdShade\materialBindingAPI.cpp -- Found material bindings on prim at path (/root/thelab01/workbench_grp/electronics_audio_generator01_0002/GEO) but MaterialBindingAPI is not applied on the prim
Warning: in BindingsAtPrim at line 671 of D:\__projects\_programming\vcpkg\buildtrees\usd\src\v25.11-c5a1a786cc.clean\pxr\usd\usdShade\materialBindingAPI.cpp -- Found material bindings on prim at path (/root/thelab01/workbench_grp/electronics_audio_generator01_0002/GEO) but MaterialBindingAPI is not applied on the prim
Warning: in BindingsAtPrim at line 671 of D:\__projects\_programming\vcpkg\buildtrees\usd\src\v25.11-c5a1a786cc.clean\pxr\usd\usdShade\materialBindingAPI.cpp -- Found material bindings on prim at path (/root/thelab01/workbench_grp/electronics_audio_generator01_0002/GEO) but MaterialBindingAPI is not applied on the prim
Warning: in BindingsAtPrim at line 671 of D:\__projects\_programming\vcpkg\buildtrees\usd\src\v25.11-c5a1a786cc.clean\pxr\usd\usdShade\materialBindingAPI.cpp -- Found material bindings on prim at path (/root/thelab01/workbench_grp/electronics_audio_generator01_0002/GEO) but MaterialBindingAPI is not applied on the prim
Warning: in BindingsAtPrim at line 671 of D:\__projects\_programming\vcpkg\buildtrees\usd\src\v25.11-c5a1a786cc.clean\pxr\usd\usdShade\materialBindingAPI.cpp -- Found material bindings on prim at path (/root/thelab01/workbench_grp/electronics_audio_generator01_0002/GEO) but MaterialBindingAPI is not applied on the prim
Warning: in BindingsAtPrim at line 671 of D:\__projects\_programming\vcpkg\buildtrees\usd\src\v25.11-c5a1a786cc.clean\pxr\usd\usdShade\materialBindingAPI.cpp -- Found material bindings on prim at path (/root/thelab01/workbench_grp/electronics_audio_generator01_0002/GEO) but MaterialBindingAPI is not applied on the prim
Warning: in BindingsAtPrim at line 671 of D:\__projects\_programming\vcpkg\buildtrees\usd\src\v25.11-c5a1a786cc.clean\pxr\usd\usdShade\materialBindingAPI.cpp -- Found material bindings on prim at path (/root/thelab01/workbench_grp/electronics_audio_generator01_0002/GEO) but MaterialBindingAPI is not applied on the prim
Warning: in BindingsAtPrim at line 671 of D:\__projects\_programming\vcpkg\buildtrees\usd\src\v25.11-c5a1a786cc.clean\pxr\usd\usdShade\materialBindingAPI.cpp -- Found material bindings on prim at path (/root/thelab01/workbench_grp/electronics_audio_generator01_0002/GEO) but MaterialBindingAPI is not applied on the prim
Warning: in BindingsAtPrim at line 671 of D:\__projects\_programming\vcpkg\buildtrees\usd\src\v25.11-c5a1a786cc.clean\pxr\usd\usdShade\materialBindingAPI.cpp -- Found material bindings on prim at path (/root/thelab01/workbench_grp/electronics_audio_generator01_0002/GEO) but MaterialBindingAPI is not applied on the prim
Warning: in BindingsAtPrim at line 671 of D:\__projects\_programming\vcpkg\buildtrees\usd\src\v25.11-c5a1a786cc.clean\pxr\usd\usdShade\materialBindingAPI.cpp -- Found material bindings on prim at path (/root/thelab01/workbench_grp/electronics_audio_generator01_0002/GEO) but MaterialBindingAPI is not applied on the prim
Warning: in BindingsAtPrim at line 671 of D:\__projects\_programming\vcpkg\buildtrees\usd\src\v25.11-c5a1a786cc.clean\pxr\usd\usdShade\materialBindingAPI.cpp -- Found material bindings on prim at path (/root/thelab01/workbench_grp/electronics_audio_generator01_0002/GEO) but MaterialBindingAPI is not applied on the prim
Warning: in BindingsAtPrim at line 671 of D:\__projects\_programming\vcpkg\buildtrees\usd\src\v25.11-c5a1a786cc.clean\pxr\usd\usdShade\materialBindingAPI.cpp -- Found material bindings on prim at path (/root/thelab01/workbench_grp/electronics_audio_generator01_0002/GEO) but MaterialBindingAPI is not applied on the prim
Warning: in BindingsAtPrim at line 671 of D:\__projects\_programming\vcpkg\buildtrees\usd\src\v25.11-c5a1a786cc.clean\pxr\usd\usdShade\materialBindingAPI.cpp -- Found material bindings on prim at path (/root/thelab01/workbench_grp/electronics_oscilloscope01_0002/GEO) but MaterialBindingAPI is not applied on the prim
Warning: in BindingsAtPrim at line 671 of D:\__projects\_programming\vcpkg\buildtrees\usd\src\v25.11-c5a1a786cc.clean\pxr\usd\usdShade\materialBindingAPI.cpp -- Found material bindings on prim at path (/root/thelab01/workbench_grp/electronics_oscilloscope01_0002/GEO) but MaterialBindingAPI is not applied on the prim
Warning: in BindingsAtPrim at line 671 of D:\__projects\_programming\vcpkg\buildtrees\usd\src\v25.11-c5a1a786cc.clean\pxr\usd\usdShade\materialBindingAPI.cpp -- Found material bindings on prim at path (/root/thelab01/workbench_grp/electronics_oscilloscope01_0002/GEO) but MaterialBindingAPI is not applied on the prim
Warning: in BindingsAtPrim at line 671 of D:\__projects\_programming\vcpkg\buildtrees\usd\src\v25.11-c5a1a786cc.clean\pxr\usd\usdShade\materialBindingAPI.cpp -- Found material bindings on prim at path (/root/thelab01/workbench_grp/electronics_oscilloscope01_0002/GEO) but MaterialBindingAPI is not applied on the prim
Warning: in BindingsAtPrim at line 671 of D:\__projects\_programming\vcpkg\buildtrees\usd\src\v25.11-c5a1a786cc.clean\pxr\usd\usdShade\materialBindingAPI.cpp -- Found material bindings on prim at path (/root/thelab01/workbench_grp/electronics_oscilloscope01_0002/GEO) but MaterialBindingAPI is not applied on the prim
Warning: in BindingsAtPrim at line 671 of D:\__projects\_programming\vcpkg\buildtrees\usd\src\v25.11-c5a1a786cc.clean\pxr\usd\usdShade\materialBindingAPI.cpp -- Found material bindings on prim at path (/root/thelab01/workbench_grp/electronics_oscilloscope01_0002/GEO) but MaterialBindingAPI is not applied on the prim
Warning: in BindingsAtPrim at line 671 of D:\__projects\_programming\vcpkg\buildtrees\usd\src\v25.11-c5a1a786cc.clean\pxr\usd\usdShade\materialBindingAPI.cpp -- Found material bindings on prim at path (/root/thelab01/workbench_grp/electronics_oscilloscope01_0002/GEO) but MaterialBindingAPI is not applied on the prim
Warning: in BindingsAtPrim at line 671 of D:\__projects\_programming\vcpkg\buildtrees\usd\src\v25.11-c5a1a786cc.clean\pxr\usd\usdShade\materialBindingAPI.cpp -- Found material bindings on prim at path (/root/thelab01/workbench_grp/electronics_oscilloscope01_0002/GEO) but MaterialBindingAPI is not applied on the prim
Warning: in BindingsAtPrim at line 671 of D:\__projects\_programming\vcpkg\buildtrees\usd\src\v25.11-c5a1a786cc.clean\pxr\usd\usdShade\materialBindingAPI.cpp -- Found material bindings on prim at path (/root/thelab01/workbench_grp/electronics_oscilloscope01_0002/GEO) but MaterialBindingAPI is not applied on the prim
Warning: in BindingsAtPrim at line 671 of D:\__projects\_programming\vcpkg\buildtrees\usd\src\v25.11-c5a1a786cc.clean\pxr\usd\usdShade\materialBindingAPI.cpp -- Found material bindings on prim at path (/root/thelab01/workbench_grp/electronics_oscilloscope01_0002/GEO) but MaterialBindingAPI is not applied on the prim
Warning: in BindingsAtPrim at line 671 of D:\__projects\_programming\vcpkg\buildtrees\usd\src\v25.11-c5a1a786cc.clean\pxr\usd\usdShade\materialBindingAPI.cpp -- Found material bindings on prim at path (/root/thelab01/workbench_grp/electronics_oscilloscope01_0002/GEO) but MaterialBindingAPI is not applied on the prim
Warning: in BindingsAtPrim at line 671 of D:\__projects\_programming\vcpkg\buildtrees\usd\src\v25.11-c5a1a786cc.clean\pxr\usd\usdShade\materialBindingAPI.cpp -- Found material bindings on prim at path (/root/thelab01/workbench_grp/electronics_oscilloscope01_0002/GEO) but MaterialBindingAPI is not applied on the prim
Warning: in BindingsAtPrim at line 671 of D:\__projects\_programming\vcpkg\buildtrees\usd\src\v25.11-c5a1a786cc.clean\pxr\usd\usdShade\materialBindingAPI.cpp -- Found material bindings on prim at path (/root/thelab01/workbench_grp/electronics_oscilloscope01_0002/GEO) but MaterialBindingAPI is not applied on the prim
Warning: in BindingsAtPrim at line 671 of D:\__projects\_programming\vcpkg\buildtrees\usd\src\v25.11-c5a1a786cc.clean\pxr\usd\usdShade\materialBindingAPI.cpp -- Found material bindings on prim at path (/root/thelab01/workbench_grp/electronics_oscilloscope01_0002/GEO) but MaterialBindingAPI is not applied on the prim
Warning: in BindingsAtPrim at line 671 of D:\__projects\_programming\vcpkg\buildtrees\usd\src\v25.11-c5a1a786cc.clean\pxr\usd\usdShade\materialBindingAPI.cpp -- Found material bindings on prim at path (/root/thelab01/workbench_grp/electronics_oscilloscope01_0002/GEO) but MaterialBindingAPI is not applied on the prim
Warning: in BindingsAtPrim at line 671 of D:\__projects\_programming\vcpkg\buildtrees\usd\src\v25.11-c5a1a786cc.clean\pxr\usd\usdShade\materialBindingAPI.cpp -- Found material bindings on prim at path (/root/thelab01/workbench_grp/electronics_oscilloscope01_0002/GEO) but MaterialBindingAPI is not applied on the prim
Warning: in BindingsAtPrim at line 671 of D:\__projects\_programming\vcpkg\buildtrees\usd\src\v25.11-c5a1a786cc.clean\pxr\usd\usdShade\materialBindingAPI.cpp -- Found material bindings on prim at path (/root/thelab01/workbench_grp/electronics_oscilloscope01_0002/GEO) but MaterialBindingAPI is not applied on the prim
Warning: in BindingsAtPrim at line 671 of D:\__projects\_programming\vcpkg\buildtrees\usd\src\v25.11-c5a1a786cc.clean\pxr\usd\usdShade\materialBindingAPI.cpp -- Found material bindings on prim at path (/root/thelab01/workbench_grp/electronics_oscilloscope01_0002/GEO) but MaterialBindingAPI is not applied on the prim
Warning: in BindingsAtPrim at line 671 of D:\__projects\_programming\vcpkg\buildtrees\usd\src\v25.11-c5a1a786cc.clean\pxr\usd\usdShade\materialBindingAPI.cpp -- Found material bindings on prim at path (/root/thelab01/workbench_grp/electronics_oscilloscope01_0002/GEO) but MaterialBindingAPI is not applied on the prim
Warning: in BindingsAtPrim at line 671 of D:\__projects\_programming\vcpkg\buildtrees\usd\src\v25.11-c5a1a786cc.clean\pxr\usd\usdShade\materialBindingAPI.cpp -- Found material bindings on prim at path (/root/thelab01/workbench_grp/electronics_oscilloscope01_0002/GEO) but MaterialBindingAPI is not applied on the prim
Warning: in BindingsAtPrim at line 671 of D:\__projects\_programming\vcpkg\buildtrees\usd\src\v25.11-c5a1a786cc.clean\pxr\usd\usdShade\materialBindingAPI.cpp -- Found material bindings on prim at path (/root/thelab01/workbench_grp/electronics_oscilloscope01_0002/GEO) but MaterialBindingAPI is not applied on the prim
Warning: in BindingsAtPrim at line 671 of D:\__projects\_programming\vcpkg\buildtrees\usd\src\v25.11-c5a1a786cc.clean\pxr\usd\usdShade\materialBindingAPI.cpp -- Found material bindings on prim at path (/root/thelab01/workbench_grp/electronics_oscilloscope01_0002/GEO) but MaterialBindingAPI is not applied on the prim
Warning: in BindingsAtPrim at line 671 of D:\__projects\_programming\vcpkg\buildtrees\usd\src\v25.11-c5a1a786cc.clean\pxr\usd\usdShade\materialBindingAPI.cpp -- Found material bindings on prim at path (/root/thelab01/workbench_grp/electronics_oscilloscope01_0002/GEO) but MaterialBindingAPI is not applied on the prim
Warning: in BindingsAtPrim at line 671 of D:\__projects\_programming\vcpkg\buildtrees\usd\src\v25.11-c5a1a786cc.clean\pxr\usd\usdShade\materialBindingAPI.cpp -- Found material bindings on prim at path (/root/thelab01/workbench_grp/electronics_oscilloscope01_0002/GEO) but MaterialBindingAPI is not applied on the prim
Warning: in BindingsAtPrim at line 671 of D:\__projects\_programming\vcpkg\buildtrees\usd\src\v25.11-c5a1a786cc.clean\pxr\usd\usdShade\materialBindingAPI.cpp -- Found material bindings on prim at path (/root/thelab01/workbench_grp/electronics_oscilloscope01_0002/GEO) but MaterialBindingAPI is not applied on the prim
Warning: in BindingsAtPrim at line 671 of D:\__projects\_programming\vcpkg\buildtrees\usd\src\v25.11-c5a1a786cc.clean\pxr\usd\usdShade\materialBindingAPI.cpp -- Found material bindings on prim at path (/root/thelab01/workbench_grp/electronics_oscilloscope01_0002/GEO) but MaterialBindingAPI is not applied on the prim
Warning: in BindingsAtPrim at line 671 of D:\__projects\_programming\vcpkg\buildtrees\usd\src\v25.11-c5a1a786cc.clean\pxr\usd\usdShade\materialBindingAPI.cpp -- Found material bindings on prim at path (/root/thelab01/workbench_grp/electronics_oscilloscope01_0002/GEO) but MaterialBindingAPI is not applied on the prim
Warning: in BindingsAtPrim at line 671 of D:\__projects\_programming\vcpkg\buildtrees\usd\src\v25.11-c5a1a786cc.clean\pxr\usd\usdShade\materialBindingAPI.cpp -- Found material bindings on prim at path (/root/thelab01/workbench_grp/electronics_oscilloscope01_0002/GEO) but MaterialBindingAPI is not applied on the prim
Warning: in BindingsAtPrim at line 671 of D:\__projects\_programming\vcpkg\buildtrees\usd\src\v25.11-c5a1a786cc.clean\pxr\usd\usdShade\materialBindingAPI.cpp -- Found material bindings on prim at path (/root/thelab01/workbench_grp/electronics_oscilloscope01_0002/GEO) but MaterialBindingAPI is not applied on the prim
Warning: in BindingsAtPrim at line 671 of D:\__projects\_programming\vcpkg\buildtrees\usd\src\v25.11-c5a1a786cc.clean\pxr\usd\usdShade\materialBindingAPI.cpp -- Found material bindings on prim at path (/root/thelab01/workbench_grp/electronics_oscilloscope01_0002/GEO) but MaterialBindingAPI is not applied on the prim
Warning: in BindingsAtPrim at line 671 of D:\__projects\_programming\vcpkg\buildtrees\usd\src\v25.11-c5a1a786cc.clean\pxr\usd\usdShade\materialBindingAPI.cpp -- Found material bindings on prim at path (/root/thelab01/workbench_grp/toy_box04_0003/GEO) but MaterialBindingAPI is not applied on the prim
Warning: in BindingsAtPrim at line 671 of D:\__projects\_programming\vcpkg\buildtrees\usd\src\v25.11-c5a1a786cc.clean\pxr\usd\usdShade\materialBindingAPI.cpp -- Found material bindings on prim at path (/root/thelab01/workbench_grp/chemistry_beaker_stand01_0002/GEO) but MaterialBindingAPI is not applied on the prim
Warning: in BindingsAtPrim at line 671 of D:\__projects\_programming\vcpkg\buildtrees\usd\src\v25.11-c5a1a786cc.clean\pxr\usd\usdShade\materialBindingAPI.cpp -- Found material bindings on prim at path (/root/thelab01/workbench_grp/chemistry_beaker_stand01_0002/GEO) but MaterialBindingAPI is not applied on the prim
Warning: in BindingsAtPrim at line 671 of D:\__projects\_programming\vcpkg\buildtrees\usd\src\v25.11-c5a1a786cc.clean\pxr\usd\usdShade\materialBindingAPI.cpp -- Found material bindings on prim at path (/root/thelab01/workbench_grp/chemistry_beaker_stand01_0002/GEO) but MaterialBindingAPI is not applied on the prim
Warning: in BindingsAtPrim at line 671 of D:\__projects\_programming\vcpkg\buildtrees\usd\src\v25.11-c5a1a786cc.clean\pxr\usd\usdShade\materialBindingAPI.cpp -- Found material bindings on prim at path (/root/thelab01/workbench_grp/chemistry_beaker_stand01_0002/GEO) but MaterialBindingAPI is not applied on the prim
Warning: in BindingsAtPrim at line 671 of D:\__projects\_programming\vcpkg\buildtrees\usd\src\v25.11-c5a1a786cc.clean\pxr\usd\usdShade\materialBindingAPI.cpp -- Found material bindings on prim at path (/root/thelab01/workbench_grp/chemistry_beaker01_0002/GEO) but MaterialBindingAPI is not applied on the prim
Warning: in BindingsAtPrim at line 671 of D:\__projects\_programming\vcpkg\buildtrees\usd\src\v25.11-c5a1a786cc.clean\pxr\usd\usdShade\materialBindingAPI.cpp -- Found material bindings on prim at path (/root/thelab01/workbench_grp/chemistry_beaker03_0002/GEO) but MaterialBindingAPI is not applied on the prim
Warning: in BindingsAtPrim at line 671 of D:\__projects\_programming\vcpkg\buildtrees\usd\src\v25.11-c5a1a786cc.clean\pxr\usd\usdShade\materialBindingAPI.cpp -- Found material bindings on prim at path (/root/thelab01/workbench_grp/chemistry_beaker03_0003/GEO) but MaterialBindingAPI is not applied on the prim
Warning: in BindingsAtPrim at line 671 of D:\__projects\_programming\vcpkg\buildtrees\usd\src\v25.11-c5a1a786cc.clean\pxr\usd\usdShade\materialBindingAPI.cpp -- Found material bindings on prim at path (/root/thelab01/workbench_grp/chemistry_beaker03_0004/GEO) but MaterialBindingAPI is not applied on the prim
Warning: in BindingsAtPrim at line 671 of D:\__projects\_programming\vcpkg\buildtrees\usd\src\v25.11-c5a1a786cc.clean\pxr\usd\usdShade\materialBindingAPI.cpp -- Found material bindings on prim at path (/root/thelab01/workbench_grp/chemistry_beaker02_0002/GEO) but MaterialBindingAPI is not applied on the prim
Warning: in BindingsAtPrim at line 671 of D:\__projects\_programming\vcpkg\buildtrees\usd\src\v25.11-c5a1a786cc.clean\pxr\usd\usdShade\materialBindingAPI.cpp -- Found material bindings on prim at path (/root/thelab01/workbench_grp/stationary_pencil03_0003/GEO) but MaterialBindingAPI is not applied on the prim
Warning: in BindingsAtPrim at line 671 of D:\__projects\_programming\vcpkg\buildtrees\usd\src\v25.11-c5a1a786cc.clean\pxr\usd\usdShade\materialBindingAPI.cpp -- Found material bindings on prim at path (/root/thelab01/workbench_grp/chemistry_beaker02_0003/GEO) but MaterialBindingAPI is not applied on the prim
Warning: in BindingsAtPrim at line 671 of D:\__projects\_programming\vcpkg\buildtrees\usd\src\v25.11-c5a1a786cc.clean\pxr\usd\usdShade\materialBindingAPI.cpp -- Found material bindings on prim at path (/root/thelab01/workbench_grp/electronics_portable_tv01_0002/GEO) but MaterialBindingAPI is not applied on the prim
Warning: in BindingsAtPrim at line 671 of D:\__projects\_programming\vcpkg\buildtrees\usd\src\v25.11-c5a1a786cc.clean\pxr\usd\usdShade\materialBindingAPI.cpp -- Found material bindings on prim at path (/root/thelab01/workbench_grp/electronics_portable_tv01_0002/GEO) but MaterialBindingAPI is not applied on the prim
Warning: in BindingsAtPrim at line 671 of D:\__projects\_programming\vcpkg\buildtrees\usd\src\v25.11-c5a1a786cc.clean\pxr\usd\usdShade\materialBindingAPI.cpp -- Found material bindings on prim at path (/root/thelab01/workbench_grp/electronics_portable_tv01_0002/GEO) but MaterialBindingAPI is not applied on the prim
Warning: in BindingsAtPrim at line 671 of D:\__projects\_programming\vcpkg\buildtrees\usd\src\v25.11-c5a1a786cc.clean\pxr\usd\usdShade\materialBindingAPI.cpp -- Found material bindings on prim at path (/root/thelab01/workbench_grp/electronics_portable_tv01_0002/GEO) but MaterialBindingAPI is not applied on the prim
Warning: in BindingsAtPrim at line 671 of D:\__projects\_programming\vcpkg\buildtrees\usd\src\v25.11-c5a1a786cc.clean\pxr\usd\usdShade\materialBindingAPI.cpp -- Found material bindings on prim at path (/root/thelab01/workbench_grp/electronics_portable_tv01_0002/GEO) but MaterialBindingAPI is not applied on the prim
Warning: in BindingsAtPrim at line 671 of D:\__projects\_programming\vcpkg\buildtrees\usd\src\v25.11-c5a1a786cc.clean\pxr\usd\usdShade\materialBindingAPI.cpp -- Found material bindings on prim at path (/root/thelab01/workbench_grp/electronics_portable_tv01_0002/GEO) but MaterialBindingAPI is not applied on the prim
Warning: in BindingsAtPrim at line 671 of D:\__projects\_programming\vcpkg\buildtrees\usd\src\v25.11-c5a1a786cc.clean\pxr\usd\usdShade\materialBindingAPI.cpp -- Found material bindings on prim at path (/root/thelab01/workbench_grp/electronics_portable_tv01_0002/GEO) but MaterialBindingAPI is not applied on the prim
Warning: in BindingsAtPrim at line 671 of D:\__projects\_programming\vcpkg\buildtrees\usd\src\v25.11-c5a1a786cc.clean\pxr\usd\usdShade\materialBindingAPI.cpp -- Found material bindings on prim at path (/root/thelab01/workbench_grp/electronics_portable_tv01_0002/GEO) but MaterialBindingAPI is not applied on the prim
Warning: in BindingsAtPrim at line 671 of D:\__projects\_programming\vcpkg\buildtrees\usd\src\v25.11-c5a1a786cc.clean\pxr\usd\usdShade\materialBindingAPI.cpp -- Found material bindings on prim at path (/root/thelab01/workbench_grp/electronics_portable_tv01_0002/GEO) but MaterialBindingAPI is not applied on the prim
Warning: in BindingsAtPrim at line 671 of D:\__projects\_programming\vcpkg\buildtrees\usd\src\v25.11-c5a1a786cc.clean\pxr\usd\usdShade\materialBindingAPI.cpp -- Found material bindings on prim at path (/root/thelab01/workbench_grp/electronics_portable_tv01_0002/GEO) but MaterialBindingAPI is not applied on the prim
Warning: in BindingsAtPrim at line 671 of D:\__projects\_programming\vcpkg\buildtrees\usd\src\v25.11-c5a1a786cc.clean\pxr\usd\usdShade\materialBindingAPI.cpp -- Found material bindings on prim at path (/root/thelab01/workbench_grp/electronics_portable_tv01_0002/GEO) but MaterialBindingAPI is not applied on the prim
Warning: in BindingsAtPrim at line 671 of D:\__projects\_programming\vcpkg\buildtrees\usd\src\v25.11-c5a1a786cc.clean\pxr\usd\usdShade\materialBindingAPI.cpp -- Found material bindings on prim at path (/root/thelab01/workbench_grp/electronics_portable_tv01_0002/GEO) but MaterialBindingAPI is not applied on the prim
Warning: in BindingsAtPrim at line 671 of D:\__projects\_programming\vcpkg\buildtrees\usd\src\v25.11-c5a1a786cc.clean\pxr\usd\usdShade\materialBindingAPI.cpp -- Found material bindings on prim at path (/root/thelab01/workbench_grp/electronics_portable_tv01_0002/GEO) but MaterialBindingAPI is not applied on the prim
Warning: in BindingsAtPrim at line 671 of D:\__projects\_programming\vcpkg\buildtrees\usd\src\v25.11-c5a1a786cc.clean\pxr\usd\usdShade\materialBindingAPI.cpp -- Found material bindings on prim at path (/root/thelab01/workbench_grp/electronics_portable_tv01_0002/GEO) but MaterialBindingAPI is not applied on the prim
Warning: in BindingsAtPrim at line 671 of D:\__projects\_programming\vcpkg\buildtrees\usd\src\v25.11-c5a1a786cc.clean\pxr\usd\usdShade\materialBindingAPI.cpp -- Found material bindings on prim at path (/root/thelab01/workbench_grp/electronics_portable_tv01_0002/GEO) but MaterialBindingAPI is not applied on the prim
Warning: in BindingsAtPrim at line 671 of D:\__projects\_programming\vcpkg\buildtrees\usd\src\v25.11-c5a1a786cc.clean\pxr\usd\usdShade\materialBindingAPI.cpp -- Found material bindings on prim at path (/root/thelab01/workbench_grp/electronics_portable_tv01_0002/GEO) but MaterialBindingAPI is not applied on the prim
Warning: in BindingsAtPrim at line 671 of D:\__projects\_programming\vcpkg\buildtrees\usd\src\v25.11-c5a1a786cc.clean\pxr\usd\usdShade\materialBindingAPI.cpp -- Found material bindings on prim at path (/root/thelab01/workbench_grp/electronics_portable_tv01_0002/GEO) but MaterialBindingAPI is not applied on the prim
Warning: in BindingsAtPrim at line 671 of D:\__projects\_programming\vcpkg\buildtrees\usd\src\v25.11-c5a1a786cc.clean\pxr\usd\usdShade\materialBindingAPI.cpp -- Found material bindings on prim at path (/root/thelab01/workbench_grp/books_encyclopedias01_0003/GEO) but MaterialBindingAPI is not applied on the prim
Warning: in BindingsAtPrim at line 671 of D:\__projects\_programming\vcpkg\buildtrees\usd\src\v25.11-c5a1a786cc.clean\pxr\usd\usdShade\materialBindingAPI.cpp -- Found material bindings on prim at path (/root/thelab01/workbench_grp/books_encyclopedias01_0003/GEO) but MaterialBindingAPI is not applied on the prim
Warning: in BindingsAtPrim at line 671 of D:\__projects\_programming\vcpkg\buildtrees\usd\src\v25.11-c5a1a786cc.clean\pxr\usd\usdShade\materialBindingAPI.cpp -- Found material bindings on prim at path (/root/thelab01/workbench_grp/books_encyclopedias01_0003/GEO) but MaterialBindingAPI is not applied on the prim
Warning: in BindingsAtPrim at line 671 of D:\__projects\_programming\vcpkg\buildtrees\usd\src\v25.11-c5a1a786cc.clean\pxr\usd\usdShade\materialBindingAPI.cpp -- Found material bindings on prim at path (/root/thelab01/workbench_grp/books_encyclopedias01_0003/GEO) but MaterialBindingAPI is not applied on the prim
Warning: in BindingsAtPrim at line 671 of D:\__projects\_programming\vcpkg\buildtrees\usd\src\v25.11-c5a1a786cc.clean\pxr\usd\usdShade\materialBindingAPI.cpp -- Found material bindings on prim at path (/root/thelab01/workbench_grp/books_encyclopedias01_0003/GEO) but MaterialBindingAPI is not applied on the prim
Warning: in BindingsAtPrim at line 671 of D:\__projects\_programming\vcpkg\buildtrees\usd\src\v25.11-c5a1a786cc.clean\pxr\usd\usdShade\materialBindingAPI.cpp -- Found material bindings on prim at path (/root/thelab01/workbench_grp/books_encyclopedias01_0003/GEO) but MaterialBindingAPI is not applied on the prim
Warning: in BindingsAtPrim at line 671 of D:\__projects\_programming\vcpkg\buildtrees\usd\src\v25.11-c5a1a786cc.clean\pxr\usd\usdShade\materialBindingAPI.cpp -- Found material bindings on prim at path (/root/thelab01/workbench_grp/books_encyclopedias01_0003/GEO) but MaterialBindingAPI is not applied on the prim
Warning: in BindingsAtPrim at line 671 of D:\__projects\_programming\vcpkg\buildtrees\usd\src\v25.11-c5a1a786cc.clean\pxr\usd\usdShade\materialBindingAPI.cpp -- Found material bindings on prim at path (/root/thelab01/workbench_grp/books_encyclopedias01_0003/GEO) but MaterialBindingAPI is not applied on the prim
Warning: in BindingsAtPrim at line 671 of D:\__projects\_programming\vcpkg\buildtrees\usd\src\v25.11-c5a1a786cc.clean\pxr\usd\usdShade\materialBindingAPI.cpp -- Found material bindings on prim at path (/root/thelab01/workbench_grp/books_encyclopedias01_0003/GEO) but MaterialBindingAPI is not applied on the prim
Warning: in BindingsAtPrim at line 671 of D:\__projects\_programming\vcpkg\buildtrees\usd\src\v25.11-c5a1a786cc.clean\pxr\usd\usdShade\materialBindingAPI.cpp -- Found material bindings on prim at path (/root/thelab01/workbench_grp/books_encyclopedias01_0003/GEO) but MaterialBindingAPI is not applied on the prim
Warning: in BindingsAtPrim at line 671 of D:\__projects\_programming\vcpkg\buildtrees\usd\src\v25.11-c5a1a786cc.clean\pxr\usd\usdShade\materialBindingAPI.cpp -- Found material bindings on prim at path (/root/thelab01/workbench_grp/books_encyclopedias01_0003/GEO) but MaterialBindingAPI is not applied on the prim
Warning: in BindingsAtPrim at line 671 of D:\__projects\_programming\vcpkg\buildtrees\usd\src\v25.11-c5a1a786cc.clean\pxr\usd\usdShade\materialBindingAPI.cpp -- Found material bindings on prim at path (/root/thelab01/workbench_grp/books_encyclopedias01_0003/GEO) but MaterialBindingAPI is not applied on the prim
Warning: in BindingsAtPrim at line 671 of D:\__projects\_programming\vcpkg\buildtrees\usd\src\v25.11-c5a1a786cc.clean\pxr\usd\usdShade\materialBindingAPI.cpp -- Found material bindings on prim at path (/root/thelab01/workbench_grp/books_encyclopedias01_0003/GEO) but MaterialBindingAPI is not applied on the prim
Warning: in BindingsAtPrim at line 671 of D:\__projects\_programming\vcpkg\buildtrees\usd\src\v25.11-c5a1a786cc.clean\pxr\usd\usdShade\materialBindingAPI.cpp -- Found material bindings on prim at path (/root/thelab01/workbench_grp/books_encyclopedias01_0003/GEO) but MaterialBindingAPI is not applied on the prim
Warning: in BindingsAtPrim at line 671 of D:\__projects\_programming\vcpkg\buildtrees\usd\src\v25.11-c5a1a786cc.clean\pxr\usd\usdShade\materialBindingAPI.cpp -- Found material bindings on prim at path (/root/thelab01/workbench_grp/books_encyclopedias01_0003/GEO) but MaterialBindingAPI is not applied on the prim
Warning: in BindingsAtPrim at line 671 of D:\__projects\_programming\vcpkg\buildtrees\usd\src\v25.11-c5a1a786cc.clean\pxr\usd\usdShade\materialBindingAPI.cpp -- Found material bindings on prim at path (/root/thelab01/workbench_grp/books_encyclopedias01_0003/GEO) but MaterialBindingAPI is not applied on the prim
Warning: in BindingsAtPrim at line 671 of D:\__projects\_programming\vcpkg\buildtrees\usd\src\v25.11-c5a1a786cc.clean\pxr\usd\usdShade\materialBindingAPI.cpp -- Found material bindings on prim at path (/root/thelab01/workbench_grp/books_encyclopedias01_0003/GEO) but MaterialBindingAPI is not applied on the prim
Warning: in BindingsAtPrim at line 671 of D:\__projects\_programming\vcpkg\buildtrees\usd\src\v25.11-c5a1a786cc.clean\pxr\usd\usdShade\materialBindingAPI.cpp -- Found material bindings on prim at path (/root/thelab01/workbench_grp/books_encyclopedias01_0003/GEO) but MaterialBindingAPI is not applied on the prim
Warning: in BindingsAtPrim at line 671 of D:\__projects\_programming\vcpkg\buildtrees\usd\src\v25.11-c5a1a786cc.clean\pxr\usd\usdShade\materialBindingAPI.cpp -- Found material bindings on prim at path (/root/thelab01/workbench_grp/books_encyclopedias01_0004/GEO) but MaterialBindingAPI is not applied on the prim
Warning: in BindingsAtPrim at line 671 of D:\__projects\_programming\vcpkg\buildtrees\usd\src\v25.11-c5a1a786cc.clean\pxr\usd\usdShade\materialBindingAPI.cpp -- Found material bindings on prim at path (/root/thelab01/workbench_grp/books_encyclopedias01_0004/GEO) but MaterialBindingAPI is not applied on the prim
Warning: in BindingsAtPrim at line 671 of D:\__projects\_programming\vcpkg\buildtrees\usd\src\v25.11-c5a1a786cc.clean\pxr\usd\usdShade\materialBindingAPI.cpp -- Found material bindings on prim at path (/root/thelab01/workbench_grp/books_encyclopedias01_0004/GEO) but MaterialBindingAPI is not applied on the prim
Warning: in BindingsAtPrim at line 671 of D:\__projects\_programming\vcpkg\buildtrees\usd\src\v25.11-c5a1a786cc.clean\pxr\usd\usdShade\materialBindingAPI.cpp -- Found material bindings on prim at path (/root/thelab01/workbench_grp/books_encyclopedias01_0004/GEO) but MaterialBindingAPI is not applied on the prim
Warning: in BindingsAtPrim at line 671 of D:\__projects\_programming\vcpkg\buildtrees\usd\src\v25.11-c5a1a786cc.clean\pxr\usd\usdShade\materialBindingAPI.cpp -- Found material bindings on prim at path (/root/thelab01/workbench_grp/books_encyclopedias01_0004/GEO) but MaterialBindingAPI is not applied on the prim
Warning: in BindingsAtPrim at line 671 of D:\__projects\_programming\vcpkg\buildtrees\usd\src\v25.11-c5a1a786cc.clean\pxr\usd\usdShade\materialBindingAPI.cpp -- Found material bindings on prim at path (/root/thelab01/workbench_grp/books_encyclopedias01_0004/GEO) but MaterialBindingAPI is not applied on the prim
Warning: in BindingsAtPrim at line 671 of D:\__projects\_programming\vcpkg\buildtrees\usd\src\v25.11-c5a1a786cc.clean\pxr\usd\usdShade\materialBindingAPI.cpp -- Found material bindings on prim at path (/root/thelab01/workbench_grp/books_encyclopedias01_0004/GEO) but MaterialBindingAPI is not applied on the prim
Warning: in BindingsAtPrim at line 671 of D:\__projects\_programming\vcpkg\buildtrees\usd\src\v25.11-c5a1a786cc.clean\pxr\usd\usdShade\materialBindingAPI.cpp -- Found material bindings on prim at path (/root/thelab01/workbench_grp/books_encyclopedias01_0004/GEO) but MaterialBindingAPI is not applied on the prim
Warning: in BindingsAtPrim at line 671 of D:\__projects\_programming\vcpkg\buildtrees\usd\src\v25.11-c5a1a786cc.clean\pxr\usd\usdShade\materialBindingAPI.cpp -- Found material bindings on prim at path (/root/thelab01/workbench_grp/books_encyclopedias01_0004/GEO) but MaterialBindingAPI is not applied on the prim
Warning: in BindingsAtPrim at line 671 of D:\__projects\_programming\vcpkg\buildtrees\usd\src\v25.11-c5a1a786cc.clean\pxr\usd\usdShade\materialBindingAPI.cpp -- Found material bindings on prim at path (/root/thelab01/workbench_grp/books_encyclopedias01_0004/GEO) but MaterialBindingAPI is not applied on the prim
Warning: in BindingsAtPrim at line 671 of D:\__projects\_programming\vcpkg\buildtrees\usd\src\v25.11-c5a1a786cc.clean\pxr\usd\usdShade\materialBindingAPI.cpp -- Found material bindings on prim at path (/root/thelab01/workbench_grp/books_encyclopedias01_0004/GEO) but MaterialBindingAPI is not applied on the prim
Warning: in BindingsAtPrim at line 671 of D:\__projects\_programming\vcpkg\buildtrees\usd\src\v25.11-c5a1a786cc.clean\pxr\usd\usdShade\materialBindingAPI.cpp -- Found material bindings on prim at path (/root/thelab01/workbench_grp/books_encyclopedias01_0004/GEO) but MaterialBindingAPI is not applied on the prim
Warning: in BindingsAtPrim at line 671 of D:\__projects\_programming\vcpkg\buildtrees\usd\src\v25.11-c5a1a786cc.clean\pxr\usd\usdShade\materialBindingAPI.cpp -- Found material bindings on prim at path (/root/thelab01/workbench_grp/books_encyclopedias01_0004/GEO) but MaterialBindingAPI is not applied on the prim
Warning: in BindingsAtPrim at line 671 of D:\__projects\_programming\vcpkg\buildtrees\usd\src\v25.11-c5a1a786cc.clean\pxr\usd\usdShade\materialBindingAPI.cpp -- Found material bindings on prim at path (/root/thelab01/workbench_grp/books_encyclopedias01_0004/GEO) but MaterialBindingAPI is not applied on the prim
Warning: in BindingsAtPrim at line 671 of D:\__projects\_programming\vcpkg\buildtrees\usd\src\v25.11-c5a1a786cc.clean\pxr\usd\usdShade\materialBindingAPI.cpp -- Found material bindings on prim at path (/root/thelab01/workbench_grp/books_encyclopedias01_0004/GEO) but MaterialBindingAPI is not applied on the prim
Warning: in BindingsAtPrim at line 671 of D:\__projects\_programming\vcpkg\buildtrees\usd\src\v25.11-c5a1a786cc.clean\pxr\usd\usdShade\materialBindingAPI.cpp -- Found material bindings on prim at path (/root/thelab01/workbench_grp/books_encyclopedias01_0004/GEO) but MaterialBindingAPI is not applied on the prim
Warning: in BindingsAtPrim at line 671 of D:\__projects\_programming\vcpkg\buildtrees\usd\src\v25.11-c5a1a786cc.clean\pxr\usd\usdShade\materialBindingAPI.cpp -- Found material bindings on prim at path (/root/thelab01/workbench_grp/books_encyclopedias01_0004/GEO) but MaterialBindingAPI is not applied on the prim
Warning: in BindingsAtPrim at line 671 of D:\__projects\_programming\vcpkg\buildtrees\usd\src\v25.11-c5a1a786cc.clean\pxr\usd\usdShade\materialBindingAPI.cpp -- Found material bindings on prim at path (/root/thelab01/workbench_grp/books_encyclopedias01_0004/GEO) but MaterialBindingAPI is not applied on the prim
Warning: in BindingsAtPrim at line 671 of D:\__projects\_programming\vcpkg\buildtrees\usd\src\v25.11-c5a1a786cc.clean\pxr\usd\usdShade\materialBindingAPI.cpp -- Found material bindings on prim at path (/root/thelab01/workbench_grp/chemistry_bottle03_0002/GEO) but MaterialBindingAPI is not applied on the prim
Warning: in BindingsAtPrim at line 671 of D:\__projects\_programming\vcpkg\buildtrees\usd\src\v25.11-c5a1a786cc.clean\pxr\usd\usdShade\materialBindingAPI.cpp -- Found material bindings on prim at path (/root/thelab01/workbench_grp/chemistry_bottle03_0003/GEO) but MaterialBindingAPI is not applied on the prim
Warning: in BindingsAtPrim at line 671 of D:\__projects\_programming\vcpkg\buildtrees\usd\src\v25.11-c5a1a786cc.clean\pxr\usd\usdShade\materialBindingAPI.cpp -- Found material bindings on prim at path (/root/thelab01/workbench_grp/chemistry_bottle02_0002/GEO) but MaterialBindingAPI is not applied on the prim
Warning: in BindingsAtPrim at line 671 of D:\__projects\_programming\vcpkg\buildtrees\usd\src\v25.11-c5a1a786cc.clean\pxr\usd\usdShade\materialBindingAPI.cpp -- Found material bindings on prim at path (/root/thelab01/workbench_grp/chemistry_bottle02_0003/GEO) but MaterialBindingAPI is not applied on the prim
Warning: in BindingsAtPrim at line 671 of D:\__projects\_programming\vcpkg\buildtrees\usd\src\v25.11-c5a1a786cc.clean\pxr\usd\usdShade\materialBindingAPI.cpp -- Found material bindings on prim at path (/root/thelab01/workbench_grp/chemistry_bottle01_0002/GEO) but MaterialBindingAPI is not applied on the prim
Warning: in BindingsAtPrim at line 671 of D:\__projects\_programming\vcpkg\buildtrees\usd\src\v25.11-c5a1a786cc.clean\pxr\usd\usdShade\materialBindingAPI.cpp -- Found material bindings on prim at path (/root/thelab01/workbench_grp/chemistry_bottle01_0004/GEO) but MaterialBindingAPI is not applied on the prim
Warning: in BindingsAtPrim at line 671 of D:\__projects\_programming\vcpkg\buildtrees\usd\src\v25.11-c5a1a786cc.clean\pxr\usd\usdShade\materialBindingAPI.cpp -- Found material bindings on prim at path (/root/thelab01/workbench_grp/chemistry_beaker_stand01_0003/GEO) but MaterialBindingAPI is not applied on the prim
Warning: in BindingsAtPrim at line 671 of D:\__projects\_programming\vcpkg\buildtrees\usd\src\v25.11-c5a1a786cc.clean\pxr\usd\usdShade\materialBindingAPI.cpp -- Found material bindings on prim at path (/root/thelab01/workbench_grp/chemistry_beaker_stand01_0003/GEO) but MaterialBindingAPI is not applied on the prim
Warning: in BindingsAtPrim at line 671 of D:\__projects\_programming\vcpkg\buildtrees\usd\src\v25.11-c5a1a786cc.clean\pxr\usd\usdShade\materialBindingAPI.cpp -- Found material bindings on prim at path (/root/thelab01/workbench_grp/chemistry_beaker_stand01_0003/GEO) but MaterialBindingAPI is not applied on the prim
Warning: in BindingsAtPrim at line 671 of D:\__projects\_programming\vcpkg\buildtrees\usd\src\v25.11-c5a1a786cc.clean\pxr\usd\usdShade\materialBindingAPI.cpp -- Found material bindings on prim at path (/root/thelab01/workbench_grp/chemistry_beaker_stand01_0003/GEO) but MaterialBindingAPI is not applied on the prim
Warning: in BindingsAtPrim at line 671 of D:\__projects\_programming\vcpkg\buildtrees\usd\src\v25.11-c5a1a786cc.clean\pxr\usd\usdShade\materialBindingAPI.cpp -- Found material bindings on prim at path (/root/thelab01/workbench_grp/chemistry_beaker02_0004/GEO) but MaterialBindingAPI is not applied on the prim
Warning: in BindingsAtPrim at line 671 of D:\__projects\_programming\vcpkg\buildtrees\usd\src\v25.11-c5a1a786cc.clean\pxr\usd\usdShade\materialBindingAPI.cpp -- Found material bindings on prim at path (/root/thelab01/workbench_grp/toy_box03_0002/GEO) but MaterialBindingAPI is not applied on the prim
Warning: in BindingsAtPrim at line 671 of D:\__projects\_programming\vcpkg\buildtrees\usd\src\v25.11-c5a1a786cc.clean\pxr\usd\usdShade\materialBindingAPI.cpp -- Found material bindings on prim at path (/root/thelab01/workbench_grp/toy_box03_0002/GEO) but MaterialBindingAPI is not applied on the prim
Warning: in BindingsAtPrim at line 671 of D:\__projects\_programming\vcpkg\buildtrees\usd\src\v25.11-c5a1a786cc.clean\pxr\usd\usdShade\materialBindingAPI.cpp -- Found material bindings on prim at path (/root/thelab01/workbench_grp/toy_box03_0002/GEO) but MaterialBindingAPI is not applied on the prim
Warning: in BindingsAtPrim at line 671 of D:\__projects\_programming\vcpkg\buildtrees\usd\src\v25.11-c5a1a786cc.clean\pxr\usd\usdShade\materialBindingAPI.cpp -- Found material bindings on prim at path (/root/thelab01/workbench_grp/books_encyclopedias01_0005/GEO) but MaterialBindingAPI is not applied on the prim
Warning: in BindingsAtPrim at line 671 of D:\__projects\_programming\vcpkg\buildtrees\usd\src\v25.11-c5a1a786cc.clean\pxr\usd\usdShade\materialBindingAPI.cpp -- Found material bindings on prim at path (/root/thelab01/workbench_grp/books_encyclopedias01_0005/GEO) but MaterialBindingAPI is not applied on the prim
Warning: in BindingsAtPrim at line 671 of D:\__projects\_programming\vcpkg\buildtrees\usd\src\v25.11-c5a1a786cc.clean\pxr\usd\usdShade\materialBindingAPI.cpp -- Found material bindings on prim at path (/root/thelab01/workbench_grp/books_encyclopedias01_0005/GEO) but MaterialBindingAPI is not applied on the prim
Warning: in BindingsAtPrim at line 671 of D:\__projects\_programming\vcpkg\buildtrees\usd\src\v25.11-c5a1a786cc.clean\pxr\usd\usdShade\materialBindingAPI.cpp -- Found material bindings on prim at path (/root/thelab01/workbench_grp/books_encyclopedias01_0005/GEO) but MaterialBindingAPI is not applied on the prim
Warning: in BindingsAtPrim at line 671 of D:\__projects\_programming\vcpkg\buildtrees\usd\src\v25.11-c5a1a786cc.clean\pxr\usd\usdShade\materialBindingAPI.cpp -- Found material bindings on prim at path (/root/thelab01/workbench_grp/books_encyclopedias01_0005/GEO) but MaterialBindingAPI is not applied on the prim
Warning: in BindingsAtPrim at line 671 of D:\__projects\_programming\vcpkg\buildtrees\usd\src\v25.11-c5a1a786cc.clean\pxr\usd\usdShade\materialBindingAPI.cpp -- Found material bindings on prim at path (/root/thelab01/workbench_grp/books_encyclopedias01_0005/GEO) but MaterialBindingAPI is not applied on the prim
Warning: in BindingsAtPrim at line 671 of D:\__projects\_programming\vcpkg\buildtrees\usd\src\v25.11-c5a1a786cc.clean\pxr\usd\usdShade\materialBindingAPI.cpp -- Found material bindings on prim at path (/root/thelab01/workbench_grp/books_encyclopedias01_0005/GEO) but MaterialBindingAPI is not applied on the prim
Warning: in BindingsAtPrim at line 671 of D:\__projects\_programming\vcpkg\buildtrees\usd\src\v25.11-c5a1a786cc.clean\pxr\usd\usdShade\materialBindingAPI.cpp -- Found material bindings on prim at path (/root/thelab01/workbench_grp/books_encyclopedias01_0005/GEO) but MaterialBindingAPI is not applied on the prim
Warning: in BindingsAtPrim at line 671 of D:\__projects\_programming\vcpkg\buildtrees\usd\src\v25.11-c5a1a786cc.clean\pxr\usd\usdShade\materialBindingAPI.cpp -- Found material bindings on prim at path (/root/thelab01/workbench_grp/books_encyclopedias01_0005/GEO) but MaterialBindingAPI is not applied on the prim
Warning: in BindingsAtPrim at line 671 of D:\__projects\_programming\vcpkg\buildtrees\usd\src\v25.11-c5a1a786cc.clean\pxr\usd\usdShade\materialBindingAPI.cpp -- Found material bindings on prim at path (/root/thelab01/workbench_grp/books_encyclopedias01_0005/GEO) but MaterialBindingAPI is not applied on the prim
Warning: in BindingsAtPrim at line 671 of D:\__projects\_programming\vcpkg\buildtrees\usd\src\v25.11-c5a1a786cc.clean\pxr\usd\usdShade\materialBindingAPI.cpp -- Found material bindings on prim at path (/root/thelab01/workbench_grp/books_encyclopedias01_0005/GEO) but MaterialBindingAPI is not applied on the prim
Warning: in BindingsAtPrim at line 671 of D:\__projects\_programming\vcpkg\buildtrees\usd\src\v25.11-c5a1a786cc.clean\pxr\usd\usdShade\materialBindingAPI.cpp -- Found material bindings on prim at path (/root/thelab01/workbench_grp/books_encyclopedias01_0005/GEO) but MaterialBindingAPI is not applied on the prim
Warning: in BindingsAtPrim at line 671 of D:\__projects\_programming\vcpkg\buildtrees\usd\src\v25.11-c5a1a786cc.clean\pxr\usd\usdShade\materialBindingAPI.cpp -- Found material bindings on prim at path (/root/thelab01/workbench_grp/books_encyclopedias01_0005/GEO) but MaterialBindingAPI is not applied on the prim
Warning: in BindingsAtPrim at line 671 of D:\__projects\_programming\vcpkg\buildtrees\usd\src\v25.11-c5a1a786cc.clean\pxr\usd\usdShade\materialBindingAPI.cpp -- Found material bindings on prim at path (/root/thelab01/workbench_grp/books_encyclopedias01_0005/GEO) but MaterialBindingAPI is not applied on the prim
Warning: in BindingsAtPrim at line 671 of D:\__projects\_programming\vcpkg\buildtrees\usd\src\v25.11-c5a1a786cc.clean\pxr\usd\usdShade\materialBindingAPI.cpp -- Found material bindings on prim at path (/root/thelab01/workbench_grp/books_encyclopedias01_0005/GEO) but MaterialBindingAPI is not applied on the prim
Warning: in BindingsAtPrim at line 671 of D:\__projects\_programming\vcpkg\buildtrees\usd\src\v25.11-c5a1a786cc.clean\pxr\usd\usdShade\materialBindingAPI.cpp -- Found material bindings on prim at path (/root/thelab01/workbench_grp/books_encyclopedias01_0005/GEO) but MaterialBindingAPI is not applied on the prim
Warning: in BindingsAtPrim at line 671 of D:\__projects\_programming\vcpkg\buildtrees\usd\src\v25.11-c5a1a786cc.clean\pxr\usd\usdShade\materialBindingAPI.cpp -- Found material bindings on prim at path (/root/thelab01/workbench_grp/books_encyclopedias01_0005/GEO) but MaterialBindingAPI is not applied on the prim
Warning: in BindingsAtPrim at line 671 of D:\__projects\_programming\vcpkg\buildtrees\usd\src\v25.11-c5a1a786cc.clean\pxr\usd\usdShade\materialBindingAPI.cpp -- Found material bindings on prim at path (/root/thelab01/workbench_grp/books_encyclopedias01_0005/GEO) but MaterialBindingAPI is not applied on the prim
Warning: in BindingsAtPrim at line 671 of D:\__projects\_programming\vcpkg\buildtrees\usd\src\v25.11-c5a1a786cc.clean\pxr\usd\usdShade\materialBindingAPI.cpp -- Found material bindings on prim at path (/root/thelab01/workbench_grp/books_encyclopedias01_0007/GEO) but MaterialBindingAPI is not applied on the prim
Warning: in BindingsAtPrim at line 671 of D:\__projects\_programming\vcpkg\buildtrees\usd\src\v25.11-c5a1a786cc.clean\pxr\usd\usdShade\materialBindingAPI.cpp -- Found material bindings on prim at path (/root/thelab01/workbench_grp/books_encyclopedias01_0007/GEO) but MaterialBindingAPI is not applied on the prim
Warning: in BindingsAtPrim at line 671 of D:\__projects\_programming\vcpkg\buildtrees\usd\src\v25.11-c5a1a786cc.clean\pxr\usd\usdShade\materialBindingAPI.cpp -- Found material bindings on prim at path (/root/thelab01/workbench_grp/books_encyclopedias01_0007/GEO) but MaterialBindingAPI is not applied on the prim
Warning: in BindingsAtPrim at line 671 of D:\__projects\_programming\vcpkg\buildtrees\usd\src\v25.11-c5a1a786cc.clean\pxr\usd\usdShade\materialBindingAPI.cpp -- Found material bindings on prim at path (/root/thelab01/workbench_grp/books_encyclopedias01_0007/GEO) but MaterialBindingAPI is not applied on the prim
Warning: in BindingsAtPrim at line 671 of D:\__projects\_programming\vcpkg\buildtrees\usd\src\v25.11-c5a1a786cc.clean\pxr\usd\usdShade\materialBindingAPI.cpp -- Found material bindings on prim at path (/root/thelab01/workbench_grp/books_encyclopedias01_0007/GEO) but MaterialBindingAPI is not applied on the prim
Warning: in BindingsAtPrim at line 671 of D:\__projects\_programming\vcpkg\buildtrees\usd\src\v25.11-c5a1a786cc.clean\pxr\usd\usdShade\materialBindingAPI.cpp -- Found material bindings on prim at path (/root/thelab01/workbench_grp/books_encyclopedias01_0007/GEO) but MaterialBindingAPI is not applied on the prim
Warning: in BindingsAtPrim at line 671 of D:\__projects\_programming\vcpkg\buildtrees\usd\src\v25.11-c5a1a786cc.clean\pxr\usd\usdShade\materialBindingAPI.cpp -- Found material bindings on prim at path (/root/thelab01/workbench_grp/books_encyclopedias01_0007/GEO) but MaterialBindingAPI is not applied on the prim
Warning: in BindingsAtPrim at line 671 of D:\__projects\_programming\vcpkg\buildtrees\usd\src\v25.11-c5a1a786cc.clean\pxr\usd\usdShade\materialBindingAPI.cpp -- Found material bindings on prim at path (/root/thelab01/workbench_grp/books_encyclopedias01_0007/GEO) but MaterialBindingAPI is not applied on the prim
Warning: in BindingsAtPrim at line 671 of D:\__projects\_programming\vcpkg\buildtrees\usd\src\v25.11-c5a1a786cc.clean\pxr\usd\usdShade\materialBindingAPI.cpp -- Found material bindings on prim at path (/root/thelab01/workbench_grp/books_encyclopedias01_0007/GEO) but MaterialBindingAPI is not applied on the prim
Warning: in BindingsAtPrim at line 671 of D:\__projects\_programming\vcpkg\buildtrees\usd\src\v25.11-c5a1a786cc.clean\pxr\usd\usdShade\materialBindingAPI.cpp -- Found material bindings on prim at path (/root/thelab01/workbench_grp/books_encyclopedias01_0007/GEO) but MaterialBindingAPI is not applied on the prim
Warning: in BindingsAtPrim at line 671 of D:\__projects\_programming\vcpkg\buildtrees\usd\src\v25.11-c5a1a786cc.clean\pxr\usd\usdShade\materialBindingAPI.cpp -- Found material bindings on prim at path (/root/thelab01/workbench_grp/books_encyclopedias01_0007/GEO) but MaterialBindingAPI is not applied on the prim
Warning: in BindingsAtPrim at line 671 of D:\__projects\_programming\vcpkg\buildtrees\usd\src\v25.11-c5a1a786cc.clean\pxr\usd\usdShade\materialBindingAPI.cpp -- Found material bindings on prim at path (/root/thelab01/workbench_grp/books_encyclopedias01_0007/GEO) but MaterialBindingAPI is not applied on the prim
Warning: in BindingsAtPrim at line 671 of D:\__projects\_programming\vcpkg\buildtrees\usd\src\v25.11-c5a1a786cc.clean\pxr\usd\usdShade\materialBindingAPI.cpp -- Found material bindings on prim at path (/root/thelab01/workbench_grp/books_encyclopedias01_0007/GEO) but MaterialBindingAPI is not applied on the prim
Warning: in BindingsAtPrim at line 671 of D:\__projects\_programming\vcpkg\buildtrees\usd\src\v25.11-c5a1a786cc.clean\pxr\usd\usdShade\materialBindingAPI.cpp -- Found material bindings on prim at path (/root/thelab01/workbench_grp/books_encyclopedias01_0007/GEO) but MaterialBindingAPI is not applied on the prim
Warning: in BindingsAtPrim at line 671 of D:\__projects\_programming\vcpkg\buildtrees\usd\src\v25.11-c5a1a786cc.clean\pxr\usd\usdShade\materialBindingAPI.cpp -- Found material bindings on prim at path (/root/thelab01/workbench_grp/books_encyclopedias01_0007/GEO) but MaterialBindingAPI is not applied on the prim
Warning: in BindingsAtPrim at line 671 of D:\__projects\_programming\vcpkg\buildtrees\usd\src\v25.11-c5a1a786cc.clean\pxr\usd\usdShade\materialBindingAPI.cpp -- Found material bindings on prim at path (/root/thelab01/workbench_grp/books_encyclopedias01_0007/GEO) but MaterialBindingAPI is not applied on the prim
Warning: in BindingsAtPrim at line 671 of D:\__projects\_programming\vcpkg\buildtrees\usd\src\v25.11-c5a1a786cc.clean\pxr\usd\usdShade\materialBindingAPI.cpp -- Found material bindings on prim at path (/root/thelab01/workbench_grp/books_encyclopedias01_0007/GEO) but MaterialBindingAPI is not applied on the prim
Warning: in BindingsAtPrim at line 671 of D:\__projects\_programming\vcpkg\buildtrees\usd\src\v25.11-c5a1a786cc.clean\pxr\usd\usdShade\materialBindingAPI.cpp -- Found material bindings on prim at path (/root/thelab01/workbench_grp/books_encyclopedias01_0007/GEO) but MaterialBindingAPI is not applied on the prim
Warning: in BindingsAtPrim at line 671 of D:\__projects\_programming\vcpkg\buildtrees\usd\src\v25.11-c5a1a786cc.clean\pxr\usd\usdShade\materialBindingAPI.cpp -- Found material bindings on prim at path (/root/thelab01/workbench_grp/electronics_wire_spool01_0006/GEO) but MaterialBindingAPI is not applied on the prim
Warning: in BindingsAtPrim at line 671 of D:\__projects\_programming\vcpkg\buildtrees\usd\src\v25.11-c5a1a786cc.clean\pxr\usd\usdShade\materialBindingAPI.cpp -- Found material bindings on prim at path (/root/thelab01/workbench_grp/electronics_wire_spool01_0006/GEO) but MaterialBindingAPI is not applied on the prim
Warning: in BindingsAtPrim at line 671 of D:\__projects\_programming\vcpkg\buildtrees\usd\src\v25.11-c5a1a786cc.clean\pxr\usd\usdShade\materialBindingAPI.cpp -- Found material bindings on prim at path (/root/thelab01/workbench_grp/electronics_wire_spool01_0006/GEO) but MaterialBindingAPI is not applied on the prim
Warning: in BindingsAtPrim at line 671 of D:\__projects\_programming\vcpkg\buildtrees\usd\src\v25.11-c5a1a786cc.clean\pxr\usd\usdShade\materialBindingAPI.cpp -- Found material bindings on prim at path (/root/thelab01/workbench_grp/stationary_paper02_0002/GEO) but MaterialBindingAPI is not applied on the prim
Warning: in BindingsAtPrim at line 671 of D:\__projects\_programming\vcpkg\buildtrees\usd\src\v25.11-c5a1a786cc.clean\pxr\usd\usdShade\materialBindingAPI.cpp -- Found material bindings on prim at path (/root/thelab01/workbench_grp/chemistry_magnetic_stirrer01_0001/GEO) but MaterialBindingAPI is not applied on the prim
Warning: in BindingsAtPrim at line 671 of D:\__projects\_programming\vcpkg\buildtrees\usd\src\v25.11-c5a1a786cc.clean\pxr\usd\usdShade\materialBindingAPI.cpp -- Found material bindings on prim at path (/root/thelab01/workbench_grp/chemistry_magnetic_stirrer01_0001/GEO) but MaterialBindingAPI is not applied on the prim
Warning: in BindingsAtPrim at line 671 of D:\__projects\_programming\vcpkg\buildtrees\usd\src\v25.11-c5a1a786cc.clean\pxr\usd\usdShade\materialBindingAPI.cpp -- Found material bindings on prim at path (/root/thelab01/workbench_grp/chemistry_magnetic_stirrer01_0001/GEO) but MaterialBindingAPI is not applied on the prim
Warning: in BindingsAtPrim at line 671 of D:\__projects\_programming\vcpkg\buildtrees\usd\src\v25.11-c5a1a786cc.clean\pxr\usd\usdShade\materialBindingAPI.cpp -- Found material bindings on prim at path (/root/thelab01/workbench_grp/chemistry_magnetic_stirrer01_0001/GEO) but MaterialBindingAPI is not applied on the prim
Warning: in BindingsAtPrim at line 671 of D:\__projects\_programming\vcpkg\buildtrees\usd\src\v25.11-c5a1a786cc.clean\pxr\usd\usdShade\materialBindingAPI.cpp -- Found material bindings on prim at path (/root/thelab01/workbench_grp/chemistry_magnetic_stirrer01_0001/GEO) but MaterialBindingAPI is not applied on the prim
Warning: in BindingsAtPrim at line 671 of D:\__projects\_programming\vcpkg\buildtrees\usd\src\v25.11-c5a1a786cc.clean\pxr\usd\usdShade\materialBindingAPI.cpp -- Found material bindings on prim at path (/root/thelab01/workbench_grp/chemistry_magnetic_stirrer01_0001/GEO) but MaterialBindingAPI is not applied on the prim
Warning: in BindingsAtPrim at line 671 of D:\__projects\_programming\vcpkg\buildtrees\usd\src\v25.11-c5a1a786cc.clean\pxr\usd\usdShade\materialBindingAPI.cpp -- Found material bindings on prim at path (/root/thelab01/workbench_grp/chemistry_magnetic_stirrer01_0001/GEO) but MaterialBindingAPI is not applied on the prim
Warning: in BindingsAtPrim at line 671 of D:\__projects\_programming\vcpkg\buildtrees\usd\src\v25.11-c5a1a786cc.clean\pxr\usd\usdShade\materialBindingAPI.cpp -- Found material bindings on prim at path (/root/thelab01/workbench_grp/chemistry_magnetic_stirrer01_0001/GEO) but MaterialBindingAPI is not applied on the prim
Warning: in BindingsAtPrim at line 671 of D:\__projects\_programming\vcpkg\buildtrees\usd\src\v25.11-c5a1a786cc.clean\pxr\usd\usdShade\materialBindingAPI.cpp -- Found material bindings on prim at path (/root/thelab01/workbench_grp/chemistry_magnetic_stirrer01_0001/GEO) but MaterialBindingAPI is not applied on the prim
Warning: in BindingsAtPrim at line 671 of D:\__projects\_programming\vcpkg\buildtrees\usd\src\v25.11-c5a1a786cc.clean\pxr\usd\usdShade\materialBindingAPI.cpp -- Found material bindings on prim at path (/root/thelab01/workbench_grp/chemistry_magnetic_stirrer01_0001/GEO) but MaterialBindingAPI is not applied on the prim
Warning: in BindingsAtPrim at line 671 of D:\__projects\_programming\vcpkg\buildtrees\usd\src\v25.11-c5a1a786cc.clean\pxr\usd\usdShade\materialBindingAPI.cpp -- Found material bindings on prim at path (/root/thelab01/workbench_grp/chemistry_magnetic_stirrer01_0001/GEO) but MaterialBindingAPI is not applied on the prim
Warning: in BindingsAtPrim at line 671 of D:\__projects\_programming\vcpkg\buildtrees\usd\src\v25.11-c5a1a786cc.clean\pxr\usd\usdShade\materialBindingAPI.cpp -- Found material bindings on prim at path (/root/thelab01/workbench_grp/chemistry_magnetic_stirrer01_0001/GEO) but MaterialBindingAPI is not applied on the prim
Warning: in BindingsAtPrim at line 671 of D:\__projects\_programming\vcpkg\buildtrees\usd\src\v25.11-c5a1a786cc.clean\pxr\usd\usdShade\materialBindingAPI.cpp -- Found material bindings on prim at path (/root/thelab01/workbench_grp/chemistry_magnetic_stirrer01_0001/GEO) but MaterialBindingAPI is not applied on the prim
Warning: in BindingsAtPrim at line 671 of D:\__projects\_programming\vcpkg\buildtrees\usd\src\v25.11-c5a1a786cc.clean\pxr\usd\usdShade\materialBindingAPI.cpp -- Found material bindings on prim at path (/root/thelab01/workbench_grp/chemistry_magnetic_stirrer01_0001/GEO) but MaterialBindingAPI is not applied on the prim
Warning: in BindingsAtPrim at line 671 of D:\__projects\_programming\vcpkg\buildtrees\usd\src\v25.11-c5a1a786cc.clean\pxr\usd\usdShade\materialBindingAPI.cpp -- Found material bindings on prim at path (/root/thelab01/workbench_grp/chemistry_magnetic_stirrer01_0001/GEO) but MaterialBindingAPI is not applied on the prim
Warning: in BindingsAtPrim at line 671 of D:\__projects\_programming\vcpkg\buildtrees\usd\src\v25.11-c5a1a786cc.clean\pxr\usd\usdShade\materialBindingAPI.cpp -- Found material bindings on prim at path (/root/thelab01/workbench_grp/chemistry_magnetic_stirrer01_0001/GEO) but MaterialBindingAPI is not applied on the prim
Warning: in BindingsAtPrim at line 671 of D:\__projects\_programming\vcpkg\buildtrees\usd\src\v25.11-c5a1a786cc.clean\pxr\usd\usdShade\materialBindingAPI.cpp -- Found material bindings on prim at path (/root/thelab01/workbench_grp/chemistry_magnetic_stirrer01_0001/GEO) but MaterialBindingAPI is not applied on the prim
Warning: in BindingsAtPrim at line 671 of D:\__projects\_programming\vcpkg\buildtrees\usd\src\v25.11-c5a1a786cc.clean\pxr\usd\usdShade\materialBindingAPI.cpp -- Found material bindings on prim at path (/root/thelab01/workbench_grp/chemistry_magnetic_stirrer01_0001/GEO) but MaterialBindingAPI is not applied on the prim
Warning: in BindingsAtPrim at line 671 of D:\__projects\_programming\vcpkg\buildtrees\usd\src\v25.11-c5a1a786cc.clean\pxr\usd\usdShade\materialBindingAPI.cpp -- Found material bindings on prim at path (/root/thelab01/workbench_grp/chemistry_magnetic_stirrer01_0001/GEO) but MaterialBindingAPI is not applied on the prim
Warning: in BindingsAtPrim at line 671 of D:\__projects\_programming\vcpkg\buildtrees\usd\src\v25.11-c5a1a786cc.clean\pxr\usd\usdShade\materialBindingAPI.cpp -- Found material bindings on prim at path (/root/thelab01/workbench_grp/chemistry_magnetic_stirrer01_0001/GEO) but MaterialBindingAPI is not applied on the prim
Warning: in BindingsAtPrim at line 671 of D:\__projects\_programming\vcpkg\buildtrees\usd\src\v25.11-c5a1a786cc.clean\pxr\usd\usdShade\materialBindingAPI.cpp -- Found material bindings on prim at path (/root/thelab01/workbench_grp/chemistry_test_tube01_0001/GEO) but MaterialBindingAPI is not applied on the prim
Warning: in BindingsAtPrim at line 671 of D:\__projects\_programming\vcpkg\buildtrees\usd\src\v25.11-c5a1a786cc.clean\pxr\usd\usdShade\materialBindingAPI.cpp -- Found material bindings on prim at path (/root/thelab01/workbench_grp/chemistry_test_tube01_0001/GEO) but MaterialBindingAPI is not applied on the prim
Warning: in BindingsAtPrim at line 671 of D:\__projects\_programming\vcpkg\buildtrees\usd\src\v25.11-c5a1a786cc.clean\pxr\usd\usdShade\materialBindingAPI.cpp -- Found material bindings on prim at path (/root/thelab01/workbench_grp/chemistry_test_tube02_0001/GEO) but MaterialBindingAPI is not applied on the prim
Warning: in BindingsAtPrim at line 671 of D:\__projects\_programming\vcpkg\buildtrees\usd\src\v25.11-c5a1a786cc.clean\pxr\usd\usdShade\materialBindingAPI.cpp -- Found material bindings on prim at path (/root/thelab01/workbench_grp/chemistry_test_tube02_0001/GEO) but MaterialBindingAPI is not applied on the prim
Warning: in BindingsAtPrim at line 671 of D:\__projects\_programming\vcpkg\buildtrees\usd\src\v25.11-c5a1a786cc.clean\pxr\usd\usdShade\materialBindingAPI.cpp -- Found material bindings on prim at path (/root/thelab01/workbench_grp/chemistry_test_tube03_0001/GEO) but MaterialBindingAPI is not applied on the prim
Warning: in BindingsAtPrim at line 671 of D:\__projects\_programming\vcpkg\buildtrees\usd\src\v25.11-c5a1a786cc.clean\pxr\usd\usdShade\materialBindingAPI.cpp -- Found material bindings on prim at path (/root/thelab01/workbench_grp/chemistry_test_tube03_0001/GEO) but MaterialBindingAPI is not applied on the prim
Warning: in BindingsAtPrim at line 671 of D:\__projects\_programming\vcpkg\buildtrees\usd\src\v25.11-c5a1a786cc.clean\pxr\usd\usdShade\materialBindingAPI.cpp -- Found material bindings on prim at path (/root/thelab01/workbench_grp/chemistry_test_tube03_0002/GEO) but MaterialBindingAPI is not applied on the prim
Warning: in BindingsAtPrim at line 671 of D:\__projects\_programming\vcpkg\buildtrees\usd\src\v25.11-c5a1a786cc.clean\pxr\usd\usdShade\materialBindingAPI.cpp -- Found material bindings on prim at path (/root/thelab01/workbench_grp/chemistry_test_tube03_0002/GEO) but MaterialBindingAPI is not applied on the prim
Warning: in BindingsAtPrim at line 671 of D:\__projects\_programming\vcpkg\buildtrees\usd\src\v25.11-c5a1a786cc.clean\pxr\usd\usdShade\materialBindingAPI.cpp -- Found material bindings on prim at path (/root/thelab01/workbench_grp/chemistry_test_tube02_0002/GEO) but MaterialBindingAPI is not applied on the prim
Warning: in BindingsAtPrim at line 671 of D:\__projects\_programming\vcpkg\buildtrees\usd\src\v25.11-c5a1a786cc.clean\pxr\usd\usdShade\materialBindingAPI.cpp -- Found material bindings on prim at path (/root/thelab01/workbench_grp/chemistry_test_tube02_0002/GEO) but MaterialBindingAPI is not applied on the prim
Warning: in BindingsAtPrim at line 671 of D:\__projects\_programming\vcpkg\buildtrees\usd\src\v25.11-c5a1a786cc.clean\pxr\usd\usdShade\materialBindingAPI.cpp -- Found material bindings on prim at path (/root/thelab01/workbench_grp/chemistry_test_tube01_0002/GEO) but MaterialBindingAPI is not applied on the prim
Warning: in BindingsAtPrim at line 671 of D:\__projects\_programming\vcpkg\buildtrees\usd\src\v25.11-c5a1a786cc.clean\pxr\usd\usdShade\materialBindingAPI.cpp -- Found material bindings on prim at path (/root/thelab01/workbench_grp/chemistry_test_tube01_0002/GEO) but MaterialBindingAPI is not applied on the prim
Warning: in BindingsAtPrim at line 671 of D:\__projects\_programming\vcpkg\buildtrees\usd\src\v25.11-c5a1a786cc.clean\pxr\usd\usdShade\materialBindingAPI.cpp -- Found material bindings on prim at path (/root/thelab01/workbench_grp/chemistry_test_tube03_0003/GEO) but MaterialBindingAPI is not applied on the prim
Warning: in BindingsAtPrim at line 671 of D:\__projects\_programming\vcpkg\buildtrees\usd\src\v25.11-c5a1a786cc.clean\pxr\usd\usdShade\materialBindingAPI.cpp -- Found material bindings on prim at path (/root/thelab01/workbench_grp/chemistry_test_tube03_0003/GEO) but MaterialBindingAPI is not applied on the prim
Warning: in BindingsAtPrim at line 671 of D:\__projects\_programming\vcpkg\buildtrees\usd\src\v25.11-c5a1a786cc.clean\pxr\usd\usdShade\materialBindingAPI.cpp -- Found material bindings on prim at path (/root/thelab01/workbench_grp/electronics_spoolrack_0001/GEO) but MaterialBindingAPI is not applied on the prim
Warning: in BindingsAtPrim at line 671 of D:\__projects\_programming\vcpkg\buildtrees\usd\src\v25.11-c5a1a786cc.clean\pxr\usd\usdShade\materialBindingAPI.cpp -- Found material bindings on prim at path (/root/thelab01/workbench_grp/electronics_spoolrack_0001/GEO) but MaterialBindingAPI is not applied on the prim
Warning: in BindingsAtPrim at line 671 of D:\__projects\_programming\vcpkg\buildtrees\usd\src\v25.11-c5a1a786cc.clean\pxr\usd\usdShade\materialBindingAPI.cpp -- Found material bindings on prim at path (/root/thelab01/workbench_grp/electronics_spoolrack_0001/GEO) but MaterialBindingAPI is not applied on the prim
Warning: in BindingsAtPrim at line 671 of D:\__projects\_programming\vcpkg\buildtrees\usd\src\v25.11-c5a1a786cc.clean\pxr\usd\usdShade\materialBindingAPI.cpp -- Found material bindings on prim at path (/root/thelab01/workbench_grp/chemistry_beaker_rack01_0002/GEO) but MaterialBindingAPI is not applied on the prim
Warning: in BindingsAtPrim at line 671 of D:\__projects\_programming\vcpkg\buildtrees\usd\src\v25.11-c5a1a786cc.clean\pxr\usd\usdShade\materialBindingAPI.cpp -- Found material bindings on prim at path (/root/thelab01/workbench_grp/chemistry_beaker_rack01_0002/GEO) but MaterialBindingAPI is not applied on the prim
Warning: in BindingsAtPrim at line 671 of D:\__projects\_programming\vcpkg\buildtrees\usd\src\v25.11-c5a1a786cc.clean\pxr\usd\usdShade\materialBindingAPI.cpp -- Found material bindings on prim at path (/root/thelab01/workbench_grp/chemistry_test_tube01_0003/GEO) but MaterialBindingAPI is not applied on the prim
Warning: in BindingsAtPrim at line 671 of D:\__projects\_programming\vcpkg\buildtrees\usd\src\v25.11-c5a1a786cc.clean\pxr\usd\usdShade\materialBindingAPI.cpp -- Found material bindings on prim at path (/root/thelab01/workbench_grp/chemistry_test_tube01_0003/GEO) but MaterialBindingAPI is not applied on the prim
Warning: in BindingsAtPrim at line 671 of D:\__projects\_programming\vcpkg\buildtrees\usd\src\v25.11-c5a1a786cc.clean\pxr\usd\usdShade\materialBindingAPI.cpp -- Found material bindings on prim at path (/root/thelab01/workbench_grp/chemistry_test_tube01_0004/GEO) but MaterialBindingAPI is not applied on the prim
Warning: in BindingsAtPrim at line 671 of D:\__projects\_programming\vcpkg\buildtrees\usd\src\v25.11-c5a1a786cc.clean\pxr\usd\usdShade\materialBindingAPI.cpp -- Found material bindings on prim at path (/root/thelab01/workbench_grp/chemistry_test_tube01_0004/GEO) but MaterialBindingAPI is not applied on the prim
Warning: in BindingsAtPrim at line 671 of D:\__projects\_programming\vcpkg\buildtrees\usd\src\v25.11-c5a1a786cc.clean\pxr\usd\usdShade\materialBindingAPI.cpp -- Found material bindings on prim at path (/root/thelab01/workbench_grp/chemistry_test_tube02_0004/GEO) but MaterialBindingAPI is not applied on the prim
Warning: in BindingsAtPrim at line 671 of D:\__projects\_programming\vcpkg\buildtrees\usd\src\v25.11-c5a1a786cc.clean\pxr\usd\usdShade\materialBindingAPI.cpp -- Found material bindings on prim at path (/root/thelab01/workbench_grp/chemistry_test_tube02_0004/GEO) but MaterialBindingAPI is not applied on the prim
Warning: in BindingsAtPrim at line 671 of D:\__projects\_programming\vcpkg\buildtrees\usd\src\v25.11-c5a1a786cc.clean\pxr\usd\usdShade\materialBindingAPI.cpp -- Found material bindings on prim at path (/root/thelab01/workbench_grp/chemistry_test_tube03_0004/GEO) but MaterialBindingAPI is not applied on the prim
Warning: in BindingsAtPrim at line 671 of D:\__projects\_programming\vcpkg\buildtrees\usd\src\v25.11-c5a1a786cc.clean\pxr\usd\usdShade\materialBindingAPI.cpp -- Found material bindings on prim at path (/root/thelab01/workbench_grp/chemistry_test_tube03_0004/GEO) but MaterialBindingAPI is not applied on the prim
Warning: in BindingsAtPrim at line 671 of D:\__projects\_programming\vcpkg\buildtrees\usd\src\v25.11-c5a1a786cc.clean\pxr\usd\usdShade\materialBindingAPI.cpp -- Found material bindings on prim at path (/root/thelab01/workbench_grp/chemistry_test_tube03_0005/GEO) but MaterialBindingAPI is not applied on the prim
Warning: in BindingsAtPrim at line 671 of D:\__projects\_programming\vcpkg\buildtrees\usd\src\v25.11-c5a1a786cc.clean\pxr\usd\usdShade\materialBindingAPI.cpp -- Found material bindings on prim at path (/root/thelab01/workbench_grp/chemistry_test_tube03_0005/GEO) but MaterialBindingAPI is not applied on the prim
Warning: in BindingsAtPrim at line 671 of D:\__projects\_programming\vcpkg\buildtrees\usd\src\v25.11-c5a1a786cc.clean\pxr\usd\usdShade\materialBindingAPI.cpp -- Found material bindings on prim at path (/root/thelab01/workbench_grp/chemistry_test_tube03_0006/GEO) but MaterialBindingAPI is not applied on the prim
Warning: in BindingsAtPrim at line 671 of D:\__projects\_programming\vcpkg\buildtrees\usd\src\v25.11-c5a1a786cc.clean\pxr\usd\usdShade\materialBindingAPI.cpp -- Found material bindings on prim at path (/root/thelab01/workbench_grp/chemistry_test_tube03_0006/GEO) but MaterialBindingAPI is not applied on the prim
Warning: in BindingsAtPrim at line 671 of D:\__projects\_programming\vcpkg\buildtrees\usd\src\v25.11-c5a1a786cc.clean\pxr\usd\usdShade\materialBindingAPI.cpp -- Found material bindings on prim at path (/root/thelab01/workbench_grp/chemistry_test_tube02_0005/GEO) but MaterialBindingAPI is not applied on the prim
Warning: in BindingsAtPrim at line 671 of D:\__projects\_programming\vcpkg\buildtrees\usd\src\v25.11-c5a1a786cc.clean\pxr\usd\usdShade\materialBindingAPI.cpp -- Found material bindings on prim at path (/root/thelab01/workbench_grp/chemistry_test_tube02_0005/GEO) but MaterialBindingAPI is not applied on the prim
Warning: in BindingsAtPrim at line 671 of D:\__projects\_programming\vcpkg\buildtrees\usd\src\v25.11-c5a1a786cc.clean\pxr\usd\usdShade\materialBindingAPI.cpp -- Found material bindings on prim at path (/root/thelab01/workbench_grp/chemistry_test_tube02_0006/GEO) but MaterialBindingAPI is not applied on the prim
Warning: in BindingsAtPrim at line 671 of D:\__projects\_programming\vcpkg\buildtrees\usd\src\v25.11-c5a1a786cc.clean\pxr\usd\usdShade\materialBindingAPI.cpp -- Found material bindings on prim at path (/root/thelab01/workbench_grp/chemistry_test_tube02_0006/GEO) but MaterialBindingAPI is not applied on the prim
Warning: in BindingsAtPrim at line 671 of D:\__projects\_programming\vcpkg\buildtrees\usd\src\v25.11-c5a1a786cc.clean\pxr\usd\usdShade\materialBindingAPI.cpp -- Found material bindings on prim at path (/root/thelab01/workbench_grp/chemistry_test_tube02_0007/GEO) but MaterialBindingAPI is not applied on the prim
Warning: in BindingsAtPrim at line 671 of D:\__projects\_programming\vcpkg\buildtrees\usd\src\v25.11-c5a1a786cc.clean\pxr\usd\usdShade\materialBindingAPI.cpp -- Found material bindings on prim at path (/root/thelab01/workbench_grp/chemistry_test_tube02_0007/GEO) but MaterialBindingAPI is not applied on the prim
Warning: in BindingsAtPrim at line 671 of D:\__projects\_programming\vcpkg\buildtrees\usd\src\v25.11-c5a1a786cc.clean\pxr\usd\usdShade\materialBindingAPI.cpp -- Found material bindings on prim at path (/root/thelab01/workbench_grp/chemistry_test_tube02_0008/GEO) but MaterialBindingAPI is not applied on the prim
Warning: in BindingsAtPrim at line 671 of D:\__projects\_programming\vcpkg\buildtrees\usd\src\v25.11-c5a1a786cc.clean\pxr\usd\usdShade\materialBindingAPI.cpp -- Found material bindings on prim at path (/root/thelab01/workbench_grp/chemistry_test_tube02_0008/GEO) but MaterialBindingAPI is not applied on the prim
Warning: in BindingsAtPrim at line 671 of D:\__projects\_programming\vcpkg\buildtrees\usd\src\v25.11-c5a1a786cc.clean\pxr\usd\usdShade\materialBindingAPI.cpp -- Found material bindings on prim at path (/root/thelab01/workbench_grp/chemistry_test_tube03_0007/GEO) but MaterialBindingAPI is not applied on the prim
Warning: in BindingsAtPrim at line 671 of D:\__projects\_programming\vcpkg\buildtrees\usd\src\v25.11-c5a1a786cc.clean\pxr\usd\usdShade\materialBindingAPI.cpp -- Found material bindings on prim at path (/root/thelab01/workbench_grp/chemistry_test_tube03_0007/GEO) but MaterialBindingAPI is not applied on the prim
Warning: in BindingsAtPrim at line 671 of D:\__projects\_programming\vcpkg\buildtrees\usd\src\v25.11-c5a1a786cc.clean\pxr\usd\usdShade\materialBindingAPI.cpp -- Found material bindings on prim at path (/root/thelab01/workbench_grp/chemistry_beaker_rack01_0003/GEO) but MaterialBindingAPI is not applied on the prim
Warning: in BindingsAtPrim at line 671 of D:\__projects\_programming\vcpkg\buildtrees\usd\src\v25.11-c5a1a786cc.clean\pxr\usd\usdShade\materialBindingAPI.cpp -- Found material bindings on prim at path (/root/thelab01/workbench_grp/chemistry_beaker_rack01_0003/GEO) but MaterialBindingAPI is not applied on the prim
Warning: in BindingsAtPrim at line 671 of D:\__projects\_programming\vcpkg\buildtrees\usd\src\v25.11-c5a1a786cc.clean\pxr\usd\usdShade\materialBindingAPI.cpp -- Found material bindings on prim at path (/root/thelab01/workbench_grp/chemistry_test_tube01_0005/GEO) but MaterialBindingAPI is not applied on the prim
Warning: in BindingsAtPrim at line 671 of D:\__projects\_programming\vcpkg\buildtrees\usd\src\v25.11-c5a1a786cc.clean\pxr\usd\usdShade\materialBindingAPI.cpp -- Found material bindings on prim at path (/root/thelab01/workbench_grp/chemistry_test_tube01_0005/GEO) but MaterialBindingAPI is not applied on the prim
Warning: in BindingsAtPrim at line 671 of D:\__projects\_programming\vcpkg\buildtrees\usd\src\v25.11-c5a1a786cc.clean\pxr\usd\usdShade\materialBindingAPI.cpp -- Found material bindings on prim at path (/root/thelab01/workbench_grp/chemistry_test_tube01_0006/GEO) but MaterialBindingAPI is not applied on the prim
Warning: in BindingsAtPrim at line 671 of D:\__projects\_programming\vcpkg\buildtrees\usd\src\v25.11-c5a1a786cc.clean\pxr\usd\usdShade\materialBindingAPI.cpp -- Found material bindings on prim at path (/root/thelab01/workbench_grp/chemistry_test_tube01_0006/GEO) but MaterialBindingAPI is not applied on the prim
Warning: in BindingsAtPrim at line 671 of D:\__projects\_programming\vcpkg\buildtrees\usd\src\v25.11-c5a1a786cc.clean\pxr\usd\usdShade\materialBindingAPI.cpp -- Found material bindings on prim at path (/root/thelab01/workbench_grp/chemistry_test_tube03_0008/GEO) but MaterialBindingAPI is not applied on the prim
Warning: in BindingsAtPrim at line 671 of D:\__projects\_programming\vcpkg\buildtrees\usd\src\v25.11-c5a1a786cc.clean\pxr\usd\usdShade\materialBindingAPI.cpp -- Found material bindings on prim at path (/root/thelab01/workbench_grp/chemistry_test_tube03_0008/GEO) but MaterialBindingAPI is not applied on the prim
Warning: in BindingsAtPrim at line 671 of D:\__projects\_programming\vcpkg\buildtrees\usd\src\v25.11-c5a1a786cc.clean\pxr\usd\usdShade\materialBindingAPI.cpp -- Found material bindings on prim at path (/root/thelab01/workbench_grp/chemistry_test_tube03_0009/GEO) but MaterialBindingAPI is not applied on the prim
Warning: in BindingsAtPrim at line 671 of D:\__projects\_programming\vcpkg\buildtrees\usd\src\v25.11-c5a1a786cc.clean\pxr\usd\usdShade\materialBindingAPI.cpp -- Found material bindings on prim at path (/root/thelab01/workbench_grp/chemistry_test_tube03_0009/GEO) but MaterialBindingAPI is not applied on the prim
Warning: in BindingsAtPrim at line 671 of D:\__projects\_programming\vcpkg\buildtrees\usd\src\v25.11-c5a1a786cc.clean\pxr\usd\usdShade\materialBindingAPI.cpp -- Found material bindings on prim at path (/root/thelab01/workbench_grp/chemistry_beaker_rack01_0004/GEO) but MaterialBindingAPI is not applied on the prim
Warning: in BindingsAtPrim at line 671 of D:\__projects\_programming\vcpkg\buildtrees\usd\src\v25.11-c5a1a786cc.clean\pxr\usd\usdShade\materialBindingAPI.cpp -- Found material bindings on prim at path (/root/thelab01/workbench_grp/chemistry_beaker_rack01_0004/GEO) but MaterialBindingAPI is not applied on the prim
Warning: in BindingsAtPrim at line 671 of D:\__projects\_programming\vcpkg\buildtrees\usd\src\v25.11-c5a1a786cc.clean\pxr\usd\usdShade\materialBindingAPI.cpp -- Found material bindings on prim at path (/root/thelab01/workbench_grp/chemistry_test_tube01_0007/GEO) but MaterialBindingAPI is not applied on the prim
Warning: in BindingsAtPrim at line 671 of D:\__projects\_programming\vcpkg\buildtrees\usd\src\v25.11-c5a1a786cc.clean\pxr\usd\usdShade\materialBindingAPI.cpp -- Found material bindings on prim at path (/root/thelab01/workbench_grp/chemistry_test_tube01_0007/GEO) but MaterialBindingAPI is not applied on the prim
Warning: in BindingsAtPrim at line 671 of D:\__projects\_programming\vcpkg\buildtrees\usd\src\v25.11-c5a1a786cc.clean\pxr\usd\usdShade\materialBindingAPI.cpp -- Found material bindings on prim at path (/root/thelab01/workbench_grp/chemistry_test_tube01_0008/GEO) but MaterialBindingAPI is not applied on the prim
Warning: in BindingsAtPrim at line 671 of D:\__projects\_programming\vcpkg\buildtrees\usd\src\v25.11-c5a1a786cc.clean\pxr\usd\usdShade\materialBindingAPI.cpp -- Found material bindings on prim at path (/root/thelab01/workbench_grp/chemistry_test_tube01_0008/GEO) but MaterialBindingAPI is not applied on the prim
Warning: in BindingsAtPrim at line 671 of D:\__projects\_programming\vcpkg\buildtrees\usd\src\v25.11-c5a1a786cc.clean\pxr\usd\usdShade\materialBindingAPI.cpp -- Found material bindings on prim at path (/root/thelab01/workbench_grp/chemistry_test_tube02_0009/GEO) but MaterialBindingAPI is not applied on the prim
Warning: in BindingsAtPrim at line 671 of D:\__projects\_programming\vcpkg\buildtrees\usd\src\v25.11-c5a1a786cc.clean\pxr\usd\usdShade\materialBindingAPI.cpp -- Found material bindings on prim at path (/root/thelab01/workbench_grp/chemistry_test_tube02_0009/GEO) but MaterialBindingAPI is not applied on the prim
Warning: in BindingsAtPrim at line 671 of D:\__projects\_programming\vcpkg\buildtrees\usd\src\v25.11-c5a1a786cc.clean\pxr\usd\usdShade\materialBindingAPI.cpp -- Found material bindings on prim at path (/root/thelab01/workbench_grp/chemistry_test_tube02_0010/GEO) but MaterialBindingAPI is not applied on the prim
Warning: in BindingsAtPrim at line 671 of D:\__projects\_programming\vcpkg\buildtrees\usd\src\v25.11-c5a1a786cc.clean\pxr\usd\usdShade\materialBindingAPI.cpp -- Found material bindings on prim at path (/root/thelab01/workbench_grp/chemistry_test_tube02_0010/GEO) but MaterialBindingAPI is not applied on the prim
Warning: in BindingsAtPrim at line 671 of D:\__projects\_programming\vcpkg\buildtrees\usd\src\v25.11-c5a1a786cc.clean\pxr\usd\usdShade\materialBindingAPI.cpp -- Found material bindings on prim at path (/root/thelab01/workbench_grp/chemistry_test_tube03_0010/GEO) but MaterialBindingAPI is not applied on the prim
Warning: in BindingsAtPrim at line 671 of D:\__projects\_programming\vcpkg\buildtrees\usd\src\v25.11-c5a1a786cc.clean\pxr\usd\usdShade\materialBindingAPI.cpp -- Found material bindings on prim at path (/root/thelab01/workbench_grp/chemistry_test_tube03_0010/GEO) but MaterialBindingAPI is not applied on the prim
Warning: in BindingsAtPrim at line 671 of D:\__projects\_programming\vcpkg\buildtrees\usd\src\v25.11-c5a1a786cc.clean\pxr\usd\usdShade\materialBindingAPI.cpp -- Found material bindings on prim at path (/root/thelab01/workbench_grp/chemistry_test_tube03_0011/GEO) but MaterialBindingAPI is not applied on the prim
Warning: in BindingsAtPrim at line 671 of D:\__projects\_programming\vcpkg\buildtrees\usd\src\v25.11-c5a1a786cc.clean\pxr\usd\usdShade\materialBindingAPI.cpp -- Found material bindings on prim at path (/root/thelab01/workbench_grp/chemistry_test_tube03_0011/GEO) but MaterialBindingAPI is not applied on the prim
Warning: in BindingsAtPrim at line 671 of D:\__projects\_programming\vcpkg\buildtrees\usd\src\v25.11-c5a1a786cc.clean\pxr\usd\usdShade\materialBindingAPI.cpp -- Found material bindings on prim at path (/root/thelab01/workbench_grp/chemistry_test_tube03_0012/GEO) but MaterialBindingAPI is not applied on the prim
Warning: in BindingsAtPrim at line 671 of D:\__projects\_programming\vcpkg\buildtrees\usd\src\v25.11-c5a1a786cc.clean\pxr\usd\usdShade\materialBindingAPI.cpp -- Found material bindings on prim at path (/root/thelab01/workbench_grp/chemistry_test_tube03_0012/GEO) but MaterialBindingAPI is not applied on the prim
Warning: in BindingsAtPrim at line 671 of D:\__projects\_programming\vcpkg\buildtrees\usd\src\v25.11-c5a1a786cc.clean\pxr\usd\usdShade\materialBindingAPI.cpp -- Found material bindings on prim at path (/root/thelab01/workbench_grp/books_encyclopedias01_0008/GEO) but MaterialBindingAPI is not applied on the prim
Warning: in BindingsAtPrim at line 671 of D:\__projects\_programming\vcpkg\buildtrees\usd\src\v25.11-c5a1a786cc.clean\pxr\usd\usdShade\materialBindingAPI.cpp -- Found material bindings on prim at path (/root/thelab01/workbench_grp/books_encyclopedias01_0008/GEO) but MaterialBindingAPI is not applied on the prim
Warning: in BindingsAtPrim at line 671 of D:\__projects\_programming\vcpkg\buildtrees\usd\src\v25.11-c5a1a786cc.clean\pxr\usd\usdShade\materialBindingAPI.cpp -- Found material bindings on prim at path (/root/thelab01/workbench_grp/books_encyclopedias01_0008/GEO) but MaterialBindingAPI is not applied on the prim
Warning: in BindingsAtPrim at line 671 of D:\__projects\_programming\vcpkg\buildtrees\usd\src\v25.11-c5a1a786cc.clean\pxr\usd\usdShade\materialBindingAPI.cpp -- Found material bindings on prim at path (/root/thelab01/workbench_grp/books_encyclopedias01_0008/GEO) but MaterialBindingAPI is not applied on the prim
Warning: in BindingsAtPrim at line 671 of D:\__projects\_programming\vcpkg\buildtrees\usd\src\v25.11-c5a1a786cc.clean\pxr\usd\usdShade\materialBindingAPI.cpp -- Found material bindings on prim at path (/root/thelab01/workbench_grp/books_encyclopedias01_0008/GEO) but MaterialBindingAPI is not applied on the prim
Warning: in BindingsAtPrim at line 671 of D:\__projects\_programming\vcpkg\buildtrees\usd\src\v25.11-c5a1a786cc.clean\pxr\usd\usdShade\materialBindingAPI.cpp -- Found material bindings on prim at path (/root/thelab01/workbench_grp/books_encyclopedias01_0008/GEO) but MaterialBindingAPI is not applied on the prim
Warning: in BindingsAtPrim at line 671 of D:\__projects\_programming\vcpkg\buildtrees\usd\src\v25.11-c5a1a786cc.clean\pxr\usd\usdShade\materialBindingAPI.cpp -- Found material bindings on prim at path (/root/thelab01/workbench_grp/books_encyclopedias01_0008/GEO) but MaterialBindingAPI is not applied on the prim
Warning: in BindingsAtPrim at line 671 of D:\__projects\_programming\vcpkg\buildtrees\usd\src\v25.11-c5a1a786cc.clean\pxr\usd\usdShade\materialBindingAPI.cpp -- Found material bindings on prim at path (/root/thelab01/workbench_grp/books_encyclopedias01_0008/GEO) but MaterialBindingAPI is not applied on the prim
Warning: in BindingsAtPrim at line 671 of D:\__projects\_programming\vcpkg\buildtrees\usd\src\v25.11-c5a1a786cc.clean\pxr\usd\usdShade\materialBindingAPI.cpp -- Found material bindings on prim at path (/root/thelab01/workbench_grp/books_encyclopedias01_0008/GEO) but MaterialBindingAPI is not applied on the prim
Warning: in BindingsAtPrim at line 671 of D:\__projects\_programming\vcpkg\buildtrees\usd\src\v25.11-c5a1a786cc.clean\pxr\usd\usdShade\materialBindingAPI.cpp -- Found material bindings on prim at path (/root/thelab01/workbench_grp/books_encyclopedias01_0008/GEO) but MaterialBindingAPI is not applied on the prim
Warning: in BindingsAtPrim at line 671 of D:\__projects\_programming\vcpkg\buildtrees\usd\src\v25.11-c5a1a786cc.clean\pxr\usd\usdShade\materialBindingAPI.cpp -- Found material bindings on prim at path (/root/thelab01/workbench_grp/books_encyclopedias01_0008/GEO) but MaterialBindingAPI is not applied on the prim
Warning: in BindingsAtPrim at line 671 of D:\__projects\_programming\vcpkg\buildtrees\usd\src\v25.11-c5a1a786cc.clean\pxr\usd\usdShade\materialBindingAPI.cpp -- Found material bindings on prim at path (/root/thelab01/workbench_grp/books_encyclopedias01_0008/GEO) but MaterialBindingAPI is not applied on the prim
Warning: in BindingsAtPrim at line 671 of D:\__projects\_programming\vcpkg\buildtrees\usd\src\v25.11-c5a1a786cc.clean\pxr\usd\usdShade\materialBindingAPI.cpp -- Found material bindings on prim at path (/root/thelab01/workbench_grp/books_encyclopedias01_0008/GEO) but MaterialBindingAPI is not applied on the prim
Warning: in BindingsAtPrim at line 671 of D:\__projects\_programming\vcpkg\buildtrees\usd\src\v25.11-c5a1a786cc.clean\pxr\usd\usdShade\materialBindingAPI.cpp -- Found material bindings on prim at path (/root/thelab01/workbench_grp/books_encyclopedias01_0008/GEO) but MaterialBindingAPI is not applied on the prim
Warning: in BindingsAtPrim at line 671 of D:\__projects\_programming\vcpkg\buildtrees\usd\src\v25.11-c5a1a786cc.clean\pxr\usd\usdShade\materialBindingAPI.cpp -- Found material bindings on prim at path (/root/thelab01/workbench_grp/books_encyclopedias01_0008/GEO) but MaterialBindingAPI is not applied on the prim
Warning: in BindingsAtPrim at line 671 of D:\__projects\_programming\vcpkg\buildtrees\usd\src\v25.11-c5a1a786cc.clean\pxr\usd\usdShade\materialBindingAPI.cpp -- Found material bindings on prim at path (/root/thelab01/workbench_grp/books_encyclopedias01_0008/GEO) but MaterialBindingAPI is not applied on the prim
Warning: in BindingsAtPrim at line 671 of D:\__projects\_programming\vcpkg\buildtrees\usd\src\v25.11-c5a1a786cc.clean\pxr\usd\usdShade\materialBindingAPI.cpp -- Found material bindings on prim at path (/root/thelab01/workbench_grp/books_encyclopedias01_0008/GEO) but MaterialBindingAPI is not applied on the prim
Warning: in BindingsAtPrim at line 671 of D:\__projects\_programming\vcpkg\buildtrees\usd\src\v25.11-c5a1a786cc.clean\pxr\usd\usdShade\materialBindingAPI.cpp -- Found material bindings on prim at path (/root/thelab01/workbench_grp/books_encyclopedias01_0008/GEO) but MaterialBindingAPI is not applied on the prim
Warning: in BindingsAtPrim at line 671 of D:\__projects\_programming\vcpkg\buildtrees\usd\src\v25.11-c5a1a786cc.clean\pxr\usd\usdShade\materialBindingAPI.cpp -- Found material bindings on prim at path (/root/thelab01/workbench_grp/toy_box02_0002/GEO) but MaterialBindingAPI is not applied on the prim
Warning: in BindingsAtPrim at line 671 of D:\__projects\_programming\vcpkg\buildtrees\usd\src\v25.11-c5a1a786cc.clean\pxr\usd\usdShade\materialBindingAPI.cpp -- Found material bindings on prim at path (/root/thelab01/workbench_grp/toy_box02_0002/GEO) but MaterialBindingAPI is not applied on the prim
Warning: in BindingsAtPrim at line 671 of D:\__projects\_programming\vcpkg\buildtrees\usd\src\v25.11-c5a1a786cc.clean\pxr\usd\usdShade\materialBindingAPI.cpp -- Found material bindings on prim at path (/root/thelab01/workbench_grp/toy_box02_0003/GEO) but MaterialBindingAPI is not applied on the prim
Warning: in BindingsAtPrim at line 671 of D:\__projects\_programming\vcpkg\buildtrees\usd\src\v25.11-c5a1a786cc.clean\pxr\usd\usdShade\materialBindingAPI.cpp -- Found material bindings on prim at path (/root/thelab01/workbench_grp/toy_box02_0003/GEO) but MaterialBindingAPI is not applied on the prim
Warning: in BindingsAtPrim at line 671 of D:\__projects\_programming\vcpkg\buildtrees\usd\src\v25.11-c5a1a786cc.clean\pxr\usd\usdShade\materialBindingAPI.cpp -- Found material bindings on prim at path (/root/thelab01/workbench_grp/toy_box03_0003/GEO) but MaterialBindingAPI is not applied on the prim
Warning: in BindingsAtPrim at line 671 of D:\__projects\_programming\vcpkg\buildtrees\usd\src\v25.11-c5a1a786cc.clean\pxr\usd\usdShade\materialBindingAPI.cpp -- Found material bindings on prim at path (/root/thelab01/workbench_grp/toy_box03_0003/GEO) but MaterialBindingAPI is not applied on the prim
Warning: in BindingsAtPrim at line 671 of D:\__projects\_programming\vcpkg\buildtrees\usd\src\v25.11-c5a1a786cc.clean\pxr\usd\usdShade\materialBindingAPI.cpp -- Found material bindings on prim at path (/root/thelab01/workbench_grp/toy_box03_0003/GEO) but MaterialBindingAPI is not applied on the prim
Warning: in BindingsAtPrim at line 671 of D:\__projects\_programming\vcpkg\buildtrees\usd\src\v25.11-c5a1a786cc.clean\pxr\usd\usdShade\materialBindingAPI.cpp -- Found material bindings on prim at path (/root/thelab01/workbench_grp/books_magazines01_0002/GEO) but MaterialBindingAPI is not applied on the prim
Warning: in BindingsAtPrim at line 671 of D:\__projects\_programming\vcpkg\buildtrees\usd\src\v25.11-c5a1a786cc.clean\pxr\usd\usdShade\materialBindingAPI.cpp -- Found material bindings on prim at path (/root/thelab01/workbench_grp/books_magazines01_0002/GEO) but MaterialBindingAPI is not applied on the prim
Warning: in BindingsAtPrim at line 671 of D:\__projects\_programming\vcpkg\buildtrees\usd\src\v25.11-c5a1a786cc.clean\pxr\usd\usdShade\materialBindingAPI.cpp -- Found material bindings on prim at path (/root/thelab01/workbench_grp/books_magazines01_0002/GEO) but MaterialBindingAPI is not applied on the prim
Warning: in BindingsAtPrim at line 671 of D:\__projects\_programming\vcpkg\buildtrees\usd\src\v25.11-c5a1a786cc.clean\pxr\usd\usdShade\materialBindingAPI.cpp -- Found material bindings on prim at path (/root/thelab01/workbench_grp/books_magazines01_0002/GEO) but MaterialBindingAPI is not applied on the prim
Warning: in BindingsAtPrim at line 671 of D:\__projects\_programming\vcpkg\buildtrees\usd\src\v25.11-c5a1a786cc.clean\pxr\usd\usdShade\materialBindingAPI.cpp -- Found material bindings on prim at path (/root/thelab01/workbench_grp/books_magazines01_0002/GEO) but MaterialBindingAPI is not applied on the prim
Warning: in BindingsAtPrim at line 671 of D:\__projects\_programming\vcpkg\buildtrees\usd\src\v25.11-c5a1a786cc.clean\pxr\usd\usdShade\materialBindingAPI.cpp -- Found material bindings on prim at path (/root/thelab01/workbench_grp/books_magazines01_0002/GEO) but MaterialBindingAPI is not applied on the prim
Warning: in BindingsAtPrim at line 671 of D:\__projects\_programming\vcpkg\buildtrees\usd\src\v25.11-c5a1a786cc.clean\pxr\usd\usdShade\materialBindingAPI.cpp -- Found material bindings on prim at path (/root/thelab01/workbench_grp/books_magazines01_0002/GEO) but MaterialBindingAPI is not applied on the prim
Warning: in BindingsAtPrim at line 671 of D:\__projects\_programming\vcpkg\buildtrees\usd\src\v25.11-c5a1a786cc.clean\pxr\usd\usdShade\materialBindingAPI.cpp -- Found material bindings on prim at path (/root/thelab01/workbench_grp/books_magazines01_0002/GEO) but MaterialBindingAPI is not applied on the prim
Warning: in BindingsAtPrim at line 671 of D:\__projects\_programming\vcpkg\buildtrees\usd\src\v25.11-c5a1a786cc.clean\pxr\usd\usdShade\materialBindingAPI.cpp -- Found material bindings on prim at path (/root/thelab01/workbench_grp/books_magazines01_0002/GEO) but MaterialBindingAPI is not applied on the prim
Warning: in BindingsAtPrim at line 671 of D:\__projects\_programming\vcpkg\buildtrees\usd\src\v25.11-c5a1a786cc.clean\pxr\usd\usdShade\materialBindingAPI.cpp -- Found material bindings on prim at path (/root/thelab01/workbench_grp/books_magazines01_0002/GEO) but MaterialBindingAPI is not applied on the prim
Warning: in BindingsAtPrim at line 671 of D:\__projects\_programming\vcpkg\buildtrees\usd\src\v25.11-c5a1a786cc.clean\pxr\usd\usdShade\materialBindingAPI.cpp -- Found material bindings on prim at path (/root/thelab01/workbench_grp/books_magazines01_0002/GEO) but MaterialBindingAPI is not applied on the prim
Warning: in BindingsAtPrim at line 671 of D:\__projects\_programming\vcpkg\buildtrees\usd\src\v25.11-c5a1a786cc.clean\pxr\usd\usdShade\materialBindingAPI.cpp -- Found material bindings on prim at path (/root/thelab01/workbench_grp/books_magazines01_0002/GEO) but MaterialBindingAPI is not applied on the prim
Warning: in BindingsAtPrim at line 671 of D:\__projects\_programming\vcpkg\buildtrees\usd\src\v25.11-c5a1a786cc.clean\pxr\usd\usdShade\materialBindingAPI.cpp -- Found material bindings on prim at path (/root/thelab01/workbench_grp/books_magazines01_0002/GEO) but MaterialBindingAPI is not applied on the prim
Warning: in BindingsAtPrim at line 671 of D:\__projects\_programming\vcpkg\buildtrees\usd\src\v25.11-c5a1a786cc.clean\pxr\usd\usdShade\materialBindingAPI.cpp -- Found material bindings on prim at path (/root/thelab01/workbench_grp/books_magazines01_0002/GEO) but MaterialBindingAPI is not applied on the prim
Warning: in BindingsAtPrim at line 671 of D:\__projects\_programming\vcpkg\buildtrees\usd\src\v25.11-c5a1a786cc.clean\pxr\usd\usdShade\materialBindingAPI.cpp -- Found material bindings on prim at path (/root/thelab01/workbench_grp/books_magazines01_0002/GEO) but MaterialBindingAPI is not applied on the prim
Warning: in BindingsAtPrim at line 671 of D:\__projects\_programming\vcpkg\buildtrees\usd\src\v25.11-c5a1a786cc.clean\pxr\usd\usdShade\materialBindingAPI.cpp -- Found material bindings on prim at path (/root/thelab01/workbench_grp/books_magazines01_0002/GEO) but MaterialBindingAPI is not applied on the prim
Warning: in BindingsAtPrim at line 671 of D:\__projects\_programming\vcpkg\buildtrees\usd\src\v25.11-c5a1a786cc.clean\pxr\usd\usdShade\materialBindingAPI.cpp -- Found material bindings on prim at path (/root/thelab01/workbench_grp/books_magazines01_0002/GEO) but MaterialBindingAPI is not applied on the prim
Warning: in BindingsAtPrim at line 671 of D:\__projects\_programming\vcpkg\buildtrees\usd\src\v25.11-c5a1a786cc.clean\pxr\usd\usdShade\materialBindingAPI.cpp -- Found material bindings on prim at path (/root/thelab01/workbench_grp/books_magazines01_0002/GEO) but MaterialBindingAPI is not applied on the prim
Warning: in BindingsAtPrim at line 671 of D:\__projects\_programming\vcpkg\buildtrees\usd\src\v25.11-c5a1a786cc.clean\pxr\usd\usdShade\materialBindingAPI.cpp -- Found material bindings on prim at path (/root/thelab01/workbench_grp/books_magazines01_0002/GEO) but MaterialBindingAPI is not applied on the prim
Warning: in BindingsAtPrim at line 671 of D:\__projects\_programming\vcpkg\buildtrees\usd\src\v25.11-c5a1a786cc.clean\pxr\usd\usdShade\materialBindingAPI.cpp -- Found material bindings on prim at path (/root/thelab01/workbench_grp/books_magazines01_0002/GEO) but MaterialBindingAPI is not applied on the prim
Warning: in BindingsAtPrim at line 671 of D:\__projects\_programming\vcpkg\buildtrees\usd\src\v25.11-c5a1a786cc.clean\pxr\usd\usdShade\materialBindingAPI.cpp -- Found material bindings on prim at path (/root/thelab01/workbench_grp/books_magazines01_0002/GEO) but MaterialBindingAPI is not applied on the prim
Warning: in BindingsAtPrim at line 671 of D:\__projects\_programming\vcpkg\buildtrees\usd\src\v25.11-c5a1a786cc.clean\pxr\usd\usdShade\materialBindingAPI.cpp -- Found material bindings on prim at path (/root/thelab01/workbench_grp/books_magazines01_0002/GEO) but MaterialBindingAPI is not applied on the prim
Warning: in BindingsAtPrim at line 671 of D:\__projects\_programming\vcpkg\buildtrees\usd\src\v25.11-c5a1a786cc.clean\pxr\usd\usdShade\materialBindingAPI.cpp -- Found material bindings on prim at path (/root/thelab01/workbench_grp/books_magazines01_0002/GEO) but MaterialBindingAPI is not applied on the prim
Warning: in BindingsAtPrim at line 671 of D:\__projects\_programming\vcpkg\buildtrees\usd\src\v25.11-c5a1a786cc.clean\pxr\usd\usdShade\materialBindingAPI.cpp -- Found material bindings on prim at path (/root/thelab01/workbench_grp/books_magazines01_0002/GEO) but MaterialBindingAPI is not applied on the prim
Warning: in BindingsAtPrim at line 671 of D:\__projects\_programming\vcpkg\buildtrees\usd\src\v25.11-c5a1a786cc.clean\pxr\usd\usdShade\materialBindingAPI.cpp -- Found material bindings on prim at path (/root/thelab01/workbench_grp/books_magazines01_0002/GEO) but MaterialBindingAPI is not applied on the prim
Warning: in BindingsAtPrim at line 671 of D:\__projects\_programming\vcpkg\buildtrees\usd\src\v25.11-c5a1a786cc.clean\pxr\usd\usdShade\materialBindingAPI.cpp -- Found material bindings on prim at path (/root/thelab01/workbench_grp/books_magazines01_0002/GEO) but MaterialBindingAPI is not applied on the prim
Warning: in BindingsAtPrim at line 671 of D:\__projects\_programming\vcpkg\buildtrees\usd\src\v25.11-c5a1a786cc.clean\pxr\usd\usdShade\materialBindingAPI.cpp -- Found material bindings on prim at path (/root/thelab01/workbench_grp/books_magazines01_0002/GEO) but MaterialBindingAPI is not applied on the prim
Warning: in BindingsAtPrim at line 671 of D:\__projects\_programming\vcpkg\buildtrees\usd\src\v25.11-c5a1a786cc.clean\pxr\usd\usdShade\materialBindingAPI.cpp -- Found material bindings on prim at path (/root/thelab01/workbench_grp/books_magazines01_0002/GEO) but MaterialBindingAPI is not applied on the prim
Warning: in BindingsAtPrim at line 671 of D:\__projects\_programming\vcpkg\buildtrees\usd\src\v25.11-c5a1a786cc.clean\pxr\usd\usdShade\materialBindingAPI.cpp -- Found material bindings on prim at path (/root/thelab01/workbench_grp/books_magazines01_0002/GEO) but MaterialBindingAPI is not applied on the prim
Warning: in BindingsAtPrim at line 671 of D:\__projects\_programming\vcpkg\buildtrees\usd\src\v25.11-c5a1a786cc.clean\pxr\usd\usdShade\materialBindingAPI.cpp -- Found material bindings on prim at path (/root/thelab01/workbench_grp/books_magazines01_0002/GEO) but MaterialBindingAPI is not applied on the prim
Warning: in BindingsAtPrim at line 671 of D:\__projects\_programming\vcpkg\buildtrees\usd\src\v25.11-c5a1a786cc.clean\pxr\usd\usdShade\materialBindingAPI.cpp -- Found material bindings on prim at path (/root/thelab01/workbench_grp/books_magazines01_0002/GEO) but MaterialBindingAPI is not applied on the prim
Warning: in BindingsAtPrim at line 671 of D:\__projects\_programming\vcpkg\buildtrees\usd\src\v25.11-c5a1a786cc.clean\pxr\usd\usdShade\materialBindingAPI.cpp -- Found material bindings on prim at path (/root/thelab01/workbench_grp/books_magazines01_0002/GEO) but MaterialBindingAPI is not applied on the prim
Warning: in BindingsAtPrim at line 671 of D:\__projects\_programming\vcpkg\buildtrees\usd\src\v25.11-c5a1a786cc.clean\pxr\usd\usdShade\materialBindingAPI.cpp -- Found material bindings on prim at path (/root/thelab01/workbench_grp/books_magazines01_0002/GEO) but MaterialBindingAPI is not applied on the prim
Warning: in BindingsAtPrim at line 671 of D:\__projects\_programming\vcpkg\buildtrees\usd\src\v25.11-c5a1a786cc.clean\pxr\usd\usdShade\materialBindingAPI.cpp -- Found material bindings on prim at path (/root/thelab01/workbench_grp/books_magazines01_0002/GEO) but MaterialBindingAPI is not applied on the prim
Warning: in BindingsAtPrim at line 671 of D:\__projects\_programming\vcpkg\buildtrees\usd\src\v25.11-c5a1a786cc.clean\pxr\usd\usdShade\materialBindingAPI.cpp -- Found material bindings on prim at path (/root/thelab01/workbench_grp/books_magazines01_0003/GEO) but MaterialBindingAPI is not applied on the prim
Warning: in BindingsAtPrim at line 671 of D:\__projects\_programming\vcpkg\buildtrees\usd\src\v25.11-c5a1a786cc.clean\pxr\usd\usdShade\materialBindingAPI.cpp -- Found material bindings on prim at path (/root/thelab01/workbench_grp/books_magazines01_0003/GEO) but MaterialBindingAPI is not applied on the prim
Warning: in BindingsAtPrim at line 671 of D:\__projects\_programming\vcpkg\buildtrees\usd\src\v25.11-c5a1a786cc.clean\pxr\usd\usdShade\materialBindingAPI.cpp -- Found material bindings on prim at path (/root/thelab01/workbench_grp/books_magazines01_0003/GEO) but MaterialBindingAPI is not applied on the prim
Warning: in BindingsAtPrim at line 671 of D:\__projects\_programming\vcpkg\buildtrees\usd\src\v25.11-c5a1a786cc.clean\pxr\usd\usdShade\materialBindingAPI.cpp -- Found material bindings on prim at path (/root/thelab01/workbench_grp/books_magazines01_0003/GEO) but MaterialBindingAPI is not applied on the prim
Warning: in BindingsAtPrim at line 671 of D:\__projects\_programming\vcpkg\buildtrees\usd\src\v25.11-c5a1a786cc.clean\pxr\usd\usdShade\materialBindingAPI.cpp -- Found material bindings on prim at path (/root/thelab01/workbench_grp/books_magazines01_0003/GEO) but MaterialBindingAPI is not applied on the prim
Warning: in BindingsAtPrim at line 671 of D:\__projects\_programming\vcpkg\buildtrees\usd\src\v25.11-c5a1a786cc.clean\pxr\usd\usdShade\materialBindingAPI.cpp -- Found material bindings on prim at path (/root/thelab01/workbench_grp/books_magazines01_0003/GEO) but MaterialBindingAPI is not applied on the prim
Warning: in BindingsAtPrim at line 671 of D:\__projects\_programming\vcpkg\buildtrees\usd\src\v25.11-c5a1a786cc.clean\pxr\usd\usdShade\materialBindingAPI.cpp -- Found material bindings on prim at path (/root/thelab01/workbench_grp/books_magazines01_0003/GEO) but MaterialBindingAPI is not applied on the prim
Warning: in BindingsAtPrim at line 671 of D:\__projects\_programming\vcpkg\buildtrees\usd\src\v25.11-c5a1a786cc.clean\pxr\usd\usdShade\materialBindingAPI.cpp -- Found material bindings on prim at path (/root/thelab01/workbench_grp/books_magazines01_0003/GEO) but MaterialBindingAPI is not applied on the prim
Warning: in BindingsAtPrim at line 671 of D:\__projects\_programming\vcpkg\buildtrees\usd\src\v25.11-c5a1a786cc.clean\pxr\usd\usdShade\materialBindingAPI.cpp -- Found material bindings on prim at path (/root/thelab01/workbench_grp/books_magazines01_0003/GEO) but MaterialBindingAPI is not applied on the prim
Warning: in BindingsAtPrim at line 671 of D:\__projects\_programming\vcpkg\buildtrees\usd\src\v25.11-c5a1a786cc.clean\pxr\usd\usdShade\materialBindingAPI.cpp -- Found material bindings on prim at path (/root/thelab01/workbench_grp/books_magazines01_0003/GEO) but MaterialBindingAPI is not applied on the prim
Warning: in BindingsAtPrim at line 671 of D:\__projects\_programming\vcpkg\buildtrees\usd\src\v25.11-c5a1a786cc.clean\pxr\usd\usdShade\materialBindingAPI.cpp -- Found material bindings on prim at path (/root/thelab01/workbench_grp/books_magazines01_0003/GEO) but MaterialBindingAPI is not applied on the prim
Warning: in BindingsAtPrim at line 671 of D:\__projects\_programming\vcpkg\buildtrees\usd\src\v25.11-c5a1a786cc.clean\pxr\usd\usdShade\materialBindingAPI.cpp -- Found material bindings on prim at path (/root/thelab01/workbench_grp/books_magazines01_0003/GEO) but MaterialBindingAPI is not applied on the prim
Warning: in BindingsAtPrim at line 671 of D:\__projects\_programming\vcpkg\buildtrees\usd\src\v25.11-c5a1a786cc.clean\pxr\usd\usdShade\materialBindingAPI.cpp -- Found material bindings on prim at path (/root/thelab01/workbench_grp/books_magazines01_0003/GEO) but MaterialBindingAPI is not applied on the prim
Warning: in BindingsAtPrim at line 671 of D:\__projects\_programming\vcpkg\buildtrees\usd\src\v25.11-c5a1a786cc.clean\pxr\usd\usdShade\materialBindingAPI.cpp -- Found material bindings on prim at path (/root/thelab01/workbench_grp/books_magazines01_0003/GEO) but MaterialBindingAPI is not applied on the prim
Warning: in BindingsAtPrim at line 671 of D:\__projects\_programming\vcpkg\buildtrees\usd\src\v25.11-c5a1a786cc.clean\pxr\usd\usdShade\materialBindingAPI.cpp -- Found material bindings on prim at path (/root/thelab01/workbench_grp/books_magazines01_0003/GEO) but MaterialBindingAPI is not applied on the prim
Warning: in BindingsAtPrim at line 671 of D:\__projects\_programming\vcpkg\buildtrees\usd\src\v25.11-c5a1a786cc.clean\pxr\usd\usdShade\materialBindingAPI.cpp -- Found material bindings on prim at path (/root/thelab01/workbench_grp/books_magazines01_0003/GEO) but MaterialBindingAPI is not applied on the prim
Warning: in BindingsAtPrim at line 671 of D:\__projects\_programming\vcpkg\buildtrees\usd\src\v25.11-c5a1a786cc.clean\pxr\usd\usdShade\materialBindingAPI.cpp -- Found material bindings on prim at path (/root/thelab01/workbench_grp/books_magazines01_0003/GEO) but MaterialBindingAPI is not applied on the prim
Warning: in BindingsAtPrim at line 671 of D:\__projects\_programming\vcpkg\buildtrees\usd\src\v25.11-c5a1a786cc.clean\pxr\usd\usdShade\materialBindingAPI.cpp -- Found material bindings on prim at path (/root/thelab01/workbench_grp/books_magazines01_0003/GEO) but MaterialBindingAPI is not applied on the prim
Warning: in BindingsAtPrim at line 671 of D:\__projects\_programming\vcpkg\buildtrees\usd\src\v25.11-c5a1a786cc.clean\pxr\usd\usdShade\materialBindingAPI.cpp -- Found material bindings on prim at path (/root/thelab01/workbench_grp/books_magazines01_0003/GEO) but MaterialBindingAPI is not applied on the prim
Warning: in BindingsAtPrim at line 671 of D:\__projects\_programming\vcpkg\buildtrees\usd\src\v25.11-c5a1a786cc.clean\pxr\usd\usdShade\materialBindingAPI.cpp -- Found material bindings on prim at path (/root/thelab01/workbench_grp/books_magazines01_0003/GEO) but MaterialBindingAPI is not applied on the prim
Warning: in BindingsAtPrim at line 671 of D:\__projects\_programming\vcpkg\buildtrees\usd\src\v25.11-c5a1a786cc.clean\pxr\usd\usdShade\materialBindingAPI.cpp -- Found material bindings on prim at path (/root/thelab01/workbench_grp/books_magazines01_0003/GEO) but MaterialBindingAPI is not applied on the prim
Warning: in BindingsAtPrim at line 671 of D:\__projects\_programming\vcpkg\buildtrees\usd\src\v25.11-c5a1a786cc.clean\pxr\usd\usdShade\materialBindingAPI.cpp -- Found material bindings on prim at path (/root/thelab01/workbench_grp/books_magazines01_0003/GEO) but MaterialBindingAPI is not applied on the prim
Warning: in BindingsAtPrim at line 671 of D:\__projects\_programming\vcpkg\buildtrees\usd\src\v25.11-c5a1a786cc.clean\pxr\usd\usdShade\materialBindingAPI.cpp -- Found material bindings on prim at path (/root/thelab01/workbench_grp/books_magazines01_0003/GEO) but MaterialBindingAPI is not applied on the prim
Warning: in BindingsAtPrim at line 671 of D:\__projects\_programming\vcpkg\buildtrees\usd\src\v25.11-c5a1a786cc.clean\pxr\usd\usdShade\materialBindingAPI.cpp -- Found material bindings on prim at path (/root/thelab01/workbench_grp/books_magazines01_0003/GEO) but MaterialBindingAPI is not applied on the prim
Warning: in BindingsAtPrim at line 671 of D:\__projects\_programming\vcpkg\buildtrees\usd\src\v25.11-c5a1a786cc.clean\pxr\usd\usdShade\materialBindingAPI.cpp -- Found material bindings on prim at path (/root/thelab01/workbench_grp/books_magazines01_0003/GEO) but MaterialBindingAPI is not applied on the prim
Warning: in BindingsAtPrim at line 671 of D:\__projects\_programming\vcpkg\buildtrees\usd\src\v25.11-c5a1a786cc.clean\pxr\usd\usdShade\materialBindingAPI.cpp -- Found material bindings on prim at path (/root/thelab01/workbench_grp/books_magazines01_0003/GEO) but MaterialBindingAPI is not applied on the prim
Warning: in BindingsAtPrim at line 671 of D:\__projects\_programming\vcpkg\buildtrees\usd\src\v25.11-c5a1a786cc.clean\pxr\usd\usdShade\materialBindingAPI.cpp -- Found material bindings on prim at path (/root/thelab01/workbench_grp/books_magazines01_0003/GEO) but MaterialBindingAPI is not applied on the prim
Warning: in BindingsAtPrim at line 671 of D:\__projects\_programming\vcpkg\buildtrees\usd\src\v25.11-c5a1a786cc.clean\pxr\usd\usdShade\materialBindingAPI.cpp -- Found material bindings on prim at path (/root/thelab01/workbench_grp/books_magazines01_0003/GEO) but MaterialBindingAPI is not applied on the prim
Warning: in BindingsAtPrim at line 671 of D:\__projects\_programming\vcpkg\buildtrees\usd\src\v25.11-c5a1a786cc.clean\pxr\usd\usdShade\materialBindingAPI.cpp -- Found material bindings on prim at path (/root/thelab01/workbench_grp/books_magazines01_0003/GEO) but MaterialBindingAPI is not applied on the prim
Warning: in BindingsAtPrim at line 671 of D:\__projects\_programming\vcpkg\buildtrees\usd\src\v25.11-c5a1a786cc.clean\pxr\usd\usdShade\materialBindingAPI.cpp -- Found material bindings on prim at path (/root/thelab01/workbench_grp/books_magazines01_0003/GEO) but MaterialBindingAPI is not applied on the prim
Warning: in BindingsAtPrim at line 671 of D:\__projects\_programming\vcpkg\buildtrees\usd\src\v25.11-c5a1a786cc.clean\pxr\usd\usdShade\materialBindingAPI.cpp -- Found material bindings on prim at path (/root/thelab01/workbench_grp/books_magazines01_0003/GEO) but MaterialBindingAPI is not applied on the prim
Warning: in BindingsAtPrim at line 671 of D:\__projects\_programming\vcpkg\buildtrees\usd\src\v25.11-c5a1a786cc.clean\pxr\usd\usdShade\materialBindingAPI.cpp -- Found material bindings on prim at path (/root/thelab01/workbench_grp/books_magazines01_0003/GEO) but MaterialBindingAPI is not applied on the prim
Warning: in BindingsAtPrim at line 671 of D:\__projects\_programming\vcpkg\buildtrees\usd\src\v25.11-c5a1a786cc.clean\pxr\usd\usdShade\materialBindingAPI.cpp -- Found material bindings on prim at path (/root/thelab01/workbench_grp/books_magazines01_0003/GEO) but MaterialBindingAPI is not applied on the prim
Warning: in BindingsAtPrim at line 671 of D:\__projects\_programming\vcpkg\buildtrees\usd\src\v25.11-c5a1a786cc.clean\pxr\usd\usdShade\materialBindingAPI.cpp -- Found material bindings on prim at path (/root/thelab01/workbench_grp/books_magazines01_0003/GEO) but MaterialBindingAPI is not applied on the prim
Warning: in BindingsAtPrim at line 671 of D:\__projects\_programming\vcpkg\buildtrees\usd\src\v25.11-c5a1a786cc.clean\pxr\usd\usdShade\materialBindingAPI.cpp -- Found material bindings on prim at path (/root/thelab01/workbench_grp/chemistry_bottle01_0005/GEO) but MaterialBindingAPI is not applied on the prim
Warning: in BindingsAtPrim at line 671 of D:\__projects\_programming\vcpkg\buildtrees\usd\src\v25.11-c5a1a786cc.clean\pxr\usd\usdShade\materialBindingAPI.cpp -- Found material bindings on prim at path (/root/thelab01/workbench_grp/chemistry_bottle02_0004/GEO) but MaterialBindingAPI is not applied on the prim
Warning: in BindingsAtPrim at line 671 of D:\__projects\_programming\vcpkg\buildtrees\usd\src\v25.11-c5a1a786cc.clean\pxr\usd\usdShade\materialBindingAPI.cpp -- Found material bindings on prim at path (/root/thelab01/workbench_grp/chemistry_bottle03_0004/GEO) but MaterialBindingAPI is not applied on the prim
Warning: in BindingsAtPrim at line 671 of D:\__projects\_programming\vcpkg\buildtrees\usd\src\v25.11-c5a1a786cc.clean\pxr\usd\usdShade\materialBindingAPI.cpp -- Found material bindings on prim at path (/root/thelab01/workbench_grp/chemistry_bottle03_0005/GEO) but MaterialBindingAPI is not applied on the prim
Warning: in BindingsAtPrim at line 671 of D:\__projects\_programming\vcpkg\buildtrees\usd\src\v25.11-c5a1a786cc.clean\pxr\usd\usdShade\materialBindingAPI.cpp -- Found material bindings on prim at path (/root/thelab01/workbench_grp/chemistry_bottle02_0005/GEO) but MaterialBindingAPI is not applied on the prim
Warning: in BindingsAtPrim at line 671 of D:\__projects\_programming\vcpkg\buildtrees\usd\src\v25.11-c5a1a786cc.clean\pxr\usd\usdShade\materialBindingAPI.cpp -- Found material bindings on prim at path (/root/thelab01/workbench_grp/chemistry_bottle01_0006/GEO) but MaterialBindingAPI is not applied on the prim
Warning: in BindingsAtPrim at line 671 of D:\__projects\_programming\vcpkg\buildtrees\usd\src\v25.11-c5a1a786cc.clean\pxr\usd\usdShade\materialBindingAPI.cpp -- Found material bindings on prim at path (/root/thelab01/workbench_grp/chemistry_bottle03_0006/GEO) but MaterialBindingAPI is not applied on the prim
Warning: in BindingsAtPrim at line 671 of D:\__projects\_programming\vcpkg\buildtrees\usd\src\v25.11-c5a1a786cc.clean\pxr\usd\usdShade\materialBindingAPI.cpp -- Found material bindings on prim at path (/root/thelab01/workbench_grp/chemistry_bottle01_0007/GEO) but MaterialBindingAPI is not applied on the prim
Warning: in BindingsAtPrim at line 671 of D:\__projects\_programming\vcpkg\buildtrees\usd\src\v25.11-c5a1a786cc.clean\pxr\usd\usdShade\materialBindingAPI.cpp -- Found material bindings on prim at path (/root/thelab01/workbench_grp/chemistry_bottle01_0008/GEO) but MaterialBindingAPI is not applied on the prim
Warning: in BindingsAtPrim at line 671 of D:\__projects\_programming\vcpkg\buildtrees\usd\src\v25.11-c5a1a786cc.clean\pxr\usd\usdShade\materialBindingAPI.cpp -- Found material bindings on prim at path (/root/thelab01/workbench_grp/chemistry_bottle02_0006/GEO) but MaterialBindingAPI is not applied on the prim
Warning: in BindingsAtPrim at line 671 of D:\__projects\_programming\vcpkg\buildtrees\usd\src\v25.11-c5a1a786cc.clean\pxr\usd\usdShade\materialBindingAPI.cpp -- Found material bindings on prim at path (/root/thelab01/workbench_grp/chemistry_bottle02_0007/GEO) but MaterialBindingAPI is not applied on the prim
Warning: in BindingsAtPrim at line 671 of D:\__projects\_programming\vcpkg\buildtrees\usd\src\v25.11-c5a1a786cc.clean\pxr\usd\usdShade\materialBindingAPI.cpp -- Found material bindings on prim at path (/root/thelab01/workbench_grp/chemistry_bottle03_0007/GEO) but MaterialBindingAPI is not applied on the prim
Warning: in BindingsAtPrim at line 671 of D:\__projects\_programming\vcpkg\buildtrees\usd\src\v25.11-c5a1a786cc.clean\pxr\usd\usdShade\materialBindingAPI.cpp -- Found material bindings on prim at path (/root/thelab01/workbench_grp/chemistry_bottle03_0008/GEO) but MaterialBindingAPI is not applied on the prim
Warning: in BindingsAtPrim at line 671 of D:\__projects\_programming\vcpkg\buildtrees\usd\src\v25.11-c5a1a786cc.clean\pxr\usd\usdShade\materialBindingAPI.cpp -- Found material bindings on prim at path (/root/thelab01/workbench_grp/chemistry_bottle03_0009/GEO) but MaterialBindingAPI is not applied on the prim
Warning: in BindingsAtPrim at line 671 of D:\__projects\_programming\vcpkg\buildtrees\usd\src\v25.11-c5a1a786cc.clean\pxr\usd\usdShade\materialBindingAPI.cpp -- Found material bindings on prim at path (/root/thelab01/workbench_grp/chemistry_bottle03_0010/GEO) but MaterialBindingAPI is not applied on the prim
Warning: in BindingsAtPrim at line 671 of D:\__projects\_programming\vcpkg\buildtrees\usd\src\v25.11-c5a1a786cc.clean\pxr\usd\usdShade\materialBindingAPI.cpp -- Found material bindings on prim at path (/root/thelab01/workbench_grp/toy_box01_0002/GEO) but MaterialBindingAPI is not applied on the prim
Warning: in BindingsAtPrim at line 671 of D:\__projects\_programming\vcpkg\buildtrees\usd\src\v25.11-c5a1a786cc.clean\pxr\usd\usdShade\materialBindingAPI.cpp -- Found material bindings on prim at path (/root/thelab01/workbench_grp/electronics_wire_spool02_0002/GEO) but MaterialBindingAPI is not applied on the prim
Warning: in BindingsAtPrim at line 671 of D:\__projects\_programming\vcpkg\buildtrees\usd\src\v25.11-c5a1a786cc.clean\pxr\usd\usdShade\materialBindingAPI.cpp -- Found material bindings on prim at path (/root/thelab01/workbench_grp/electronics_wire_spool02_0002/GEO) but MaterialBindingAPI is not applied on the prim
Warning: in BindingsAtPrim at line 671 of D:\__projects\_programming\vcpkg\buildtrees\usd\src\v25.11-c5a1a786cc.clean\pxr\usd\usdShade\materialBindingAPI.cpp -- Found material bindings on prim at path (/root/thelab01/workbench_grp/electronics_wire_spool02_0002/GEO) but MaterialBindingAPI is not applied on the prim
Warning: in BindingsAtPrim at line 671 of D:\__projects\_programming\vcpkg\buildtrees\usd\src\v25.11-c5a1a786cc.clean\pxr\usd\usdShade\materialBindingAPI.cpp -- Found material bindings on prim at path (/root/thelab01/workbench_grp/stationary_paper01_0002/GEO) but MaterialBindingAPI is not applied on the prim
Warning: in BindingsAtPrim at line 671 of D:\__projects\_programming\vcpkg\buildtrees\usd\src\v25.11-c5a1a786cc.clean\pxr\usd\usdShade\materialBindingAPI.cpp -- Found material bindings on prim at path (/root/thelab01/workbench_grp/stationary_paper01_0003/GEO) but MaterialBindingAPI is not applied on the prim
Warning: in BindingsAtPrim at line 671 of D:\__projects\_programming\vcpkg\buildtrees\usd\src\v25.11-c5a1a786cc.clean\pxr\usd\usdShade\materialBindingAPI.cpp -- Found material bindings on prim at path (/root/thelab01/workbench_grp/stationary_paper01_0004/GEO) but MaterialBindingAPI is not applied on the prim
Warning: in BindingsAtPrim at line 671 of D:\__projects\_programming\vcpkg\buildtrees\usd\src\v25.11-c5a1a786cc.clean\pxr\usd\usdShade\materialBindingAPI.cpp -- Found material bindings on prim at path (/root/thelab01/workbench_grp/chemistry_beaker_rack01_0005/GEO) but MaterialBindingAPI is not applied on the prim
Warning: in BindingsAtPrim at line 671 of D:\__projects\_programming\vcpkg\buildtrees\usd\src\v25.11-c5a1a786cc.clean\pxr\usd\usdShade\materialBindingAPI.cpp -- Found material bindings on prim at path (/root/thelab01/workbench_grp/chemistry_beaker_rack01_0005/GEO) but MaterialBindingAPI is not applied on the prim
Warning: in BindingsAtPrim at line 671 of D:\__projects\_programming\vcpkg\buildtrees\usd\src\v25.11-c5a1a786cc.clean\pxr\usd\usdShade\materialBindingAPI.cpp -- Found material bindings on prim at path (/root/thelab01/workbench_grp/chemistry_beaker_rack01_0006/GEO) but MaterialBindingAPI is not applied on the prim
Warning: in BindingsAtPrim at line 671 of D:\__projects\_programming\vcpkg\buildtrees\usd\src\v25.11-c5a1a786cc.clean\pxr\usd\usdShade\materialBindingAPI.cpp -- Found material bindings on prim at path (/root/thelab01/workbench_grp/chemistry_beaker_rack01_0006/GEO) but MaterialBindingAPI is not applied on the prim
Warning: in BindingsAtPrim at line 671 of D:\__projects\_programming\vcpkg\buildtrees\usd\src\v25.11-c5a1a786cc.clean\pxr\usd\usdShade\materialBindingAPI.cpp -- Found material bindings on prim at path (/root/thelab01/workbench_grp/chemistry_beaker_rack01_0010/GEO) but MaterialBindingAPI is not applied on the prim
Warning: in BindingsAtPrim at line 671 of D:\__projects\_programming\vcpkg\buildtrees\usd\src\v25.11-c5a1a786cc.clean\pxr\usd\usdShade\materialBindingAPI.cpp -- Found material bindings on prim at path (/root/thelab01/workbench_grp/chemistry_beaker_rack01_0010/GEO) but MaterialBindingAPI is not applied on the prim
Warning: in BindingsAtPrim at line 671 of D:\__projects\_programming\vcpkg\buildtrees\usd\src\v25.11-c5a1a786cc.clean\pxr\usd\usdShade\materialBindingAPI.cpp -- Found material bindings on prim at path (/root/thelab01/workbench_grp/decor_wooden_box01_0002/GEO) but MaterialBindingAPI is not applied on the prim
Warning: in BindingsAtPrim at line 671 of D:\__projects\_programming\vcpkg\buildtrees\usd\src\v25.11-c5a1a786cc.clean\pxr\usd\usdShade\materialBindingAPI.cpp -- Found material bindings on prim at path (/root/thelab01/workbench_grp/decor_wooden_box01_0002/GEO) but MaterialBindingAPI is not applied on the prim
Warning: in BindingsAtPrim at line 671 of D:\__projects\_programming\vcpkg\buildtrees\usd\src\v25.11-c5a1a786cc.clean\pxr\usd\usdShade\materialBindingAPI.cpp -- Found material bindings on prim at path (/root/thelab01/workbench_grp/decor_wooden_box01_0002/GEO) but MaterialBindingAPI is not applied on the prim
Warning: in BindingsAtPrim at line 671 of D:\__projects\_programming\vcpkg\buildtrees\usd\src\v25.11-c5a1a786cc.clean\pxr\usd\usdShade\materialBindingAPI.cpp -- Found material bindings on prim at path (/root/thelab01/workbench_grp/decor_wooden_box01_0002/GEO) but MaterialBindingAPI is not applied on the prim
Warning: in BindingsAtPrim at line 671 of D:\__projects\_programming\vcpkg\buildtrees\usd\src\v25.11-c5a1a786cc.clean\pxr\usd\usdShade\materialBindingAPI.cpp -- Found material bindings on prim at path (/root/thelab01/workbench_grp/decor_wooden_box01_0002/GEO) but MaterialBindingAPI is not applied on the prim
Warning: in BindingsAtPrim at line 671 of D:\__projects\_programming\vcpkg\buildtrees\usd\src\v25.11-c5a1a786cc.clean\pxr\usd\usdShade\materialBindingAPI.cpp -- Found material bindings on prim at path (/root/thelab01/workbench_grp/decor_wooden_box01_0002/GEO) but MaterialBindingAPI is not applied on the prim
Warning: in BindingsAtPrim at line 671 of D:\__projects\_programming\vcpkg\buildtrees\usd\src\v25.11-c5a1a786cc.clean\pxr\usd\usdShade\materialBindingAPI.cpp -- Found material bindings on prim at path (/root/thelab01/workbench_grp/decor_wooden_box01_0002/GEO) but MaterialBindingAPI is not applied on the prim
Warning: in BindingsAtPrim at line 671 of D:\__projects\_programming\vcpkg\buildtrees\usd\src\v25.11-c5a1a786cc.clean\pxr\usd\usdShade\materialBindingAPI.cpp -- Found material bindings on prim at path (/root/thelab01/workbench_grp/decor_wooden_box01_0002/GEO) but MaterialBindingAPI is not applied on the prim
Warning: in BindingsAtPrim at line 671 of D:\__projects\_programming\vcpkg\buildtrees\usd\src\v25.11-c5a1a786cc.clean\pxr\usd\usdShade\materialBindingAPI.cpp -- Found material bindings on prim at path (/root/thelab01/workbench_grp/decor_wooden_box01_0002/GEO) but MaterialBindingAPI is not applied on the prim
Warning: in BindingsAtPrim at line 671 of D:\__projects\_programming\vcpkg\buildtrees\usd\src\v25.11-c5a1a786cc.clean\pxr\usd\usdShade\materialBindingAPI.cpp -- Found material bindings on prim at path (/root/thelab01/workbench_grp/decor_wooden_box01_0002/GEO) but MaterialBindingAPI is not applied on the prim
Warning: in BindingsAtPrim at line 671 of D:\__projects\_programming\vcpkg\buildtrees\usd\src\v25.11-c5a1a786cc.clean\pxr\usd\usdShade\materialBindingAPI.cpp -- Found material bindings on prim at path (/root/thelab01/workbench_grp/decor_wooden_box01_0002/GEO) but MaterialBindingAPI is not applied on the prim
Warning: in BindingsAtPrim at line 671 of D:\__projects\_programming\vcpkg\buildtrees\usd\src\v25.11-c5a1a786cc.clean\pxr\usd\usdShade\materialBindingAPI.cpp -- Found material bindings on prim at path (/root/thelab01/workbench_grp/decor_wooden_box01_0002/GEO) but MaterialBindingAPI is not applied on the prim
Warning: in BindingsAtPrim at line 671 of D:\__projects\_programming\vcpkg\buildtrees\usd\src\v25.11-c5a1a786cc.clean\pxr\usd\usdShade\materialBindingAPI.cpp -- Found material bindings on prim at path (/root/thelab01/workbench_grp/decor_wooden_box01_0002/GEO) but MaterialBindingAPI is not applied on the prim
Warning: in BindingsAtPrim at line 671 of D:\__projects\_programming\vcpkg\buildtrees\usd\src\v25.11-c5a1a786cc.clean\pxr\usd\usdShade\materialBindingAPI.cpp -- Found material bindings on prim at path (/root/thelab01/workbench_grp/decor_wooden_box01_0002/GEO) but MaterialBindingAPI is not applied on the prim
Warning: in BindingsAtPrim at line 671 of D:\__projects\_programming\vcpkg\buildtrees\usd\src\v25.11-c5a1a786cc.clean\pxr\usd\usdShade\materialBindingAPI.cpp -- Found material bindings on prim at path (/root/thelab01/workbench_grp/decor_wooden_box01_0002/GEO) but MaterialBindingAPI is not applied on the prim
Warning: in BindingsAtPrim at line 671 of D:\__projects\_programming\vcpkg\buildtrees\usd\src\v25.11-c5a1a786cc.clean\pxr\usd\usdShade\materialBindingAPI.cpp -- Found material bindings on prim at path (/root/thelab01/workbench_grp/decor_wooden_box01_0002/GEO) but MaterialBindingAPI is not applied on the prim
Warning: in BindingsAtPrim at line 671 of D:\__projects\_programming\vcpkg\buildtrees\usd\src\v25.11-c5a1a786cc.clean\pxr\usd\usdShade\materialBindingAPI.cpp -- Found material bindings on prim at path (/root/thelab01/workbench_grp/decor_wooden_box01_0002/GEO) but MaterialBindingAPI is not applied on the prim
Warning: in BindingsAtPrim at line 671 of D:\__projects\_programming\vcpkg\buildtrees\usd\src\v25.11-c5a1a786cc.clean\pxr\usd\usdShade\materialBindingAPI.cpp -- Found material bindings on prim at path (/root/thelab01/workbench_grp/decor_wooden_box01_0002/GEO) but MaterialBindingAPI is not applied on the prim
Warning: in BindingsAtPrim at line 671 of D:\__projects\_programming\vcpkg\buildtrees\usd\src\v25.11-c5a1a786cc.clean\pxr\usd\usdShade\materialBindingAPI.cpp -- Found material bindings on prim at path (/root/thelab01/workbench_grp/decor_wooden_box01_0002/GEO) but MaterialBindingAPI is not applied on the prim
Warning: in BindingsAtPrim at line 671 of D:\__projects\_programming\vcpkg\buildtrees\usd\src\v25.11-c5a1a786cc.clean\pxr\usd\usdShade\materialBindingAPI.cpp -- Found material bindings on prim at path (/root/thelab01/workbench_grp/decor_wooden_box01_0002/GEO) but MaterialBindingAPI is not applied on the prim
Warning: in BindingsAtPrim at line 671 of D:\__projects\_programming\vcpkg\buildtrees\usd\src\v25.11-c5a1a786cc.clean\pxr\usd\usdShade\materialBindingAPI.cpp -- Found material bindings on prim at path (/root/thelab01/workbench_grp/decor_wooden_box01_0002/GEO) but MaterialBindingAPI is not applied on the prim
Warning: in BindingsAtPrim at line 671 of D:\__projects\_programming\vcpkg\buildtrees\usd\src\v25.11-c5a1a786cc.clean\pxr\usd\usdShade\materialBindingAPI.cpp -- Found material bindings on prim at path (/root/thelab01/workbench_grp/decor_wooden_box01_0002/GEO) but MaterialBindingAPI is not applied on the prim
Warning: in BindingsAtPrim at line 671 of D:\__projects\_programming\vcpkg\buildtrees\usd\src\v25.11-c5a1a786cc.clean\pxr\usd\usdShade\materialBindingAPI.cpp -- Found material bindings on prim at path (/root/thelab01/workbench_grp/decor_wooden_box01_0002/GEO) but MaterialBindingAPI is not applied on the prim
Warning: in BindingsAtPrim at line 671 of D:\__projects\_programming\vcpkg\buildtrees\usd\src\v25.11-c5a1a786cc.clean\pxr\usd\usdShade\materialBindingAPI.cpp -- Found material bindings on prim at path (/root/thelab01/workbench_grp/decor_wooden_box01_0002/GEO) but MaterialBindingAPI is not applied on the prim
Warning: in BindingsAtPrim at line 671 of D:\__projects\_programming\vcpkg\buildtrees\usd\src\v25.11-c5a1a786cc.clean\pxr\usd\usdShade\materialBindingAPI.cpp -- Found material bindings on prim at path (/root/thelab01/workbench_grp/decor_wooden_box01_0002/GEO) but MaterialBindingAPI is not applied on the prim
Warning: in BindingsAtPrim at line 671 of D:\__projects\_programming\vcpkg\buildtrees\usd\src\v25.11-c5a1a786cc.clean\pxr\usd\usdShade\materialBindingAPI.cpp -- Found material bindings on prim at path (/root/thelab01/workbench_grp/decor_wooden_box01_0002/GEO) but MaterialBindingAPI is not applied on the prim
Warning: in BindingsAtPrim at line 671 of D:\__projects\_programming\vcpkg\buildtrees\usd\src\v25.11-c5a1a786cc.clean\pxr\usd\usdShade\materialBindingAPI.cpp -- Found material bindings on prim at path (/root/thelab01/workbench_grp/decor_wooden_box01_0002/GEO) but MaterialBindingAPI is not applied on the prim
Warning: in BindingsAtPrim at line 671 of D:\__projects\_programming\vcpkg\buildtrees\usd\src\v25.11-c5a1a786cc.clean\pxr\usd\usdShade\materialBindingAPI.cpp -- Found material bindings on prim at path (/root/thelab01/workbench_grp/decor_wooden_box01_0002/GEO) but MaterialBindingAPI is not applied on the prim
Warning: in BindingsAtPrim at line 671 of D:\__projects\_programming\vcpkg\buildtrees\usd\src\v25.11-c5a1a786cc.clean\pxr\usd\usdShade\materialBindingAPI.cpp -- Found material bindings on prim at path (/root/thelab01/workbench_grp/decor_wooden_box01_0002/GEO) but MaterialBindingAPI is not applied on the prim
Warning: in BindingsAtPrim at line 671 of D:\__projects\_programming\vcpkg\buildtrees\usd\src\v25.11-c5a1a786cc.clean\pxr\usd\usdShade\materialBindingAPI.cpp -- Found material bindings on prim at path (/root/thelab01/workbench_grp/decor_wooden_box01_0002/GEO) but MaterialBindingAPI is not applied on the prim
Warning: in BindingsAtPrim at line 671 of D:\__projects\_programming\vcpkg\buildtrees\usd\src\v25.11-c5a1a786cc.clean\pxr\usd\usdShade\materialBindingAPI.cpp -- Found material bindings on prim at path (/root/thelab01/workbench_grp/chemistry_beaker_rack01_0011/GEO) but MaterialBindingAPI is not applied on the prim
Warning: in BindingsAtPrim at line 671 of D:\__projects\_programming\vcpkg\buildtrees\usd\src\v25.11-c5a1a786cc.clean\pxr\usd\usdShade\materialBindingAPI.cpp -- Found material bindings on prim at path (/root/thelab01/workbench_grp/chemistry_beaker_rack01_0011/GEO) but MaterialBindingAPI is not applied on the prim
Warning: in BindingsAtPrim at line 671 of D:\__projects\_programming\vcpkg\buildtrees\usd\src\v25.11-c5a1a786cc.clean\pxr\usd\usdShade\materialBindingAPI.cpp -- Found material bindings on prim at path (/root/thelab01/workbench_grp/toy_fun_coil_0001/GEO) but MaterialBindingAPI is not applied on the prim
Warning: in BindingsAtPrim at line 671 of D:\__projects\_programming\vcpkg\buildtrees\usd\src\v25.11-c5a1a786cc.clean\pxr\usd\usdShade\materialBindingAPI.cpp -- Found material bindings on prim at path (/root/thelab01/workbench_grp/toy_curly_surgery_0001/GEO) but MaterialBindingAPI is not applied on the prim
Warning: in BindingsAtPrim at line 671 of D:\__projects\_programming\vcpkg\buildtrees\usd\src\v25.11-c5a1a786cc.clean\pxr\usd\usdShade\materialBindingAPI.cpp -- Found material bindings on prim at path (/root/thelab01/workbench_grp/toy_curly_surgery_0001/GEO) but MaterialBindingAPI is not applied on the prim
Warning: in BindingsAtPrim at line 671 of D:\__projects\_programming\vcpkg\buildtrees\usd\src\v25.11-c5a1a786cc.clean\pxr\usd\usdShade\materialBindingAPI.cpp -- Found material bindings on prim at path (/root/thelab01/workbench_grp/toy_curly_surgery_0001/GEO) but MaterialBindingAPI is not applied on the prim
Warning: in BindingsAtPrim at line 671 of D:\__projects\_programming\vcpkg\buildtrees\usd\src\v25.11-c5a1a786cc.clean\pxr\usd\usdShade\materialBindingAPI.cpp -- Found material bindings on prim at path (/root/thelab01/workbench_grp/toy_curly_surgery_0001/GEO) but MaterialBindingAPI is not applied on the prim
Warning: in BindingsAtPrim at line 671 of D:\__projects\_programming\vcpkg\buildtrees\usd\src\v25.11-c5a1a786cc.clean\pxr\usd\usdShade\materialBindingAPI.cpp -- Found material bindings on prim at path (/root/thelab01/workbench_grp/toy_curly_surgery_0001/GEO) but MaterialBindingAPI is not applied on the prim
Warning: in BindingsAtPrim at line 671 of D:\__projects\_programming\vcpkg\buildtrees\usd\src\v25.11-c5a1a786cc.clean\pxr\usd\usdShade\materialBindingAPI.cpp -- Found material bindings on prim at path (/root/thelab01/workbench_grp/toy_curly_surgery_0001/GEO) but MaterialBindingAPI is not applied on the prim
Warning: in BindingsAtPrim at line 671 of D:\__projects\_programming\vcpkg\buildtrees\usd\src\v25.11-c5a1a786cc.clean\pxr\usd\usdShade\materialBindingAPI.cpp -- Found material bindings on prim at path (/root/thelab01/workbench_grp/toy_curly_surgery_0001/GEO) but MaterialBindingAPI is not applied on the prim
Warning: in BindingsAtPrim at line 671 of D:\__projects\_programming\vcpkg\buildtrees\usd\src\v25.11-c5a1a786cc.clean\pxr\usd\usdShade\materialBindingAPI.cpp -- Found material bindings on prim at path (/root/thelab01/workbench_grp/toy_curly_surgery_0001/GEO) but MaterialBindingAPI is not applied on the prim
Warning: in BindingsAtPrim at line 671 of D:\__projects\_programming\vcpkg\buildtrees\usd\src\v25.11-c5a1a786cc.clean\pxr\usd\usdShade\materialBindingAPI.cpp -- Found material bindings on prim at path (/root/thelab01/workbench_grp/toy_curly_surgery_0001/GEO) but MaterialBindingAPI is not applied on the prim
Warning: in BindingsAtPrim at line 671 of D:\__projects\_programming\vcpkg\buildtrees\usd\src\v25.11-c5a1a786cc.clean\pxr\usd\usdShade\materialBindingAPI.cpp -- Found material bindings on prim at path (/root/thelab01/workbench_grp/decor_bonsai_jar01_0001/GEO) but MaterialBindingAPI is not applied on the prim
Warning: in BindingsAtPrim at line 671 of D:\__projects\_programming\vcpkg\buildtrees\usd\src\v25.11-c5a1a786cc.clean\pxr\usd\usdShade\materialBindingAPI.cpp -- Found material bindings on prim at path (/root/thelab01/workbench_grp/decor_bonsai_jar01_0001/GEO) but MaterialBindingAPI is not applied on the prim
Warning: in BindingsAtPrim at line 671 of D:\__projects\_programming\vcpkg\buildtrees\usd\src\v25.11-c5a1a786cc.clean\pxr\usd\usdShade\materialBindingAPI.cpp -- Found material bindings on prim at path (/root/thelab01/workbench_grp/decor_bonsai_jar01_0001/GEO) but MaterialBindingAPI is not applied on the prim
Warning: in BindingsAtPrim at line 671 of D:\__projects\_programming\vcpkg\buildtrees\usd\src\v25.11-c5a1a786cc.clean\pxr\usd\usdShade\materialBindingAPI.cpp -- Found material bindings on prim at path (/root/thelab01/workbench_grp/electronics_wire_spool06_0001/GEO) but MaterialBindingAPI is not applied on the prim
Warning: in BindingsAtPrim at line 671 of D:\__projects\_programming\vcpkg\buildtrees\usd\src\v25.11-c5a1a786cc.clean\pxr\usd\usdShade\materialBindingAPI.cpp -- Found material bindings on prim at path (/root/thelab01/workbench_grp/electronics_wire_spool06_0001/GEO) but MaterialBindingAPI is not applied on the prim
Warning: in BindingsAtPrim at line 671 of D:\__projects\_programming\vcpkg\buildtrees\usd\src\v25.11-c5a1a786cc.clean\pxr\usd\usdShade\materialBindingAPI.cpp -- Found material bindings on prim at path (/root/thelab01/workbench_grp/electronics_wire_spool06_0001/GEO) but MaterialBindingAPI is not applied on the prim
Warning: in BindingsAtPrim at line 671 of D:\__projects\_programming\vcpkg\buildtrees\usd\src\v25.11-c5a1a786cc.clean\pxr\usd\usdShade\materialBindingAPI.cpp -- Found material bindings on prim at path (/root/thelab01/workbench_grp/electronics_powerpoint01_0001/GEO) but MaterialBindingAPI is not applied on the prim
Warning: in BindingsAtPrim at line 671 of D:\__projects\_programming\vcpkg\buildtrees\usd\src\v25.11-c5a1a786cc.clean\pxr\usd\usdShade\materialBindingAPI.cpp -- Found material bindings on prim at path (/root/thelab01/workbench_grp/electronics_powerpoint01_0001/GEO) but MaterialBindingAPI is not applied on the prim
Warning: in BindingsAtPrim at line 671 of D:\__projects\_programming\vcpkg\buildtrees\usd\src\v25.11-c5a1a786cc.clean\pxr\usd\usdShade\materialBindingAPI.cpp -- Found material bindings on prim at path (/root/thelab01/workbench_grp/electronics_powerpoint01_0001/GEO) but MaterialBindingAPI is not applied on the prim
Warning: in BindingsAtPrim at line 671 of D:\__projects\_programming\vcpkg\buildtrees\usd\src\v25.11-c5a1a786cc.clean\pxr\usd\usdShade\materialBindingAPI.cpp -- Found material bindings on prim at path (/root/thelab01/workbench_grp/electronics_powerpoint01_0002/GEO) but MaterialBindingAPI is not applied on the prim
Warning: in BindingsAtPrim at line 671 of D:\__projects\_programming\vcpkg\buildtrees\usd\src\v25.11-c5a1a786cc.clean\pxr\usd\usdShade\materialBindingAPI.cpp -- Found material bindings on prim at path (/root/thelab01/workbench_grp/electronics_powerpoint01_0002/GEO) but MaterialBindingAPI is not applied on the prim
Warning: in BindingsAtPrim at line 671 of D:\__projects\_programming\vcpkg\buildtrees\usd\src\v25.11-c5a1a786cc.clean\pxr\usd\usdShade\materialBindingAPI.cpp -- Found material bindings on prim at path (/root/thelab01/workbench_grp/electronics_powerpoint01_0002/GEO) but MaterialBindingAPI is not applied on the prim
Warning: in BindingsAtPrim at line 671 of D:\__projects\_programming\vcpkg\buildtrees\usd\src\v25.11-c5a1a786cc.clean\pxr\usd\usdShade\materialBindingAPI.cpp -- Found material bindings on prim at path (/root/thelab01/workbench_grp/electronics_powerpoint01_0003/GEO) but MaterialBindingAPI is not applied on the prim
Warning: in BindingsAtPrim at line 671 of D:\__projects\_programming\vcpkg\buildtrees\usd\src\v25.11-c5a1a786cc.clean\pxr\usd\usdShade\materialBindingAPI.cpp -- Found material bindings on prim at path (/root/thelab01/workbench_grp/electronics_powerpoint01_0003/GEO) but MaterialBindingAPI is not applied on the prim
Warning: in BindingsAtPrim at line 671 of D:\__projects\_programming\vcpkg\buildtrees\usd\src\v25.11-c5a1a786cc.clean\pxr\usd\usdShade\materialBindingAPI.cpp -- Found material bindings on prim at path (/root/thelab01/workbench_grp/electronics_powerpoint01_0003/GEO) but MaterialBindingAPI is not applied on the prim
Warning: in BindingsAtPrim at line 671 of D:\__projects\_programming\vcpkg\buildtrees\usd\src\v25.11-c5a1a786cc.clean\pxr\usd\usdShade\materialBindingAPI.cpp -- Found material bindings on prim at path (/root/thelab01/workbench_grp/electronics_powerpoint01_0004/GEO) but MaterialBindingAPI is not applied on the prim
Warning: in BindingsAtPrim at line 671 of D:\__projects\_programming\vcpkg\buildtrees\usd\src\v25.11-c5a1a786cc.clean\pxr\usd\usdShade\materialBindingAPI.cpp -- Found material bindings on prim at path (/root/thelab01/workbench_grp/electronics_powerpoint01_0004/GEO) but MaterialBindingAPI is not applied on the prim
Warning: in BindingsAtPrim at line 671 of D:\__projects\_programming\vcpkg\buildtrees\usd\src\v25.11-c5a1a786cc.clean\pxr\usd\usdShade\materialBindingAPI.cpp -- Found material bindings on prim at path (/root/thelab01/workbench_grp/electronics_powerpoint01_0004/GEO) but MaterialBindingAPI is not applied on the prim
Warning: in BindingsAtPrim at line 671 of D:\__projects\_programming\vcpkg\buildtrees\usd\src\v25.11-c5a1a786cc.clean\pxr\usd\usdShade\materialBindingAPI.cpp -- Found material bindings on prim at path (/root/thelab01/workbench_grp/electronics_powerpoint01_0005/GEO) but MaterialBindingAPI is not applied on the prim
Warning: in BindingsAtPrim at line 671 of D:\__projects\_programming\vcpkg\buildtrees\usd\src\v25.11-c5a1a786cc.clean\pxr\usd\usdShade\materialBindingAPI.cpp -- Found material bindings on prim at path (/root/thelab01/workbench_grp/electronics_powerpoint01_0005/GEO) but MaterialBindingAPI is not applied on the prim
Warning: in BindingsAtPrim at line 671 of D:\__projects\_programming\vcpkg\buildtrees\usd\src\v25.11-c5a1a786cc.clean\pxr\usd\usdShade\materialBindingAPI.cpp -- Found material bindings on prim at path (/root/thelab01/workbench_grp/electronics_powerpoint01_0005/GEO) but MaterialBindingAPI is not applied on the prim
Warning: in BindingsAtPrim at line 671 of D:\__projects\_programming\vcpkg\buildtrees\usd\src\v25.11-c5a1a786cc.clean\pxr\usd\usdShade\materialBindingAPI.cpp -- Found material bindings on prim at path (/root/thelab01/workbench_grp/electronics_powerpoint01_0006/GEO) but MaterialBindingAPI is not applied on the prim
Warning: in BindingsAtPrim at line 671 of D:\__projects\_programming\vcpkg\buildtrees\usd\src\v25.11-c5a1a786cc.clean\pxr\usd\usdShade\materialBindingAPI.cpp -- Found material bindings on prim at path (/root/thelab01/workbench_grp/electronics_powerpoint01_0006/GEO) but MaterialBindingAPI is not applied on the prim
Warning: in BindingsAtPrim at line 671 of D:\__projects\_programming\vcpkg\buildtrees\usd\src\v25.11-c5a1a786cc.clean\pxr\usd\usdShade\materialBindingAPI.cpp -- Found material bindings on prim at path (/root/thelab01/workbench_grp/electronics_powerpoint01_0006/GEO) but MaterialBindingAPI is not applied on the prim
Warning: in BindingsAtPrim at line 671 of D:\__projects\_programming\vcpkg\buildtrees\usd\src\v25.11-c5a1a786cc.clean\pxr\usd\usdShade\materialBindingAPI.cpp -- Found material bindings on prim at path (/root/thelab01/workbench_grp/electronics_powerpoint01_0007/GEO) but MaterialBindingAPI is not applied on the prim
Warning: in BindingsAtPrim at line 671 of D:\__projects\_programming\vcpkg\buildtrees\usd\src\v25.11-c5a1a786cc.clean\pxr\usd\usdShade\materialBindingAPI.cpp -- Found material bindings on prim at path (/root/thelab01/workbench_grp/electronics_powerpoint01_0007/GEO) but MaterialBindingAPI is not applied on the prim
Warning: in BindingsAtPrim at line 671 of D:\__projects\_programming\vcpkg\buildtrees\usd\src\v25.11-c5a1a786cc.clean\pxr\usd\usdShade\materialBindingAPI.cpp -- Found material bindings on prim at path (/root/thelab01/workbench_grp/electronics_powerpoint01_0007/GEO) but MaterialBindingAPI is not applied on the prim
Warning: in BindingsAtPrim at line 671 of D:\__projects\_programming\vcpkg\buildtrees\usd\src\v25.11-c5a1a786cc.clean\pxr\usd\usdShade\materialBindingAPI.cpp -- Found material bindings on prim at path (/root/thelab01/workbench_grp/chemistry_test_tube01_0009/GEO) but MaterialBindingAPI is not applied on the prim
Warning: in BindingsAtPrim at line 671 of D:\__projects\_programming\vcpkg\buildtrees\usd\src\v25.11-c5a1a786cc.clean\pxr\usd\usdShade\materialBindingAPI.cpp -- Found material bindings on prim at path (/root/thelab01/workbench_grp/chemistry_test_tube01_0009/GEO) but MaterialBindingAPI is not applied on the prim
Warning: in BindingsAtPrim at line 671 of D:\__projects\_programming\vcpkg\buildtrees\usd\src\v25.11-c5a1a786cc.clean\pxr\usd\usdShade\materialBindingAPI.cpp -- Found material bindings on prim at path (/root/thelab01/workbench_grp/chemistry_test_tube03_0013/GEO) but MaterialBindingAPI is not applied on the prim
Warning: in BindingsAtPrim at line 671 of D:\__projects\_programming\vcpkg\buildtrees\usd\src\v25.11-c5a1a786cc.clean\pxr\usd\usdShade\materialBindingAPI.cpp -- Found material bindings on prim at path (/root/thelab01/workbench_grp/chemistry_test_tube03_0013/GEO) but MaterialBindingAPI is not applied on the prim
Warning: in BindingsAtPrim at line 671 of D:\__projects\_programming\vcpkg\buildtrees\usd\src\v25.11-c5a1a786cc.clean\pxr\usd\usdShade\materialBindingAPI.cpp -- Found material bindings on prim at path (/root/thelab01/workbench_grp/chemistry_test_tube02_0011/GEO) but MaterialBindingAPI is not applied on the prim
Warning: in BindingsAtPrim at line 671 of D:\__projects\_programming\vcpkg\buildtrees\usd\src\v25.11-c5a1a786cc.clean\pxr\usd\usdShade\materialBindingAPI.cpp -- Found material bindings on prim at path (/root/thelab01/workbench_grp/chemistry_test_tube02_0011/GEO) but MaterialBindingAPI is not applied on the prim
Warning: in BindingsAtPrim at line 671 of D:\__projects\_programming\vcpkg\buildtrees\usd\src\v25.11-c5a1a786cc.clean\pxr\usd\usdShade\materialBindingAPI.cpp -- Found material bindings on prim at path (/root/thelab01/workbench_grp/chemistry_test_tube01_0010/GEO) but MaterialBindingAPI is not applied on the prim
Warning: in BindingsAtPrim at line 671 of D:\__projects\_programming\vcpkg\buildtrees\usd\src\v25.11-c5a1a786cc.clean\pxr\usd\usdShade\materialBindingAPI.cpp -- Found material bindings on prim at path (/root/thelab01/workbench_grp/chemistry_test_tube01_0010/GEO) but MaterialBindingAPI is not applied on the prim
Warning: in BindingsAtPrim at line 671 of D:\__projects\_programming\vcpkg\buildtrees\usd\src\v25.11-c5a1a786cc.clean\pxr\usd\usdShade\materialBindingAPI.cpp -- Found material bindings on prim at path (/root/thelab01/workbench_grp/chemistry_test_tube02_0012/GEO) but MaterialBindingAPI is not applied on the prim
Warning: in BindingsAtPrim at line 671 of D:\__projects\_programming\vcpkg\buildtrees\usd\src\v25.11-c5a1a786cc.clean\pxr\usd\usdShade\materialBindingAPI.cpp -- Found material bindings on prim at path (/root/thelab01/workbench_grp/chemistry_test_tube02_0012/GEO) but MaterialBindingAPI is not applied on the prim
Warning: in BindingsAtPrim at line 671 of D:\__projects\_programming\vcpkg\buildtrees\usd\src\v25.11-c5a1a786cc.clean\pxr\usd\usdShade\materialBindingAPI.cpp -- Found material bindings on prim at path (/root/thelab01/workbench_grp/chemistry_test_tube03_0014/GEO) but MaterialBindingAPI is not applied on the prim
Warning: in BindingsAtPrim at line 671 of D:\__projects\_programming\vcpkg\buildtrees\usd\src\v25.11-c5a1a786cc.clean\pxr\usd\usdShade\materialBindingAPI.cpp -- Found material bindings on prim at path (/root/thelab01/workbench_grp/chemistry_test_tube03_0014/GEO) but MaterialBindingAPI is not applied on the prim
Warning: in BindingsAtPrim at line 671 of D:\__projects\_programming\vcpkg\buildtrees\usd\src\v25.11-c5a1a786cc.clean\pxr\usd\usdShade\materialBindingAPI.cpp -- Found material bindings on prim at path (/root/thelab01/workbench_grp/chemistry_test_tube01_0011/GEO) but MaterialBindingAPI is not applied on the prim
Warning: in BindingsAtPrim at line 671 of D:\__projects\_programming\vcpkg\buildtrees\usd\src\v25.11-c5a1a786cc.clean\pxr\usd\usdShade\materialBindingAPI.cpp -- Found material bindings on prim at path (/root/thelab01/workbench_grp/chemistry_test_tube01_0011/GEO) but MaterialBindingAPI is not applied on the prim
Warning: in BindingsAtPrim at line 671 of D:\__projects\_programming\vcpkg\buildtrees\usd\src\v25.11-c5a1a786cc.clean\pxr\usd\usdShade\materialBindingAPI.cpp -- Found material bindings on prim at path (/root/thelab01/workbench_grp/chemistry_test_tube01_0012/GEO) but MaterialBindingAPI is not applied on the prim
Warning: in BindingsAtPrim at line 671 of D:\__projects\_programming\vcpkg\buildtrees\usd\src\v25.11-c5a1a786cc.clean\pxr\usd\usdShade\materialBindingAPI.cpp -- Found material bindings on prim at path (/root/thelab01/workbench_grp/chemistry_test_tube01_0012/GEO) but MaterialBindingAPI is not applied on the prim
Warning: in BindingsAtPrim at line 671 of D:\__projects\_programming\vcpkg\buildtrees\usd\src\v25.11-c5a1a786cc.clean\pxr\usd\usdShade\materialBindingAPI.cpp -- Found material bindings on prim at path (/root/thelab01/workbench_grp/chemistry_test_tube02_0013/GEO) but MaterialBindingAPI is not applied on the prim
Warning: in BindingsAtPrim at line 671 of D:\__projects\_programming\vcpkg\buildtrees\usd\src\v25.11-c5a1a786cc.clean\pxr\usd\usdShade\materialBindingAPI.cpp -- Found material bindings on prim at path (/root/thelab01/workbench_grp/chemistry_test_tube02_0013/GEO) but MaterialBindingAPI is not applied on the prim
Warning: in BindingsAtPrim at line 671 of D:\__projects\_programming\vcpkg\buildtrees\usd\src\v25.11-c5a1a786cc.clean\pxr\usd\usdShade\materialBindingAPI.cpp -- Found material bindings on prim at path (/root/thelab01/workbench_grp/chemistry_test_tube02_0014/GEO) but MaterialBindingAPI is not applied on the prim
Warning: in BindingsAtPrim at line 671 of D:\__projects\_programming\vcpkg\buildtrees\usd\src\v25.11-c5a1a786cc.clean\pxr\usd\usdShade\materialBindingAPI.cpp -- Found material bindings on prim at path (/root/thelab01/workbench_grp/chemistry_test_tube02_0014/GEO) but MaterialBindingAPI is not applied on the prim
Warning: in BindingsAtPrim at line 671 of D:\__projects\_programming\vcpkg\buildtrees\usd\src\v25.11-c5a1a786cc.clean\pxr\usd\usdShade\materialBindingAPI.cpp -- Found material bindings on prim at path (/root/thelab01/workbench_grp/chemistry_test_tube03_0015/GEO) but MaterialBindingAPI is not applied on the prim
Warning: in BindingsAtPrim at line 671 of D:\__projects\_programming\vcpkg\buildtrees\usd\src\v25.11-c5a1a786cc.clean\pxr\usd\usdShade\materialBindingAPI.cpp -- Found material bindings on prim at path (/root/thelab01/workbench_grp/chemistry_test_tube03_0015/GEO) but MaterialBindingAPI is not applied on the prim
Warning: in BindingsAtPrim at line 671 of D:\__projects\_programming\vcpkg\buildtrees\usd\src\v25.11-c5a1a786cc.clean\pxr\usd\usdShade\materialBindingAPI.cpp -- Found material bindings on prim at path (/root/thelab01/workbench_grp/chemistry_test_tube03_0016/GEO) but MaterialBindingAPI is not applied on the prim
Warning: in BindingsAtPrim at line 671 of D:\__projects\_programming\vcpkg\buildtrees\usd\src\v25.11-c5a1a786cc.clean\pxr\usd\usdShade\materialBindingAPI.cpp -- Found material bindings on prim at path (/root/thelab01/workbench_grp/chemistry_test_tube03_0016/GEO) but MaterialBindingAPI is not applied on the prim
Warning: in BindingsAtPrim at line 671 of D:\__projects\_programming\vcpkg\buildtrees\usd\src\v25.11-c5a1a786cc.clean\pxr\usd\usdShade\materialBindingAPI.cpp -- Found material bindings on prim at path (/root/thelab01/workbench_grp/chemistry_test_tube01_0013/GEO) but MaterialBindingAPI is not applied on the prim
Warning: in BindingsAtPrim at line 671 of D:\__projects\_programming\vcpkg\buildtrees\usd\src\v25.11-c5a1a786cc.clean\pxr\usd\usdShade\materialBindingAPI.cpp -- Found material bindings on prim at path (/root/thelab01/workbench_grp/chemistry_test_tube01_0013/GEO) but MaterialBindingAPI is not applied on the prim
Warning: in BindingsAtPrim at line 671 of D:\__projects\_programming\vcpkg\buildtrees\usd\src\v25.11-c5a1a786cc.clean\pxr\usd\usdShade\materialBindingAPI.cpp -- Found material bindings on prim at path (/root/thelab01/workbench_grp/chemistry_test_tube01_0014/GEO) but MaterialBindingAPI is not applied on the prim
Warning: in BindingsAtPrim at line 671 of D:\__projects\_programming\vcpkg\buildtrees\usd\src\v25.11-c5a1a786cc.clean\pxr\usd\usdShade\materialBindingAPI.cpp -- Found material bindings on prim at path (/root/thelab01/workbench_grp/chemistry_test_tube01_0014/GEO) but MaterialBindingAPI is not applied on the prim
Warning: in BindingsAtPrim at line 671 of D:\__projects\_programming\vcpkg\buildtrees\usd\src\v25.11-c5a1a786cc.clean\pxr\usd\usdShade\materialBindingAPI.cpp -- Found material bindings on prim at path (/root/thelab01/workbench_grp/chemistry_test_tube01_0015/GEO) but MaterialBindingAPI is not applied on the prim
Warning: in BindingsAtPrim at line 671 of D:\__projects\_programming\vcpkg\buildtrees\usd\src\v25.11-c5a1a786cc.clean\pxr\usd\usdShade\materialBindingAPI.cpp -- Found material bindings on prim at path (/root/thelab01/workbench_grp/chemistry_test_tube01_0015/GEO) but MaterialBindingAPI is not applied on the prim
Warning: in BindingsAtPrim at line 671 of D:\__projects\_programming\vcpkg\buildtrees\usd\src\v25.11-c5a1a786cc.clean\pxr\usd\usdShade\materialBindingAPI.cpp -- Found material bindings on prim at path (/root/thelab01/workbench_grp/chemistry_test_tube01_0016/GEO) but MaterialBindingAPI is not applied on the prim
Warning: in BindingsAtPrim at line 671 of D:\__projects\_programming\vcpkg\buildtrees\usd\src\v25.11-c5a1a786cc.clean\pxr\usd\usdShade\materialBindingAPI.cpp -- Found material bindings on prim at path (/root/thelab01/workbench_grp/chemistry_test_tube01_0016/GEO) but MaterialBindingAPI is not applied on the prim
Warning: in BindingsAtPrim at line 671 of D:\__projects\_programming\vcpkg\buildtrees\usd\src\v25.11-c5a1a786cc.clean\pxr\usd\usdShade\materialBindingAPI.cpp -- Found material bindings on prim at path (/root/thelab01/workbench_grp/chemistry_test_tube02_0015/GEO) but MaterialBindingAPI is not applied on the prim
Warning: in BindingsAtPrim at line 671 of D:\__projects\_programming\vcpkg\buildtrees\usd\src\v25.11-c5a1a786cc.clean\pxr\usd\usdShade\materialBindingAPI.cpp -- Found material bindings on prim at path (/root/thelab01/workbench_grp/chemistry_test_tube02_0015/GEO) but MaterialBindingAPI is not applied on the prim
Warning: in BindingsAtPrim at line 671 of D:\__projects\_programming\vcpkg\buildtrees\usd\src\v25.11-c5a1a786cc.clean\pxr\usd\usdShade\materialBindingAPI.cpp -- Found material bindings on prim at path (/root/thelab01/workbench_grp/chemistry_test_tube02_0016/GEO) but MaterialBindingAPI is not applied on the prim
Warning: in BindingsAtPrim at line 671 of D:\__projects\_programming\vcpkg\buildtrees\usd\src\v25.11-c5a1a786cc.clean\pxr\usd\usdShade\materialBindingAPI.cpp -- Found material bindings on prim at path (/root/thelab01/workbench_grp/chemistry_test_tube02_0016/GEO) but MaterialBindingAPI is not applied on the prim
Warning: in BindingsAtPrim at line 671 of D:\__projects\_programming\vcpkg\buildtrees\usd\src\v25.11-c5a1a786cc.clean\pxr\usd\usdShade\materialBindingAPI.cpp -- Found material bindings on prim at path (/root/thelab01/workbench_grp/chemistry_test_tube02_0017/GEO) but MaterialBindingAPI is not applied on the prim
Warning: in BindingsAtPrim at line 671 of D:\__projects\_programming\vcpkg\buildtrees\usd\src\v25.11-c5a1a786cc.clean\pxr\usd\usdShade\materialBindingAPI.cpp -- Found material bindings on prim at path (/root/thelab01/workbench_grp/chemistry_test_tube02_0017/GEO) but MaterialBindingAPI is not applied on the prim
Warning: in BindingsAtPrim at line 671 of D:\__projects\_programming\vcpkg\buildtrees\usd\src\v25.11-c5a1a786cc.clean\pxr\usd\usdShade\materialBindingAPI.cpp -- Found material bindings on prim at path (/root/thelab01/workbench_grp/chemistry_test_tube02_0018/GEO) but MaterialBindingAPI is not applied on the prim
Warning: in BindingsAtPrim at line 671 of D:\__projects\_programming\vcpkg\buildtrees\usd\src\v25.11-c5a1a786cc.clean\pxr\usd\usdShade\materialBindingAPI.cpp -- Found material bindings on prim at path (/root/thelab01/workbench_grp/chemistry_test_tube02_0018/GEO) but MaterialBindingAPI is not applied on the prim
Warning: in BindingsAtPrim at line 671 of D:\__projects\_programming\vcpkg\buildtrees\usd\src\v25.11-c5a1a786cc.clean\pxr\usd\usdShade\materialBindingAPI.cpp -- Found material bindings on prim at path (/root/thelab01/workbench_grp/chemistry_test_tube03_0017/GEO) but MaterialBindingAPI is not applied on the prim
Warning: in BindingsAtPrim at line 671 of D:\__projects\_programming\vcpkg\buildtrees\usd\src\v25.11-c5a1a786cc.clean\pxr\usd\usdShade\materialBindingAPI.cpp -- Found material bindings on prim at path (/root/thelab01/workbench_grp/chemistry_test_tube03_0017/GEO) but MaterialBindingAPI is not applied on the prim
Warning: in BindingsAtPrim at line 671 of D:\__projects\_programming\vcpkg\buildtrees\usd\src\v25.11-c5a1a786cc.clean\pxr\usd\usdShade\materialBindingAPI.cpp -- Found material bindings on prim at path (/root/thelab01/workbench_grp/chemistry_test_tube03_0018/GEO) but MaterialBindingAPI is not applied on the prim
Warning: in BindingsAtPrim at line 671 of D:\__projects\_programming\vcpkg\buildtrees\usd\src\v25.11-c5a1a786cc.clean\pxr\usd\usdShade\materialBindingAPI.cpp -- Found material bindings on prim at path (/root/thelab01/workbench_grp/chemistry_test_tube03_0018/GEO) but MaterialBindingAPI is not applied on the prim
Warning: in BindingsAtPrim at line 671 of D:\__projects\_programming\vcpkg\buildtrees\usd\src\v25.11-c5a1a786cc.clean\pxr\usd\usdShade\materialBindingAPI.cpp -- Found material bindings on prim at path (/root/thelab01/workbench_grp/chemistry_test_tube03_0019/GEO) but MaterialBindingAPI is not applied on the prim
Warning: in BindingsAtPrim at line 671 of D:\__projects\_programming\vcpkg\buildtrees\usd\src\v25.11-c5a1a786cc.clean\pxr\usd\usdShade\materialBindingAPI.cpp -- Found material bindings on prim at path (/root/thelab01/workbench_grp/chemistry_test_tube03_0019/GEO) but MaterialBindingAPI is not applied on the prim
Warning: in BindingsAtPrim at line 671 of D:\__projects\_programming\vcpkg\buildtrees\usd\src\v25.11-c5a1a786cc.clean\pxr\usd\usdShade\materialBindingAPI.cpp -- Found material bindings on prim at path (/root/thelab01/workbench_grp/chemistry_test_tube03_0020/GEO) but MaterialBindingAPI is not applied on the prim
Warning: in BindingsAtPrim at line 671 of D:\__projects\_programming\vcpkg\buildtrees\usd\src\v25.11-c5a1a786cc.clean\pxr\usd\usdShade\materialBindingAPI.cpp -- Found material bindings on prim at path (/root/thelab01/workbench_grp/chemistry_test_tube03_0020/GEO) but MaterialBindingAPI is not applied on the prim
Warning: in BindingsAtPrim at line 671 of D:\__projects\_programming\vcpkg\buildtrees\usd\src\v25.11-c5a1a786cc.clean\pxr\usd\usdShade\materialBindingAPI.cpp -- Found material bindings on prim at path (/root/thelab01/workbench_grp/chemistry_test_tube01_0017/GEO) but MaterialBindingAPI is not applied on the prim
Warning: in BindingsAtPrim at line 671 of D:\__projects\_programming\vcpkg\buildtrees\usd\src\v25.11-c5a1a786cc.clean\pxr\usd\usdShade\materialBindingAPI.cpp -- Found material bindings on prim at path (/root/thelab01/workbench_grp/chemistry_test_tube01_0017/GEO) but MaterialBindingAPI is not applied on the prim
Warning: in BindingsAtPrim at line 671 of D:\__projects\_programming\vcpkg\buildtrees\usd\src\v25.11-c5a1a786cc.clean\pxr\usd\usdShade\materialBindingAPI.cpp -- Found material bindings on prim at path (/root/thelab01/workbench_grp/chemistry_test_tube02_0019/GEO) but MaterialBindingAPI is not applied on the prim
Warning: in BindingsAtPrim at line 671 of D:\__projects\_programming\vcpkg\buildtrees\usd\src\v25.11-c5a1a786cc.clean\pxr\usd\usdShade\materialBindingAPI.cpp -- Found material bindings on prim at path (/root/thelab01/workbench_grp/chemistry_test_tube02_0019/GEO) but MaterialBindingAPI is not applied on the prim
Warning: in BindingsAtPrim at line 671 of D:\__projects\_programming\vcpkg\buildtrees\usd\src\v25.11-c5a1a786cc.clean\pxr\usd\usdShade\materialBindingAPI.cpp -- Found material bindings on prim at path (/root/thelab01/workbench_grp/chemistry_test_tube03_0021/GEO) but MaterialBindingAPI is not applied on the prim
Warning: in BindingsAtPrim at line 671 of D:\__projects\_programming\vcpkg\buildtrees\usd\src\v25.11-c5a1a786cc.clean\pxr\usd\usdShade\materialBindingAPI.cpp -- Found material bindings on prim at path (/root/thelab01/workbench_grp/chemistry_test_tube03_0021/GEO) but MaterialBindingAPI is not applied on the prim
Warning: in BindingsAtPrim at line 671 of D:\__projects\_programming\vcpkg\buildtrees\usd\src\v25.11-c5a1a786cc.clean\pxr\usd\usdShade\materialBindingAPI.cpp -- Found material bindings on prim at path (/root/thelab01/workbench_grp/vegetation_bonsai01_0001/SPRUCE/Trunk/vegetation_bonsai_trunk01/GEO) but MaterialBindingAPI is not applied on the prim
Warning: in BindingsAtPrim at line 671 of D:\__projects\_programming\vcpkg\buildtrees\usd\src\v25.11-c5a1a786cc.clean\pxr\usd\usdShade\materialBindingAPI.cpp -- Found material bindings on prim at path (/root/thelab01/workbench_grp/vegetation_bonsai01_0001/SPRUCE/Generation1/Prototypes/vegetation_bonsai_branch01/GEO) but MaterialBindingAPI is not applied on the prim
Warning: in BindingsAtPrim at line 671 of D:\__projects\_programming\vcpkg\buildtrees\usd\src\v25.11-c5a1a786cc.clean\pxr\usd\usdShade\materialBindingAPI.cpp -- Found material bindings on prim at path (/root/thelab01/workbench_grp/vegetation_bonsai01_0001/SPRUCE/Generation1/Prototypes/vegetation_bonsai_branch02/GEO) but MaterialBindingAPI is not applied on the prim
Warning: in BindingsAtPrim at line 671 of D:\__projects\_programming\vcpkg\buildtrees\usd\src\v25.11-c5a1a786cc.clean\pxr\usd\usdShade\materialBindingAPI.cpp -- Found material bindings on prim at path (/root/thelab01/workbench_grp/vegetation_bonsai01_0001/SPRUCE/Generation1/Prototypes/vegetation_bonsai_branch03/GEO) but MaterialBindingAPI is not applied on the prim
Warning: in BindingsAtPrim at line 671 of D:\__projects\_programming\vcpkg\buildtrees\usd\src\v25.11-c5a1a786cc.clean\pxr\usd\usdShade\materialBindingAPI.cpp -- Found material bindings on prim at path (/root/thelab01/workbench_grp/vegetation_bonsai01_0001/SPRUCE/Generation2/Prototypes/vegetation_bonsai_twig01/GEO) but MaterialBindingAPI is not applied on the prim
Warning: in BindingsAtPrim at line 671 of D:\__projects\_programming\vcpkg\buildtrees\usd\src\v25.11-c5a1a786cc.clean\pxr\usd\usdShade\materialBindingAPI.cpp -- Found material bindings on prim at path (/root/thelab01/workbench_grp/vegetation_bonsai01_0001/SPRUCE/Generation2/Prototypes/vegetation_bonsai_twig02/GEO) but MaterialBindingAPI is not applied on the prim
Warning: in BindingsAtPrim at line 671 of D:\__projects\_programming\vcpkg\buildtrees\usd\src\v25.11-c5a1a786cc.clean\pxr\usd\usdShade\materialBindingAPI.cpp -- Found material bindings on prim at path (/root/thelab01/workbench_grp/vegetation_bonsai01_0001/SPRUCE/Generation2/Prototypes/vegetation_bonsai_twig03/GEO) but MaterialBindingAPI is not applied on the prim
Warning: in BindingsAtPrim at line 671 of D:\__projects\_programming\vcpkg\buildtrees\usd\src\v25.11-c5a1a786cc.clean\pxr\usd\usdShade\materialBindingAPI.cpp -- Found material bindings on prim at path (/root/thelab01/workbench_grp/vegetation_bonsai01_0001/SPRUCE/Leaves/Prototypes/test202009demo_ll_leaf01_sm01/GEO) but MaterialBindingAPI is not applied on the prim
Warning: in BindingsAtPrim at line 671 of D:\__projects\_programming\vcpkg\buildtrees\usd\src\v25.11-c5a1a786cc.clean\pxr\usd\usdShade\materialBindingAPI.cpp -- Found material bindings on prim at path (/root/thelab01/shed_grp/structure_wall_fibro01_0002/GEO) but MaterialBindingAPI is not applied on the prim
Warning: in BindingsAtPrim at line 671 of D:\__projects\_programming\vcpkg\buildtrees\usd\src\v25.11-c5a1a786cc.clean\pxr\usd\usdShade\materialBindingAPI.cpp -- Found material bindings on prim at path (/root/thelab01/shed_grp/structure_wall_fibro01_0002/GEO) but MaterialBindingAPI is not applied on the prim
Warning: in BindingsAtPrim at line 671 of D:\__projects\_programming\vcpkg\buildtrees\usd\src\v25.11-c5a1a786cc.clean\pxr\usd\usdShade\materialBindingAPI.cpp -- Found material bindings on prim at path (/root/thelab01/shed_grp/structure_wall_fibro02_0001/GEO) but MaterialBindingAPI is not applied on the prim
Warning: in BindingsAtPrim at line 671 of D:\__projects\_programming\vcpkg\buildtrees\usd\src\v25.11-c5a1a786cc.clean\pxr\usd\usdShade\materialBindingAPI.cpp -- Found material bindings on prim at path (/root/thelab01/shed_grp/structure_wall_fibro02_0001/GEO) but MaterialBindingAPI is not applied on the prim
Warning: in BindingsAtPrim at line 671 of D:\__projects\_programming\vcpkg\buildtrees\usd\src\v25.11-c5a1a786cc.clean\pxr\usd\usdShade\materialBindingAPI.cpp -- Found material bindings on prim at path (/root/thelab01/shed_grp/structure_wall_fibro03_0001/GEO) but MaterialBindingAPI is not applied on the prim
Warning: in BindingsAtPrim at line 671 of D:\__projects\_programming\vcpkg\buildtrees\usd\src\v25.11-c5a1a786cc.clean\pxr\usd\usdShade\materialBindingAPI.cpp -- Found material bindings on prim at path (/root/thelab01/shed_grp/structure_wall_fibro03_0001/GEO) but MaterialBindingAPI is not applied on the prim
[2026-03-15T09:09:15Z INFO  bif_core::usd::loader] Stage metadata: Y-up, cm
[2026-03-15T09:09:15Z INFO  bif_core::usd::loader] Timeline: frames 1200-1300 @ 24 fps
[2026-03-15T09:09:15Z INFO  bif_core::usd::loader] Native instances: 573 (0.4ms)
[2026-03-15T09:09:15Z INFO  bif_core::usd::loader] Bound 406 / 528 meshes to materials
[2026-03-15T09:09:15Z INFO  bif_core::usd::loader] Loaded 8 lights
[2026-03-15T09:09:15Z INFO  bif_core::usd::loader] Loaded 444 unique prototypes from 528 meshes, 132 materials
[2026-03-15T09:09:15Z WARN  bif_core::usd::loader] Instancer /root/thelab01/workbench_grp/vegetation_bonsai01_0001/SPRUCE/Generation1 has no resolvable prototypes
[2026-03-15T09:09:15Z WARN  bif_core::usd::loader] Instancer /root/thelab01/workbench_grp/vegetation_bonsai01_0001/SPRUCE/Generation2 has no resolvable prototypes
[2026-03-15T09:09:15Z WARN  bif_core::usd::loader] Instancer /root/thelab01/workbench_grp/vegetation_bonsai01_0001/SPRUCE/Leaves has no resolvable prototypes
[2026-03-15T09:09:15Z INFO  bif_core::usd::loader] USD Load: Z:\_houdiniFiles\USD\USD_ALab_0730\entry.usda (528 meshes, 1,424,404 verts, 132 materials, 790 instances)
[2026-03-15T09:09:15Z INFO  bif_core::usd::loader]   Stage open:  7737.3ms
[2026-03-15T09:09:15Z INFO  bif_core::usd::loader]   Meshes:        63.5ms
[2026-03-15T09:09:15Z INFO  bif_core::usd::loader]   Materials:      0.9ms
[2026-03-15T09:09:15Z INFO  bif_core::usd::loader]   Lights:         0.0ms (8 lights)
[2026-03-15T09:09:15Z INFO  bif_core::usd::loader]   Instancers:     0.1ms
[2026-03-15T09:09:15Z INFO  bif_core::usd::loader]   Total:       7802.6ms
[2026-03-15T09:09:15Z INFO  bif_viewport::scene_loader] Scene has 444 prototypes - using multi-draw with per-prototype buffers
[2026-03-15T09:09:15Z INFO  bif_viewport::scene_loader] Material:  (metallic=0.00, roughness=0.50)
[2026-03-15T09:09:15Z INFO  bif_viewport::scene_loader] Loaded 1640725 vertices, 7699947 indices from USD scene
[2026-03-15T09:09:15Z INFO  bif_viewport::texture_loader] Collected 272 texture paths from materials
[2026-03-15T09:09:15Z INFO  bif_viewport::texture_loader] Prepared 272 placeholder textures for async loading
[2026-03-15T09:09:15Z INFO  bif_viewport::texture_loader] Collected 272 texture paths from materials
[2026-03-15T09:09:15Z INFO  bif_core::texture] Texture chemistry_beaker_rack01_proxyTexture.jpg (512x512): decode=34.1ms, convert=1.2ms, linear=4.2ms, total=39.4ms
[2026-03-15T09:09:15Z INFO  bif_core::texture] Texture chemistry_microscope01_proxyTexture.jpg (512x512): decode=35.9ms, convert=1.5ms, linear=5.3ms, total=42.8ms
[2026-03-15T09:09:15Z INFO  bif_core::texture] Texture chemistry_beaker02_proxyTexture.jpg (512x512): decode=36.2ms, convert=1.6ms, linear=5.6ms, total=43.4ms
[2026-03-15T09:09:15Z INFO  bif_core::texture] Texture electronics_wire_spool02_proxyTexture.jpg (512x512): decode=36.6ms, convert=1.7ms, linear=5.5ms, total=43.8ms
[2026-03-15T09:09:15Z INFO  bif_core::texture] Texture furniture_workbench01_proxyTexture.jpg (512x512): decode=41.0ms, convert=1.7ms, linear=4.8ms, total=47.5ms
[2026-03-15T09:09:15Z INFO  bif_core::texture] Texture electronics_oscilloscope01_proxyTexture.jpg (512x512): decode=46.5ms, convert=1.5ms, linear=4.4ms, total=52.3ms
[2026-03-15T09:09:15Z INFO  bif_core::texture] Texture electronics_wire_spool01_proxyTexture.jpg (512x512): decode=49.8ms, convert=1.5ms, linear=4.8ms, total=56.2ms
[2026-03-15T09:09:15Z INFO  bif_core::texture] Texture chemistry_kipps_apparatus01_proxyTexture.jpg (512x512): decode=50.3ms, convert=1.5ms, linear=5.9ms, total=57.7ms
[2026-03-15T09:09:15Z INFO  bif_core::texture] Texture electronics_tesla_coil01_proxyTexture.jpg (512x512): decode=57.0ms, convert=1.9ms, linear=2.7ms, total=61.7ms
[2026-03-15T09:09:15Z INFO  bif_viewport::scene_loader] Created 914 instances from USD scene (wrote 914)
[2026-03-15T09:09:15Z INFO  bif_viewport::scene_loader] Post-filled 2566649 tri_mat_ids for Ivar (914 instances)
[2026-03-15T09:09:15Z INFO  bif_viewport::scene_loader] 4 of 914 instances have animation data
[2026-03-15T09:09:15Z INFO  bif_viewport::scene_loader] Multi-draw: 444 prototypes, 914 total instances across groups
[2026-03-15T09:09:15Z INFO  bif_viewport::scene_loader] Updated culling manager for prototype AABB: Vec3(-543.62463, -0.87781763, -89.40018) to Vec3(335.721, 376.43484, 816.45526)
[2026-03-15T09:09:15Z INFO  bif_viewport::scene_loader] Found 4 USD camera(s): ["/root/camera_ztl01_060/GEO/camera_main_srt/camera_M_default_render_cam_srt/camera_M_default_render_cam_srtBuffer/camera_M_render_cam", "/root/camera_ztl01_140/GEO/camera_main_srt/camera_M_default_render_cam_srt/camera_M_default_render_cam_srtBuffer/camera_M_render_cam", "/root/camera_ztl01_150/GEO/camera_main_srt/camera_M_default_render_cam_srt/camera_M_default_render_cam_srtBuffer/camera_M_render_cam", "/root/camera_ztl01_160/GEO/camera_main_srt/camera_M_default_render_cam_srt/camera_M_default_render_cam_srtBuffer/camera_M_render_cam"]
[2026-03-15T09:09:15Z INFO  bif_viewport::scene_loader] Timeline initialized: frames 1200-1300 @ 24 fps
[2026-03-15T09:09:15Z INFO  bif_viewport::scene_loader] USD scene loaded successfully: 2566649 triangles x 914 instances
[2026-03-15T09:09:15Z INFO  bif_viewport] Updated 8 lights in viewport
[2026-03-15T09:09:15Z INFO  bif_core::texture] Texture vegetation_bonsai_branch02_Roughness.1001.png (2048x2048): decode=78.5ms, convert=13.0ms, linear=33.8ms, total=125.3ms
[2026-03-15T09:09:15Z INFO  bif_renderer::pick_scene] Pick scene built (indexed): 2566649 triangles, 914 instances, 1640725 shared verts
[2026-03-15T09:09:15Z INFO  bif_viewport] Pick scene rebuilt (indexed): 2566649 tris, 1640725 shared verts, 914 instances
[2026-03-15T09:09:16Z INFO  bif_core::texture] Texture vegetation_bonsai_branch02_Normal_openGL.1001.png (2048x2048): decode=68.3ms, convert=13.4ms, linear=37.6ms, total=119.3ms
[2026-03-15T09:09:16Z INFO  bif_viewport::texture_loader] Collected 272 texture paths from materials
[2026-03-15T09:09:16Z INFO  bif_core::texture] Texture vegetation_bonsai_branch03_proxyTexture.jpg (512x512): decode=23.8ms, convert=0.6ms, linear=1.4ms, total=25.9ms
[2026-03-15T09:09:16Z INFO  bif_core::texture] Texture electronics_wire_spool02_BaseColor.1001.jpg (2048x2048): decode=73.0ms, convert=12.3ms, linear=62.4ms, total=147.8ms
[2026-03-15T09:09:16Z INFO  bif_core::texture] Texture electronics_wire_spool06_Roughness.1001.jpg (2048x2048): decode=64.3ms, convert=16.0ms, linear=66.9ms, total=147.2ms
[2026-03-15T09:09:16Z INFO  bif_core::texture] Texture electronics_wire_spool01_BaseColor.1001.jpg (2048x2048): decode=86.2ms, convert=18.9ms, linear=77.6ms, total=182.7ms
[2026-03-15T09:09:16Z INFO  bif_core::texture] Texture chemistry_beaker_stand01_Normal_openGL.1001.jpg (2048x2048): decode=95.9ms, convert=17.6ms, linear=85.4ms, total=198.9ms
[2026-03-15T09:09:16Z INFO  bif_core::texture] Texture stationary_set_square01_BaseColor.1001.jpg (2048x2048): decode=99.2ms, convert=22.3ms, linear=87.4ms, total=208.9ms
[2026-03-15T09:09:16Z INFO  bif_core::texture] Texture stationary_pencil01_Normal_openGL.1001.jpg (2048x2048): decode=106.6ms, convert=26.3ms, linear=107.4ms, total=240.3ms
[2026-03-15T09:09:16Z INFO  bif_core::texture] Texture chemistry_beaker02_BaseColor.1001.jpg (2048x2048): decode=104.9ms, convert=31.1ms, linear=128.8ms, total=264.8ms
[2026-03-15T09:09:16Z INFO  bif_core::texture] Texture decor_helmet_head01_BaseColor.1001.jpg (2048x2048): decode=145.0ms, convert=28.3ms, linear=119.1ms, total=292.4ms
[2026-03-15T09:09:16Z INFO  bif_core::texture] Texture electronics_audio_generator01_Roughness.1001.jpg (2048x2048): decode=80.5ms, convert=39.6ms, linear=124.9ms, total=245.1ms
[2026-03-15T09:09:16Z INFO  bif_core::texture] Texture electronics_tesla_coil01_Normal_openGL.1001.jpg (2048x2048): decode=141.5ms, convert=34.8ms, linear=121.3ms, total=297.5ms
[2026-03-15T09:09:17Z INFO  bif_core::texture] Texture electronics_audio_generator01_BaseColor.1001.jpg (2048x2048): decode=177.5ms, convert=35.6ms, linear=115.4ms, total=328.5ms
[2026-03-15T09:09:17Z INFO  bif_core::texture] Texture chemistry_microscope01_BaseColor.1001.jpg (2048x2048): decode=184.6ms, convert=34.9ms, linear=108.2ms, total=327.7ms
[2026-03-15T09:09:17Z INFO  bif_core::texture] Texture chemistry_microscope01_Normal_openGL.1001.jpg (2048x2048): decode=184.5ms, convert=39.1ms, linear=108.9ms, total=332.5ms
[2026-03-15T09:09:17Z INFO  bif_core::texture] Texture decor_wooden_box01_BaseColor.1001.jpg (2048x2048): decode=198.7ms, convert=34.1ms, linear=114.5ms, total=347.3ms
[2026-03-15T09:09:17Z INFO  bif_core::texture] Texture chemistry_beaker_rack01_BaseColor.1001.jpg (2048x2048): decode=208.3ms, convert=32.4ms, linear=109.7ms, total=350.4ms
[2026-03-15T09:09:17Z INFO  bif_core::texture] Texture chemistry_magnetic_stirrer01_Normal_openGL.1001.jpg (2048x2048): decode=143.5ms, convert=38.1ms, linear=101.9ms, total=283.4ms
[2026-03-15T09:09:17Z INFO  bif_core::texture] Texture furniture_workbench01_Roughness.1001.jpg (2048x2048): decode=153.1ms, convert=37.8ms, linear=95.6ms, total=286.5ms
[2026-03-15T09:09:17Z INFO  bif_core::texture] Texture electronics_oscilloscope01_Normal_openGL.1001.jpg (2048x2048): decode=160.5ms, convert=36.4ms, linear=117.9ms, total=314.7ms
[2026-03-15T09:09:17Z INFO  bif_core::texture] Texture chemistry_kipps_apparatus01_BaseColor.1001.jpg (2048x2048): decode=273.9ms, convert=28.9ms, linear=70.9ms, total=373.7ms
[2026-03-15T09:09:17Z INFO  bif_core::texture] Texture electronics_oscilloscope01_Roughness.1001.jpg (2048x2048): decode=265.7ms, convert=23.4ms, linear=60.8ms, total=350.0ms
[2026-03-15T09:09:17Z INFO  bif_core::texture] Texture electronics_portable_tv01_BaseColor.1001.jpg (2048x2048): decode=221.4ms, convert=20.3ms, linear=58.7ms, total=300.5ms
[2026-03-15T09:09:17Z INFO  bif_core::texture] Texture electronics_audio_generator01_Metallic.1001.jpg (2048x2048): decode=82.1ms, convert=54.7ms, linear=148.3ms, total=285.1ms
[2026-03-15T09:09:17Z INFO  bif_viewport::texture_loader] UDIM atlas: 1 tiles -> 2048x2048 (1x1 grid, tile 2048x2048)
[2026-03-15T09:09:17Z INFO  bif_core::texture] Texture furniture_workbench01_BaseColor.1001.jpg (2048x2048): decode=213.0ms, convert=33.8ms, linear=217.8ms, total=464.7ms
[2026-03-15T09:09:17Z INFO  bif_viewport::texture_loader] UDIM atlas: 1 tiles -> 2048x2048 (1x1 grid, tile 2048x2048)
[2026-03-15T09:09:17Z INFO  bif_core::texture] Texture chemistry_test_tube02_Normal_openGL.1001.jpg (2048x2048): decode=272.6ms, convert=20.9ms, linear=185.4ms, total=478.8ms
[2026-03-15T09:09:17Z INFO  bif_viewport::texture_loader] UDIM atlas: 1 tiles -> 2048x2048 (1x1 grid, tile 2048x2048)
[2026-03-15T09:09:17Z INFO  bif_core::texture] Texture electronics_wire_spool02_BaseColor.1002.jpg (2048x2048): decode=148.3ms, convert=16.1ms, linear=52.2ms, total=216.7ms
[2026-03-15T09:09:17Z INFO  bif_core::texture] Texture electronics_tesla_coil01_Roughness.1001.jpg (2048x2048): decode=309.5ms, convert=114.8ms, linear=69.0ms, total=493.4ms
[2026-03-15T09:09:17Z INFO  bif_core::texture] Texture electronics_portable_tv01_Metallic.1001.jpg (2048x2048): decode=43.1ms, convert=18.7ms, linear=148.0ms, total=209.8ms
[2026-03-15T09:09:17Z INFO  bif_core::texture] Texture electronics_cabling_Normal_openGL.1001.jpg (2048x2048): decode=453.9ms, convert=98.6ms, linear=111.5ms, total=664.0ms
[2026-03-15T09:09:17Z INFO  bif_viewport::texture_loader] UDIM atlas: 1 tiles -> 2048x2048 (1x1 grid, tile 2048x2048)
[2026-03-15T09:09:17Z INFO  bif_core::texture] Texture stationary_pencil02_proxyTexture.jpg (512x512): decode=107.7ms, convert=1.9ms, linear=5.0ms, total=114.7ms
[2026-03-15T09:09:17Z INFO  bif_core::texture] Texture chemistry_kipps_apparatus01_Roughness.1001.jpg (2048x2048): decode=420.5ms, convert=16.1ms, linear=279.9ms, total=716.4ms
[2026-03-15T09:09:17Z INFO  bif_core::texture] Texture vegetation_bonsai_branch03_BaseColor.1001.jpg (2048x2048): decode=171.8ms, convert=26.3ms, linear=92.5ms, total=290.6ms
[2026-03-15T09:09:17Z INFO  bif_core::texture] Texture electronics_wire_spool06_Roughness.1002.jpg (2048x2048): decode=151.5ms, convert=20.8ms, linear=106.0ms, total=278.3ms
[2026-03-15T09:09:17Z INFO  bif_core::texture] Texture electronics_tesla_coil01_BaseColor.1001.jpg (2048x2048): decode=602.0ms, convert=23.8ms, linear=89.5ms, total=715.3ms
[2026-03-15T09:09:17Z INFO  bif_core::texture] Texture chemistry_beaker_stand01_Normal_openGL.1002.jpg (2048x2048): decode=243.2ms, convert=22.2ms, linear=72.9ms, total=338.3ms
[2026-03-15T09:09:17Z INFO  bif_core::texture] Texture electronics_oscilloscope01_BaseColor.1001.jpg (2048x2048): decode=574.9ms, convert=26.5ms, linear=115.3ms, total=716.7ms
[2026-03-15T09:09:17Z INFO  bif_core::texture] Texture electronics_audio_generator01_Normal_openGL.1001.jpg (2048x2048): decode=577.4ms, convert=138.2ms, linear=84.1ms, total=799.8ms
[2026-03-15T09:09:17Z INFO  bif_core::texture] Texture electronics_audio_generator01_Roughness.1002.jpg (2048x2048): decode=65.2ms, convert=27.0ms, linear=61.4ms, total=153.6ms
[2026-03-15T09:09:17Z INFO  bif_core::texture] Texture chemistry_microscope01_Normal_openGL.1002.jpg (2048x2048): decode=197.3ms, convert=14.2ms, linear=60.5ms, total=272.0ms
[2026-03-15T09:09:17Z INFO  bif_core::texture] Texture furniture_workbench01_Roughness.1002.jpg (2048x2048): decode=221.3ms, convert=14.8ms, linear=82.3ms, total=318.5ms
[2026-03-15T09:09:17Z INFO  bif_core::texture] Texture electronics_audio_generator01_BaseColor.1002.jpg (2048x2048): decode=247.8ms, convert=29.6ms, linear=79.0ms, total=356.4ms
[2026-03-15T09:09:17Z INFO  bif_core::texture] Texture electronics_oscilloscope01_Roughness.1002.jpg (2048x2048): decode=170.1ms, convert=25.2ms, linear=84.4ms, total=279.8ms
[2026-03-15T09:09:17Z INFO  bif_core::texture] Texture chemistry_magnetic_stirrer01_Normal_openGL.1002.jpg (2048x2048): decode=210.7ms, convert=29.2ms, linear=92.4ms, total=332.3ms
[2026-03-15T09:09:17Z INFO  bif_core::texture] Texture decor_helmet_head01_BaseColor.1002.jpg (2048x2048): decode=289.2ms, convert=34.9ms, linear=91.0ms, total=415.1ms
[2026-03-15T09:09:17Z INFO  bif_core::texture] Texture electronics_oscilloscope01_Normal_openGL.1002.jpg (2048x2048): decode=208.3ms, convert=21.7ms, linear=74.9ms, total=304.9ms
[2026-03-15T09:09:17Z INFO  bif_core::texture] Texture electronics_portable_tv01_BaseColor.1002.jpg (2048x2048): decode=174.5ms, convert=28.1ms, linear=91.2ms, total=293.9ms
[2026-03-15T09:09:17Z INFO  bif_core::texture] Texture electronics_tesla_coil01_Normal_openGL.1002.jpg (2048x2048): decode=270.2ms, convert=32.6ms, linear=98.4ms, total=401.3ms
[2026-03-15T09:09:17Z INFO  bif_core::texture] Texture decor_wooden_box01_BaseColor.1002.jpg (2048x2048): decode=345.5ms, convert=32.2ms, linear=88.3ms, total=466.0ms
[2026-03-15T09:09:17Z INFO  bif_viewport::texture_loader] UDIM atlas: 2 tiles -> 4096x2048 (2x1 grid, tile 2048x2048)
[2026-03-15T09:09:17Z INFO  bif_core::texture] Texture electronics_portable_tv01_Metallic.1002.jpg (2048x2048): decode=140.5ms, convert=49.2ms, linear=92.7ms, total=282.5ms
[2026-03-15T09:09:17Z INFO  bif_viewport::texture_loader] UDIM atlas: 1 tiles -> 2048x2048 (1x1 grid, tile 2048x2048)
[2026-03-15T09:09:18Z INFO  bif_core::texture] Texture furniture_workbench01_BaseColor.1002.jpg (2048x2048): decode=381.1ms, convert=15.2ms, linear=50.3ms, total=446.6ms
[2026-03-15T09:09:18Z INFO  bif_core::texture] Texture electronics_audio_generator01_Metallic.1002.jpg (2048x2048): decode=75.6ms, convert=153.9ms, linear=95.0ms, total=324.5ms
[2026-03-15T09:09:18Z INFO  bif_core::texture] Texture chemistry_beaker02_Roughness.1001.jpg (2048x2048): decode=100.8ms, convert=16.8ms, linear=54.9ms, total=172.6ms
[2026-03-15T09:09:18Z INFO  bif_core::texture] Texture electronics_wire_spool01_BaseColor.1002.jpg (2048x2048): decode=543.6ms, convert=48.7ms, linear=178.3ms, total=770.5ms
[2026-03-15T09:09:18Z INFO  bif_core::texture] Texture chemistry_kipps_apparatus01_Roughness.1002.jpg (2048x2048): decode=71.9ms, convert=20.4ms, linear=48.5ms, total=140.8ms
[2026-03-15T09:09:18Z INFO  bif_core::texture] Texture vegetation_bonsai_branch03_Roughness.1001.png (2048x2048): decode=75.6ms, convert=18.7ms, linear=50.4ms, total=144.7ms
[2026-03-15T09:09:18Z INFO  bif_viewport::texture_loader] UDIM atlas: 2 tiles -> 4096x2048 (2x1 grid, tile 2048x2048)
[2026-03-15T09:09:18Z INFO  bif_core::texture] Texture stationary_set_square01_Roughness.1001.jpg (2048x2048): decode=64.8ms, convert=19.0ms, linear=47.7ms, total=131.6ms
[2026-03-15T09:09:18Z INFO  bif_core::texture] Texture electronics_audio_generator01_Roughness.1003.jpg (2048x2048): decode=205.2ms, convert=19.1ms, linear=45.9ms, total=270.2ms
[2026-03-15T09:09:18Z INFO  bif_viewport::texture_loader] UDIM atlas: 1 tiles -> 2048x2048 (1x1 grid, tile 2048x2048)
[2026-03-15T09:09:18Z INFO  bif_core::texture] Texture chemistry_test_tube03_proxyTexture.jpg (512x512): decode=16.2ms, convert=1.4ms, linear=3.5ms, total=21.1ms
[2026-03-15T09:09:18Z INFO  bif_viewport::texture_loader] UDIM atlas: 2 tiles -> 4096x2048 (2x1 grid, tile 2048x2048)
[2026-03-15T09:09:18Z INFO  bif_core::texture] Texture furniture_workbench01_Roughness.1003.jpg (2048x2048): decode=121.4ms, convert=23.6ms, linear=54.5ms, total=199.5ms
[2026-03-15T09:09:18Z INFO  bif_core::texture] Texture chemistry_microscope01_Normal_openGL.1003.jpg (2048x2048): decode=231.2ms, convert=20.8ms, linear=84.6ms, total=336.7ms
[2026-03-15T09:09:18Z INFO  bif_core::texture] Texture chemistry_beaker_rack01_Roughness.1001.jpg (2048x2048): decode=74.5ms, convert=84.3ms, linear=102.3ms, total=261.2ms
[2026-03-15T09:09:18Z INFO  bif_core::texture] Texture electronics_oscilloscope01_Roughness.1003.jpg (2048x2048): decode=121.6ms, convert=42.2ms, linear=103.8ms, total=267.6ms
[2026-03-15T09:09:18Z INFO  bif_core::texture] Texture decor_wooden_box01_BaseColor.1003.jpg (2048x2048): decode=136.8ms, convert=26.9ms, linear=113.4ms, total=277.1ms
[2026-03-15T09:09:18Z INFO  bif_core::texture] Texture electronics_portable_tv01_BaseColor.1003.jpg (2048x2048): decode=143.2ms, convert=23.6ms, linear=81.0ms, total=247.9ms
[2026-03-15T09:09:18Z INFO  bif_core::texture] Texture chemistry_magnetic_stirrer01_Normal_openGL.1011.jpg (2048x2048): decode=124.8ms, convert=26.6ms, linear=77.0ms, total=228.4ms
[2026-03-15T09:09:18Z INFO  bif_core::texture] Texture electronics_oscilloscope01_Normal_openGL.1003.jpg (2048x2048): decode=143.3ms, convert=36.8ms, linear=95.0ms, total=275.2ms
[2026-03-15T09:09:18Z INFO  bif_core::texture] Texture electronics_tesla_coil01_Normal_openGL.1003.jpg (2048x2048): decode=168.8ms, convert=38.6ms, linear=75.4ms, total=282.9ms
[2026-03-15T09:09:18Z INFO  bif_core::texture] Texture electronics_audio_generator01_BaseColor.1003.jpg (2048x2048): decode=237.7ms, convert=47.0ms, linear=91.2ms, total=375.8ms
[2026-03-15T09:09:18Z INFO  bif_viewport::texture_loader] UDIM atlas: 1 tiles -> 2048x2048 (1x1 grid, tile 2048x2048)
[2026-03-15T09:09:18Z INFO  bif_core::texture] Texture electronics_wire_spool02_Roughness.1001.jpg (2048x2048): decode=49.8ms, convert=48.5ms, linear=65.1ms, total=163.4ms
[2026-03-15T09:09:18Z INFO  bif_core::texture] Texture chemistry_bottle01_proxyTexture.jpg (512x512): decode=299.4ms, convert=1.4ms, linear=2.9ms, total=303.7ms
[2026-03-15T09:09:18Z INFO  bif_core::texture] Texture chemistry_kipps_apparatus01_BaseColor.1002.jpg (2048x2048): decode=482.2ms, convert=126.7ms, linear=270.2ms, total=879.0ms
[2026-03-15T09:09:18Z INFO  bif_viewport::texture_loader] UDIM atlas: 1 tiles -> 2048x2048 (1x1 grid, tile 2048x2048)
[2026-03-15T09:09:18Z INFO  bif_core::texture] Texture vegetation_bonsai_branch03_Normal_openGL.1001.png (2048x2048): decode=86.3ms, convert=17.1ms, linear=42.0ms, total=145.4ms
[2026-03-15T09:09:18Z INFO  bif_core::texture] Texture electronics_tesla_coil01_Roughness.1002.jpg (2048x2048): decode=78.7ms, convert=203.4ms, linear=299.2ms, total=581.3ms
[2026-03-15T09:09:18Z INFO  bif_core::texture] Texture electronics_tesla_coil01_BaseColor.1002.jpg (2048x2048): decode=448.3ms, convert=14.3ms, linear=54.2ms, total=516.8ms
[2026-03-15T09:09:18Z INFO  bif_core::texture] Texture electronics_audio_generator01_Roughness.1004.jpg (2048x2048): decode=104.2ms, convert=14.8ms, linear=57.2ms, total=176.2ms
[2026-03-15T09:09:18Z INFO  bif_core::texture] Texture furniture_workbench01_Roughness.1004.jpg (2048x2048): decode=88.3ms, convert=17.2ms, linear=62.6ms, total=168.1ms
[2026-03-15T09:09:18Z INFO  bif_viewport::texture_loader] UDIM atlas: 1 tiles -> 2048x2048 (1x1 grid, tile 2048x2048)
[2026-03-15T09:09:18Z INFO  bif_core::texture] Texture electronics_audio_generator01_Metallic.1003.jpg (2048x2048): decode=276.6ms, convert=35.5ms, linear=384.6ms, total=696.7ms
[2026-03-15T09:09:18Z INFO  bif_core::texture] Texture electronics_oscilloscope01_BaseColor.1002.jpg (2048x2048): decode=323.1ms, convert=27.2ms, linear=494.8ms, total=845.0ms
[2026-03-15T09:09:18Z INFO  bif_core::texture] Texture decor_helmet_head01_Roughness.1001.jpg (2048x2048): decode=173.2ms, convert=18.7ms, linear=53.4ms, total=245.3ms
[2026-03-15T09:09:18Z INFO  bif_core::texture] Texture electronics_audio_generator01_Normal_openGL.1002.jpg (2048x2048): decode=220.8ms, convert=180.7ms, linear=222.0ms, total=623.6ms
[2026-03-15T09:09:18Z INFO  bif_core::texture] Texture electronics_portable_tv01_Metallic.1003.jpg (2048x2048): decode=40.1ms, convert=19.5ms, linear=51.1ms, total=110.6ms
[2026-03-15T09:09:18Z INFO  bif_core::texture] Texture chemistry_microscope01_Normal_openGL.1011.jpg (2048x2048): decode=91.6ms, convert=13.3ms, linear=54.7ms, total=159.5ms
[2026-03-15T09:09:18Z INFO  bif_core::texture] Texture chemistry_microscope01_BaseColor.1002.jpg (2048x2048): decode=440.4ms, convert=243.0ms, linear=460.7ms, total=1144.1ms
[2026-03-15T09:09:18Z INFO  bif_core::texture] Texture electronics_oscilloscope01_Roughness.1004.jpg (2048x2048): decode=73.1ms, convert=22.9ms, linear=65.8ms, total=161.8ms
[2026-03-15T09:09:18Z INFO  bif_core::texture] Texture vegetation_bonsai_twig01_proxyTexture.jpg (512x512): decode=21.1ms, convert=1.4ms, linear=3.7ms, total=26.2ms
[2026-03-15T09:09:18Z INFO  bif_viewport::texture_loader] UDIM atlas: 3 tiles -> 4096x4096 (2x2 grid, tile 2048x2048)
[2026-03-15T09:09:18Z INFO  bif_core::texture] Texture electronics_cabling_Normal_openGL.1002.jpg (2048x2048): decode=459.3ms, convert=54.8ms, linear=55.9ms, total=570.0ms
[2026-03-15T09:09:19Z INFO  bif_core::texture] Texture chemistry_test_tube01_proxyTexture.jpg (512x512): decode=14.4ms, convert=1.9ms, linear=7.1ms, total=23.4ms
[2026-03-15T09:09:19Z INFO  bif_core::texture] Texture decor_wooden_box01_BaseColor.1011.jpg (2048x2048): decode=177.0ms, convert=17.5ms, linear=74.0ms, total=268.4ms
[2026-03-15T09:09:19Z INFO  bif_core::texture] Texture electronics_portable_tv01_BaseColor.1004.jpg (2048x2048): decode=187.9ms, convert=22.8ms, linear=73.2ms, total=284.0ms
[2026-03-15T09:09:19Z INFO  bif_core::texture] Texture electronics_audio_generator01_BaseColor.1004.jpg (2048x2048): decode=141.6ms, convert=25.4ms, linear=73.3ms, total=240.3ms
[2026-03-15T09:09:19Z INFO  bif_core::texture] Texture electronics_oscilloscope01_Normal_openGL.1004.jpg (2048x2048): decode=153.3ms, convert=24.2ms, linear=70.6ms, total=248.1ms
[2026-03-15T09:09:19Z INFO  bif_core::texture] Texture electronics_wire_spool02_Roughness.1002.jpg (2048x2048): decode=137.2ms, convert=39.1ms, linear=68.9ms, total=245.2ms
[2026-03-15T09:09:19Z INFO  bif_core::texture] Texture chemistry_beaker02_Normal_openGL.1001.jpg (2048x2048): decode=105.5ms, convert=28.2ms, linear=68.6ms, total=202.3ms
[2026-03-15T09:09:19Z INFO  bif_core::texture] Texture electronics_tesla_coil01_Normal_openGL.1004.jpg (2048x2048): decode=159.8ms, convert=24.8ms, linear=90.5ms, total=275.1ms
[2026-03-15T09:09:19Z INFO  bif_core::texture] Texture stationary_pencil02_BaseColor.1001.jpg (2048x2048): decode=517.4ms, convert=188.1ms, linear=79.6ms, total=785.1ms
[2026-03-15T09:09:19Z INFO  bif_viewport::texture_loader] UDIM atlas: 2 tiles -> 4096x2048 (2x1 grid, tile 2048x2048)
[2026-03-15T09:09:19Z INFO  bif_core::texture] Texture stationary_set_square01_Normal_openGL.1001.jpg (2048x2048): decode=112.5ms, convert=14.7ms, linear=47.8ms, total=174.9ms
[2026-03-15T09:09:19Z INFO  bif_core::texture] Texture vegetation_bonsai_twig01_BaseColor.1001.jpg (2048x2048): decode=217.9ms, convert=14.6ms, linear=42.4ms, total=275.0ms
[2026-03-15T09:09:19Z INFO  bif_core::texture] Texture electronics_audio_generator01_Roughness.1005.jpg (2048x2048): decode=74.7ms, convert=13.5ms, linear=53.7ms, total=141.9ms
[2026-03-15T09:09:19Z INFO  bif_core::texture] Texture decor_helmet_head01_Roughness.1002.jpg (2048x2048): decode=44.0ms, convert=17.3ms, linear=53.8ms, total=115.1ms
[2026-03-15T09:09:19Z INFO  bif_viewport::texture_loader] UDIM atlas: 2 tiles -> 4096x2048 (2x1 grid, tile 2048x2048)
[2026-03-15T09:09:19Z INFO  bif_core::texture] Texture furniture_workbench01_Roughness.1011.jpg (2048x2048): decode=141.4ms, convert=16.3ms, linear=53.9ms, total=211.7ms
[2026-03-15T09:09:19Z INFO  bif_core::texture] Texture furniture_workbench01_BaseColor.1003.jpg (2048x2048): decode=436.6ms, convert=22.2ms, linear=49.5ms, total=508.3ms
[2026-03-15T09:09:19Z INFO  bif_core::texture] Texture chemistry_beaker_rack01_Metallic.1001.jpg (2048x2048): decode=53.2ms, convert=24.5ms, linear=52.0ms, total=129.8ms
[2026-03-15T09:09:19Z INFO  bif_core::texture] Texture electronics_oscilloscope01_Roughness.1011.jpg (2048x2048): decode=66.9ms, convert=18.0ms, linear=50.8ms, total=135.7ms
[2026-03-15T09:09:19Z INFO  bif_core::texture] Texture chemistry_microscope01_Normal_openGL.1012.jpg (2048x2048): decode=100.7ms, convert=18.0ms, linear=70.1ms, total=188.7ms
[2026-03-15T09:09:19Z INFO  bif_core::texture] Texture chemistry_bottle01_BaseColor.1001.jpg (2048x2048): decode=388.0ms, convert=67.7ms, linear=135.4ms, total=591.1ms
[2026-03-15T09:09:19Z INFO  bif_core::texture] Texture chemistry_test_tube03_BaseColor.1001.jpg (2048x2048): decode=317.6ms, convert=31.8ms, linear=46.0ms, total=395.4ms
[2026-03-15T09:09:19Z INFO  bif_viewport::texture_loader] UDIM atlas: 1 tiles -> 2048x2048 (1x1 grid, tile 2048x2048)
[2026-03-15T09:09:19Z INFO  bif_viewport::texture_loader] UDIM atlas: 2 tiles -> 4096x2048 (2x1 grid, tile 2048x2048)
[2026-03-15T09:09:19Z INFO  bif_core::texture] Texture chemistry_beaker03_proxyTexture.jpg (512x512): decode=17.8ms, convert=1.6ms, linear=4.7ms, total=24.1ms
[2026-03-15T09:09:19Z INFO  bif_viewport::texture_loader] UDIM atlas: 1 tiles -> 2048x2048 (1x1 grid, tile 2048x2048)
[2026-03-15T09:09:19Z INFO  bif_core::texture] Texture electronics_tesla_coil01_BaseColor.1003.jpg (2048x2048): decode=207.2ms, convert=44.9ms, linear=61.1ms, total=313.2ms
[2026-03-15T09:09:19Z INFO  bif_core::texture] Texture stationary_set_square02_proxyTexture.jpg (512x512): decode=14.2ms, convert=1.3ms, linear=5.8ms, total=21.3ms
[2026-03-15T09:09:19Z INFO  bif_viewport::texture_loader] UDIM atlas: 1 tiles -> 2048x2048 (1x1 grid, tile 2048x2048)
[2026-03-15T09:09:19Z INFO  bif_core::texture] Texture chemistry_kipps_apparatus01_Roughness.1003.jpg (2048x2048): decode=128.5ms, convert=39.7ms, linear=122.1ms, total=290.3ms
[2026-03-15T09:09:19Z INFO  bif_viewport::texture_loader] UDIM atlas: 2 tiles -> 4096x2048 (2x1 grid, tile 2048x2048)
[2026-03-15T09:09:19Z INFO  bif_core::texture] Texture electronics_portable_tv01_BaseColor.1005.jpg (2048x2048): decode=204.4ms, convert=28.5ms, linear=110.6ms, total=343.5ms
[2026-03-15T09:09:19Z INFO  bif_core::texture] Texture electronics_portable_tv01_Metallic.1004.jpg (2048x2048): decode=305.6ms, convert=25.4ms, linear=171.1ms, total=502.1ms
[2026-03-15T09:09:19Z INFO  bif_core::texture] Texture vegetation_bonsai_twig01_Roughness.1001.png (2048x2048): decode=67.5ms, convert=23.1ms, linear=100.9ms, total=191.6ms
[2026-03-15T09:09:19Z INFO  bif_core::texture] Texture decor_wooden_box01_BaseColor.1012.jpg (2048x2048): decode=256.8ms, convert=21.8ms, linear=112.3ms, total=391.0ms
[2026-03-15T09:09:19Z INFO  bif_core::texture] Texture electronics_oscilloscope01_Normal_openGL.1011.jpg (2048x2048): decode=153.2ms, convert=52.3ms, linear=94.7ms, total=300.3ms
[2026-03-15T09:09:19Z INFO  bif_core::texture] Texture electronics_tesla_coil01_Normal_openGL.1005.jpg (2048x2048): decode=132.9ms, convert=25.5ms, linear=109.2ms, total=267.6ms
[2026-03-15T09:09:19Z INFO  bif_viewport::texture_loader] UDIM atlas: 1 tiles -> 2048x2048 (1x1 grid, tile 2048x2048)
[2026-03-15T09:09:19Z INFO  bif_viewport::texture_loader] UDIM atlas: 1 tiles -> 2048x2048 (1x1 grid, tile 2048x2048)
[2026-03-15T09:09:19Z INFO  bif_core::texture] Texture electronics_audio_generator01_BaseColor.1005.jpg (2048x2048): decode=188.5ms, convert=27.4ms, linear=118.6ms, total=334.5ms
[2026-03-15T09:09:19Z INFO  bif_core::texture] Texture electronics_audio_generator01_Roughness.1011.jpg (2048x2048): decode=100.2ms, convert=29.4ms, linear=109.2ms, total=238.8ms
[2026-03-15T09:09:19Z INFO  bif_core::texture] Texture electronics_cabling_Normal_openGL.1003.jpg (2048x2048): decode=229.9ms, convert=75.6ms, linear=118.8ms, total=424.3ms
[2026-03-15T09:09:19Z INFO  bif_core::texture] Texture electronics_audio_generator01_Metallic.1004.jpg (2048x2048): decode=128.5ms, convert=32.6ms, linear=144.0ms, total=305.1ms
[2026-03-15T09:09:19Z INFO  bif_core::texture] Texture electronics_tesla_coil01_Roughness.1003.jpg (2048x2048): decode=346.5ms, convert=116.3ms, linear=112.4ms, total=575.2ms
[2026-03-15T09:09:19Z INFO  bif_core::texture] Texture chemistry_kipps_apparatus01_BaseColor.1003.jpg (2048x2048): decode=281.9ms, convert=35.1ms, linear=102.5ms, total=419.5ms
[2026-03-15T09:09:19Z INFO  bif_core::texture] Texture furniture_workbench01_Roughness.1012.jpg (2048x2048): decode=144.2ms, convert=30.7ms, linear=96.4ms, total=271.4ms
[2026-03-15T09:09:20Z INFO  bif_core::texture] Texture electronics_oscilloscope01_Roughness.1012.jpg (2048x2048): decode=104.5ms, convert=30.3ms, linear=79.9ms, total=214.7ms
[2026-03-15T09:09:20Z INFO  bif_core::texture] Texture electronics_audio_generator01_Normal_openGL.1003.jpg (2048x2048): decode=364.5ms, convert=32.4ms, linear=78.9ms, total=475.8ms
[2026-03-15T09:09:20Z INFO  bif_core::texture] Texture chemistry_test_tube01_BaseColor.1001.jpg (2048x2048): decode=124.1ms, convert=34.1ms, linear=96.2ms, total=254.4ms
[2026-03-15T09:09:20Z INFO  bif_viewport::texture_loader] UDIM atlas: 1 tiles -> 2048x2048 (1x1 grid, tile 2048x2048)
[2026-03-15T09:09:20Z INFO  bif_viewport::texture_loader] UDIM atlas: 5 tiles -> 6144x4096 (3x2 grid, tile 2048x2048)
[2026-03-15T09:09:20Z INFO  bif_core::texture] Texture electronics_oscilloscope01_BaseColor.1003.jpg (2048x2048): decode=235.0ms, convert=27.6ms, linear=142.3ms, total=404.9ms
[2026-03-15T09:09:20Z INFO  bif_core::texture] Texture chemistry_microscope01_BaseColor.1003.jpg (2048x2048): decode=443.0ms, convert=161.3ms, linear=110.7ms, total=715.0ms
[2026-03-15T09:09:20Z INFO  bif_core::texture] Texture decor_foam_hand01_proxyTexture.jpg (512x512): decode=29.3ms, convert=1.5ms, linear=3.2ms, total=34.1ms
[2026-03-15T09:09:20Z INFO  bif_core::texture] Texture electronics_portable_tv01_BaseColor.1011.jpg (2048x2048): decode=203.8ms, convert=16.7ms, linear=42.9ms, total=263.4ms
[2026-03-15T09:09:20Z INFO  bif_viewport::texture_loader] UDIM atlas: 3 tiles -> 6144x2048 (3x1 grid, tile 2048x2048)
[2026-03-15T09:09:20Z INFO  bif_viewport::texture_loader] UDIM atlas: 1 tiles -> 2048x2048 (1x1 grid, tile 2048x2048)
[2026-03-15T09:09:20Z INFO  bif_core::texture] Texture electronics_audio_generator01_Metallic.1005.jpg (2048x2048): decode=71.8ms, convert=29.0ms, linear=95.5ms, total=196.4ms
[2026-03-15T09:09:20Z INFO  bif_core::texture] Texture electronics_portable_tv01_Metallic.1005.jpg (2048x2048): decode=70.5ms, convert=23.4ms, linear=157.8ms, total=251.7ms
[2026-03-15T09:09:20Z INFO  bif_core::texture] Texture electronics_wire_spool06_Metallic.1001.jpg (2048x2048): decode=48.1ms, convert=20.9ms, linear=120.2ms, total=189.3ms
[2026-03-15T09:09:20Z INFO  bif_core::texture] Texture electronics_oscilloscope01_Normal_openGL.1012.jpg (2048x2048): decode=133.5ms, convert=30.2ms, linear=71.6ms, total=235.4ms
[2026-03-15T09:09:20Z INFO  bif_core::texture] Texture furniture_workbench01_BaseColor.1004.jpg (2048x2048): decode=347.8ms, convert=20.3ms, linear=81.8ms, total=449.9ms
[2026-03-15T09:09:20Z INFO  bif_core::texture] Texture decor_wooden_box01_BaseColor.1013.jpg (2048x2048): decode=153.3ms, convert=19.8ms, linear=83.9ms, total=257.0ms
[2026-03-15T09:09:20Z INFO  bif_core::texture] Texture vegetation_bonsai_twig01_Normal_openGL.1001.png (2048x2048): decode=108.6ms, convert=20.3ms, linear=122.9ms, total=251.8ms
[2026-03-15T09:09:20Z INFO  bif_core::texture] Texture electronics_tesla_coil01_BaseColor.1004.jpg (2048x2048): decode=169.6ms, convert=23.2ms, linear=76.3ms, total=269.1ms
[2026-03-15T09:09:20Z INFO  bif_core::texture] Texture electronics_tesla_coil01_Normal_openGL.1011.jpg (2048x2048): decode=115.9ms, convert=28.3ms, linear=62.9ms, total=207.1ms
[2026-03-15T09:09:20Z INFO  bif_core::texture] Texture electronics_audio_generator01_Roughness.1012.jpg (2048x2048): decode=119.9ms, convert=24.1ms, linear=78.1ms, total=222.1ms
[2026-03-15T09:09:20Z INFO  bif_viewport::texture_loader] UDIM atlas: 3 tiles -> 6144x2048 (3x1 grid, tile 2048x2048)
[2026-03-15T09:09:20Z INFO  bif_core::texture] Texture electronics_audio_generator01_BaseColor.1011.jpg (2048x2048): decode=178.1ms, convert=23.1ms, linear=66.0ms, total=267.2ms
[2026-03-15T09:09:20Z INFO  bif_core::texture] Texture electronics_portable_tv01_Metallic.1011.jpg (2048x2048): decode=84.5ms, convert=14.6ms, linear=63.7ms, total=162.7ms
[2026-03-15T09:09:20Z INFO  bif_core::texture] Texture electronics_portable_tv01_BaseColor.1012.jpg (2048x2048): decode=153.2ms, convert=15.1ms, linear=62.8ms, total=231.1ms
[2026-03-15T09:09:20Z INFO  bif_core::texture] Texture furniture_workbench01_Roughness.1013.jpg (2048x2048): decode=115.3ms, convert=23.9ms, linear=66.8ms, total=206.0ms
[2026-03-15T09:09:20Z INFO  bif_core::texture] Texture electronics_tesla_coil01_Roughness.1004.jpg (2048x2048): decode=64.4ms, convert=17.8ms, linear=80.4ms, total=162.6ms
[2026-03-15T09:09:20Z INFO  bif_core::texture] Texture electronics_oscilloscope01_Roughness.1013.jpg (2048x2048): decode=135.1ms, convert=16.9ms, linear=69.5ms, total=221.6ms
[2026-03-15T09:09:20Z INFO  bif_core::texture] Texture electronics_cabling_Normal_openGL.1004.jpg (2048x2048): decode=221.2ms, convert=23.3ms, linear=43.3ms, total=287.7ms
[2026-03-15T09:09:20Z INFO  bif_core::texture] Texture chemistry_beaker03_BaseColor.1001.jpg (2048x2048): decode=120.7ms, convert=23.2ms, linear=55.8ms, total=199.8ms
[2026-03-15T09:09:20Z INFO  bif_core::texture] Texture electronics_wire_spool02_Metallic.1001.jpg (2048x2048): decode=68.5ms, convert=78.0ms, linear=47.9ms, total=194.5ms
[2026-03-15T09:09:20Z INFO  bif_core::texture] Texture electronics_audio_generator01_Metallic.1011.jpg (2048x2048): decode=34.3ms, convert=21.8ms, linear=108.4ms, total=164.5ms
[2026-03-15T09:09:20Z INFO  bif_viewport::texture_loader] UDIM atlas: 1 tiles -> 2048x2048 (1x1 grid, tile 2048x2048)
[2026-03-15T09:09:20Z INFO  bif_core::texture] Texture chemistry_microscope01_BaseColor.1011.jpg (2048x2048): decode=244.7ms, convert=17.5ms, linear=82.6ms, total=344.8ms
[2026-03-15T09:09:20Z INFO  bif_core::texture] Texture electronics_oscilloscope01_BaseColor.1004.jpg (2048x2048): decode=241.0ms, convert=26.4ms, linear=77.5ms, total=344.8ms
[2026-03-15T09:09:20Z INFO  bif_core::texture] Texture electronics_audio_generator01_Normal_openGL.1004.jpg (2048x2048): decode=226.2ms, convert=42.2ms, linear=83.6ms, total=352.0ms
[2026-03-15T09:09:20Z INFO  bif_core::texture] Texture chemistry_test_tube03_Roughness.1001.jpg (2048x2048): decode=135.4ms, convert=42.1ms, linear=93.4ms, total=270.9ms
[2026-03-15T09:09:20Z INFO  bif_core::texture] Texture vegetation_bonsai_twig02_proxyTexture.jpg (512x512): decode=57.2ms, convert=1.3ms, linear=4.3ms, total=62.8ms
[2026-03-15T09:09:20Z INFO  bif_core::texture] Texture electronics_portable_tv01_Metallic.1012.jpg (2048x2048): decode=155.1ms, convert=35.8ms, linear=55.3ms, total=246.3ms
[2026-03-15T09:09:20Z INFO  bif_core::texture] Texture stationary_set_square02_BaseColor.1001.jpg (2048x2048): decode=183.8ms, convert=23.2ms, linear=117.0ms, total=324.0ms
[2026-03-15T09:09:20Z INFO  bif_viewport::texture_loader] UDIM atlas: 6 tiles -> 6144x4096 (3x2 grid, tile 2048x2048)
[2026-03-15T09:09:21Z INFO  bif_core::texture] Texture electronics_audio_generator01_Roughness.1013.jpg (2048x2048): decode=96.8ms, convert=20.6ms, linear=71.2ms, total=188.6ms
[2026-03-15T09:09:21Z INFO  bif_core::texture] Texture electronics_oscilloscope01_Normal_openGL.1013.jpg (2048x2048): decode=196.7ms, convert=20.7ms, linear=59.4ms, total=276.8ms
[2026-03-15T09:09:21Z INFO  bif_core::texture] Texture electronics_wire_spool02_Metallic.1002.jpg (2048x2048): decode=136.2ms, convert=20.6ms, linear=91.8ms, total=248.7ms
[2026-03-15T09:09:21Z INFO  bif_core::texture] Texture electronics_wire_spool06_Metallic.1002.jpg (2048x2048): decode=265.9ms, convert=26.7ms, linear=69.3ms, total=361.9ms
[2026-03-15T09:09:21Z INFO  bif_core::texture] Texture electronics_tesla_coil01_BaseColor.1005.jpg (2048x2048): decode=148.7ms, convert=21.7ms, linear=69.9ms, total=240.3ms
[2026-03-15T09:09:21Z INFO  bif_core::texture] Texture electronics_audio_generator01_BaseColor.1012.jpg (2048x2048): decode=155.7ms, convert=22.7ms, linear=73.2ms, total=251.6ms
[2026-03-15T09:09:21Z INFO  bif_core::texture] Texture vegetation_bonsai_twig02_BaseColor.1001.jpg (2048x2048): decode=176.2ms, convert=21.4ms, linear=92.2ms, total=289.9ms
[2026-03-15T09:09:21Z INFO  bif_core::texture] Texture furniture_workbench01_Roughness.1014.jpg (2048x2048): decode=122.8ms, convert=19.0ms, linear=95.4ms, total=237.1ms
[2026-03-15T09:09:21Z INFO  bif_core::texture] Texture electronics_oscilloscope01_Roughness.1014.jpg (2048x2048): decode=83.6ms, convert=21.3ms, linear=104.1ms, total=209.1ms
[2026-03-15T09:09:21Z INFO  bif_core::texture] Texture electronics_tesla_coil01_Normal_openGL.1012.jpg (2048x2048): decode=250.3ms, convert=40.4ms, linear=76.5ms, total=367.3ms
[2026-03-15T09:09:21Z INFO  bif_core::texture] Texture electronics_portable_tv01_BaseColor.1013.jpg (2048x2048): decode=142.9ms, convert=26.5ms, linear=69.8ms, total=239.2ms
[2026-03-15T09:09:21Z INFO  bif_core::texture] Texture decor_helmet_head01_Metallic.1001.jpg (2048x2048): decode=146.9ms, convert=19.7ms, linear=67.1ms, total=233.6ms
[2026-03-15T09:09:21Z INFO  bif_core::texture] Texture furniture_workbench01_BaseColor.1011.jpg (2048x2048): decode=302.4ms, convert=21.9ms, linear=56.9ms, total=381.3ms
[2026-03-15T09:09:21Z INFO  bif_viewport::texture_loader] UDIM atlas: 1 tiles -> 2048x2048 (1x1 grid, tile 2048x2048)
[2026-03-15T09:09:21Z INFO  bif_viewport::texture_loader] UDIM atlas: 2 tiles -> 4096x2048 (2x1 grid, tile 2048x2048)
[2026-03-15T09:09:21Z INFO  bif_core::texture] Texture electronics_portable_tv01_Metallic.1013.jpg (2048x2048): decode=122.7ms, convert=20.0ms, linear=85.0ms, total=227.6ms
[2026-03-15T09:09:21Z INFO  bif_viewport::texture_loader] UDIM atlas: 1 tiles -> 2048x2048 (1x1 grid, tile 2048x2048)
[2026-03-15T09:09:21Z INFO  bif_core::texture] Texture chemistry_beaker_rack01_Normal_openGL.1001.jpg (2048x2048): decode=126.0ms, convert=36.5ms, linear=87.9ms, total=250.4ms
[2026-03-15T09:09:21Z INFO  bif_core::texture] Texture electronics_audio_generator01_Metallic.1012.jpg (2048x2048): decode=74.7ms, convert=82.3ms, linear=140.8ms, total=297.9ms
[2026-03-15T09:09:21Z INFO  bif_core::texture] Texture electronics_tesla_coil01_Roughness.1005.jpg (2048x2048): decode=109.4ms, convert=92.3ms, linear=75.3ms, total=277.0ms
[2026-03-15T09:09:21Z INFO  bif_core::texture] Texture electronics_wire_spool01_Roughness.1001.jpg (2048x2048): decode=71.5ms, convert=21.9ms, linear=57.6ms, total=150.9ms
[2026-03-15T09:09:21Z INFO  bif_viewport::texture_loader] UDIM atlas: 2 tiles -> 4096x2048 (2x1 grid, tile 2048x2048)
[2026-03-15T09:09:21Z INFO  bif_core::texture] Texture electronics_cabling_Normal_openGL.1011.jpg (2048x2048): decode=191.4ms, convert=17.7ms, linear=65.4ms, total=274.5ms
[2026-03-15T09:09:21Z INFO  bif_core::texture] Texture electronics_oscilloscope01_BaseColor.1011.jpg (2048x2048): decode=235.4ms, convert=17.0ms, linear=61.0ms, total=313.4ms
[2026-03-15T09:09:21Z INFO  bif_core::texture] Texture electronics_audio_generator01_Roughness.1014.jpg (2048x2048): decode=75.5ms, convert=19.0ms, linear=56.1ms, total=150.6ms
[2026-03-15T09:09:21Z INFO  bif_core::texture] Texture chemistry_bottle01_Roughness.1001.jpg (2048x2048): decode=109.4ms, convert=17.2ms, linear=75.6ms, total=202.2ms
[2026-03-15T09:09:21Z INFO  bif_core::texture] Texture chemistry_microscope01_BaseColor.1012.jpg (2048x2048): decode=174.4ms, convert=58.2ms, linear=62.7ms, total=295.3ms
[2026-03-15T09:09:21Z INFO  bif_core::texture] Texture electronics_portable_tv01_Metallic.1014.jpg (2048x2048): decode=62.7ms, convert=16.1ms, linear=62.3ms, total=141.1ms
[2026-03-15T09:09:21Z INFO  bif_core::texture] Texture electronics_audio_generator01_Normal_openGL.1005.jpg (2048x2048): decode=150.8ms, convert=22.5ms, linear=73.5ms, total=246.7ms
[2026-03-15T09:09:21Z INFO  bif_core::texture] Texture vegetation_bonsai_twig02_Roughness.1001.png (2048x2048): decode=65.8ms, convert=18.3ms, linear=75.7ms, total=159.9ms
[2026-03-15T09:09:21Z INFO  bif_core::texture] Texture electronics_oscilloscope01_Normal_openGL.1014.jpg (2048x2048): decode=176.5ms, convert=27.1ms, linear=78.5ms, total=282.2ms
[2026-03-15T09:09:21Z INFO  bif_core::texture] Texture electronics_oscilloscope01_Roughness.1021.jpg (2048x2048): decode=66.5ms, convert=19.5ms, linear=74.1ms, total=160.1ms
[2026-03-15T09:09:21Z INFO  bif_core::texture] Texture BakedDiffuse_porc_hand.1001.jpg (2048x2048): decode=147.3ms, convert=28.2ms, linear=71.2ms, total=246.7ms
[2026-03-15T09:09:21Z INFO  bif_core::texture] Texture electronics_tesla_coil01_BaseColor.1011.jpg (2048x2048): decode=193.3ms, convert=21.5ms, linear=87.6ms, total=302.5ms
[2026-03-15T09:09:21Z INFO  bif_core::texture] Texture furniture_workbench01_Roughness.1021.jpg (2048x2048): decode=111.7ms, convert=24.6ms, linear=77.1ms, total=213.4ms
[2026-03-15T09:09:21Z INFO  bif_viewport::texture_loader] UDIM atlas: 1 tiles -> 2048x2048 (1x1 grid, tile 2048x2048)
[2026-03-15T09:09:21Z INFO  bif_core::texture] Texture decor_helmet_head01_Metallic.1002.jpg (2048x2048): decode=43.0ms, convert=29.3ms, linear=73.3ms, total=145.7ms
[2026-03-15T09:09:21Z INFO  bif_core::texture] Texture electronics_tesla_coil01_Normal_openGL.1013.jpg (2048x2048): decode=118.1ms, convert=23.7ms, linear=75.0ms, total=216.9ms
[2026-03-15T09:09:21Z INFO  bif_core::texture] Texture electronics_portable_tv01_BaseColor.1014.jpg (2048x2048): decode=137.1ms, convert=39.6ms, linear=74.4ms, total=251.1ms
[2026-03-15T09:09:21Z INFO  bif_core::texture] Texture chemistry_beaker_stand01_proxyTexture.jpg (512x512): decode=28.7ms, convert=1.0ms, linear=3.3ms, total=32.9ms
[2026-03-15T09:09:21Z INFO  bif_core::texture] Texture chemistry_test_tube01_Roughness.1001.jpg (2048x2048): decode=93.7ms, convert=22.2ms, linear=63.5ms, total=179.4ms
[2026-03-15T09:09:21Z INFO  bif_core::texture] Texture electronics_audio_generator01_BaseColor.1013.jpg (2048x2048): decode=198.5ms, convert=34.1ms, linear=84.1ms, total=316.8ms
[2026-03-15T09:09:21Z INFO  bif_core::texture] Texture stationary_pencil02_Roughness.1001.jpg (2048x2048): decode=108.8ms, convert=227.4ms, linear=87.3ms, total=423.6ms
[2026-03-15T09:09:21Z INFO  bif_viewport::texture_loader] UDIM atlas: 2 tiles -> 4096x2048 (2x1 grid, tile 2048x2048)
[2026-03-15T09:09:22Z INFO  bif_core::texture] Texture electronics_tesla_coil01_Roughness.1011.jpg (2048x2048): decode=279.8ms, convert=20.7ms, linear=54.1ms, total=354.6ms
[2026-03-15T09:09:22Z INFO  bif_core::texture] Texture chemistry_beaker03_Roughness.1001.jpg (2048x2048): decode=133.5ms, convert=23.0ms, linear=64.6ms, total=221.1ms
[2026-03-15T09:09:22Z INFO  bif_core::texture] Texture chemistry_kipps_apparatus01_Normal_openGL.1001.jpg (2048x2048): decode=178.3ms, convert=121.0ms, linear=65.9ms, total=365.2ms
[2026-03-15T09:09:22Z INFO  bif_core::texture] Texture decor_wooden_box01_Roughness.1001.jpg (2048x2048): decode=130.0ms, convert=18.0ms, linear=49.8ms, total=197.7ms
[2026-03-15T09:09:22Z INFO  bif_core::texture] Texture electronics_portable_tv01_Metallic.1021.jpg (2048x2048): decode=129.1ms, convert=76.1ms, linear=155.5ms, total=360.7ms
[2026-03-15T09:09:22Z INFO  bif_core::texture] Texture electronics_portable_tv01_BaseColor.1021.jpg (2048x2048): decode=117.4ms, convert=16.9ms, linear=75.6ms, total=209.8ms
[2026-03-15T09:09:22Z INFO  bif_core::texture] Texture furniture_workbench01_BaseColor.1012.jpg (2048x2048): decode=352.1ms, convert=158.1ms, linear=73.0ms, total=583.3ms
[2026-03-15T09:09:22Z INFO  bif_core::texture] Texture vegetation_bonsai_twig02_Normal_openGL.1001.png (2048x2048): decode=105.6ms, convert=18.1ms, linear=74.3ms, total=198.1ms
[2026-03-15T09:09:22Z INFO  bif_core::texture] Texture electronics_audio_generator01_Metallic.1013.jpg (2048x2048): decode=138.6ms, convert=39.6ms, linear=184.1ms, total=362.3ms
[2026-03-15T09:09:22Z INFO  bif_viewport::texture_loader] UDIM atlas: 1 tiles -> 2048x2048 (1x1 grid, tile 2048x2048)
[2026-03-15T09:09:22Z INFO  bif_core::texture] Texture stationary_set_square02_Roughness.1001.jpg (2048x2048): decode=74.8ms, convert=31.9ms, linear=118.2ms, total=224.8ms
[2026-03-15T09:09:22Z INFO  bif_viewport::texture_loader] UDIM atlas: 9 tiles -> 10240x4096 (5x2 grid, tile 2048x2048)
[2026-03-15T09:09:22Z INFO  bif_core::texture] Texture BakedDiffuse_porc_hand.1002.jpg (2048x2048): decode=130.8ms, convert=27.5ms, linear=143.0ms, total=301.3ms
[2026-03-15T09:09:22Z INFO  bif_core::texture] Texture electronics_oscilloscope01_Roughness.1022.jpg (2048x2048): decode=205.2ms, convert=42.3ms, linear=69.5ms, total=317.0ms
[2026-03-15T09:09:22Z INFO  bif_core::texture] Texture electronics_oscilloscope01_Normal_openGL.1021.jpg (2048x2048): decode=206.5ms, convert=28.1ms, linear=72.6ms, total=307.2ms
[2026-03-15T09:09:22Z INFO  bif_viewport::texture_loader] UDIM atlas: 1 tiles -> 2048x2048 (1x1 grid, tile 2048x2048)
[2026-03-15T09:09:22Z INFO  bif_core::texture] Texture furniture_workbench01_Roughness.1022.jpg (2048x2048): decode=193.4ms, convert=19.3ms, linear=68.6ms, total=281.3ms
[2026-03-15T09:09:22Z INFO  bif_core::texture] Texture electronics_wire_spool02_Normal_openGL.1001.jpg (2048x2048): decode=223.5ms, convert=22.0ms, linear=66.3ms, total=311.8ms
[2026-03-15T09:09:22Z INFO  bif_viewport::texture_loader] UDIM atlas: 1 tiles -> 2048x2048 (1x1 grid, tile 2048x2048)
[2026-03-15T09:09:22Z INFO  bif_core::texture] Texture decor_helmet_head01_proxyTexture.jpg (512x512): decode=29.8ms, convert=1.1ms, linear=6.2ms, total=37.2ms
[2026-03-15T09:09:22Z INFO  bif_core::texture] Texture electronics_tesla_coil01_Normal_openGL.1014.jpg (2048x2048): decode=192.6ms, convert=21.1ms, linear=68.5ms, total=282.2ms
[2026-03-15T09:09:22Z INFO  bif_core::texture] Texture electronics_audio_generator01_BaseColor.1014.jpg (2048x2048): decode=139.3ms, convert=18.7ms, linear=58.2ms, total=216.2ms
[2026-03-15T09:09:22Z INFO  bif_core::texture] Texture electronics_wire_spool01_Roughness.1002.jpg (2048x2048): decode=225.6ms, convert=131.2ms, linear=70.8ms, total=427.7ms
[2026-03-15T09:09:22Z INFO  bif_core::texture] Texture electronics_oscilloscope01_BaseColor.1012.jpg (2048x2048): decode=331.2ms, convert=24.8ms, linear=65.2ms, total=421.1ms
[2026-03-15T09:09:22Z INFO  bif_core::texture] Texture electronics_wire_spool06_Normal_openGL.1001.jpg (2048x2048): decode=336.8ms, convert=20.3ms, linear=54.9ms, total=412.1ms
[2026-03-15T09:09:22Z INFO  bif_core::texture] Texture decor_wooden_box01_Roughness.1002.jpg (2048x2048): decode=77.6ms, convert=18.5ms, linear=57.3ms, total=153.4ms
[2026-03-15T09:09:22Z INFO  bif_core::texture] Texture electronics_audio_generator01_Normal_openGL.1011.jpg (2048x2048): decode=353.9ms, convert=19.2ms, linear=60.3ms, total=433.3ms
[2026-03-15T09:09:22Z INFO  bif_viewport::texture_loader] UDIM atlas: 2 tiles -> 4096x2048 (2x1 grid, tile 2048x2048)
[2026-03-15T09:09:22Z INFO  bif_core::texture] Texture vegetation_bonsai_twig03_proxyTexture.jpg (512x512): decode=19.5ms, convert=6.6ms, linear=2.9ms, total=29.0ms
[2026-03-15T09:09:22Z INFO  bif_viewport::texture_loader] UDIM atlas: 1 tiles -> 2048x2048 (1x1 grid, tile 2048x2048)
[2026-03-15T09:09:22Z INFO  bif_core::texture] Texture electronics_cabling_Normal_openGL.1012.jpg (2048x2048): decode=481.7ms, convert=98.5ms, linear=53.1ms, total=633.4ms
[2026-03-15T09:09:22Z INFO  bif_viewport::texture_loader] UDIM atlas: 5 tiles -> 6144x4096 (3x2 grid, tile 2048x2048)
[2026-03-15T09:09:22Z INFO  bif_viewport::texture_loader] UDIM atlas: 1 tiles -> 2048x2048 (1x1 grid, tile 2048x2048)
[2026-03-15T09:09:22Z INFO  bif_core::texture] Texture electronics_portable_tv01_Metallic.1022.jpg (2048x2048): decode=143.1ms, convert=22.8ms, linear=145.1ms, total=311.1ms
[2026-03-15T09:09:22Z INFO  bif_core::texture] Texture decor_wooden_box01_proxyTexture.jpg (512x512): decode=21.8ms, convert=1.2ms, linear=3.8ms, total=26.7ms
[2026-03-15T09:09:22Z INFO  bif_core::texture] Texture chemistry_beaker_stand01_BaseColor.1001.jpg (2048x2048): decode=138.1ms, convert=22.2ms, linear=63.1ms, total=223.4ms
[2026-03-15T09:09:22Z INFO  bif_core::texture] Texture electronics_portable_tv01_BaseColor.1022.jpg (2048x2048): decode=134.7ms, convert=24.7ms, linear=59.2ms, total=218.7ms
[2026-03-15T09:09:22Z INFO  bif_core::texture] Texture chemistry_microscope01_Roughness.1001.jpg (2048x2048): decode=276.0ms, convert=97.2ms, linear=125.6ms, total=498.8ms
[2026-03-15T09:09:22Z INFO  bif_core::texture] Texture chemistry_test_tube03_Normal_openGL.1001.jpg (2048x2048): decode=236.8ms, convert=21.4ms, linear=150.0ms, total=408.1ms
[2026-03-15T09:09:22Z INFO  bif_core::texture] Texture electronics_audio_generator01_Metallic.1014.jpg (2048x2048): decode=88.2ms, convert=70.4ms, linear=102.2ms, total=260.8ms
[2026-03-15T09:09:22Z INFO  bif_core::texture] Texture vegetation_bonsai_twig03_BaseColor.1001.jpg (2048x2048): decode=151.2ms, convert=25.0ms, linear=93.8ms, total=270.0ms
[2026-03-15T09:09:22Z INFO  bif_core::texture] Texture furniture_workbench01_Roughness.1023.jpg (2048x2048): decode=74.2ms, convert=28.9ms, linear=86.0ms, total=189.2ms
[2026-03-15T09:09:22Z INFO  bif_core::texture] Texture chemistry_kipps_apparatus01_Normal_openGL.1002.jpg (2048x2048): decode=375.6ms, convert=21.8ms, linear=114.9ms, total=512.3ms
[2026-03-15T09:09:22Z INFO  bif_core::texture] Texture electronics_oscilloscope01_Roughness.1023.jpg (2048x2048): decode=152.0ms, convert=28.0ms, linear=80.8ms, total=260.8ms
[2026-03-15T09:09:22Z INFO  bif_core::texture] Texture decor_helmet_head01_Normal_openGL.1001.jpg (2048x2048): decode=168.7ms, convert=28.0ms, linear=81.1ms, total=277.8ms
[2026-03-15T09:09:23Z INFO  bif_core::texture] Texture electronics_oscilloscope01_Normal_openGL.1022.jpg (2048x2048): decode=165.7ms, convert=26.9ms, linear=73.7ms, total=266.3ms
[2026-03-15T09:09:23Z INFO  bif_core::texture] Texture decor_wooden_box01_Roughness.1003.jpg (2048x2048): decode=93.6ms, convert=15.4ms, linear=60.1ms, total=169.0ms
[2026-03-15T09:09:23Z INFO  bif_core::texture] Texture electronics_tesla_coil01_Roughness.1012.jpg (2048x2048): decode=168.7ms, convert=96.9ms, linear=414.3ms, total=680.0ms
[2026-03-15T09:09:23Z INFO  bif_core::texture] Texture electronics_wire_spool02_Normal_openGL.1002.jpg (2048x2048): decode=231.9ms, convert=34.1ms, linear=71.4ms, total=337.5ms
[2026-03-15T09:09:23Z INFO  bif_core::texture] Texture electronics_portable_tv01_Metallic.1023.jpg (2048x2048): decode=55.0ms, convert=114.8ms, linear=99.5ms, total=269.4ms
[2026-03-15T09:09:23Z INFO  bif_viewport::texture_loader] UDIM atlas: 2 tiles -> 4096x2048 (2x1 grid, tile 2048x2048)
[2026-03-15T09:09:23Z INFO  bif_viewport::texture_loader] UDIM atlas: 9 tiles -> 10240x4096 (5x2 grid, tile 2048x2048)
[2026-03-15T09:09:23Z INFO  bif_viewport::texture_loader] UDIM atlas: 9 tiles -> 10240x4096 (5x2 grid, tile 2048x2048)
[2026-03-15T09:09:23Z INFO  bif_core::texture] Texture electronics_tesla_coil01_BaseColor.1012.jpg (2048x2048): decode=553.0ms, convert=242.6ms, linear=234.6ms, total=1030.2ms
[2026-03-15T09:09:23Z INFO  bif_core::texture] Texture electronics_turntable01_proxyTexture.jpg (512x512): decode=75.4ms, convert=1.3ms, linear=4.0ms, total=80.7ms
[2026-03-15T09:09:23Z INFO  bif_core::texture] Texture vegetation_bonsai_trunk01_BaseColor.1001.jpg (2048x2048): decode=146.7ms, convert=28.7ms, linear=78.4ms, total=253.8ms
[2026-03-15T09:09:23Z INFO  bif_core::texture] Texture furniture_workbench01_BaseColor.1013.jpg (2048x2048): decode=506.2ms, convert=49.0ms, linear=72.2ms, total=627.4ms
[2026-03-15T09:09:23Z INFO  bif_core::texture] Texture electronics_oscilloscope01_BaseColor.1013.jpg (2048x2048): decode=357.8ms, convert=23.6ms, linear=50.5ms, total=431.9ms
[2026-03-15T09:09:23Z INFO  bif_core::texture] Texture chemistry_beaker03_Normal_openGL.1001.jpg (2048x2048): decode=139.3ms, convert=39.2ms, linear=94.8ms, total=273.4ms
[2026-03-15T09:09:23Z INFO  bif_core::texture] Texture electronics_oscilloscope01_Roughness.1024.jpg (2048x2048): decode=120.7ms, convert=20.0ms, linear=66.3ms, total=207.0ms
[2026-03-15T09:09:23Z INFO  bif_core::texture] Texture electronics_cabling_Normal_openGL.1013.jpg (2048x2048): decode=273.7ms, convert=26.6ms, linear=193.8ms, total=494.1ms
[2026-03-15T09:09:23Z INFO  bif_core::texture] Texture chemistry_test_tube01_Normal_openGL.1001.jpg (2048x2048): decode=298.6ms, convert=22.5ms, linear=72.2ms, total=393.2ms
[2026-03-15T09:09:23Z INFO  bif_core::texture] Texture vegetation_bonsai_twig03_Roughness.1001.png (2048x2048): decode=87.4ms, convert=33.7ms, linear=102.2ms, total=223.3ms
[2026-03-15T09:09:23Z INFO  bif_core::texture] Texture electronics_portable_tv01_Metallic.1024.jpg (2048x2048): decode=191.7ms, convert=28.6ms, linear=74.0ms, total=294.3ms
[2026-03-15T09:09:23Z INFO  bif_core::texture] Texture vegetation_bonsai_trunk01_Normal_openGL.1001.png (2048x2048): decode=112.1ms, convert=26.1ms, linear=69.1ms, total=207.3ms
[2026-03-15T09:09:23Z INFO  bif_core::texture] Texture electronics_portable_tv01_BaseColor.1023.jpg (2048x2048): decode=241.4ms, convert=25.3ms, linear=68.9ms, total=335.6ms
[2026-03-15T09:09:23Z INFO  bif_core::texture] Texture chemistry_beaker_stand01_BaseColor.1002.jpg (2048x2048): decode=336.9ms, convert=55.1ms, linear=62.6ms, total=454.6ms
[2026-03-15T09:09:23Z INFO  bif_core::texture] Texture furniture_workbench01_Roughness.1024.jpg (2048x2048): decode=216.2ms, convert=19.9ms, linear=75.8ms, total=311.9ms
[2026-03-15T09:09:23Z INFO  bif_core::texture] Texture electronics_audio_generator01_Normal_openGL.1012.jpg (2048x2048): decode=185.2ms, convert=140.4ms, linear=205.5ms, total=531.1ms
[2026-03-15T09:09:23Z INFO  bif_viewport::texture_loader] UDIM atlas: 9 tiles -> 10240x4096 (5x2 grid, tile 2048x2048)
[2026-03-15T09:09:23Z INFO  bif_viewport::texture_loader] UDIM atlas: 1 tiles -> 2048x2048 (1x1 grid, tile 2048x2048)
[2026-03-15T09:09:23Z INFO  bif_viewport::texture_loader] UDIM atlas: 2 tiles -> 4096x2048 (2x1 grid, tile 2048x2048)
[2026-03-15T09:09:23Z INFO  bif_core::texture] Texture decor_wooden_box01_Roughness.1011.jpg (2048x2048): decode=132.6ms, convert=30.3ms, linear=59.4ms, total=222.3ms
[2026-03-15T09:09:23Z INFO  bif_core::texture] Texture toy_fun_coil_proxyTexture.jpg (512x512): decode=19.7ms, convert=2.4ms, linear=5.6ms, total=27.7ms
[2026-03-15T09:09:23Z INFO  bif_core::texture] Texture electronics_oscilloscope01_Normal_openGL.1023.jpg (2048x2048): decode=173.3ms, convert=19.7ms, linear=129.6ms, total=322.5ms
[2026-03-15T09:09:23Z INFO  bif_viewport::texture_loader] UDIM atlas: 1 tiles -> 2048x2048 (1x1 grid, tile 2048x2048)
[2026-03-15T09:09:23Z INFO  bif_core::texture] Texture electronics_spoolrack_proxyTexture.jpg (512x512): decode=56.3ms, convert=1.2ms, linear=2.8ms, total=60.3ms
[2026-03-15T09:09:23Z INFO  bif_core::texture] Texture decor_helmet_head01_Normal_openGL.1002.jpg (2048x2048): decode=271.0ms, convert=34.8ms, linear=67.3ms, total=373.2ms
[2026-03-15T09:09:23Z INFO  bif_core::texture] Texture electronics_wire_spool06_Normal_openGL.1002.jpg (2048x2048): decode=604.6ms, convert=18.6ms, linear=50.2ms, total=673.4ms
[2026-03-15T09:09:23Z INFO  bif_core::texture] Texture chemistry_microscope01_Roughness.1002.jpg (2048x2048): decode=210.7ms, convert=28.5ms, linear=192.4ms, total=431.6ms
[2026-03-15T09:09:23Z INFO  bif_viewport::texture_loader] UDIM atlas: 1 tiles -> 2048x2048 (1x1 grid, tile 2048x2048)
[2026-03-15T09:09:23Z INFO  bif_core::texture] Texture stationary_set_square02_Normal_openGL.1001.jpg (2048x2048): decode=96.8ms, convert=15.5ms, linear=59.4ms, total=171.7ms
[2026-03-15T09:09:23Z INFO  bif_core::texture] Texture vegetation_bonsai_branch01_BaseColor.1001.jpg (2048x2048): decode=137.2ms, convert=18.6ms, linear=57.6ms, total=213.3ms
[2026-03-15T09:09:23Z INFO  bif_core::texture] Texture vegetation_bonsai_trunk01_Roughness.1001.png (2048x2048): decode=60.4ms, convert=19.5ms, linear=56.2ms, total=136.1ms
[2026-03-15T09:09:24Z INFO  bif_viewport::texture_loader] UDIM atlas: 1 tiles -> 2048x2048 (1x1 grid, tile 2048x2048)
[2026-03-15T09:09:24Z INFO  bif_core::texture] Texture vegetation_bonsai_branch01_proxyTexture.jpg (512x512): decode=15.0ms, convert=1.9ms, linear=13.7ms, total=30.6ms
[2026-03-15T09:09:24Z INFO  bif_core::texture] Texture vegetation_bonsai_branch01_Normal_openGL.1001.png (2048x2048): decode=88.2ms, convert=18.4ms, linear=87.0ms, total=193.6ms
[2026-03-15T09:09:24Z INFO  bif_viewport::texture_loader] UDIM atlas: 2 tiles -> 4096x2048 (2x1 grid, tile 2048x2048)
[2026-03-15T09:09:24Z INFO  bif_core::texture] Texture stationary_pencil02_Normal_openGL.1001.jpg (2048x2048): decode=309.8ms, convert=18.9ms, linear=102.2ms, total=430.9ms
[2026-03-15T09:09:24Z INFO  bif_core::texture] Texture chemistry_test_tube02_proxyTexture.jpg (512x512): decode=34.2ms, convert=2.1ms, linear=7.1ms, total=43.4ms
[2026-03-15T09:09:24Z INFO  bif_core::texture] Texture chemistry_kipps_apparatus01_Normal_openGL.1003.jpg (2048x2048): decode=327.0ms, convert=33.3ms, linear=192.5ms, total=552.7ms
[2026-03-15T09:09:24Z INFO  bif_core::texture] Texture vegetation_bonsai_twig03_Normal_openGL.1001.png (2048x2048): decode=94.3ms, convert=32.5ms, linear=89.1ms, total=215.9ms
[2026-03-15T09:09:24Z INFO  bif_core::texture] Texture chemistry_bottle02_Normal_openGL.1001.jpg (2048x2048): decode=108.2ms, convert=36.3ms, linear=85.7ms, total=230.1ms
[2026-03-15T09:09:24Z INFO  bif_viewport::texture_loader] UDIM atlas: 1 tiles -> 2048x2048 (1x1 grid, tile 2048x2048)
[2026-03-15T09:09:24Z INFO  bif_core::texture] Texture electronics_tesla_coil01_Roughness.1013.jpg (2048x2048): decode=172.8ms, convert=19.5ms, linear=341.9ms, total=534.3ms
[2026-03-15T09:09:24Z INFO  bif_core::texture] Texture stationary_slide_rule01_proxyTexture.jpg (512x512): decode=34.1ms, convert=1.5ms, linear=6.7ms, total=42.4ms
[2026-03-15T09:09:24Z INFO  bif_core::texture] Texture electronics_portable_tv01_BaseColor.1024.jpg (2048x2048): decode=132.0ms, convert=20.8ms, linear=94.9ms, total=247.6ms
[2026-03-15T09:09:24Z INFO  bif_viewport::texture_loader] UDIM atlas: 2 tiles -> 4096x2048 (2x1 grid, tile 2048x2048)
[2026-03-15T09:09:24Z INFO  bif_viewport::texture_loader] UDIM atlas: 1 tiles -> 2048x2048 (1x1 grid, tile 2048x2048)
[2026-03-15T09:09:24Z INFO  bif_core::texture] Texture decor_wooden_box01_Roughness.1012.jpg (2048x2048): decode=125.5ms, convert=23.9ms, linear=98.4ms, total=247.8ms
[2026-03-15T09:09:24Z INFO  bif_core::texture] Texture electronics_tesla_coil01_BaseColor.1013.jpg (2048x2048): decode=468.7ms, convert=63.4ms, linear=189.7ms, total=721.9ms
[2026-03-15T09:09:24Z INFO  bif_core::texture] Texture chemistry_bottle01_Normal_openGL.1001.jpg (2048x2048): decode=219.1ms, convert=39.1ms, linear=232.1ms, total=490.2ms
[2026-03-15T09:09:24Z INFO  bif_core::texture] Texture electronics_oscilloscope01_Normal_openGL.1024.jpg (2048x2048): decode=217.6ms, convert=30.2ms, linear=89.8ms, total=337.6ms
[2026-03-15T09:09:24Z INFO  bif_core::texture] Texture vegetation_bonsai_branch02_proxyTexture.jpg (512x512): decode=23.1ms, convert=2.0ms, linear=5.2ms, total=30.4ms
[2026-03-15T09:09:24Z INFO  bif_viewport::texture_loader] UDIM atlas: 12 tiles -> 8192x6144 (4x3 grid, tile 2048x2048)
[2026-03-15T09:09:24Z INFO  bif_core::texture] Texture electronics_audio_generator01_Normal_openGL.1013.jpg (2048x2048): decode=224.9ms, convert=32.9ms, linear=83.6ms, total=341.5ms
[2026-03-15T09:09:24Z INFO  bif_core::texture] Texture electronics_turntable01_BaseColor.1001.jpg (2048x2048): decode=259.3ms, convert=30.5ms, linear=204.2ms, total=494.0ms
[2026-03-15T09:09:24Z INFO  bif_core::texture] Texture furniture_workbench01_BaseColor.1014.jpg (2048x2048): decode=515.0ms, convert=105.4ms, linear=88.9ms, total=709.3ms
[2026-03-15T09:09:24Z INFO  bif_viewport::texture_loader] UDIM atlas: 2 tiles -> 4096x2048 (2x1 grid, tile 2048x2048)
[2026-03-15T09:09:24Z INFO  bif_core::texture] Texture vegetation_bonsai_branch01_Roughness.1001.png (2048x2048): decode=65.7ms, convert=32.6ms, linear=92.1ms, total=190.4ms
[2026-03-15T09:09:24Z INFO  bif_core::texture] Texture test202009demo_ll_leaf01_sm01_proxyTexture.jpg (512x512): decode=24.9ms, convert=2.0ms, linear=5.8ms, total=32.6ms
[2026-03-15T09:09:24Z INFO  bif_core::texture] Texture electronics_powerpoint01_proxyTexture.jpg (512x512): decode=20.6ms, convert=2.1ms, linear=17.4ms, total=40.1ms
[2026-03-15T09:09:24Z INFO  bif_core::texture] Texture toy_fun_coil_BaseColor.1001.jpg (2048x2048): decode=144.2ms, convert=43.0ms, linear=114.0ms, total=301.1ms
[2026-03-15T09:09:24Z INFO  bif_core::texture] Texture electronics_cabling_Normal_openGL.1014.jpg (2048x2048): decode=420.4ms, convert=37.8ms, linear=89.9ms, total=548.1ms
[2026-03-15T09:09:24Z INFO  bif_viewport::texture_loader] UDIM atlas: 1 tiles -> 2048x2048 (1x1 grid, tile 2048x2048)
[2026-03-15T09:09:24Z INFO  bif_viewport::texture_loader] UDIM atlas: 1 tiles -> 2048x2048 (1x1 grid, tile 2048x2048)
[2026-03-15T09:09:24Z INFO  bif_core::texture] Texture electronics_oscilloscope01_BaseColor.1014.jpg (2048x2048): decode=413.6ms, convert=24.9ms, linear=64.7ms, total=503.3ms
[2026-03-15T09:09:24Z INFO  bif_viewport::texture_loader] UDIM atlas: 12 tiles -> 8192x6144 (4x3 grid, tile 2048x2048)
[2026-03-15T09:09:24Z INFO  bif_core::texture] Texture chemistry_microscope01_Roughness.1003.jpg (2048x2048): decode=152.6ms, convert=27.4ms, linear=70.0ms, total=250.1ms
[2026-03-15T09:09:24Z INFO  bif_core::texture] Texture chemistry_bottle03_proxyTexture.jpg (512x512): decode=29.8ms, convert=1.8ms, linear=4.8ms, total=36.4ms
[2026-03-15T09:09:24Z INFO  bif_core::texture] Texture stationary_pencil03_proxyTexture.jpg (512x512): decode=32.3ms, convert=1.9ms, linear=4.7ms, total=39.0ms
[2026-03-15T09:09:24Z INFO  bif_viewport::texture_loader] UDIM atlas: 13 tiles -> 10240x6144 (5x3 grid, tile 2048x2048)
[2026-03-15T09:09:24Z INFO  bif_core::texture] Texture electronics_wire_spool01_Metallic.1001.jpg (2048x2048): decode=65.0ms, convert=83.1ms, linear=106.7ms, total=254.9ms
[2026-03-15T09:09:24Z INFO  bif_viewport::texture_loader] UDIM atlas: 3 tiles -> 6144x2048 (3x1 grid, tile 2048x2048)
[2026-03-15T09:09:24Z INFO  bif_core::texture] Texture test202009demo_ll_leaf01_sm01_BaseColor.1001.jpg (2048x2048): decode=111.3ms, convert=33.1ms, linear=61.7ms, total=206.1ms
[2026-03-15T09:09:24Z INFO  bif_core::texture] Texture electronics_spoolrack_BaseColor.1001.jpg (2048x2048): decode=334.0ms, convert=66.5ms, linear=72.7ms, total=473.3ms
[2026-03-15T09:09:24Z INFO  bif_viewport::texture_loader] UDIM atlas: 1 tiles -> 2048x2048 (1x1 grid, tile 2048x2048)
[2026-03-15T09:09:24Z INFO  bif_core::texture] Texture chemistry_bottle02_proxyTexture.jpg (512x512): decode=19.1ms, convert=2.0ms, linear=5.0ms, total=26.1ms
[2026-03-15T09:09:24Z INFO  bif_core::texture] Texture chemistry_beaker_stand01_Roughness.1001.jpg (2048x2048): decode=71.0ms, convert=22.6ms, linear=84.9ms, total=178.4ms
[2026-03-15T09:09:24Z INFO  bif_core::texture] Texture decor_wooden_box01_Roughness.1013.jpg (2048x2048): decode=109.8ms, convert=23.8ms, linear=114.0ms, total=247.6ms
[2026-03-15T09:09:24Z INFO  bif_core::texture] Texture chemistry_test_tube02_BaseColor.1001.jpg (2048x2048): decode=109.1ms, convert=27.5ms, linear=114.6ms, total=251.3ms
[2026-03-15T09:09:24Z INFO  bif_core::texture] Texture electronics_tesla_coil01_Roughness.1014.jpg (2048x2048): decode=67.9ms, convert=35.1ms, linear=88.9ms, total=191.9ms
[2026-03-15T09:09:25Z INFO  bif_core::texture] Texture electronics_oscilloscope01_Metallic.1001.jpg (2048x2048): decode=50.7ms, convert=29.4ms, linear=86.6ms, total=166.7ms
[2026-03-15T09:09:25Z INFO  bif_viewport::texture_loader] UDIM atlas: 1 tiles -> 2048x2048 (1x1 grid, tile 2048x2048)
[2026-03-15T09:09:25Z INFO  bif_core::texture] Texture chemistry_bottle03_Normal_openGL.1001.jpg (2048x2048): decode=122.3ms, convert=41.6ms, linear=89.0ms, total=253.0ms
[2026-03-15T09:09:25Z INFO  bif_core::texture] Texture electronics_wire_spool01_Metallic.1002.jpg (2048x2048): decode=112.4ms, convert=27.1ms, linear=86.8ms, total=226.2ms
[2026-03-15T09:09:25Z INFO  bif_core::texture] Texture electronics_turntable01_BaseColor.1002.jpg (2048x2048): decode=143.3ms, convert=26.0ms, linear=96.9ms, total=266.2ms
[2026-03-15T09:09:25Z INFO  bif_core::texture] Texture electronics_tesla_coil01_BaseColor.1014.jpg (2048x2048): decode=123.1ms, convert=32.0ms, linear=84.1ms, total=239.2ms
[2026-03-15T09:09:25Z INFO  bif_viewport::texture_loader] UDIM atlas: 1 tiles -> 2048x2048 (1x1 grid, tile 2048x2048)
[2026-03-15T09:09:25Z INFO  bif_core::texture] Texture furniture_workbench01_BaseColor.1021.jpg (2048x2048): decode=181.2ms, convert=30.6ms, linear=101.6ms, total=313.5ms
[2026-03-15T09:09:25Z INFO  bif_core::texture] Texture electronics_audio_generator01_Normal_openGL.1014.jpg (2048x2048): decode=120.5ms, convert=34.0ms, linear=133.2ms, total=287.7ms
[2026-03-15T09:09:25Z INFO  bif_core::texture] Texture stationary_slide_rule01_BaseColor.1001.jpg (2048x2048): decode=142.5ms, convert=22.4ms, linear=82.6ms, total=247.6ms
[2026-03-15T09:09:25Z INFO  bif_core::texture] Texture electronics_oscilloscope01_Metallic.1002.jpg (2048x2048): decode=82.4ms, convert=30.2ms, linear=92.0ms, total=204.6ms
[2026-03-15T09:09:25Z INFO  bif_viewport::texture_loader] UDIM atlas: 13 tiles -> 10240x6144 (5x3 grid, tile 2048x2048)
[2026-03-15T09:09:25Z INFO  bif_core::texture] Texture test202009demo_ll_leaf01_sm01_Roughness.1001.png (2048x2048): decode=76.0ms, convert=25.2ms, linear=109.2ms, total=210.4ms
[2026-03-15T09:09:25Z INFO  bif_core::texture] Texture chemistry_microscope01_Roughness.1011.jpg (2048x2048): decode=165.5ms, convert=26.0ms, linear=94.0ms, total=285.5ms
[2026-03-15T09:09:25Z INFO  bif_viewport::texture_loader] UDIM atlas: 12 tiles -> 8192x6144 (4x3 grid, tile 2048x2048)
[2026-03-15T09:09:25Z INFO  bif_core::texture] Texture electronics_tesla_coil01_Metallic.1001.jpg (2048x2048): decode=40.2ms, convert=28.6ms, linear=90.4ms, total=159.2ms
[2026-03-15T09:09:25Z INFO  bif_core::texture] Texture electronics_oscilloscope01_BaseColor.1021.jpg (2048x2048): decode=208.0ms, convert=30.1ms, linear=95.1ms, total=333.1ms
[2026-03-15T09:09:25Z INFO  bif_viewport::texture_loader] UDIM atlas: 2 tiles -> 4096x2048 (2x1 grid, tile 2048x2048)
[2026-03-15T09:09:25Z INFO  bif_core::texture] Texture electronics_spoolrack_BaseColor.1002.jpg (2048x2048): decode=206.1ms, convert=26.6ms, linear=86.4ms, total=319.1ms
[2026-03-15T09:09:25Z INFO  bif_core::texture] Texture electronics_portable_tv01_proxyTexture.jpg (512x512): decode=32.4ms, convert=2.0ms, linear=7.6ms, total=42.0ms
[2026-03-15T09:09:25Z INFO  bif_viewport::texture_loader] UDIM atlas: 8 tiles -> 8192x4096 (4x2 grid, tile 2048x2048)
[2026-03-15T09:09:25Z INFO  bif_viewport::texture_loader] UDIM atlas: 1 tiles -> 2048x2048 (1x1 grid, tile 2048x2048)
[2026-03-15T09:09:25Z INFO  bif_core::texture] Texture chemistry_microscope01_Metallic.1001.jpg (2048x2048): decode=54.4ms, convert=31.4ms, linear=87.2ms, total=173.0ms
[2026-03-15T09:09:25Z INFO  bif_core::texture] Texture electronics_turntable01_Roughness.1001.jpg (2048x2048): decode=70.2ms, convert=30.2ms, linear=96.4ms, total=196.8ms
[2026-03-15T09:09:25Z INFO  bif_core::texture] Texture chemistry_beaker_stand01_Roughness.1002.jpg (2048x2048): decode=100.2ms, convert=33.6ms, linear=91.0ms, total=224.7ms
[2026-03-15T09:09:25Z INFO  bif_core::texture] Texture chemistry_flask_stand01_proxyTexture.jpg (512x512): decode=30.0ms, convert=1.9ms, linear=6.7ms, total=38.7ms
[2026-03-15T09:09:25Z INFO  bif_core::texture] Texture vegetation_bonsai_branch02_BaseColor.1001.jpg (2048x2048): decode=166.8ms, convert=34.0ms, linear=110.4ms, total=311.3ms
[2026-03-15T09:09:25Z INFO  bif_core::texture] Texture decor_bonsai_jar01_proxyTexture.jpg (512x512): decode=36.5ms, convert=1.5ms, linear=5.6ms, total=43.6ms
[2026-03-15T09:09:25Z INFO  bif_viewport::texture_loader] UDIM atlas: 6 tiles -> 6144x4096 (3x2 grid, tile 2048x2048)
[2026-03-15T09:09:25Z INFO  bif_core::texture] Texture chemistry_bottle03_BaseColor.1001.jpg (2048x2048): decode=114.9ms, convert=21.9ms, linear=94.4ms, total=231.2ms
[2026-03-15T09:09:25Z INFO  bif_core::texture] Texture chemistry_microscope01_Metallic.1002.jpg (2048x2048): decode=52.7ms, convert=30.2ms, linear=95.0ms, total=177.9ms
[2026-03-15T09:09:25Z INFO  bif_core::texture] Texture stationary_pencil03_BaseColor.1001.jpg (2048x2048): decode=140.2ms, convert=23.6ms, linear=108.4ms, total=272.3ms
[2026-03-15T09:09:25Z INFO  bif_core::texture] Texture furniture_workbench01_Normal_openGL.1001.jpg (2048x2048): decode=197.2ms, convert=26.2ms, linear=103.2ms, total=326.6ms
[2026-03-15T09:09:25Z INFO  bif_core::texture] Texture test202009demo_ll_leaf01_sm01_Normal_openGL.1001.png (2048x2048): decode=83.8ms, convert=29.2ms, linear=121.4ms, total=234.4ms
[2026-03-15T09:09:25Z INFO  bif_core::texture] Texture toy_fun_coil_Metallic.1001.jpg (2048x2048): decode=45.3ms, convert=30.7ms, linear=119.6ms, total=195.6ms
[2026-03-15T09:09:25Z INFO  bif_viewport::texture_loader] UDIM atlas: 2 tiles -> 4096x2048 (2x1 grid, tile 2048x2048)
[2026-03-15T09:09:25Z INFO  bif_core::texture] Texture electronics_powerpoint01_BaseColor.1001.jpg (2048x2048): decode=208.6ms, convert=33.6ms, linear=255.9ms, total=498.1ms
[2026-03-15T09:09:26Z INFO  bif_core::texture] Texture electronics_oscilloscope01_Metallic.1003.jpg (2048x2048): decode=54.9ms, convert=34.4ms, linear=123.6ms, total=212.9ms
[2026-03-15T09:09:26Z INFO  bif_core::texture] Texture electronics_tesla_coil01_Metallic.1002.jpg (2048x2048): decode=63.2ms, convert=32.2ms, linear=109.0ms, total=204.4ms
[2026-03-15T09:09:26Z INFO  bif_viewport::texture_loader] UDIM atlas: 1 tiles -> 2048x2048 (1x1 grid, tile 2048x2048)
[2026-03-15T09:09:26Z INFO  bif_core::texture] Texture toy_box02_Roughness.1001.jpg (2048x2048): decode=132.3ms, convert=139.2ms, linear=121.5ms, total=393.1ms
[2026-03-15T09:09:26Z INFO  bif_core::texture] Texture chemistry_microscope01_Roughness.1012.jpg (2048x2048): decode=92.8ms, convert=156.9ms, linear=113.8ms, total=363.5ms
[2026-03-15T09:09:26Z INFO  bif_core::texture] Texture chemistry_bottle02_BaseColor.1001.jpg (2048x2048): decode=161.6ms, convert=180.3ms, linear=110.2ms, total=452.1ms
[2026-03-15T09:09:26Z INFO  bif_core::texture] Texture stationary_slide_rule01_BaseColor.1002.jpg (2048x2048): decode=283.8ms, convert=30.5ms, linear=124.0ms, total=438.3ms
[2026-03-15T09:09:26Z INFO  bif_viewport::texture_loader] UDIM atlas: 2 tiles -> 4096x2048 (2x1 grid, tile 2048x2048)
[2026-03-15T09:09:26Z INFO  bif_core::texture] Texture electronics_turntable01_BaseColor.1003.jpg (2048x2048): decode=391.6ms, convert=75.5ms, linear=117.7ms, total=584.8ms
[2026-03-15T09:09:26Z INFO  bif_viewport::texture_loader] UDIM atlas: 9 tiles -> 10240x4096 (5x2 grid, tile 2048x2048)
[2026-03-15T09:09:26Z INFO  bif_viewport::texture_loader] UDIM atlas: 1 tiles -> 2048x2048 (1x1 grid, tile 2048x2048)
[2026-03-15T09:09:26Z INFO  bif_core::texture] Texture toy_fun_coil_Roughness.1001.jpg (2048x2048): decode=137.7ms, convert=29.0ms, linear=118.0ms, total=284.7ms
[2026-03-15T09:09:26Z INFO  bif_core::texture] Texture electronics_portable_tv01_Normal_openGL.1001.jpg (2048x2048): decode=347.8ms, convert=36.8ms, linear=91.1ms, total=475.7ms
[2026-03-15T09:09:26Z INFO  bif_core::texture] Texture furniture_workbench01_BaseColor.1022.jpg (2048x2048): decode=371.8ms, convert=51.0ms, linear=92.6ms, total=515.4ms
[2026-03-15T09:09:26Z INFO  bif_core::texture] Texture chemistry_test_tube02_Roughness.1001.jpg (2048x2048): decode=127.3ms, convert=35.0ms, linear=83.0ms, total=245.3ms
[2026-03-15T09:09:26Z INFO  bif_core::texture] Texture electronics_turntable01_Roughness.1002.jpg (2048x2048): decode=167.6ms, convert=34.5ms, linear=104.4ms, total=306.5ms
[2026-03-15T09:09:26Z INFO  bif_core::texture] Texture electronics_tesla_coil01_Metallic.1003.jpg (2048x2048): decode=52.0ms, convert=22.9ms, linear=77.2ms, total=152.1ms
[2026-03-15T09:09:26Z INFO  bif_core::texture] Texture vegetation_bonsai_trunk01_proxyTexture.jpg (512x512): decode=27.8ms, convert=2.0ms, linear=4.4ms, total=34.3ms
[2026-03-15T09:09:26Z INFO  bif_core::texture] Texture electronics_oscilloscope01_BaseColor.1022.jpg (2048x2048): decode=307.4ms, convert=91.7ms, linear=92.1ms, total=491.2ms
[2026-03-15T09:09:26Z INFO  bif_viewport::texture_loader] UDIM atlas: 9 tiles -> 10240x4096 (5x2 grid, tile 2048x2048)
[2026-03-15T09:09:26Z INFO  bif_viewport::texture_loader] UDIM atlas: 1 tiles -> 2048x2048 (1x1 grid, tile 2048x2048)
[2026-03-15T09:09:26Z INFO  bif_viewport::texture_loader] UDIM atlas: 9 tiles -> 10240x4096 (5x2 grid, tile 2048x2048)
[2026-03-15T09:09:26Z INFO  bif_core::texture] Texture structure_wall_fibro01_proxyTexture.jpg (512x512): decode=34.6ms, convert=3.0ms, linear=5.9ms, total=43.6ms
[2026-03-15T09:09:26Z INFO  bif_viewport::texture_loader] UDIM atlas: 1 tiles -> 2048x2048 (1x1 grid, tile 2048x2048)
[2026-03-15T09:09:26Z INFO  bif_viewport::texture_loader] UDIM atlas: 1 tiles -> 2048x2048 (1x1 grid, tile 2048x2048)
[2026-03-15T09:09:26Z INFO  bif_core::texture] Texture chemistry_microscope01_Metallic.1003.jpg (2048x2048): decode=47.7ms, convert=24.2ms, linear=109.0ms, total=180.9ms
[2026-03-15T09:09:26Z INFO  bif_viewport::texture_loader] UDIM atlas: 1 tiles -> 2048x2048 (1x1 grid, tile 2048x2048)
[2026-03-15T09:09:26Z INFO  bif_core::texture] Texture electronics_wire_spool01_Normal_openGL.1001.jpg (2048x2048): decode=146.4ms, convert=23.3ms, linear=72.1ms, total=241.8ms
[2026-03-15T09:09:26Z INFO  bif_viewport::texture_loader] UDIM atlas: 1 tiles -> 2048x2048 (1x1 grid, tile 2048x2048)
[2026-03-15T09:09:26Z INFO  bif_core::texture] Texture electronics_tesla_coil01_Metallic.1004.jpg (2048x2048): decode=42.2ms, convert=22.8ms, linear=76.5ms, total=141.5ms
[2026-03-15T09:09:26Z INFO  bif_core::texture] Texture furniture_workbench01_Normal_openGL.1002.jpg (2048x2048): decode=143.0ms, convert=23.5ms, linear=86.6ms, total=253.1ms
[2026-03-15T09:09:26Z INFO  bif_core::texture] Texture electronics_portable_tv01_Roughness.1001.jpg (2048x2048): decode=93.4ms, convert=23.2ms, linear=77.4ms, total=193.9ms
[2026-03-15T09:09:26Z INFO  bif_core::texture] Texture electronics_oscilloscope01_Metallic.1004.jpg (2048x2048): decode=51.1ms, convert=27.8ms, linear=81.9ms, total=160.8ms
[2026-03-15T09:09:26Z INFO  bif_viewport::texture_loader] UDIM atlas: 1 tiles -> 2048x2048 (1x1 grid, tile 2048x2048)
[2026-03-15T09:09:26Z INFO  bif_viewport::texture_loader] UDIM atlas: 1 tiles -> 2048x2048 (1x1 grid, tile 2048x2048)
[2026-03-15T09:09:26Z INFO  bif_core::texture] Texture stationary_slide_rule01_BaseColor.1003.jpg (2048x2048): decode=123.6ms, convert=25.3ms, linear=103.8ms, total=252.7ms
[2026-03-15T09:09:26Z INFO  bif_core::texture] Texture electronics_turntable01_BaseColor.1004.jpg (2048x2048): decode=161.0ms, convert=27.3ms, linear=112.1ms, total=300.5ms
[2026-03-15T09:09:26Z INFO  bif_core::texture] Texture decor_bonsai_jar01_BaseColor.1001.jpg (2048x2048): decode=137.4ms, convert=23.9ms, linear=121.3ms, total=282.7ms
[2026-03-15T09:09:26Z INFO  bif_core::texture] Texture decor_wooden_box01_Normal_openGL.1001.jpg (2048x2048): decode=144.2ms, convert=27.2ms, linear=103.4ms, total=274.9ms
[2026-03-15T09:09:26Z INFO  bif_core::texture] Texture electronics_tesla_coil01_Metallic.1005.jpg (2048x2048): decode=50.8ms, convert=25.8ms, linear=113.9ms, total=190.5ms
[2026-03-15T09:09:26Z INFO  bif_core::texture] Texture electronics_turntable01_Roughness.1003.jpg (2048x2048): decode=104.9ms, convert=27.6ms, linear=104.2ms, total=236.7ms
[2026-03-15T09:09:26Z INFO  bif_viewport::texture_loader] UDIM atlas: 5 tiles -> 6144x4096 (3x2 grid, tile 2048x2048)
[2026-03-15T09:09:26Z INFO  bif_core::texture] Texture electronics_oscilloscope01_Metallic.1011.jpg (2048x2048): decode=50.9ms, convert=29.1ms, linear=105.2ms, total=185.1ms
[2026-03-15T09:09:26Z INFO  bif_core::texture] Texture furniture_workbench01_BaseColor.1023.jpg (2048x2048): decode=127.7ms, convert=47.0ms, linear=87.7ms, total=262.4ms
[2026-03-15T09:09:26Z INFO  bif_core::texture] Texture toy_curly_surgery_proxyTexture.jpg (512x512): decode=34.4ms, convert=2.7ms, linear=6.8ms, total=44.0ms
[2026-03-15T09:09:26Z INFO  bif_core::texture] Texture electronics_portable_tv01_Normal_openGL.1002.jpg (2048x2048): decode=141.7ms, convert=26.2ms, linear=72.4ms, total=240.4ms
[2026-03-15T09:09:26Z INFO  bif_core::texture] Texture electronics_oscilloscope01_BaseColor.1023.jpg (2048x2048): decode=153.5ms, convert=27.1ms, linear=74.4ms, total=255.0ms
[2026-03-15T09:09:26Z INFO  bif_core::texture] Texture chemistry_microscope01_Metallic.1011.jpg (2048x2048): decode=44.1ms, convert=19.7ms, linear=66.1ms, total=129.9ms
[2026-03-15T09:09:27Z INFO  bif_core::texture] Texture electronics_tesla_coil01_Metallic.1011.jpg (2048x2048): decode=57.5ms, convert=13.3ms, linear=68.8ms, total=139.6ms
[2026-03-15T09:09:27Z INFO  bif_core::texture] Texture electronics_spoolrack_Roughness.1001.jpg (2048x2048): decode=107.3ms, convert=16.8ms, linear=82.5ms, total=206.6ms
[2026-03-15T09:09:27Z INFO  bif_core::texture] Texture electronics_oscilloscope01_Metallic.1012.jpg (2048x2048): decode=52.8ms, convert=17.7ms, linear=88.3ms, total=158.8ms
[2026-03-15T09:09:27Z INFO  bif_core::texture] Texture electronics_portable_tv01_Roughness.1002.jpg (2048x2048): decode=95.0ms, convert=20.8ms, linear=100.7ms, total=216.5ms
[2026-03-15T09:09:27Z INFO  bif_core::texture] Texture decor_bonsai_jar01_BaseColor.1002.jpg (2048x2048): decode=176.5ms, convert=24.8ms, linear=112.1ms, total=313.5ms
[2026-03-15T09:09:27Z INFO  bif_core::texture] Texture chemistry_flask_stand01_BaseColor.1001.jpg (2048x2048): decode=148.5ms, convert=29.7ms, linear=111.9ms, total=290.1ms
[2026-03-15T09:09:27Z INFO  bif_core::texture] Texture chemistry_microscope01_Metallic.1012.jpg (2048x2048): decode=48.6ms, convert=29.0ms, linear=96.3ms, total=173.9ms
[2026-03-15T09:09:27Z INFO  bif_core::texture] Texture electronics_wire_spool01_Normal_openGL.1002.jpg (2048x2048): decode=198.9ms, convert=25.0ms, linear=131.1ms, total=354.9ms
[2026-03-15T09:09:27Z INFO  bif_core::texture] Texture furniture_workbench01_Normal_openGL.1003.jpg (2048x2048): decode=172.6ms, convert=24.1ms, linear=141.8ms, total=338.5ms
[2026-03-15T09:09:27Z INFO  bif_core::texture] Texture chemistry_beaker_stand01_Metallic.1001.jpg (2048x2048): decode=114.5ms, convert=24.6ms, linear=107.5ms, total=246.5ms
[2026-03-15T09:09:27Z INFO  bif_viewport::texture_loader] UDIM atlas: 3 tiles -> 6144x2048 (3x1 grid, tile 2048x2048)
[2026-03-15T09:09:27Z INFO  bif_core::texture] Texture electronics_turntable01_Normal_openGL.1001.jpg (2048x2048): decode=153.1ms, convert=35.1ms, linear=82.5ms, total=270.7ms
[2026-03-15T09:09:27Z INFO  bif_core::texture] Texture chemistry_bottle03_Roughness.1001.jpg (2048x2048): decode=101.2ms, convert=39.4ms, linear=67.3ms, total=207.8ms
[2026-03-15T09:09:27Z INFO  bif_core::texture] Texture electronics_oscilloscope01_Metallic.1013.jpg (2048x2048): decode=47.0ms, convert=23.4ms, linear=68.9ms, total=139.4ms
[2026-03-15T09:09:27Z INFO  bif_core::texture] Texture electronics_turntable01_Roughness.1004.jpg (2048x2048): decode=95.7ms, convert=18.2ms, linear=70.9ms, total=184.8ms
[2026-03-15T09:09:27Z INFO  bif_core::texture] Texture electronics_turntable01_BaseColor.1005.jpg (2048x2048): decode=139.3ms, convert=24.0ms, linear=62.8ms, total=226.0ms
[2026-03-15T09:09:27Z INFO  bif_core::texture] Texture decor_wooden_box01_Normal_openGL.1002.jpg (2048x2048): decode=141.5ms, convert=24.3ms, linear=64.2ms, total=229.9ms
[2026-03-15T09:09:27Z INFO  bif_core::texture] Texture furniture_workbench01_BaseColor.1024.jpg (2048x2048): decode=122.7ms, convert=21.7ms, linear=58.5ms, total=202.9ms
[2026-03-15T09:09:27Z INFO  bif_core::texture] Texture electronics_oscilloscope01_BaseColor.1024.jpg (2048x2048): decode=175.7ms, convert=18.2ms, linear=64.5ms, total=258.4ms
[2026-03-15T09:09:27Z INFO  bif_core::texture] Texture electronics_oscilloscope01_Metallic.1014.jpg (2048x2048): decode=42.4ms, convert=18.8ms, linear=89.2ms, total=150.5ms
[2026-03-15T09:09:27Z INFO  bif_core::texture] Texture toy_fun_coil_Normal_openGL.1001.jpg (2048x2048): decode=184.2ms, convert=23.4ms, linear=86.6ms, total=294.2ms
[2026-03-15T09:09:27Z INFO  bif_core::texture] Texture stationary_pencil03_Roughness.1001.jpg (2048x2048): decode=114.1ms, convert=17.8ms, linear=139.2ms, total=271.1ms
[2026-03-15T09:09:27Z INFO  bif_core::texture] Texture electronics_powerpoint01_Roughness.1001.jpg (2048x2048): decode=182.2ms, convert=20.5ms, linear=92.2ms, total=294.9ms
[2026-03-15T09:09:27Z INFO  bif_core::texture] Texture structure_wall_fibro01_BaseColor.1001.jpg (2048x2048): decode=161.3ms, convert=73.4ms, linear=99.6ms, total=334.3ms
[2026-03-15T09:09:27Z INFO  bif_core::texture] Texture electronics_portable_tv01_Normal_openGL.1003.jpg (2048x2048): decode=183.6ms, convert=26.7ms, linear=122.9ms, total=333.2ms
[2026-03-15T09:09:27Z INFO  bif_core::texture] Texture electronics_tesla_coil01_Metallic.1012.jpg (2048x2048): decode=79.0ms, convert=29.4ms, linear=88.8ms, total=197.2ms
[2026-03-15T09:09:27Z INFO  bif_core::texture] Texture chemistry_bottle02_Roughness.1001.jpg (2048x2048): decode=101.5ms, convert=21.3ms, linear=202.4ms, total=325.2ms
[2026-03-15T09:09:27Z INFO  bif_viewport::texture_loader] UDIM atlas: 1 tiles -> 2048x2048 (1x1 grid, tile 2048x2048)
[2026-03-15T09:09:27Z INFO  bif_core::texture] Texture electronics_portable_tv01_Roughness.1003.jpg (2048x2048): decode=150.4ms, convert=26.3ms, linear=87.6ms, total=264.3ms
[2026-03-15T09:09:27Z INFO  bif_core::texture] Texture structure_wall_fibro02_BaseColor.1001.jpg (2048x2048): decode=140.4ms, convert=27.3ms, linear=95.1ms, total=262.9ms
[2026-03-15T09:09:27Z INFO  bif_core::texture] Texture books_encyclopedias01_Roughness.1001.jpg (2048x2048): decode=114.2ms, convert=25.8ms, linear=89.3ms, total=229.4ms
[2026-03-15T09:09:27Z INFO  bif_core::texture] Texture electronics_spoolrack_Roughness.1002.jpg (2048x2048): decode=258.6ms, convert=38.5ms, linear=90.1ms, total=387.3ms
[2026-03-15T09:09:27Z INFO  bif_core::texture] Texture chemistry_beaker_stand01_Metallic.1002.jpg (2048x2048): decode=98.7ms, convert=41.8ms, linear=91.6ms, total=232.1ms
[2026-03-15T09:09:27Z INFO  bif_core::texture] Texture electronics_turntable01_Roughness.1005.jpg (2048x2048): decode=42.8ms, convert=27.7ms, linear=83.3ms, total=153.7ms
[2026-03-15T09:09:27Z INFO  bif_core::texture] Texture toy_curly_surgery_Roughness.1001.jpg (2048x2048): decode=77.6ms, convert=90.5ms, linear=84.1ms, total=252.2ms
[2026-03-15T09:09:27Z INFO  bif_core::texture] Texture chemistry_flask_stand01_Roughness.1001.jpg (2048x2048): decode=112.1ms, convert=101.2ms, linear=274.0ms, total=487.4ms
[2026-03-15T09:09:27Z INFO  bif_core::texture] Texture furniture_workbench01_Normal_openGL.1004.jpg (2048x2048): decode=158.3ms, convert=43.6ms, linear=90.3ms, total=292.2ms
[2026-03-15T09:09:27Z INFO  bif_viewport::texture_loader] UDIM atlas: 5 tiles -> 6144x4096 (3x2 grid, tile 2048x2048)
[2026-03-15T09:09:27Z INFO  bif_viewport::texture_loader] UDIM atlas: 2 tiles -> 4096x2048 (2x1 grid, tile 2048x2048)
[2026-03-15T09:09:28Z INFO  bif_core::texture] Texture electronics_tesla_coil01_Metallic.1013.jpg (2048x2048): decode=87.0ms, convert=28.5ms, linear=79.4ms, total=194.9ms
[2026-03-15T09:09:28Z INFO  bif_core::texture] Texture electronics_turntable01_Normal_openGL.1002.jpg (2048x2048): decode=162.0ms, convert=22.7ms, linear=92.3ms, total=277.1ms
[2026-03-15T09:09:28Z INFO  bif_core::texture] Texture structure_wall_fibro02_proxyTexture.jpg (512x512): decode=23.6ms, convert=1.2ms, linear=4.3ms, total=29.1ms
[2026-03-15T09:09:28Z INFO  bif_core::texture] Texture structure_wall_fibro01_Normal_openGL.1001.jpg (2048x2048): decode=432.1ms, convert=170.2ms, linear=167.5ms, total=769.7ms
[2026-03-15T09:09:28Z INFO  bif_viewport::texture_loader] UDIM atlas: 1 tiles -> 2048x2048 (1x1 grid, tile 2048x2048)
[2026-03-15T09:09:28Z INFO  bif_core::texture] Texture decor_wooden_box01_Normal_openGL.1003.jpg (2048x2048): decode=130.3ms, convert=18.1ms, linear=58.0ms, total=206.4ms
[2026-03-15T09:09:28Z INFO  bif_core::texture] Texture furniture_blackboard01_proxyTexture.jpg (512x512): decode=105.2ms, convert=1.8ms, linear=4.0ms, total=111.0ms
[2026-03-15T09:09:28Z INFO  bif_core::texture] Texture decor_bonsai_jar01_BaseColor.1003.jpg (2048x2048): decode=386.4ms, convert=54.6ms, linear=80.7ms, total=521.7ms
[2026-03-15T09:09:28Z INFO  bif_viewport::texture_loader] UDIM atlas: 1 tiles -> 2048x2048 (1x1 grid, tile 2048x2048)
[2026-03-15T09:09:28Z INFO  bif_core::texture] Texture toy_box04_proxyTexture.jpg (512x512): decode=43.4ms, convert=1.9ms, linear=10.3ms, total=55.5ms
[2026-03-15T09:09:28Z INFO  bif_core::texture] Texture toy_box02_Normal_openGL.1001.jpg (2048x2048): decode=359.3ms, convert=18.7ms, linear=137.4ms, total=515.4ms
[2026-03-15T09:09:28Z INFO  bif_core::texture] Texture stationary_slide_rule01_Roughness.1001.jpg (2048x2048): decode=126.1ms, convert=26.4ms, linear=70.1ms, total=222.6ms
[2026-03-15T09:09:28Z INFO  bif_core::texture] Texture electronics_oscilloscope01_Metallic.1021.jpg (2048x2048): decode=36.5ms, convert=20.9ms, linear=67.0ms, total=124.4ms
[2026-03-15T09:09:28Z INFO  bif_viewport::texture_loader] UDIM atlas: 1 tiles -> 2048x2048 (1x1 grid, tile 2048x2048)
[2026-03-15T09:09:28Z INFO  bif_core::texture] Texture electronics_turntable01_BaseColor.1011.jpg (2048x2048): decode=280.4ms, convert=19.3ms, linear=69.4ms, total=369.1ms
[2026-03-15T09:09:28Z INFO  bif_core::texture] Texture structure_wall_fibro01_BaseColor.1002.jpg (2048x2048): decode=130.6ms, convert=20.4ms, linear=65.6ms, total=216.6ms
[2026-03-15T09:09:28Z INFO  bif_core::texture] Texture electronics_tesla_coil01_Metallic.1014.jpg (2048x2048): decode=43.9ms, convert=35.0ms, linear=120.2ms, total=199.1ms
[2026-03-15T09:09:28Z INFO  bif_core::texture] Texture chemistry_flask_stand01_BaseColor.1002.jpg (2048x2048): decode=568.3ms, convert=101.9ms, linear=126.4ms, total=796.6ms
[2026-03-15T09:09:28Z INFO  bif_viewport::texture_loader] UDIM atlas: 1 tiles -> 2048x2048 (1x1 grid, tile 2048x2048)
[2026-03-15T09:09:28Z INFO  bif_viewport::texture_loader] UDIM atlas: 2 tiles -> 4096x2048 (2x1 grid, tile 2048x2048)
[2026-03-15T09:09:28Z INFO  bif_core::texture] Texture electronics_portable_tv01_Roughness.1004.jpg (2048x2048): decode=127.2ms, convert=30.9ms, linear=105.4ms, total=263.5ms
[2026-03-15T09:09:28Z INFO  bif_core::texture] Texture electronics_turntable01_Roughness.1011.jpg (2048x2048): decode=86.7ms, convert=28.7ms, linear=95.5ms, total=210.9ms
[2026-03-15T09:09:28Z INFO  bif_core::texture] Texture electronics_oscilloscope01_Metallic.1022.jpg (2048x2048): decode=68.9ms, convert=25.5ms, linear=114.4ms, total=208.8ms
[2026-03-15T09:09:28Z INFO  bif_core::texture] Texture structure_wall_fibro02_Normal_openGL.1001.jpg (2048x2048): decode=580.9ms, convert=33.5ms, linear=136.9ms, total=751.3ms
[2026-03-15T09:09:28Z INFO  bif_core::texture] Texture books_encyclopedias01_Roughness.1002.jpg (2048x2048): decode=126.5ms, convert=30.3ms, linear=133.2ms, total=290.1ms
[2026-03-15T09:09:28Z INFO  bif_core::texture] Texture toy_box04_Roughness.1001.jpg (2048x2048): decode=140.4ms, convert=26.3ms, linear=104.5ms, total=271.3ms
[2026-03-15T09:09:28Z INFO  bif_core::texture] Texture toy_curly_surgery_Roughness.1002.jpg (2048x2048): decode=107.6ms, convert=27.6ms, linear=111.9ms, total=247.0ms
[2026-03-15T09:09:28Z INFO  bif_core::texture] Texture furniture_workbench01_Normal_openGL.1011.jpg (2048x2048): decode=165.2ms, convert=44.5ms, linear=85.1ms, total=294.8ms
[2026-03-15T09:09:28Z INFO  bif_core::texture] Texture electronics_portable_tv01_Normal_openGL.1004.jpg (2048x2048): decode=285.7ms, convert=34.4ms, linear=222.7ms, total=542.8ms
[2026-03-15T09:09:28Z INFO  bif_core::texture] Texture structure_wall_fibro02_BaseColor.1002.jpg (2048x2048): decode=162.8ms, convert=29.0ms, linear=104.9ms, total=296.8ms
[2026-03-15T09:09:28Z INFO  bif_viewport::texture_loader] UDIM atlas: 2 tiles -> 4096x2048 (2x1 grid, tile 2048x2048)
[2026-03-15T09:09:28Z INFO  bif_core::texture] Texture electronics_turntable01_Normal_openGL.1003.jpg (2048x2048): decode=184.1ms, convert=27.0ms, linear=97.3ms, total=308.4ms
[2026-03-15T09:09:28Z INFO  bif_viewport::texture_loader] UDIM atlas: 1 tiles -> 2048x2048 (1x1 grid, tile 2048x2048)
[2026-03-15T09:09:28Z INFO  bif_core::texture] Texture decor_wooden_box01_Normal_openGL.1011.jpg (2048x2048): decode=184.0ms, convert=35.0ms, linear=85.9ms, total=304.9ms
[2026-03-15T09:09:28Z INFO  bif_core::texture] Texture stationary_slide_rule01_Roughness.1002.jpg (2048x2048): decode=126.5ms, convert=27.8ms, linear=98.7ms, total=253.0ms
[2026-03-15T09:09:28Z INFO  bif_viewport::texture_loader] UDIM atlas: 3 tiles -> 6144x2048 (3x1 grid, tile 2048x2048)
[2026-03-15T09:09:28Z INFO  bif_core::texture] Texture electronics_oscilloscope01_Metallic.1023.jpg (2048x2048): decode=58.3ms, convert=31.1ms, linear=94.5ms, total=183.9ms
[2026-03-15T09:09:28Z INFO  bif_core::texture] Texture chemistry_flask_stand01_Roughness.1002.jpg (2048x2048): decode=179.3ms, convert=28.0ms, linear=99.9ms, total=307.1ms
[2026-03-15T09:09:28Z INFO  bif_core::texture] Texture furniture_blackboard01_BaseColor.1001.jpg (2048x2048): decode=222.3ms, convert=28.4ms, linear=92.6ms, total=343.3ms
[2026-03-15T09:09:28Z INFO  bif_viewport::texture_loader] UDIM atlas: 9 tiles -> 10240x4096 (5x2 grid, tile 2048x2048)
[2026-03-15T09:09:29Z INFO  bif_core::texture] Texture structure_wall_fibro01_Normal_openGL.1002.jpg (2048x2048): decode=291.4ms, convert=25.6ms, linear=111.0ms, total=428.0ms
[2026-03-15T09:09:29Z INFO  bif_viewport::texture_loader] UDIM atlas: 1 tiles -> 2048x2048 (1x1 grid, tile 2048x2048)
[2026-03-15T09:09:29Z INFO  bif_core::texture] Texture structure_wall_fibro01_BaseColor.1003.jpg (2048x2048): decode=197.1ms, convert=26.5ms, linear=142.5ms, total=366.1ms
[2026-03-15T09:09:29Z INFO  bif_core::texture] Texture electronics_turntable01_BaseColor.1012.jpg (2048x2048): decode=254.8ms, convert=27.2ms, linear=151.5ms, total=433.5ms
[2026-03-15T09:09:29Z INFO  bif_core::texture] Texture electronics_turntable01_Roughness.1012.jpg (2048x2048): decode=68.5ms, convert=46.3ms, linear=115.2ms, total=230.0ms
[2026-03-15T09:09:29Z INFO  bif_core::texture] Texture electronics_portable_tv01_Roughness.1005.jpg (2048x2048): decode=121.0ms, convert=37.6ms, linear=111.1ms, total=269.7ms
[2026-03-15T09:09:29Z INFO  bif_core::texture] Texture electronics_oscilloscope01_Metallic.1024.jpg (2048x2048): decode=55.1ms, convert=28.2ms, linear=106.9ms, total=190.2ms
[2026-03-15T09:09:29Z INFO  bif_core::texture] Texture electronics_cabling_proxyTexture.jpg (512x512): decode=45.4ms, convert=2.1ms, linear=8.0ms, total=55.5ms
[2026-03-15T09:09:29Z INFO  bif_core::texture] Texture toy_curly_surgery_Roughness.1003.jpg (2048x2048): decode=62.5ms, convert=35.6ms, linear=99.9ms, total=198.1ms
[2026-03-15T09:09:29Z INFO  bif_core::texture] Texture books_encyclopedias01_Roughness.1003.jpg (2048x2048): decode=106.9ms, convert=39.6ms, linear=86.5ms, total=233.0ms
[2026-03-15T09:09:29Z INFO  bif_core::texture] Texture toy_box01_BaseColor.1001.jpg (2048x2048): decode=154.8ms, convert=34.4ms, linear=93.6ms, total=282.9ms
[2026-03-15T09:09:29Z INFO  bif_core::texture] Texture toy_box04_BaseColor.1001.jpg (2048x2048): decode=293.7ms, convert=30.9ms, linear=72.4ms, total=397.0ms
[2026-03-15T09:09:29Z INFO  bif_core::texture] Texture electronics_spoolrack_Normal_openGL.1001.jpg (2048x2048): decode=224.6ms, convert=34.5ms, linear=107.5ms, total=366.5ms
[2026-03-15T09:09:29Z INFO  bif_core::texture] Texture structure_wall_fibro02_BaseColor.1003.jpg (2048x2048): decode=187.1ms, convert=23.7ms, linear=71.6ms, total=282.4ms
[2026-03-15T09:09:29Z INFO  bif_viewport::texture_loader] UDIM atlas: 12 tiles -> 8192x6144 (4x3 grid, tile 2048x2048)
[2026-03-15T09:09:29Z INFO  bif_core::texture] Texture chemistry_beaker01_BaseColor.1001.jpg (2048x2048): decode=177.0ms, convert=24.1ms, linear=69.6ms, total=270.8ms
[2026-03-15T09:09:29Z INFO  bif_core::texture] Texture electronics_turntable01_Normal_openGL.1004.jpg (2048x2048): decode=108.4ms, convert=21.4ms, linear=69.4ms, total=199.3ms
[2026-03-15T09:09:29Z INFO  bif_core::texture] Texture furniture_workbench01_Normal_openGL.1012.jpg (2048x2048): decode=171.7ms, convert=53.7ms, linear=74.7ms, total=300.1ms
[2026-03-15T09:09:29Z INFO  bif_core::texture] Texture decor_wooden_box01_Normal_openGL.1012.jpg (2048x2048): decode=121.2ms, convert=22.7ms, linear=66.0ms, total=209.9ms
[2026-03-15T09:09:29Z INFO  bif_core::texture] Texture stationary_slide_rule01_Roughness.1003.jpg (2048x2048): decode=84.9ms, convert=56.8ms, linear=79.0ms, total=220.6ms
[2026-03-15T09:09:29Z INFO  bif_viewport::texture_loader] UDIM atlas: 1 tiles -> 2048x2048 (1x1 grid, tile 2048x2048)
[2026-03-15T09:09:29Z INFO  bif_core::texture] Texture stationary_pencil03_Normal_openGL.1001.jpg (2048x2048): decode=196.6ms, convert=18.4ms, linear=59.4ms, total=274.4ms
[2026-03-15T09:09:29Z INFO  bif_core::texture] Texture stationary_slide_rule01_Normal_openGL.1001.jpg (2048x2048): decode=193.8ms, convert=21.3ms, linear=58.2ms, total=273.3ms
[2026-03-15T09:09:29Z INFO  bif_core::texture] Texture books_magazines01_Normal_openGL.1001.jpg (2048x2048): decode=418.8ms, convert=24.1ms, linear=59.4ms, total=502.4ms
[2026-03-15T09:09:29Z INFO  bif_viewport::texture_loader] UDIM atlas: 1 tiles -> 2048x2048 (1x1 grid, tile 2048x2048)
[2026-03-15T09:09:29Z INFO  bif_core::texture] Texture chemistry_flask_stand01_Roughness.1003.jpg (2048x2048): decode=132.0ms, convert=30.4ms, linear=106.0ms, total=268.4ms
[2026-03-15T09:09:29Z INFO  bif_viewport::texture_loader] UDIM atlas: 1 tiles -> 2048x2048 (1x1 grid, tile 2048x2048)
[2026-03-15T09:09:29Z INFO  bif_viewport::texture_loader] UDIM atlas: 3 tiles -> 6144x2048 (3x1 grid, tile 2048x2048)
[2026-03-15T09:09:29Z INFO  bif_viewport::texture_loader] UDIM atlas: 12 tiles -> 8192x6144 (4x3 grid, tile 2048x2048)
[2026-03-15T09:09:29Z INFO  bif_core::texture] Texture toy_curly_surgery_Roughness.1004.jpg (2048x2048): decode=56.9ms, convert=32.4ms, linear=113.2ms, total=202.5ms
[2026-03-15T09:09:29Z INFO  bif_core::texture] Texture structure_wall_fibro02_Roughness.1001.jpg (2048x2048): decode=65.3ms, convert=88.8ms, linear=119.8ms, total=274.0ms
[2026-03-15T09:09:29Z INFO  bif_core::texture] Texture structure_wall_fibro01_BaseColor.1011.jpg (2048x2048): decode=155.1ms, convert=31.0ms, linear=150.3ms, total=336.4ms
[2026-03-15T09:09:29Z INFO  bif_core::texture] Texture electronics_portable_tv01_Roughness.1011.jpg (2048x2048): decode=134.4ms, convert=27.3ms, linear=92.2ms, total=253.9ms
[2026-03-15T09:09:29Z INFO  bif_core::texture] Texture electronics_turntable01_Roughness.1013.jpg (2048x2048): decode=117.7ms, convert=40.4ms, linear=121.0ms, total=279.0ms
[2026-03-15T09:09:29Z INFO  bif_core::texture] Texture toy_box04_Normal_openGL.1001.jpg (2048x2048): decode=158.1ms, convert=22.8ms, linear=104.4ms, total=285.3ms
[2026-03-15T09:09:29Z INFO  bif_core::texture] Texture decor_bonsai_jar01_Roughness.1001.jpg (2048x2048): decode=81.7ms, convert=140.4ms, linear=169.5ms, total=391.7ms
[2026-03-15T09:09:29Z INFO  bif_core::texture] Texture structure_wall_fibro02_Normal_openGL.1002.jpg (2048x2048): decode=700.0ms, convert=60.2ms, linear=106.4ms, total=866.6ms
[2026-03-15T09:09:29Z INFO  bif_core::texture] Texture structure_wall_fibro02_BaseColor.1011.jpg (2048x2048): decode=188.1ms, convert=38.7ms, linear=107.4ms, total=334.3ms
[2026-03-15T09:09:29Z INFO  bif_core::texture] Texture toy_curly_surgery_BaseColor.1001.jpg (2048x2048): decode=1955.3ms, convert=42.9ms, linear=127.5ms, total=2125.7ms
[2026-03-15T09:09:29Z INFO  bif_core::texture] Texture electronics_portable_tv01_Normal_openGL.1005.jpg (2048x2048): decode=342.1ms, convert=129.8ms, linear=151.2ms, total=623.0ms
[2026-03-15T09:09:29Z INFO  bif_viewport::texture_loader] UDIM atlas: 3 tiles -> 6144x2048 (3x1 grid, tile 2048x2048)
[2026-03-15T09:09:30Z INFO  bif_core::texture] Texture chemistry_flask_stand01_BaseColor.1003.jpg (2048x2048): decode=532.2ms, convert=136.3ms, linear=239.8ms, total=908.3ms
[2026-03-15T09:09:30Z INFO  bif_core::texture] Texture electronics_turntable01_Normal_openGL.1005.jpg (2048x2048): decode=146.8ms, convert=27.1ms, linear=106.1ms, total=279.9ms
[2026-03-15T09:09:30Z INFO  bif_core::texture] Texture electronics_spoolrack_Normal_openGL.1002.jpg (2048x2048): decode=258.6ms, convert=38.8ms, linear=93.7ms, total=391.1ms
[2026-03-15T09:09:30Z INFO  bif_core::texture] Texture chemistry_beaker01_proxyTexture.jpg (512x512): decode=77.0ms, convert=2.5ms, linear=17.3ms, total=96.9ms
[2026-03-15T09:09:30Z INFO  bif_core::texture] Texture furniture_blackboard01_BaseColor.1002.jpg (2048x2048): decode=457.9ms, convert=148.5ms, linear=107.2ms, total=713.6ms
[2026-03-15T09:09:30Z INFO  bif_core::texture] Texture furniture_workbench01_Normal_openGL.1013.jpg (2048x2048): decode=182.9ms, convert=24.7ms, linear=110.9ms, total=318.5ms
[2026-03-15T09:09:30Z INFO  bif_core::texture] Texture electronics_turntable01_BaseColor.1013.jpg (2048x2048): decode=299.6ms, convert=26.2ms, linear=104.0ms, total=429.8ms
[2026-03-15T09:09:30Z INFO  bif_core::texture] Texture decor_wooden_box01_Normal_openGL.1013.jpg (2048x2048): decode=220.7ms, convert=30.8ms, linear=107.3ms, total=358.8ms
[2026-03-15T09:09:30Z INFO  bif_core::texture] Texture electronics_cabling_BaseColor.1001.jpg (2048x2048): decode=214.7ms, convert=63.3ms, linear=138.1ms, total=416.1ms
[2026-03-15T09:09:30Z INFO  bif_core::texture] Texture structure_wall_fibro03_BaseColor.1001.jpg (2048x2048): decode=296.1ms, convert=28.8ms, linear=72.6ms, total=397.6ms
[2026-03-15T09:09:30Z INFO  bif_core::texture] Texture chemistry_beaker01_Roughness.1001.jpg (2048x2048): decode=89.1ms, convert=34.6ms, linear=84.7ms, total=208.4ms
[2026-03-15T09:09:30Z INFO  bif_core::texture] Texture structure_wall_fibro01_Normal_openGL.1003.jpg (2048x2048): decode=495.3ms, convert=25.9ms, linear=85.0ms, total=606.3ms
[2026-03-15T09:09:30Z INFO  bif_viewport::texture_loader] UDIM atlas: 1 tiles -> 2048x2048 (1x1 grid, tile 2048x2048)
[2026-03-15T09:09:30Z INFO  bif_viewport::texture_loader] UDIM atlas: 1 tiles -> 2048x2048 (1x1 grid, tile 2048x2048)
[2026-03-15T09:09:30Z INFO  bif_core::texture] Texture toy_box01_Roughness.1001.jpg (2048x2048): decode=102.2ms, convert=27.4ms, linear=127.5ms, total=257.1ms
[2026-03-15T09:09:30Z INFO  bif_core::texture] Texture toy_curly_surgery_Roughness.1011.jpg (2048x2048): decode=93.7ms, convert=31.8ms, linear=122.1ms, total=247.7ms
[2026-03-15T09:09:30Z INFO  bif_core::texture] Texture electronics_turntable01_Roughness.1014.jpg (2048x2048): decode=86.7ms, convert=31.2ms, linear=129.7ms, total=247.7ms
[2026-03-15T09:09:30Z INFO  bif_viewport::texture_loader] UDIM atlas: 12 tiles -> 8192x6144 (4x3 grid, tile 2048x2048)
[2026-03-15T09:09:30Z INFO  bif_core::texture] Texture structure_wall_fibro01_BaseColor.1012.jpg (2048x2048): decode=141.5ms, convert=29.0ms, linear=125.9ms, total=296.4ms
[2026-03-15T09:09:30Z INFO  bif_core::texture] Texture decor_bonsai_jar01_Roughness.1002.jpg (2048x2048): decode=70.5ms, convert=28.9ms, linear=123.8ms, total=223.3ms
[2026-03-15T09:09:30Z INFO  bif_viewport::texture_loader] UDIM atlas: 3 tiles -> 6144x2048 (3x1 grid, tile 2048x2048)
[2026-03-15T09:09:30Z INFO  bif_core::texture] Texture electronics_portable_tv01_Roughness.1012.jpg (2048x2048): decode=143.1ms, convert=30.3ms, linear=124.6ms, total=298.1ms
[2026-03-15T09:09:30Z INFO  bif_core::texture] Texture stationary_slide_rule01_Normal_openGL.1002.jpg (2048x2048): decode=185.7ms, convert=37.7ms, linear=111.3ms, total=334.7ms
[2026-03-15T09:09:30Z INFO  bif_core::texture] Texture structure_wall_fibro02_Roughness.1002.jpg (2048x2048): decode=70.9ms, convert=32.5ms, linear=96.5ms, total=199.9ms
[2026-03-15T09:09:30Z INFO  bif_core::texture] Texture electronics_cabling_Roughness.1001.jpg (2048x2048): decode=112.2ms, convert=36.8ms, linear=84.3ms, total=233.3ms
[2026-03-15T09:09:30Z INFO  bif_core::texture] Texture books_magazines01_Normal_openGL.1002.jpg (2048x2048): decode=155.8ms, convert=32.5ms, linear=68.5ms, total=256.8ms
[2026-03-15T09:09:30Z INFO  bif_core::texture] Texture books_encyclopedias01_Normal_openGL.1001.jpg (2048x2048): decode=162.8ms, convert=28.9ms, linear=52.3ms, total=243.9ms
[2026-03-15T09:09:32Z INFO  bif_core::texture] Texture books_encyclopedias01_proxyTexture.jpg (512x512): decode=29.7ms, convert=1.0ms, linear=2.7ms, total=33.4ms
[2026-03-15T09:09:32Z INFO  bif_core::texture] Texture books_magazines01_proxyTexture.jpg (512x512): decode=29.3ms, convert=30.7ms, linear=2.4ms, total=62.4ms
[2026-03-15T09:09:32Z INFO  bif_core::texture] Texture structure_wall_fibro03_proxyTexture.jpg (512x512): decode=12.2ms, convert=0.9ms, linear=2.7ms, total=15.7ms
[2026-03-15T09:09:32Z INFO  bif_viewport::texture_loader] UDIM atlas: 1 tiles -> 2048x2048 (1x1 grid, tile 2048x2048)
[2026-03-15T09:09:32Z INFO  bif_viewport::texture_loader] UDIM atlas: 1 tiles -> 2048x2048 (1x1 grid, tile 2048x2048)
[2026-03-15T09:09:32Z INFO  bif_viewport::texture_loader] UDIM atlas: 2 tiles -> 4096x2048 (2x1 grid, tile 2048x2048)
[2026-03-15T09:09:32Z INFO  bif_viewport::texture_loader] UDIM atlas: 3 tiles -> 6144x2048 (3x1 grid, tile 2048x2048)
[2026-03-15T09:09:32Z INFO  bif_core::texture] Texture stationary_pencil01_proxyTexture.jpg (512x512): decode=19.2ms, convert=2.7ms, linear=7.3ms, total=30.0ms
[2026-03-15T09:09:32Z INFO  bif_core::texture] Texture toy_box02_proxyTexture.jpg (512x512): decode=34.1ms, convert=2.3ms, linear=8.1ms, total=44.5ms
[2026-03-15T09:09:32Z INFO  bif_core::texture] Texture structure_wall_fibro02_BaseColor.1012.jpg (2048x2048): decode=148.0ms, convert=21.7ms, linear=117.9ms, total=287.6ms
[2026-03-15T09:09:32Z INFO  bif_core::texture] Texture chemistry_flask_stand01_Normal_openGL.1001.jpg (2048x2048): decode=150.6ms, convert=35.9ms, linear=99.9ms, total=286.4ms
[2026-03-15T09:09:32Z INFO  bif_core::texture] Texture furniture_workbench01_Normal_openGL.1014.jpg (2048x2048): decode=148.4ms, convert=30.0ms, linear=112.3ms, total=290.6ms
[2026-03-15T09:09:32Z INFO  bif_core::texture] Texture electronics_cabling_BaseColor.1002.jpg (2048x2048): decode=159.3ms, convert=34.7ms, linear=120.2ms, total=314.2ms
[2026-03-15T09:09:32Z INFO  bif_viewport::texture_loader] UDIM atlas: 5 tiles -> 6144x4096 (3x2 grid, tile 2048x2048)
[2026-03-15T09:09:32Z INFO  bif_core::texture] Texture books_encyclopedias01_BaseColor.1001.jpg (2048x2048): decode=215.1ms, convert=34.1ms, linear=114.8ms, total=364.0ms
[2026-03-15T09:09:32Z INFO  bif_core::texture] Texture toy_curly_surgery_Roughness.1012.jpg (2048x2048): decode=150.1ms, convert=31.8ms, linear=135.0ms, total=316.8ms
[2026-03-15T09:09:32Z INFO  bif_core::texture] Texture electronics_turntable01_Normal_openGL.1011.jpg (2048x2048): decode=176.8ms, convert=42.1ms, linear=133.1ms, total=352.0ms
[2026-03-15T09:09:32Z INFO  bif_core::texture] Texture toy_box01_proxyTexture.jpg (512x512): decode=21.9ms, convert=2.2ms, linear=7.5ms, total=31.6ms
[2026-03-15T09:09:32Z INFO  bif_core::texture] Texture electronics_cabling_Roughness.1002.jpg (2048x2048): decode=105.5ms, convert=45.2ms, linear=223.9ms, total=374.6ms
[2026-03-15T09:09:32Z INFO  bif_core::texture] Texture structure_wall_fibro03_Normal_openGL.1001.jpg (2048x2048): decode=313.2ms, convert=34.8ms, linear=147.9ms, total=495.9ms
[2026-03-15T09:09:32Z INFO  bif_core::texture] Texture books_encyclopedias01_Normal_openGL.1002.jpg (2048x2048): decode=248.5ms, convert=36.9ms, linear=109.3ms, total=394.8ms
[2026-03-15T09:09:32Z INFO  bif_core::texture] Texture electronics_portable_tv01_Normal_openGL.1011.jpg (2048x2048): decode=354.6ms, convert=31.9ms, linear=71.9ms, total=458.3ms
[2026-03-15T09:09:32Z INFO  bif_core::texture] Texture toy_curly_surgery_BaseColor.1002.jpg (2048x2048): decode=375.9ms, convert=37.0ms, linear=77.6ms, total=490.5ms
[2026-03-15T09:09:32Z INFO  bif_core::texture] Texture structure_wall_fibro02_Normal_openGL.1003.jpg (2048x2048): decode=397.3ms, convert=28.2ms, linear=78.4ms, total=503.9ms
[2026-03-15T09:09:32Z INFO  bif_core::texture] Texture electronics_turntable01_BaseColor.1014.jpg (2048x2048): decode=414.0ms, convert=24.1ms, linear=78.7ms, total=516.8ms
[2026-03-15T09:09:32Z INFO  bif_core::texture] Texture electronics_portable_tv01_Roughness.1013.jpg (2048x2048): decode=189.6ms, convert=18.1ms, linear=78.0ms, total=285.7ms
[2026-03-15T09:09:32Z INFO  bif_viewport::texture_loader] UDIM atlas: 9 tiles -> 10240x4096 (5x2 grid, tile 2048x2048)
[2026-03-15T09:09:33Z INFO  bif_core::texture] Texture structure_wall_fibro01_Roughness.1001.jpg (2048x2048): decode=91.1ms, convert=24.1ms, linear=65.5ms, total=180.7ms
[2026-03-15T09:09:33Z INFO  bif_viewport::texture_loader] UDIM atlas: 6 tiles -> 6144x4096 (3x2 grid, tile 2048x2048)
[2026-03-15T09:09:33Z INFO  bif_core::texture] Texture structure_wall_fibro02_Roughness.1003.jpg (2048x2048): decode=374.1ms, convert=30.7ms, linear=238.5ms, total=643.3ms
[2026-03-15T09:09:33Z INFO  bif_core::texture] Texture furniture_blackboard01_BaseColor.1003.jpg (2048x2048): decode=229.5ms, convert=19.5ms, linear=61.1ms, total=310.2ms
[2026-03-15T09:09:33Z INFO  bif_core::texture] Texture electronics_audio_generator01_proxyTexture.jpg (512x512): decode=29.5ms, convert=1.5ms, linear=4.6ms, total=35.6ms
[2026-03-15T09:09:33Z INFO  bif_core::texture] Texture structure_wall_fibro03_Roughness.1001.jpg (2048x2048): decode=95.8ms, convert=119.4ms, linear=65.9ms, total=281.2ms
[2026-03-15T09:09:33Z INFO  bif_core::texture] Texture stationary_slide_rule01_Normal_openGL.1003.jpg (2048x2048): decode=265.6ms, convert=21.4ms, linear=59.3ms, total=346.3ms
[2026-03-15T09:09:33Z INFO  bif_core::texture] Texture structure_wall_fibro03_BaseColor.1002.jpg (2048x2048): decode=240.0ms, convert=17.9ms, linear=59.1ms, total=317.0ms
[2026-03-15T09:09:33Z INFO  bif_core::texture] Texture stationary_notepad01_proxyTexture.jpg (512x512): decode=40.3ms, convert=4.0ms, linear=5.0ms, total=49.3ms
[2026-03-15T09:09:33Z INFO  bif_core::texture] Texture decor_bonsai_jar01_Roughness.1003.jpg (2048x2048): decode=320.8ms, convert=64.8ms, linear=108.2ms, total=493.8ms
[2026-03-15T09:09:33Z INFO  bif_viewport::texture_loader] UDIM atlas: 5 tiles -> 6144x4096 (3x2 grid, tile 2048x2048)
[2026-03-15T09:09:33Z INFO  bif_core::texture] Texture structure_wall_fibro01_Normal_openGL.1011.jpg (2048x2048): decode=458.7ms, convert=94.6ms, linear=68.4ms, total=621.8ms
[2026-03-15T09:09:33Z INFO  bif_core::texture] Texture chemistry_beaker01_Normal_openGL.1001.jpg (2048x2048): decode=109.1ms, convert=25.1ms, linear=76.1ms, total=210.3ms
[2026-03-15T09:09:33Z INFO  bif_core::texture] Texture chemistry_flask_stand01_Normal_openGL.1002.jpg (2048x2048): decode=130.8ms, convert=23.1ms, linear=77.0ms, total=230.9ms
[2026-03-15T09:09:33Z INFO  bif_core::texture] Texture toy_curly_surgery_Roughness.1013.jpg (2048x2048): decode=123.5ms, convert=26.0ms, linear=83.4ms, total=232.9ms
[2026-03-15T09:09:33Z INFO  bif_core::texture] Texture toy_box01_Normal_openGL.1001.jpg (2048x2048): decode=161.4ms, convert=29.5ms, linear=82.4ms, total=273.4ms
[2026-03-15T09:09:33Z INFO  bif_core::texture] Texture books_magazines01_Normal_openGL.1003.jpg (2048x2048): decode=363.3ms, convert=21.8ms, linear=174.2ms, total=559.4ms
[2026-03-15T09:09:33Z INFO  bif_core::texture] Texture books_encyclopedias01_BaseColor.1002.jpg (2048x2048): decode=223.2ms, convert=29.8ms, linear=66.2ms, total=319.3ms
[2026-03-15T09:09:33Z INFO  bif_core::texture] Texture electronics_cabling_BaseColor.1003.jpg (2048x2048): decode=267.6ms, convert=22.8ms, linear=73.9ms, total=364.3ms
[2026-03-15T09:09:33Z INFO  bif_core::texture] Texture electronics_turntable01_Normal_openGL.1012.jpg (2048x2048): decode=136.2ms, convert=26.2ms, linear=132.2ms, total=294.6ms
[2026-03-15T09:09:33Z INFO  bif_core::texture] Texture books_encyclopedias01_Normal_openGL.1003.jpg (2048x2048): decode=174.9ms, convert=20.0ms, linear=85.2ms, total=280.2ms
[2026-03-15T09:09:33Z INFO  bif_core::texture] Texture electronics_portable_tv01_Roughness.1014.jpg (2048x2048): decode=139.4ms, convert=24.5ms, linear=68.9ms, total=232.8ms
[2026-03-15T09:09:33Z INFO  bif_core::texture] Texture structure_wall_fibro01_Roughness.1002.jpg (2048x2048): decode=80.8ms, convert=26.0ms, linear=74.8ms, total=181.6ms
[2026-03-15T09:09:33Z INFO  bif_core::texture] Texture stationary_pencil01_BaseColor.1001.jpg (2048x2048): decode=169.0ms, convert=25.0ms, linear=65.0ms, total=259.0ms
[2026-03-15T09:09:33Z INFO  bif_core::texture] Texture electronics_cabling_Roughness.1003.jpg (2048x2048): decode=48.8ms, convert=38.0ms, linear=67.1ms, total=153.8ms
[2026-03-15T09:09:33Z INFO  bif_viewport::texture_loader] UDIM atlas: 3 tiles -> 6144x2048 (3x1 grid, tile 2048x2048)
[2026-03-15T09:09:33Z INFO  bif_core::texture] Texture stationary_pencil01_Roughness.1001.jpg (2048x2048): decode=82.5ms, convert=24.3ms, linear=79.9ms, total=186.6ms
[2026-03-15T09:09:33Z INFO  bif_core::texture] Texture electronics_portable_tv01_Normal_openGL.1012.jpg (2048x2048): decode=212.6ms, convert=70.9ms, linear=101.8ms, total=385.3ms
[2026-03-15T09:09:33Z INFO  bif_core::texture] Texture toy_curly_surgery_BaseColor.1003.jpg (2048x2048): decode=292.1ms, convert=24.4ms, linear=70.2ms, total=386.8ms
[2026-03-15T09:09:33Z INFO  bif_viewport::texture_loader] UDIM atlas: 1 tiles -> 2048x2048 (1x1 grid, tile 2048x2048)
[2026-03-15T09:09:33Z INFO  bif_core::texture] Texture structure_wall_fibro02_Roughness.1011.jpg (2048x2048): decode=178.1ms, convert=29.9ms, linear=223.4ms, total=431.4ms
[2026-03-15T09:09:33Z INFO  bif_viewport::texture_loader] UDIM atlas: 3 tiles -> 6144x2048 (3x1 grid, tile 2048x2048)
[2026-03-15T09:09:33Z INFO  bif_core::texture] Texture structure_wall_fibro03_Normal_openGL.1002.jpg (2048x2048): decode=496.3ms, convert=28.3ms, linear=100.9ms, total=625.4ms
[2026-03-15T09:09:33Z INFO  bif_viewport::texture_loader] UDIM atlas: 3 tiles -> 6144x2048 (3x1 grid, tile 2048x2048)
[2026-03-15T09:09:33Z INFO  bif_viewport::texture_loader] UDIM atlas: 1 tiles -> 2048x2048 (1x1 grid, tile 2048x2048)
[2026-03-15T09:09:33Z INFO  bif_core::texture] Texture stationary_paper02_proxyTexture.jpg (512x512): decode=75.1ms, convert=3.1ms, linear=7.4ms, total=85.6ms
[2026-03-15T09:09:33Z INFO  bif_core::texture] Texture structure_wall_fibro03_Roughness.1002.jpg (2048x2048): decode=100.7ms, convert=84.1ms, linear=120.1ms, total=304.9ms
[2026-03-15T09:09:33Z INFO  bif_core::texture] Texture books_magazines01_BaseColor.1001.jpg (2048x2048): decode=232.0ms, convert=24.4ms, linear=82.0ms, total=338.4ms
[2026-03-15T09:09:33Z INFO  bif_viewport::texture_loader] UDIM atlas: 1 tiles -> 2048x2048 (1x1 grid, tile 2048x2048)
[2026-03-15T09:09:34Z INFO  bif_core::texture] Texture structure_wall_fibro02_Normal_openGL.1011.jpg (2048x2048): decode=302.5ms, convert=35.8ms, linear=88.0ms, total=426.3ms
[2026-03-15T09:09:34Z INFO  bif_core::texture] Texture stationary_crayon_box01_proxyTexture.jpg (512x512): decode=54.4ms, convert=1.9ms, linear=7.0ms, total=63.3ms
[2026-03-15T09:09:34Z INFO  bif_viewport::texture_loader] UDIM atlas: 3 tiles -> 6144x2048 (3x1 grid, tile 2048x2048)
[2026-03-15T09:09:34Z INFO  bif_core::texture] Texture furniture_shelving01_proxyTexture.jpg (512x512): decode=27.6ms, convert=1.6ms, linear=6.4ms, total=35.6ms
[2026-03-15T09:09:34Z INFO  bif_viewport::texture_loader] UDIM atlas: 9 tiles -> 10240x4096 (5x2 grid, tile 2048x2048)
[2026-03-15T09:09:34Z INFO  bif_core::texture] Texture electronics_turntable01_Normal_openGL.1013.jpg (2048x2048): decode=125.5ms, convert=26.5ms, linear=97.9ms, total=249.8ms
[2026-03-15T09:09:34Z INFO  bif_core::texture] Texture toy_box03_proxyTexture.jpg (512x512): decode=46.8ms, convert=16.5ms, linear=7.8ms, total=71.1ms
[2026-03-15T09:09:34Z INFO  bif_viewport::texture_loader] UDIM atlas: 1 tiles -> 2048x2048 (1x1 grid, tile 2048x2048)
[2026-03-15T09:09:34Z INFO  bif_core::texture] Texture chemistry_flask_stand01_Normal_openGL.1003.jpg (2048x2048): decode=254.6ms, convert=35.3ms, linear=112.8ms, total=402.7ms
[2026-03-15T09:09:34Z INFO  bif_core::texture] Texture books_encyclopedias01_BaseColor.1003.jpg (2048x2048): decode=230.4ms, convert=28.8ms, linear=117.9ms, total=377.1ms
[2026-03-15T09:09:34Z INFO  bif_core::texture] Texture electronics_cabling_BaseColor.1004.jpg (2048x2048): decode=150.0ms, convert=23.1ms, linear=139.5ms, total=312.7ms
[2026-03-15T09:09:34Z INFO  bif_core::texture] Texture electronics_portable_tv01_Roughness.1021.jpg (2048x2048): decode=118.1ms, convert=34.6ms, linear=117.2ms, total=269.9ms
[2026-03-15T09:09:34Z INFO  bif_viewport::texture_loader] UDIM atlas: 7 tiles -> 8192x4096 (4x2 grid, tile 2048x2048)
[2026-03-15T09:09:34Z INFO  bif_core::texture] Texture structure_wall_fibro01_Roughness.1003.jpg (2048x2048): decode=129.7ms, convert=30.6ms, linear=106.4ms, total=266.7ms
[2026-03-15T09:09:34Z INFO  bif_core::texture] Texture stationary_notepad01_BaseColor.1001.jpg (2048x2048): decode=168.4ms, convert=24.8ms, linear=69.6ms, total=262.7ms
[2026-03-15T09:09:34Z INFO  bif_core::texture] Texture structure_wall_fibro03_BaseColor.1003.jpg (2048x2048): decode=490.2ms, convert=30.9ms, linear=78.7ms, total=599.8ms
[2026-03-15T09:09:34Z INFO  bif_core::texture] Texture stationary_paper01_proxyTexture.jpg (512x512): decode=43.8ms, convert=1.9ms, linear=5.3ms, total=51.0ms
[2026-03-15T09:09:34Z INFO  bif_core::texture] Texture books_magazines01_Normal_openGL.1011.jpg (2048x2048): decode=446.9ms, convert=25.4ms, linear=83.4ms, total=555.8ms
[2026-03-15T09:09:34Z INFO  bif_core::texture] Texture electronics_cabling_Roughness.1004.jpg (2048x2048): decode=104.5ms, convert=29.5ms, linear=96.6ms, total=230.5ms
[2026-03-15T09:09:34Z INFO  bif_core::texture] Texture toy_curly_surgery_Normal_openGL.1001.jpg (2048x2048): decode=122.9ms, convert=34.8ms, linear=66.4ms, total=224.1ms
[2026-03-15T09:09:34Z INFO  bif_core::texture] Texture structure_wall_fibro01_Normal_openGL.1012.jpg (2048x2048): decode=491.2ms, convert=19.6ms, linear=70.8ms, total=581.6ms
[2026-03-15T09:09:34Z INFO  bif_core::texture] Texture furniture_blackboard01_Roughness.1001.jpg (2048x2048): decode=113.0ms, convert=14.7ms, linear=56.6ms, total=184.4ms
[2026-03-15T09:09:34Z INFO  bif_core::texture] Texture structure_wall_fibro02_Roughness.1012.jpg (2048x2048): decode=69.9ms, convert=23.7ms, linear=54.1ms, total=147.7ms
[2026-03-15T09:09:34Z INFO  bif_core::texture] Texture furniture_blackboard01_Normal_openGL.1001.jpg (2048x2048): decode=107.0ms, convert=15.7ms, linear=56.7ms, total=179.5ms
[2026-03-15T09:09:34Z INFO  bif_core::texture] Texture toy_curly_surgery_BaseColor.1004.jpg (2048x2048): decode=122.9ms, convert=86.5ms, linear=61.1ms, total=270.5ms
[2026-03-15T09:09:34Z INFO  bif_core::texture] Texture structure_wall_fibro03_Normal_openGL.1003.jpg (2048x2048): decode=159.7ms, convert=20.2ms, linear=62.3ms, total=242.2ms
[2026-03-15T09:09:34Z INFO  bif_core::texture] Texture electronics_portable_tv01_Normal_openGL.1013.jpg (2048x2048): decode=219.7ms, convert=48.1ms, linear=78.9ms, total=346.7ms
[2026-03-15T09:09:34Z INFO  bif_viewport::texture_loader] UDIM atlas: 3 tiles -> 6144x2048 (3x1 grid, tile 2048x2048)
[2026-03-15T09:09:34Z INFO  bif_viewport::texture_loader] UDIM atlas: 3 tiles -> 6144x2048 (3x1 grid, tile 2048x2048)
[2026-03-15T09:09:34Z INFO  bif_core::texture] Texture electronics_turntable01_Normal_openGL.1014.jpg (2048x2048): decode=111.5ms, convert=24.3ms, linear=70.3ms, total=206.0ms
[2026-03-15T09:09:34Z INFO  bif_core::texture] Texture structure_wall_fibro01_Roughness.1011.jpg (2048x2048): decode=74.6ms, convert=25.2ms, linear=80.0ms, total=179.7ms
[2026-03-15T09:09:34Z INFO  bif_core::texture] Texture electronics_cabling_BaseColor.1011.jpg (2048x2048): decode=143.7ms, convert=29.9ms, linear=100.0ms, total=273.7ms
[2026-03-15T09:09:34Z INFO  bif_core::texture] Texture structure_wall_fibro03_Roughness.1003.jpg (2048x2048): decode=172.5ms, convert=109.5ms, linear=78.9ms, total=360.9ms
[2026-03-15T09:09:34Z INFO  bif_core::texture] Texture electronics_portable_tv01_Roughness.1022.jpg (2048x2048): decode=136.8ms, convert=80.2ms, linear=77.4ms, total=294.4ms
[2026-03-15T09:09:34Z INFO  bif_core::texture] Texture stationary_notepad01_BaseColor.1002.jpg (2048x2048): decode=223.3ms, convert=19.7ms, linear=77.2ms, total=320.1ms
[2026-03-15T09:09:34Z INFO  bif_core::texture] Texture structure_wall_fibro02_Normal_openGL.1012.jpg (2048x2048): decode=381.3ms, convert=20.7ms, linear=113.7ms, total=515.7ms
[2026-03-15T09:09:34Z INFO  bif_core::texture] Texture toy_curly_surgery_Normal_openGL.1002.jpg (2048x2048): decode=167.8ms, convert=17.9ms, linear=84.0ms, total=269.7ms
[2026-03-15T09:09:34Z INFO  bif_core::texture] Texture structure_wall_fibro03_BaseColor.1011.jpg (2048x2048): decode=222.8ms, convert=17.4ms, linear=83.9ms, total=324.2ms
[2026-03-15T09:09:34Z INFO  bif_core::texture] Texture stationary_paper02_BaseColor.1001.jpg (2048x2048): decode=188.8ms, convert=21.4ms, linear=94.0ms, total=304.2ms
[2026-03-15T09:09:35Z INFO  bif_core::texture] Texture furniture_blackboard01_Roughness.1002.jpg (2048x2048): decode=118.3ms, convert=25.3ms, linear=100.0ms, total=243.6ms
[2026-03-15T09:09:35Z INFO  bif_core::texture] Texture furniture_shelving01_BaseColor.1001.jpg (2048x2048): decode=165.0ms, convert=25.2ms, linear=87.2ms, total=277.4ms
[2026-03-15T09:09:35Z INFO  bif_core::texture] Texture stationary_crayon_box01_BaseColor.1001.jpg (2048x2048): decode=292.0ms, convert=27.5ms, linear=79.0ms, total=398.5ms
[2026-03-15T09:09:35Z INFO  bif_core::texture] Texture books_magazines01_Normal_openGL.1012.jpg (2048x2048): decode=202.6ms, convert=28.9ms, linear=84.6ms, total=316.1ms
[2026-03-15T09:09:35Z INFO  bif_core::texture] Texture furniture_blackboard01_Normal_openGL.1002.jpg (2048x2048): decode=142.5ms, convert=21.4ms, linear=90.8ms, total=254.8ms
[2026-03-15T09:09:35Z INFO  bif_core::texture] Texture electronics_cabling_Roughness.1011.jpg (2048x2048): decode=129.8ms, convert=142.6ms, linear=99.4ms, total=371.8ms
[2026-03-15T09:09:35Z INFO  bif_viewport::texture_loader] UDIM atlas: 5 tiles -> 6144x4096 (3x2 grid, tile 2048x2048)
[2026-03-15T09:09:35Z INFO  bif_core::texture] Texture electronics_wire_spool05_Roughness.1001.jpg (2048x2048): decode=77.7ms, convert=21.9ms, linear=66.9ms, total=166.6ms
[2026-03-15T09:09:35Z INFO  bif_core::texture] Texture structure_wall_fibro01_Roughness.1012.jpg (2048x2048): decode=79.5ms, convert=21.1ms, linear=77.8ms, total=178.4ms
[2026-03-15T09:09:35Z INFO  bif_core::texture] Texture books_magazines01_BaseColor.1002.jpg (2048x2048): decode=550.9ms, convert=47.2ms, linear=203.8ms, total=801.9ms
[2026-03-15T09:09:35Z INFO  bif_core::texture] Texture decor_bonsai_jar01_Normal_openGL.1001.jpg (2048x2048): decode=140.4ms, convert=103.3ms, linear=89.0ms, total=332.7ms
[2026-03-15T09:09:35Z INFO  bif_viewport::texture_loader] UDIM atlas: 1 tiles -> 2048x2048 (1x1 grid, tile 2048x2048)
[2026-03-15T09:09:35Z INFO  bif_core::texture] Texture electronics_portable_tv01_Roughness.1023.jpg (2048x2048): decode=112.5ms, convert=23.2ms, linear=86.3ms, total=221.9ms
[2026-03-15T09:09:35Z INFO  bif_viewport::texture_loader] UDIM atlas: 5 tiles -> 6144x4096 (3x2 grid, tile 2048x2048)
[2026-03-15T09:09:35Z INFO  bif_core::texture] Texture electronics_wire_spool04_Metallic.1001.jpg (2048x2048): decode=40.6ms, convert=28.0ms, linear=84.5ms, total=153.1ms
[2026-03-15T09:09:35Z INFO  bif_viewport::texture_loader] UDIM atlas: 9 tiles -> 10240x4096 (5x2 grid, tile 2048x2048)
[2026-03-15T09:09:35Z INFO  bif_core::texture] Texture stationary_notepad01_BaseColor.1003.jpg (2048x2048): decode=143.8ms, convert=24.9ms, linear=90.1ms, total=258.7ms
[2026-03-15T09:09:35Z INFO  bif_core::texture] Texture electronics_cabling_BaseColor.1012.jpg (2048x2048): decode=206.1ms, convert=27.7ms, linear=117.4ms, total=351.2ms
[2026-03-15T09:09:35Z INFO  bif_core::texture] Texture structure_wall_fibro03_Roughness.1011.jpg (2048x2048): decode=134.7ms, convert=24.7ms, linear=233.0ms, total=392.4ms
[2026-03-15T09:09:35Z INFO  bif_core::texture] Texture electronics_portable_tv01_Normal_openGL.1014.jpg (2048x2048): decode=251.0ms, convert=26.0ms, linear=126.0ms, total=403.0ms
[2026-03-15T09:09:35Z INFO  bif_core::texture] Texture toy_box03_BaseColor.1001.jpg (2048x2048): decode=258.4ms, convert=40.7ms, linear=77.8ms, total=376.9ms
[2026-03-15T09:09:35Z INFO  bif_core::texture] Texture electronics_wire_spool05_Normal_openGL.1001.jpg (2048x2048): decode=204.7ms, convert=26.2ms, linear=83.7ms, total=314.6ms
[2026-03-15T09:09:35Z INFO  bif_core::texture] Texture electronics_wire_spool06_proxyTexture.jpg (512x512): decode=37.3ms, convert=2.2ms, linear=4.0ms, total=43.5ms
[2026-03-15T09:09:35Z INFO  bif_core::texture] Texture electronics_wire_spool05_Metallic.1001.jpg (2048x2048): decode=51.7ms, convert=25.4ms, linear=65.1ms, total=142.2ms
[2026-03-15T09:09:35Z INFO  bif_core::texture] Texture toy_curly_surgery_Normal_openGL.1003.jpg (2048x2048): decode=116.2ms, convert=27.0ms, linear=94.7ms, total=237.9ms
[2026-03-15T09:09:35Z INFO  bif_core::texture] Texture stationary_notepad01_Roughness.1001.jpg (2048x2048): decode=110.4ms, convert=25.8ms, linear=100.3ms, total=236.5ms
[2026-03-15T09:09:35Z INFO  bif_core::texture] Texture structure_wall_fibro03_Normal_openGL.1011.jpg (2048x2048): decode=563.0ms, convert=23.7ms, linear=108.3ms, total=695.0ms
[2026-03-15T09:09:35Z INFO  bif_core::texture] Texture stationary_paper01_BaseColor.1001.jpg (2048x2048): decode=303.4ms, convert=26.0ms, linear=91.7ms, total=421.1ms
[2026-03-15T09:09:35Z INFO  bif_core::texture] Texture furniture_blackboard01_Normal_openGL.1003.jpg (2048x2048): decode=116.5ms, convert=24.2ms, linear=95.8ms, total=236.5ms
[2026-03-15T09:09:35Z INFO  bif_core::texture] Texture furniture_blackboard01_Roughness.1003.jpg (2048x2048): decode=221.5ms, convert=26.9ms, linear=70.3ms, total=318.7ms
[2026-03-15T09:09:35Z INFO  bif_core::texture] Texture electronics_wire_spool05_Roughness.1002.jpg (2048x2048): decode=97.3ms, convert=24.4ms, linear=64.1ms, total=185.8ms
[2026-03-15T09:09:35Z INFO  bif_core::texture] Texture electronics_wire_spool04_Metallic.1002.jpg (2048x2048): decode=153.1ms, convert=30.8ms, linear=93.5ms, total=277.4ms
[2026-03-15T09:09:35Z INFO  bif_viewport::texture_loader] UDIM atlas: 1 tiles -> 2048x2048 (1x1 grid, tile 2048x2048)
[2026-03-15T09:09:35Z INFO  bif_core::texture] Texture toy_curly_surgery_BaseColor.1011.jpg (2048x2048): decode=586.0ms, convert=117.6ms, linear=227.0ms, total=930.7ms
[2026-03-15T09:09:35Z INFO  bif_viewport::texture_loader] UDIM atlas: 5 tiles -> 6144x4096 (3x2 grid, tile 2048x2048)
[2026-03-15T09:09:35Z INFO  bif_core::texture] Texture furniture_shelving01_BaseColor.1002.jpg (2048x2048): decode=279.1ms, convert=87.5ms, linear=70.7ms, total=437.3ms
[2026-03-15T09:09:35Z INFO  bif_core::texture] Texture furniture_shelving01_Normal_openGL.1001.jpg (2048x2048): decode=405.4ms, convert=141.3ms, linear=69.1ms, total=615.8ms
[2026-03-15T09:09:35Z INFO  bif_core::texture] Texture electronics_portable_tv01_Roughness.1024.jpg (2048x2048): decode=91.4ms, convert=22.5ms, linear=89.0ms, total=203.0ms
[2026-03-15T09:09:35Z INFO  bif_core::texture] Texture books_magazines01_Roughness.1001.jpg (2048x2048): decode=160.1ms, convert=150.0ms, linear=471.9ms, total=782.0ms
[2026-03-15T09:09:35Z INFO  bif_core::texture] Texture stationary_paper02_Roughness.1001.jpg (2048x2048): decode=64.4ms, convert=29.7ms, linear=66.1ms, total=160.3ms
[2026-03-15T09:09:35Z INFO  bif_viewport::texture_loader] UDIM atlas: 3 tiles -> 6144x2048 (3x1 grid, tile 2048x2048)
[2026-03-15T09:09:36Z INFO  bif_core::texture] Texture electronics_wire_spool04_proxyTexture.jpg (512x512): decode=13.2ms, convert=1.4ms, linear=3.0ms, total=17.6ms
[2026-03-15T09:09:36Z INFO  bif_core::texture] Texture electronics_wire_spool05_Metallic.1002.jpg (2048x2048): decode=121.3ms, convert=31.5ms, linear=73.8ms, total=226.7ms
[2026-03-15T09:09:36Z INFO  bif_core::texture] Texture stationary_protractor_box01_proxyTexture.jpg (512x512): decode=23.5ms, convert=1.6ms, linear=4.5ms, total=29.5ms
[2026-03-15T09:09:36Z INFO  bif_core::texture] Texture electronics_cabling_BaseColor.1013.jpg (2048x2048): decode=176.1ms, convert=16.5ms, linear=64.9ms, total=257.6ms
[2026-03-15T09:09:36Z INFO  bif_viewport::texture_loader] UDIM atlas: 2 tiles -> 4096x2048 (2x1 grid, tile 2048x2048)
[2026-03-15T09:09:36Z INFO  bif_viewport::texture_loader] UDIM atlas: 5 tiles -> 6144x4096 (3x2 grid, tile 2048x2048)
[2026-03-15T09:09:36Z INFO  bif_core::texture] Texture structure_wall_fibro03_Roughness.1012.jpg (2048x2048): decode=150.3ms, convert=17.2ms, linear=78.1ms, total=245.6ms
[2026-03-15T09:09:36Z INFO  bif_core::texture] Texture chemistry_magnetic_stirrer01_proxyTexture.jpg (512x512): decode=21.5ms, convert=1.3ms, linear=4.9ms, total=27.7ms
[2026-03-15T09:09:36Z INFO  bif_core::texture] Texture toy_box03_BaseColor.1002.jpg (2048x2048): decode=216.1ms, convert=25.6ms, linear=101.8ms, total=343.5ms
[2026-03-15T09:09:36Z INFO  bif_core::texture] Texture stationary_notepad01_Roughness.1002.jpg (2048x2048): decode=68.2ms, convert=43.2ms, linear=99.0ms, total=210.4ms
[2026-03-15T09:09:36Z INFO  bif_viewport::texture_loader] UDIM atlas: 2 tiles -> 4096x2048 (2x1 grid, tile 2048x2048)
[2026-03-15T09:09:36Z INFO  bif_viewport::texture_loader] UDIM atlas: 3 tiles -> 6144x2048 (3x1 grid, tile 2048x2048)
[2026-03-15T09:09:36Z INFO  bif_core::texture] Texture electronics_wire_spool06_BaseColor.1001.jpg (2048x2048): decode=124.0ms, convert=30.1ms, linear=89.5ms, total=243.7ms
[2026-03-15T09:09:36Z INFO  bif_core::texture] Texture electronics_wire_spool05_Normal_openGL.1002.jpg (2048x2048): decode=258.2ms, convert=29.5ms, linear=130.1ms, total=417.8ms
[2026-03-15T09:09:36Z INFO  bif_viewport::texture_loader] UDIM atlas: 3 tiles -> 6144x2048 (3x1 grid, tile 2048x2048)
[2026-03-15T09:09:36Z INFO  bif_viewport::texture_loader] UDIM atlas: 1 tiles -> 2048x2048 (1x1 grid, tile 2048x2048)
[2026-03-15T09:09:36Z INFO  bif_core::texture] Texture electronics_cabling_Roughness.1012.jpg (2048x2048): decode=119.4ms, convert=259.2ms, linear=134.9ms, total=513.5ms
[2026-03-15T09:09:36Z INFO  bif_viewport::texture_loader] UDIM atlas: 2 tiles -> 4096x2048 (2x1 grid, tile 2048x2048)
[2026-03-15T09:09:36Z INFO  bif_viewport::texture_loader] UDIM atlas: 1 tiles -> 2048x2048 (1x1 grid, tile 2048x2048)
[2026-03-15T09:09:36Z INFO  bif_core::texture] Texture toy_curly_surgery_Normal_openGL.1004.jpg (2048x2048): decode=143.4ms, convert=29.6ms, linear=86.0ms, total=259.0ms
[2026-03-15T09:09:36Z INFO  bif_viewport::texture_loader] UDIM atlas: 2 tiles -> 4096x2048 (2x1 grid, tile 2048x2048)
[2026-03-15T09:09:36Z INFO  bif_core::texture] Texture stationary_set_square01_proxyTexture.jpg (512x512): decode=26.7ms, convert=1.5ms, linear=4.5ms, total=32.7ms
[2026-03-15T09:09:36Z INFO  bif_core::texture] Texture books_magazines01_BaseColor.1003.jpg (2048x2048): decode=360.8ms, convert=30.8ms, linear=55.7ms, total=447.3ms
[2026-03-15T09:09:36Z INFO  bif_core::texture] Texture electronics_wire_spool05_proxyTexture.jpg (512x512): decode=19.7ms, convert=1.2ms, linear=3.5ms, total=24.5ms
[2026-03-15T09:09:36Z INFO  bif_core::texture] Texture structure_wall_fibro03_BaseColor.1012.jpg (2048x2048): decode=491.2ms, convert=28.6ms, linear=64.3ms, total=584.1ms
[2026-03-15T09:09:36Z INFO  bif_core::texture] Texture toy_box03_Roughness.1001.jpg (2048x2048): decode=60.9ms, convert=19.9ms, linear=73.9ms, total=154.7ms
[2026-03-15T09:09:36Z INFO  bif_core::texture] Texture decor_bonsai_jar01_Normal_openGL.1002.jpg (2048x2048): decode=287.9ms, convert=16.1ms, linear=57.0ms, total=361.1ms
[2026-03-15T09:09:36Z INFO  bif_core::texture] Texture electronics_wire_spool04_BaseColor.1001.jpg (2048x2048): decode=112.3ms, convert=21.1ms, linear=77.5ms, total=210.9ms
[2026-03-15T09:09:36Z INFO  bif_core::texture] Texture electronics_portable_tv01_Normal_openGL.1021.jpg (2048x2048): decode=128.9ms, convert=22.3ms, linear=91.7ms, total=242.8ms
[2026-03-15T09:09:36Z INFO  bif_core::texture] Texture electronics_cabling_BaseColor.1014.jpg (2048x2048): decode=128.3ms, convert=24.3ms, linear=79.9ms, total=232.5ms
[2026-03-15T09:09:36Z INFO  bif_core::texture] Texture stationary_crayon_box01_Roughness.1001.jpg (2048x2048): decode=87.2ms, convert=33.8ms, linear=76.9ms, total=198.0ms
[2026-03-15T09:09:36Z INFO  bif_core::texture] Texture structure_wall_fibro03_Normal_openGL.1012.jpg (2048x2048): decode=222.1ms, convert=60.3ms, linear=85.8ms, total=368.3ms
[2026-03-15T09:09:36Z INFO  bif_core::texture] Texture stationary_notepad01_Roughness.1003.jpg (2048x2048): decode=100.8ms, convert=20.0ms, linear=92.0ms, total=212.9ms
[2026-03-15T09:09:36Z INFO  bif_viewport::texture_loader] UDIM atlas: 2 tiles -> 4096x2048 (2x1 grid, tile 2048x2048)
[2026-03-15T09:09:36Z INFO  bif_core::texture] Texture books_magazines01_Roughness.1002.jpg (2048x2048): decode=157.5ms, convert=24.4ms, linear=140.9ms, total=322.9ms
[2026-03-15T09:09:36Z INFO  bif_core::texture] Texture toy_curly_surgery_BaseColor.1012.jpg (2048x2048): decode=150.9ms, convert=30.4ms, linear=127.7ms, total=309.1ms
[2026-03-15T09:09:36Z INFO  bif_core::texture] Texture toy_box03_BaseColor.1003.jpg (2048x2048): decode=197.3ms, convert=27.4ms, linear=114.9ms, total=339.7ms
[2026-03-15T09:09:36Z INFO  bif_core::texture] Texture electronics_cabling_Roughness.1013.jpg (2048x2048): decode=66.5ms, convert=51.4ms, linear=115.4ms, total=233.2ms
[2026-03-15T09:09:36Z INFO  bif_core::texture] Texture stationary_crayon_box01_Normal_openGL.1001.jpg (2048x2048): decode=119.7ms, convert=30.7ms, linear=123.2ms, total=273.7ms
[2026-03-15T09:09:37Z INFO  bif_core::texture] Texture furniture_shelving01_Normal_openGL.1002.jpg (2048x2048): decode=148.8ms, convert=66.5ms, linear=138.4ms, total=353.7ms
[2026-03-15T09:09:37Z INFO  bif_core::texture] Texture electronics_wire_spool06_BaseColor.1002.jpg (2048x2048): decode=195.3ms, convert=31.7ms, linear=97.3ms, total=324.3ms
[2026-03-15T09:09:37Z INFO  bif_viewport::texture_loader] UDIM atlas: 13 tiles -> 10240x6144 (5x3 grid, tile 2048x2048)
[2026-03-15T09:09:37Z INFO  bif_core::texture] Texture electronics_wire_spool04_Normal_openGL.1001.jpg (2048x2048): decode=133.2ms, convert=27.4ms, linear=67.1ms, total=227.7ms
[2026-03-15T09:09:37Z INFO  bif_core::texture] Texture toy_curly_surgery_Normal_openGL.1011.jpg (2048x2048): decode=176.5ms, convert=29.5ms, linear=84.5ms, total=290.6ms
[2026-03-15T09:09:37Z INFO  bif_core::texture] Texture toy_box03_Roughness.1002.jpg (2048x2048): decode=152.4ms, convert=19.7ms, linear=46.7ms, total=218.9ms
[2026-03-15T09:09:37Z INFO  bif_viewport::texture_loader] UDIM atlas: 5 tiles -> 6144x4096 (3x2 grid, tile 2048x2048)
[2026-03-15T09:09:37Z INFO  bif_viewport::texture_loader] UDIM atlas: 1 tiles -> 2048x2048 (1x1 grid, tile 2048x2048)
[2026-03-15T09:09:37Z INFO  bif_core::texture] Texture stationary_protractor_box01_Roughness.1001.jpg (2048x2048): decode=84.2ms, convert=31.5ms, linear=86.8ms, total=202.5ms
[2026-03-15T09:09:37Z INFO  bif_core::texture] Texture electronics_wire_spool04_BaseColor.1002.jpg (2048x2048): decode=187.7ms, convert=23.8ms, linear=92.6ms, total=304.1ms
[2026-03-15T09:09:37Z INFO  bif_viewport::texture_loader] UDIM atlas: 5 tiles -> 6144x4096 (3x2 grid, tile 2048x2048)
[2026-03-15T09:09:37Z INFO  bif_core::texture] Texture stationary_notepad01_Normal_openGL.1001.jpg (2048x2048): decode=338.9ms, convert=30.6ms, linear=113.7ms, total=483.2ms
[2026-03-15T09:09:37Z INFO  bif_core::texture] Texture electronics_wire_spool05_BaseColor.1001.jpg (2048x2048): decode=164.0ms, convert=33.8ms, linear=108.8ms, total=306.6ms
[2026-03-15T09:09:37Z INFO  bif_core::texture] Texture stationary_paper02_Normal_openGL.1001.jpg (2048x2048): decode=129.1ms, convert=30.5ms, linear=97.0ms, total=256.7ms
[2026-03-15T09:09:37Z INFO  bif_viewport::texture_loader] UDIM atlas: 1 tiles -> 2048x2048 (1x1 grid, tile 2048x2048)
[2026-03-15T09:09:37Z INFO  bif_viewport::texture_loader] UDIM atlas: 3 tiles -> 6144x2048 (3x1 grid, tile 2048x2048)
[2026-03-15T09:09:37Z INFO  bif_core::texture] Texture furniture_shelving01_Roughness.1001.jpg (2048x2048): decode=192.6ms, convert=26.7ms, linear=107.9ms, total=327.3ms
[2026-03-15T09:09:37Z INFO  bif_core::texture] Texture stationary_protractor_box01_Normal_openGL.1001.jpg (2048x2048): decode=128.4ms, convert=34.6ms, linear=92.0ms, total=255.0ms
[2026-03-15T09:09:37Z INFO  bif_viewport::texture_loader] UDIM atlas: 5 tiles -> 6144x4096 (3x2 grid, tile 2048x2048)
[2026-03-15T09:09:37Z INFO  bif_viewport::texture_loader] UDIM atlas: 2 tiles -> 4096x2048 (2x1 grid, tile 2048x2048)
[2026-03-15T09:09:37Z INFO  bif_viewport::texture_loader] UDIM atlas: 3 tiles -> 6144x2048 (3x1 grid, tile 2048x2048)
[2026-03-15T09:09:37Z INFO  bif_core::texture] Texture chemistry_kipps_apparatus01_proxyTexture.jpg (512x512): decode=46.9ms, convert=1.9ms, linear=4.8ms, total=53.6ms
[2026-03-15T09:09:37Z INFO  bif_core::texture] Texture furniture_workbench01_proxyTexture.jpg (512x512): decode=111.4ms, convert=2.2ms, linear=8.6ms, total=122.3ms
[2026-03-15T09:09:37Z INFO  bif_viewport::texture_loader] UDIM atlas: 8 tiles -> 8192x4096 (4x2 grid, tile 2048x2048)
[2026-03-15T09:09:37Z INFO  bif_core::texture] Texture books_magazines01_BaseColor.1011.jpg (2048x2048): decode=345.7ms, convert=101.2ms, linear=269.7ms, total=716.6ms
[2026-03-15T09:09:37Z INFO  bif_core::texture] Texture electronics_wire_spool01_proxyTexture.jpg (512x512): decode=26.0ms, convert=1.5ms, linear=6.9ms, total=34.4ms
[2026-03-15T09:09:37Z INFO  bif_core::texture] Texture stationary_notepad01_proxyTexture.jpg (512x512): decode=10.9ms, convert=2.3ms, linear=7.1ms, total=20.3ms
[2026-03-15T09:09:37Z INFO  bif_core::texture] Texture chemistry_magnetic_stirrer01_Roughness.1001.jpg (2048x2048): decode=116.8ms, convert=30.7ms, linear=82.7ms, total=230.3ms
[2026-03-15T09:09:37Z INFO  bif_core::texture] Texture stationary_protractor_box01_BaseColor.1001.jpg (2048x2048): decode=287.2ms, convert=201.3ms, linear=89.1ms, total=577.6ms
[2026-03-15T09:09:37Z INFO  bif_core::texture] Texture electronics_portable_tv01_Normal_openGL.1022.jpg (2048x2048): decode=193.0ms, convert=223.8ms, linear=98.5ms, total=515.3ms
[2026-03-15T09:09:37Z INFO  bif_core::texture] Texture chemistry_magnetic_stirrer01_BaseColor.1001.jpg (2048x2048): decode=313.8ms, convert=190.5ms, linear=244.2ms, total=748.5ms
[2026-03-15T09:09:37Z INFO  bif_core::texture] Texture electronics_wire_spool04_Roughness.1001.jpg (2048x2048): decode=78.8ms, convert=24.5ms, linear=98.0ms, total=201.3ms
[2026-03-15T09:09:37Z INFO  bif_core::texture] Texture stationary_paper01_Roughness.1001.jpg (2048x2048): decode=60.9ms, convert=175.9ms, linear=130.5ms, total=367.3ms
[2026-03-15T09:09:37Z INFO  bif_core::texture] Texture toy_curly_surgery_Normal_openGL.1012.jpg (2048x2048): decode=123.1ms, convert=23.8ms, linear=73.6ms, total=220.5ms
[2026-03-15T09:09:37Z INFO  bif_viewport::texture_loader] UDIM atlas: 2 tiles -> 4096x2048 (2x1 grid, tile 2048x2048)
[2026-03-15T09:09:37Z INFO  bif_core::texture] Texture electronics_wire_spool04_Normal_openGL.1002.jpg (2048x2048): decode=232.0ms, convert=23.6ms, linear=56.0ms, total=311.6ms
[2026-03-15T09:09:37Z INFO  bif_viewport::texture_loader] UDIM atlas: 2 tiles -> 4096x2048 (2x1 grid, tile 2048x2048)
[2026-03-15T09:09:37Z INFO  bif_core::texture] Texture electronics_wire_spool02_proxyTexture.jpg (512x512): decode=36.3ms, convert=1.8ms, linear=7.7ms, total=45.8ms
[2026-03-15T09:09:37Z INFO  bif_core::texture] Texture toy_curly_surgery_BaseColor.1013.jpg (2048x2048): decode=166.6ms, convert=21.6ms, linear=74.0ms, total=262.3ms
[2026-03-15T09:09:37Z INFO  bif_core::texture] Texture decor_bonsai_jar01_Normal_openGL.1003.jpg (2048x2048): decode=731.2ms, convert=26.1ms, linear=95.1ms, total=852.4ms
[2026-03-15T09:09:37Z INFO  bif_core::texture] Texture toy_box03_Roughness.1003.jpg (2048x2048): decode=249.2ms, convert=22.9ms, linear=95.2ms, total=367.3ms
[2026-03-15T09:09:37Z INFO  bif_core::texture] Texture books_magazines01_Roughness.1003.jpg (2048x2048): decode=339.6ms, convert=85.1ms, linear=89.6ms, total=514.4ms
[2026-03-15T09:09:37Z INFO  bif_viewport::texture_loader] UDIM atlas: 1 tiles -> 2048x2048 (1x1 grid, tile 2048x2048)
[2026-03-15T09:09:37Z INFO  bif_core::texture] Texture stationary_protractor_box01_Roughness.1002.jpg (2048x2048): decode=104.5ms, convert=22.2ms, linear=112.2ms, total=239.0ms
[2026-03-15T09:09:37Z INFO  bif_core::texture] Texture toy_box03_Normal_openGL.1001.jpg (2048x2048): decode=139.9ms, convert=22.0ms, linear=65.7ms, total=227.7ms
[2026-03-15T09:09:37Z INFO  bif_core::texture] Texture vegetation_bonsai_branch02_Roughness.1001.png (2048x2048): decode=51.0ms, convert=16.5ms, linear=42.5ms, total=110.1ms
[2026-03-15T09:09:38Z INFO  bif_core::texture] Texture electronics_cabling_Roughness.1014.jpg (2048x2048): decode=118.2ms, convert=76.6ms, linear=105.0ms, total=299.8ms
[2026-03-15T09:09:38Z INFO  bif_core::texture] Texture electronics_wire_spool05_BaseColor.1002.jpg (2048x2048): decode=192.4ms, convert=16.5ms, linear=58.6ms, total=267.4ms
[2026-03-15T09:09:38Z INFO  bif_core::texture] Texture furniture_shelving01_Roughness.1002.jpg (2048x2048): decode=150.3ms, convert=23.2ms, linear=61.2ms, total=234.8ms
[2026-03-15T09:09:38Z INFO  bif_core::texture] Texture chemistry_magnetic_stirrer01_Roughness.1002.jpg (2048x2048): decode=118.3ms, convert=18.8ms, linear=62.6ms, total=199.7ms
[2026-03-15T09:09:38Z INFO  bif_core::texture] Texture stationary_protractor_box01_Normal_openGL.1002.jpg (2048x2048): decode=118.6ms, convert=34.8ms, linear=88.8ms, total=242.2ms
[2026-03-15T09:09:38Z INFO  bif_core::texture] Texture stationary_notepad01_Normal_openGL.1002.jpg (2048x2048): decode=241.2ms, convert=21.1ms, linear=52.3ms, total=314.7ms
[2026-03-15T09:09:38Z INFO  bif_core::texture] Texture electronics_wire_spool04_Roughness.1002.jpg (2048x2048): decode=133.0ms, convert=17.2ms, linear=69.0ms, total=219.2ms
[2026-03-15T09:09:38Z INFO  bif_core::texture] Texture toy_curly_surgery_Normal_openGL.1013.jpg (2048x2048): decode=100.2ms, convert=17.3ms, linear=69.5ms, total=187.0ms
[2026-03-15T09:09:38Z INFO  bif_viewport::texture_loader] UDIM atlas: 1 tiles -> 2048x2048 (1x1 grid, tile 2048x2048)
[2026-03-15T09:09:38Z INFO  bif_core::texture] Texture electronics_portable_tv01_Normal_openGL.1023.jpg (2048x2048): decode=142.0ms, convert=23.8ms, linear=91.0ms, total=256.8ms
[2026-03-15T09:09:38Z INFO  bif_viewport::texture_loader] UDIM atlas: 2 tiles -> 4096x2048 (2x1 grid, tile 2048x2048)
[2026-03-15T09:09:38Z INFO  bif_core::texture] Texture stationary_protractor_box01_Roughness.1011.jpg (2048x2048): decode=69.3ms, convert=24.8ms, linear=82.0ms, total=176.1ms
[2026-03-15T09:09:38Z INFO  bif_viewport::texture_loader] UDIM atlas: 3 tiles -> 6144x2048 (3x1 grid, tile 2048x2048)
[2026-03-15T09:09:38Z INFO  bif_core::texture] Texture stationary_set_square01_BaseColor.1001.jpg (2048x2048): decode=162.5ms, convert=26.5ms, linear=138.9ms, total=327.9ms
[2026-03-15T09:09:38Z INFO  bif_core::texture] Texture stationary_paper01_Normal_openGL.1001.jpg (2048x2048): decode=260.0ms, convert=36.8ms, linear=115.8ms, total=412.6ms
[2026-03-15T09:09:38Z INFO  bif_viewport::texture_loader] UDIM atlas: 2 tiles -> 4096x2048 (2x1 grid, tile 2048x2048)
[2026-03-15T09:09:38Z INFO  bif_core::texture] Texture toy_box03_Normal_openGL.1002.jpg (2048x2048): decode=128.4ms, convert=29.8ms, linear=127.5ms, total=285.7ms
[2026-03-15T09:09:38Z INFO  bif_core::texture] Texture vegetation_bonsai_branch02_Normal_openGL.1001.png (2048x2048): decode=133.0ms, convert=50.5ms, linear=111.1ms, total=294.6ms
[2026-03-15T09:09:38Z INFO  bif_core::texture] Texture stationary_protractor_box01_BaseColor.1002.jpg (2048x2048): decode=198.9ms, convert=29.0ms, linear=319.9ms, total=547.8ms
[2026-03-15T09:09:38Z INFO  bif_viewport::texture_loader] UDIM atlas: 7 tiles -> 8192x4096 (4x2 grid, tile 2048x2048)
[2026-03-15T09:09:38Z INFO  bif_core::texture] Texture books_magazines01_BaseColor.1012.jpg (2048x2048): decode=345.6ms, convert=30.3ms, linear=110.7ms, total=486.6ms
[2026-03-15T09:09:38Z INFO  bif_viewport::texture_loader] UDIM atlas: 2 tiles -> 4096x2048 (2x1 grid, tile 2048x2048)
[2026-03-15T09:09:38Z INFO  bif_core::texture] Texture stationary_notepad01_BaseColor.1001.jpg (2048x2048): decode=164.5ms, convert=34.7ms, linear=122.3ms, total=321.5ms
[2026-03-15T09:09:38Z INFO  bif_core::texture] Texture chemistry_kipps_apparatus01_BaseColor.1001.jpg (2048x2048): decode=136.2ms, convert=36.5ms, linear=108.6ms, total=281.3ms
[2026-03-15T09:09:38Z INFO  bif_core::texture] Texture books_magazines01_Roughness.1011.jpg (2048x2048): decode=190.6ms, convert=101.3ms, linear=95.0ms, total=386.9ms
[2026-03-15T09:09:38Z INFO  bif_core::texture] Texture chemistry_magnetic_stirrer01_Roughness.1011.jpg (2048x2048): decode=120.9ms, convert=34.8ms, linear=131.0ms, total=286.7ms
[2026-03-15T09:09:38Z INFO  bif_core::texture] Texture chemistry_magnetic_stirrer01_BaseColor.1002.jpg (2048x2048): decode=304.1ms, convert=175.6ms, linear=99.2ms, total=578.9ms
[2026-03-15T09:09:38Z INFO  bif_core::texture] Texture electronics_cabling_Normal_openGL.1001.jpg (2048x2048): decode=154.7ms, convert=36.7ms, linear=116.6ms, total=307.9ms
[2026-03-15T09:09:38Z INFO  bif_core::texture] Texture furniture_blackboard01_Normal_openGL.1001.jpg (2048x2048): decode=133.4ms, convert=45.1ms, linear=138.6ms, total=317.0ms
[2026-03-15T09:09:38Z INFO  bif_viewport::texture_loader] UDIM atlas: 2 tiles -> 4096x2048 (2x1 grid, tile 2048x2048)
[2026-03-15T09:09:38Z INFO  bif_core::texture] Texture chemistry_magnetic_stirrer01_Normal_openGL.1001.jpg (2048x2048): decode=195.9ms, convert=32.2ms, linear=99.7ms, total=327.8ms
[2026-03-15T09:09:38Z INFO  bif_core::texture] Texture toy_box02_Roughness.1001.jpg (2048x2048): decode=121.5ms, convert=25.4ms, linear=79.6ms, total=226.5ms
[2026-03-15T09:09:38Z INFO  bif_viewport::texture_loader] UDIM atlas: 3 tiles -> 6144x2048 (3x1 grid, tile 2048x2048)
[2026-03-15T09:09:38Z INFO  bif_core::texture] Texture stationary_protractor_box01_Normal_openGL.1011.jpg (2048x2048): decode=194.2ms, convert=28.9ms, linear=64.9ms, total=288.0ms
[2026-03-15T09:09:38Z INFO  bif_viewport::texture_loader] UDIM atlas: 1 tiles -> 2048x2048 (1x1 grid, tile 2048x2048)
[2026-03-15T09:09:38Z INFO  bif_viewport::texture_loader] UDIM atlas: 7 tiles -> 8192x4096 (4x2 grid, tile 2048x2048)
[2026-03-15T09:09:38Z INFO  bif_core::texture] Texture stationary_protractor_box01_Roughness.1012.jpg (2048x2048): decode=106.0ms, convert=22.6ms, linear=66.2ms, total=194.8ms
[2026-03-15T09:09:38Z INFO  bif_core::texture] Texture toy_fun_coil_Metallic.1001.jpg (2048x2048): decode=47.3ms, convert=16.3ms, linear=68.7ms, total=132.3ms
[2026-03-15T09:09:38Z INFO  bif_core::texture] Texture vegetation_bonsai_branch03_proxyTexture.jpg (512x512): decode=25.6ms, convert=2.0ms, linear=6.9ms, total=34.5ms
[2026-03-15T09:09:39Z INFO  bif_viewport::texture_loader] UDIM atlas: 8 tiles -> 8192x4096 (4x2 grid, tile 2048x2048)
[2026-03-15T09:09:39Z INFO  bif_core::texture] Texture electronics_wire_spool01_BaseColor.1001.jpg (2048x2048): decode=318.1ms, convert=62.4ms, linear=129.4ms, total=509.8ms
[2026-03-15T09:09:39Z INFO  bif_core::texture] Texture stationary_notepad01_Normal_openGL.1003.jpg (2048x2048): decode=159.0ms, convert=24.9ms, linear=78.1ms, total=262.0ms
[2026-03-15T09:09:39Z INFO  bif_core::texture] Texture stationary_notepad01_BaseColor.1002.jpg (2048x2048): decode=181.3ms, convert=30.9ms, linear=68.7ms, total=281.0ms
[2026-03-15T09:09:39Z INFO  bif_viewport::texture_loader] UDIM atlas: 1 tiles -> 2048x2048 (1x1 grid, tile 2048x2048)
[2026-03-15T09:09:39Z INFO  bif_viewport::texture_loader] UDIM atlas: 3 tiles -> 4096x4096 (2x2 grid, tile 2048x2048)
[2026-03-15T09:09:39Z INFO  bif_viewport::texture_loader] UDIM atlas: 1 tiles -> 2048x2048 (1x1 grid, tile 2048x2048)
[2026-03-15T09:09:39Z INFO  bif_core::texture] Texture electronics_wire_spool02_BaseColor.1001.jpg (2048x2048): decode=212.4ms, convert=84.1ms, linear=240.8ms, total=537.3ms
[2026-03-15T09:09:39Z INFO  bif_core::texture] Texture electronics_wire_spool01_Normal_openGL.1001.jpg (2048x2048): decode=139.7ms, convert=67.4ms, linear=91.4ms, total=298.6ms
[2026-03-15T09:09:39Z INFO  bif_core::texture] Texture furniture_workbench01_BaseColor.1001.jpg (2048x2048): decode=366.7ms, convert=40.3ms, linear=206.6ms, total=613.6ms
[2026-03-15T09:09:39Z INFO  bif_core::texture] Texture chemistry_test_tube02_Normal_openGL.1001.jpg (2048x2048): decode=120.4ms, convert=29.5ms, linear=98.4ms, total=248.4ms
[2026-03-15T09:09:39Z INFO  bif_core::texture] Texture electronics_cabling_Normal_openGL.1002.jpg (2048x2048): decode=124.6ms, convert=24.5ms, linear=111.2ms, total=260.3ms
[2026-03-15T09:09:39Z INFO  bif_core::texture] Texture toy_box03_Normal_openGL.1003.jpg (2048x2048): decode=241.5ms, convert=23.8ms, linear=101.6ms, total=366.9ms
[2026-03-15T09:09:39Z INFO  bif_core::texture] Texture chemistry_magnetic_stirrer01_BaseColor.1011.jpg (2048x2048): decode=189.7ms, convert=24.7ms, linear=125.0ms, total=339.4ms
[2026-03-15T09:09:39Z INFO  bif_core::texture] Texture furniture_blackboard01_Normal_openGL.1002.jpg (2048x2048): decode=143.1ms, convert=26.6ms, linear=122.1ms, total=291.8ms
[2026-03-15T09:09:39Z INFO  bif_core::texture] Texture chemistry_kipps_apparatus01_BaseColor.1002.jpg (2048x2048): decode=232.7ms, convert=27.2ms, linear=124.1ms, total=384.1ms
[2026-03-15T09:09:39Z INFO  bif_core::texture] Texture stationary_protractor_box01_BaseColor.1011.jpg (2048x2048): decode=176.2ms, convert=27.7ms, linear=99.5ms, total=303.4ms
[2026-03-15T09:09:39Z INFO  bif_core::texture] Texture stationary_set_square02_BaseColor.1001.jpg (2048x2048): decode=130.5ms, convert=30.4ms, linear=105.5ms, total=266.4ms
[2026-03-15T09:09:39Z INFO  bif_core::texture] Texture electronics_portable_tv01_Normal_openGL.1024.jpg (2048x2048): decode=179.1ms, convert=29.0ms, linear=108.2ms, total=316.3ms
[2026-03-15T09:09:39Z INFO  bif_core::texture] Texture stationary_protractor_box01_Normal_openGL.1012.jpg (2048x2048): decode=124.9ms, convert=31.7ms, linear=87.1ms, total=243.6ms
[2026-03-15T09:09:39Z INFO  bif_core::texture] Texture books_magazines01_Roughness.1012.jpg (2048x2048): decode=110.6ms, convert=27.9ms, linear=83.3ms, total=221.9ms
[2026-03-15T09:09:39Z INFO  bif_viewport::texture_loader] UDIM atlas: 1 tiles -> 2048x2048 (1x1 grid, tile 2048x2048)
[2026-03-15T09:09:39Z INFO  bif_core::texture] Texture books_magazines01_BaseColor.1013.jpg (2048x2048): decode=229.4ms, convert=27.8ms, linear=58.1ms, total=315.3ms
[2026-03-15T09:09:39Z INFO  bif_core::texture] Texture electronics_wire_spool01_Roughness.1001.jpg (2048x2048): decode=63.5ms, convert=19.3ms, linear=54.5ms, total=137.3ms
[2026-03-15T09:09:39Z INFO  bif_viewport::texture_loader] UDIM atlas: 4 tiles -> 4096x4096 (2x2 grid, tile 2048x2048)
[2026-03-15T09:09:39Z INFO  bif_core::texture] Texture toy_box01_BaseColor.1001.jpg (2048x2048): decode=172.5ms, convert=15.4ms, linear=49.2ms, total=237.1ms
[2026-03-15T09:09:39Z INFO  bif_core::texture] Texture chemistry_magnetic_stirrer01_Normal_openGL.1002.jpg (2048x2048): decode=242.8ms, convert=51.6ms, linear=196.0ms, total=490.5ms
[2026-03-15T09:09:39Z INFO  bif_viewport::texture_loader] UDIM atlas: 1 tiles -> 2048x2048 (1x1 grid, tile 2048x2048)
[2026-03-15T09:09:39Z INFO  bif_core::texture] Texture electronics_wire_spool01_BaseColor.1002.jpg (2048x2048): decode=172.7ms, convert=16.0ms, linear=47.4ms, total=236.0ms
[2026-03-15T09:09:39Z INFO  bif_core::texture] Texture chemistry_test_tube03_proxyTexture.jpg (512x512): decode=45.3ms, convert=1.6ms, linear=4.9ms, total=51.8ms
[2026-03-15T09:09:39Z INFO  bif_core::texture] Texture stationary_set_square01_Roughness.1001.jpg (2048x2048): decode=73.0ms, convert=43.5ms, linear=81.6ms, total=198.1ms
[2026-03-15T09:09:39Z INFO  bif_core::texture] Texture stationary_slide_rule01_BaseColor.1001.jpg (2048x2048): decode=202.5ms, convert=19.9ms, linear=216.8ms, total=439.1ms
[2026-03-15T09:09:39Z INFO  bif_core::texture] Texture stationary_notepad01_BaseColor.1003.jpg (2048x2048): decode=193.6ms, convert=20.0ms, linear=91.3ms, total=304.9ms
[2026-03-15T09:09:39Z INFO  bif_core::texture] Texture chemistry_test_tube03_Normal_openGL.1001.jpg (2048x2048): decode=126.6ms, convert=22.6ms, linear=98.9ms, total=248.1ms
[2026-03-15T09:09:39Z INFO  bif_viewport::texture_loader] UDIM atlas: 1 tiles -> 2048x2048 (1x1 grid, tile 2048x2048)
[2026-03-15T09:09:39Z INFO  bif_viewport::texture_loader] UDIM atlas: 3 tiles -> 6144x2048 (3x1 grid, tile 2048x2048)
[2026-03-15T09:09:39Z INFO  bif_core::texture] Texture furniture_workbench01_BaseColor.1002.jpg (2048x2048): decode=259.2ms, convert=24.3ms, linear=71.0ms, total=354.5ms
[2026-03-15T09:09:40Z INFO  bif_core::texture] Texture furniture_blackboard01_Normal_openGL.1003.jpg (2048x2048): decode=174.0ms, convert=31.5ms, linear=79.3ms, total=284.9ms
[2026-03-15T09:09:40Z INFO  bif_core::texture] Texture chemistry_kipps_apparatus01_BaseColor.1003.jpg (2048x2048): decode=162.7ms, convert=24.9ms, linear=74.2ms, total=261.8ms
[2026-03-15T09:09:40Z INFO  bif_core::texture] Texture electronics_cabling_Normal_openGL.1003.jpg (2048x2048): decode=199.6ms, convert=23.7ms, linear=86.7ms, total=310.0ms
[2026-03-15T09:09:40Z INFO  bif_viewport::texture_loader] UDIM atlas: 4 tiles -> 4096x4096 (2x2 grid, tile 2048x2048)
[2026-03-15T09:09:40Z INFO  bif_core::texture] Texture vegetation_bonsai_branch03_BaseColor.1001.jpg (2048x2048): decode=216.5ms, convert=44.8ms, linear=97.8ms, total=359.1ms
[2026-03-15T09:09:40Z INFO  bif_core::texture] Texture decor_wooden_box01_BaseColor.1001.jpg (2048x2048): decode=305.8ms, convert=111.7ms, linear=80.6ms, total=498.0ms
[2026-03-15T09:09:40Z INFO  bif_viewport::texture_loader] UDIM atlas: 1 tiles -> 2048x2048 (1x1 grid, tile 2048x2048)
[2026-03-15T09:09:40Z INFO  bif_viewport::texture_loader] UDIM atlas: 3 tiles -> 6144x2048 (3x1 grid, tile 2048x2048)
[2026-03-15T09:09:40Z INFO  bif_viewport::texture_loader] UDIM atlas: 3 tiles -> 4096x4096 (2x2 grid, tile 2048x2048)
[2026-03-15T09:09:40Z INFO  bif_core::texture] Texture toy_box02_Normal_openGL.1001.jpg (2048x2048): decode=155.7ms, convert=38.5ms, linear=120.2ms, total=314.4ms
[2026-03-15T09:09:40Z INFO  bif_core::texture] Texture stationary_slide_rule01_proxyTexture.jpg (512x512): decode=22.0ms, convert=2.8ms, linear=13.2ms, total=38.0ms
[2026-03-15T09:09:40Z INFO  bif_core::texture] Texture electronics_tesla_coil01_proxyTexture.jpg (512x512): decode=56.6ms, convert=1.8ms, linear=7.6ms, total=66.0ms
[2026-03-15T09:09:40Z INFO  bif_core::texture] Texture electronics_wire_spool01_Roughness.1002.jpg (2048x2048): decode=245.8ms, convert=23.9ms, linear=117.0ms, total=386.6ms
[2026-03-15T09:09:40Z INFO  bif_viewport::texture_loader] UDIM atlas: 1 tiles -> 2048x2048 (1x1 grid, tile 2048x2048)
[2026-03-15T09:09:40Z INFO  bif_viewport::texture_loader] UDIM atlas: 1 tiles -> 2048x2048 (1x1 grid, tile 2048x2048)
[2026-03-15T09:09:40Z INFO  bif_core::texture] Texture stationary_set_square01_Normal_openGL.1001.jpg (2048x2048): decode=362.2ms, convert=35.3ms, linear=126.9ms, total=524.4ms
[2026-03-15T09:09:40Z INFO  bif_core::texture] Texture chemistry_beaker02_proxyTexture.jpg (512x512): decode=19.2ms, convert=2.0ms, linear=7.8ms, total=29.0ms
[2026-03-15T09:09:40Z INFO  bif_core::texture] Texture electronics_wire_spool02_BaseColor.1002.jpg (2048x2048): decode=488.9ms, convert=66.1ms, linear=108.5ms, total=663.6ms
[2026-03-15T09:09:40Z INFO  bif_core::texture] Texture stationary_protractor_box01_BaseColor.1012.jpg (2048x2048): decode=245.6ms, convert=27.4ms, linear=227.2ms, total=500.2ms
[2026-03-15T09:09:40Z INFO  bif_core::texture] Texture electronics_spoolrack_proxyTexture.jpg (512x512): decode=48.7ms, convert=1.8ms, linear=5.9ms, total=56.5ms
[2026-03-15T09:09:40Z INFO  bif_core::texture] Texture electronics_wire_spool02_Normal_openGL.1001.jpg (2048x2048): decode=183.3ms, convert=32.0ms, linear=135.7ms, total=351.0ms
[2026-03-15T09:09:40Z INFO  bif_viewport::texture_loader] UDIM atlas: 3 tiles -> 6144x2048 (3x1 grid, tile 2048x2048)
[2026-03-15T09:09:40Z INFO  bif_core::texture] Texture toy_fun_coil_Normal_openGL.1001.jpg (2048x2048): decode=214.4ms, convert=22.7ms, linear=82.4ms, total=319.5ms
[2026-03-15T09:09:40Z INFO  bif_viewport::texture_loader] UDIM atlas: 3 tiles -> 6144x2048 (3x1 grid, tile 2048x2048)
[2026-03-15T09:09:40Z INFO  bif_viewport::texture_loader] UDIM atlas: 6 tiles -> 6144x4096 (3x2 grid, tile 2048x2048)
[2026-03-15T09:09:40Z INFO  bif_core::texture] Texture electronics_wire_spool01_Normal_openGL.1002.jpg (2048x2048): decode=574.2ms, convert=29.9ms, linear=268.3ms, total=872.5ms
[2026-03-15T09:09:40Z INFO  bif_viewport::texture_loader] UDIM atlas: 3 tiles -> 6144x2048 (3x1 grid, tile 2048x2048)
[2026-03-15T09:09:40Z INFO  bif_core::texture] Texture furniture_blackboard01_BaseColor.1001.jpg (2048x2048): decode=260.2ms, convert=29.9ms, linear=84.4ms, total=374.5ms
[2026-03-15T09:09:40Z INFO  bif_core::texture] Texture furniture_shelving01_proxyTexture.jpg (512x512): decode=6.9ms, convert=1.7ms, linear=5.3ms, total=13.9ms
[2026-03-15T09:09:40Z INFO  bif_viewport::texture_loader] UDIM atlas: 1 tiles -> 2048x2048 (1x1 grid, tile 2048x2048)
[2026-03-15T09:09:40Z INFO  bif_viewport::texture_loader] UDIM atlas: 2 tiles -> 4096x2048 (2x1 grid, tile 2048x2048)
[2026-03-15T09:09:40Z INFO  bif_core::texture] Texture books_magazines01_Roughness.1013.jpg (2048x2048): decode=278.1ms, convert=184.2ms, linear=258.7ms, total=720.9ms
[2026-03-15T09:09:40Z INFO  bif_core::texture] Texture furniture_shelving01_Normal_openGL.1001.jpg (2048x2048): decode=505.3ms, convert=26.1ms, linear=69.5ms, total=600.9ms
[2026-03-15T09:09:40Z INFO  bif_core::texture] Texture electronics_cabling_Normal_openGL.1004.jpg (2048x2048): decode=107.1ms, convert=24.6ms, linear=90.6ms, total=222.4ms
[2026-03-15T09:09:40Z INFO  bif_viewport::texture_loader] UDIM atlas: 1 tiles -> 2048x2048 (1x1 grid, tile 2048x2048)
[2026-03-15T09:09:40Z INFO  bif_core::texture] Texture toy_box04_proxyTexture.jpg (512x512): decode=17.2ms, convert=1.4ms, linear=7.7ms, total=26.4ms
[2026-03-15T09:09:40Z INFO  bif_viewport::texture_loader] UDIM atlas: 2 tiles -> 4096x2048 (2x1 grid, tile 2048x2048)
[2026-03-15T09:09:40Z INFO  bif_core::texture] Texture stationary_set_square02_Roughness.1001.jpg (2048x2048): decode=66.4ms, convert=25.0ms, linear=82.4ms, total=173.8ms
[2026-03-15T09:09:40Z INFO  bif_core::texture] Texture stationary_set_square02_Normal_openGL.1001.jpg (2048x2048): decode=113.5ms, convert=23.2ms, linear=81.5ms, total=218.2ms
[2026-03-15T09:09:40Z INFO  bif_core::texture] Texture vegetation_bonsai_branch03_Roughness.1001.png (2048x2048): decode=75.6ms, convert=22.7ms, linear=105.4ms, total=203.7ms
[2026-03-15T09:09:40Z INFO  bif_core::texture] Texture stationary_slide_rule01_BaseColor.1002.jpg (2048x2048): decode=434.2ms, convert=40.2ms, linear=101.4ms, total=575.8ms
[2026-03-15T09:09:40Z INFO  bif_core::texture] Texture chemistry_test_tube03_BaseColor.1001.jpg (2048x2048): decode=193.9ms, convert=29.7ms, linear=92.1ms, total=315.7ms
[2026-03-15T09:09:40Z INFO  bif_viewport::texture_loader] UDIM atlas: 1 tiles -> 2048x2048 (1x1 grid, tile 2048x2048)
[2026-03-15T09:09:40Z INFO  bif_core::texture] Texture chemistry_magnetic_stirrer01_Normal_openGL.1011.jpg (2048x2048): decode=464.7ms, convert=175.0ms, linear=82.2ms, total=722.0ms
[2026-03-15T09:09:40Z INFO  bif_viewport::texture_loader] UDIM atlas: 1 tiles -> 2048x2048 (1x1 grid, tile 2048x2048)
[2026-03-15T09:09:40Z INFO  bif_viewport::texture_loader] UDIM atlas: 2 tiles -> 4096x2048 (2x1 grid, tile 2048x2048)
[2026-03-15T09:09:40Z INFO  bif_core::texture] Texture toy_curly_surgery_proxyTexture.jpg (512x512): decode=29.7ms, convert=1.9ms, linear=6.1ms, total=37.7ms
[2026-03-15T09:09:40Z INFO  bif_viewport::texture_loader] UDIM atlas: 13 tiles -> 10240x6144 (5x3 grid, tile 2048x2048)
[2026-03-15T09:09:40Z INFO  bif_core::texture] Texture stationary_set_square02_proxyTexture.jpg (512x512): decode=35.9ms, convert=2.2ms, linear=5.1ms, total=43.1ms
[2026-03-15T09:09:40Z INFO  bif_core::texture] Texture decor_wooden_box01_BaseColor.1002.jpg (2048x2048): decode=300.3ms, convert=79.2ms, linear=76.8ms, total=456.3ms
[2026-03-15T09:09:40Z INFO  bif_viewport::texture_loader] UDIM atlas: 2 tiles -> 4096x2048 (2x1 grid, tile 2048x2048)
[2026-03-15T09:09:41Z INFO  bif_viewport::texture_loader] UDIM atlas: 4 tiles -> 4096x4096 (2x2 grid, tile 2048x2048)
[2026-03-15T09:09:41Z INFO  bif_core::texture] Texture furniture_blackboard01_proxyTexture.jpg (512x512): decode=24.8ms, convert=1.2ms, linear=4.2ms, total=30.3ms
[2026-03-15T09:09:41Z INFO  bif_viewport::texture_loader] UDIM atlas: 1 tiles -> 2048x2048 (1x1 grid, tile 2048x2048)
[2026-03-15T09:09:41Z INFO  bif_core::texture] Texture toy_box01_Roughness.1001.jpg (2048x2048): decode=87.8ms, convert=18.3ms, linear=55.0ms, total=161.1ms
[2026-03-15T09:09:41Z INFO  bif_core::texture] Texture furniture_workbench01_BaseColor.1003.jpg (2048x2048): decode=195.8ms, convert=20.5ms, linear=138.7ms, total=355.0ms
[2026-03-15T09:09:41Z INFO  bif_core::texture] Texture chemistry_test_tube01_Normal_openGL.1001.jpg (2048x2048): decode=114.2ms, convert=25.5ms, linear=54.3ms, total=194.1ms
[2026-03-15T09:09:41Z INFO  bif_core::texture] Texture chemistry_test_tube02_proxyTexture.jpg (512x512): decode=26.9ms, convert=1.7ms, linear=3.7ms, total=32.3ms
[2026-03-15T09:09:41Z INFO  bif_viewport::texture_loader] UDIM atlas: 1 tiles -> 2048x2048 (1x1 grid, tile 2048x2048)
[2026-03-15T09:09:41Z INFO  bif_core::texture] Texture books_encyclopedias01_Roughness.1001.jpg (2048x2048): decode=82.2ms, convert=15.9ms, linear=62.0ms, total=160.2ms
[2026-03-15T09:09:41Z INFO  bif_core::texture] Texture chemistry_test_tube01_proxyTexture.jpg (512x512): decode=17.0ms, convert=3.1ms, linear=5.9ms, total=26.1ms
[2026-03-15T09:09:41Z INFO  bif_core::texture] Texture furniture_blackboard01_BaseColor.1002.jpg (2048x2048): decode=171.2ms, convert=18.7ms, linear=66.7ms, total=256.5ms
[2026-03-15T09:09:41Z INFO  bif_core::texture] Texture toy_box01_proxyTexture.jpg (512x512): decode=14.6ms, convert=1.6ms, linear=5.3ms, total=21.5ms
[2026-03-15T09:09:41Z INFO  bif_viewport::texture_loader] UDIM atlas: 1 tiles -> 2048x2048 (1x1 grid, tile 2048x2048)
[2026-03-15T09:09:41Z INFO  bif_core::texture] Texture electronics_wire_spool02_Normal_openGL.1002.jpg (2048x2048): decode=236.9ms, convert=22.2ms, linear=64.1ms, total=323.2ms
[2026-03-15T09:09:41Z INFO  bif_core::texture] Texture electronics_cabling_proxyTexture.jpg (512x512): decode=33.0ms, convert=1.7ms, linear=8.8ms, total=43.5ms
[2026-03-15T09:09:41Z INFO  bif_core::texture] Texture electronics_cabling_Normal_openGL.1011.jpg (2048x2048): decode=119.5ms, convert=21.7ms, linear=82.2ms, total=223.4ms
[2026-03-15T09:09:41Z INFO  bif_core::texture] Texture vegetation_bonsai_branch03_Normal_openGL.1001.png (2048x2048): decode=89.3ms, convert=22.2ms, linear=70.4ms, total=181.9ms
[2026-03-15T09:09:41Z INFO  bif_viewport::texture_loader] UDIM atlas: 3 tiles -> 4096x4096 (2x2 grid, tile 2048x2048)
[2026-03-15T09:09:41Z INFO  bif_core::texture] Texture furniture_shelving01_Normal_openGL.1002.jpg (2048x2048): decode=127.8ms, convert=26.6ms, linear=84.1ms, total=238.5ms
[2026-03-15T09:09:41Z INFO  bif_viewport::texture_loader] UDIM atlas: 6 tiles -> 6144x4096 (3x2 grid, tile 2048x2048)
[2026-03-15T09:09:41Z INFO  bif_viewport::texture_loader] UDIM atlas: 1 tiles -> 2048x2048 (1x1 grid, tile 2048x2048)
[2026-03-15T09:09:41Z INFO  bif_core::texture] Texture stationary_slide_rule01_BaseColor.1003.jpg (2048x2048): decode=139.0ms, convert=24.0ms, linear=95.3ms, total=258.2ms
[2026-03-15T09:09:41Z INFO  bif_core::texture] Texture electronics_spoolrack_BaseColor.1001.jpg (2048x2048): decode=190.0ms, convert=25.9ms, linear=83.7ms, total=299.6ms
[2026-03-15T09:09:41Z INFO  bif_core::texture] Texture stationary_notepad01_Roughness.1001.jpg (2048x2048): decode=84.6ms, convert=22.2ms, linear=84.2ms, total=191.0ms
[2026-03-15T09:09:41Z INFO  bif_core::texture] Texture chemistry_kipps_apparatus01_Roughness.1001.jpg (2048x2048): decode=131.1ms, convert=27.4ms, linear=95.7ms, total=254.2ms
[2026-03-15T09:09:41Z INFO  bif_core::texture] Texture chemistry_beaker02_BaseColor.1001.jpg (2048x2048): decode=138.1ms, convert=34.5ms, linear=114.4ms, total=286.9ms
[2026-03-15T09:09:41Z INFO  bif_core::texture] Texture electronics_turntable01_proxyTexture.jpg (512x512): decode=33.7ms, convert=2.7ms, linear=4.6ms, total=41.1ms
[2026-03-15T09:09:41Z INFO  bif_viewport::texture_loader] UDIM atlas: 1 tiles -> 2048x2048 (1x1 grid, tile 2048x2048)
[2026-03-15T09:09:41Z INFO  bif_core::texture] Texture decor_wooden_box01_BaseColor.1003.jpg (2048x2048): decode=158.0ms, convert=17.4ms, linear=52.6ms, total=228.0ms
[2026-03-15T09:09:41Z INFO  bif_viewport::texture_loader] UDIM atlas: 1 tiles -> 2048x2048 (1x1 grid, tile 2048x2048)
[2026-03-15T09:09:41Z INFO  bif_core::texture] Texture chemistry_test_tube01_BaseColor.1001.jpg (2048x2048): decode=125.9ms, convert=17.8ms, linear=72.2ms, total=215.9ms
[2026-03-15T09:09:41Z INFO  bif_core::texture] Texture furniture_blackboard01_BaseColor.1003.jpg (2048x2048): decode=78.2ms, convert=18.1ms, linear=81.5ms, total=177.8ms
[2026-03-15T09:09:41Z INFO  bif_core::texture] Texture vegetation_bonsai_twig01_proxyTexture.jpg (512x512): decode=28.0ms, convert=2.0ms, linear=6.3ms, total=36.2ms
[2026-03-15T09:09:41Z INFO  bif_core::texture] Texture books_encyclopedias01_Roughness.1002.jpg (2048x2048): decode=84.7ms, convert=23.2ms, linear=75.5ms, total=183.4ms
[2026-03-15T09:09:41Z INFO  bif_viewport::texture_loader] UDIM atlas: 2 tiles -> 4096x2048 (2x1 grid, tile 2048x2048)
[2026-03-15T09:09:41Z INFO  bif_core::texture] Texture toy_box04_BaseColor.1001.jpg (2048x2048): decode=125.5ms, convert=24.7ms, linear=75.0ms, total=225.3ms
[2026-03-15T09:09:41Z INFO  bif_core::texture] Texture furniture_workbench01_BaseColor.1004.jpg (2048x2048): decode=164.8ms, convert=33.8ms, linear=77.7ms, total=276.3ms
[2026-03-15T09:09:41Z INFO  bif_core::texture] Texture toy_fun_coil_proxyTexture.jpg (512x512): decode=24.1ms, convert=1.2ms, linear=5.1ms, total=30.4ms
[2026-03-15T09:09:41Z INFO  bif_core::texture] Texture furniture_shelving01_BaseColor.1001.jpg (2048x2048): decode=129.8ms, convert=35.1ms, linear=79.5ms, total=244.4ms
[2026-03-15T09:09:41Z INFO  bif_viewport::texture_loader] UDIM atlas: 1 tiles -> 2048x2048 (1x1 grid, tile 2048x2048)
[2026-03-15T09:09:41Z INFO  bif_core::texture] Texture electronics_wire_spool01_Metallic.1001.jpg (2048x2048): decode=47.7ms, convert=18.4ms, linear=84.5ms, total=150.6ms
[2026-03-15T09:09:41Z INFO  bif_viewport::texture_loader] UDIM atlas: 2 tiles -> 4096x2048 (2x1 grid, tile 2048x2048)
[2026-03-15T09:09:41Z INFO  bif_core::texture] Texture electronics_cabling_Normal_openGL.1012.jpg (2048x2048): decode=97.6ms, convert=23.3ms, linear=77.3ms, total=198.2ms
[2026-03-15T09:09:41Z INFO  bif_core::texture] Texture stationary_crayon_box01_proxyTexture.jpg (512x512): decode=17.6ms, convert=1.3ms, linear=5.6ms, total=24.5ms
[2026-03-15T09:09:42Z INFO  bif_core::texture] Texture vegetation_bonsai_twig01_BaseColor.1001.jpg (2048x2048): decode=159.2ms, convert=17.4ms, linear=74.1ms, total=250.8ms
[2026-03-15T09:09:42Z INFO  bif_viewport::texture_loader] UDIM atlas: 3 tiles -> 6144x2048 (3x1 grid, tile 2048x2048)
[2026-03-15T09:09:42Z INFO  bif_core::texture] Texture stationary_notepad01_Roughness.1002.jpg (2048x2048): decode=63.9ms, convert=27.1ms, linear=90.4ms, total=181.3ms
[2026-03-15T09:09:42Z INFO  bif_core::texture] Texture chemistry_kipps_apparatus01_Roughness.1002.jpg (2048x2048): decode=82.1ms, convert=19.3ms, linear=83.8ms, total=185.2ms
[2026-03-15T09:09:42Z INFO  bif_core::texture] Texture electronics_spoolrack_BaseColor.1002.jpg (2048x2048): decode=166.1ms, convert=22.1ms, linear=83.8ms, total=272.0ms
[2026-03-15T09:09:42Z INFO  bif_core::texture] Texture toy_curly_surgery_BaseColor.1001.jpg (2048x2048): decode=180.3ms, convert=31.2ms, linear=82.0ms, total=293.6ms
[2026-03-15T09:09:42Z INFO  bif_core::texture] Texture chemistry_test_tube02_BaseColor.1001.jpg (2048x2048): decode=151.7ms, convert=24.8ms, linear=79.2ms, total=255.7ms
[2026-03-15T09:09:42Z INFO  bif_viewport::texture_loader] UDIM atlas: 1 tiles -> 2048x2048 (1x1 grid, tile 2048x2048)
[2026-03-15T09:09:42Z INFO  bif_core::texture] Texture chemistry_test_tube03_Roughness.1001.jpg (2048x2048): decode=102.9ms, convert=28.8ms, linear=86.2ms, total=218.0ms
[2026-03-15T09:09:42Z INFO  bif_core::texture] Texture electronics_wire_spool01_Metallic.1002.jpg (2048x2048): decode=112.0ms, convert=33.2ms, linear=77.8ms, total=223.0ms
[2026-03-15T09:09:42Z INFO  bif_core::texture] Texture toy_fun_coil_BaseColor.1001.jpg (2048x2048): decode=133.4ms, convert=18.8ms, linear=157.7ms, total=309.9ms
[2026-03-15T09:09:42Z INFO  bif_viewport::texture_loader] UDIM atlas: 3 tiles -> 6144x2048 (3x1 grid, tile 2048x2048)
[2026-03-15T09:09:42Z INFO  bif_core::texture] Texture books_encyclopedias01_Roughness.1003.jpg (2048x2048): decode=89.6ms, convert=33.9ms, linear=68.5ms, total=192.0ms
[2026-03-15T09:09:42Z INFO  bif_core::texture] Texture stationary_slide_rule01_Normal_openGL.1001.jpg (2048x2048): decode=218.8ms, convert=24.5ms, linear=61.8ms, total=305.1ms
[2026-03-15T09:09:42Z INFO  bif_core::texture] Texture decor_wooden_box01_BaseColor.1011.jpg (2048x2048): decode=185.6ms, convert=48.0ms, linear=128.5ms, total=362.1ms
[2026-03-15T09:09:42Z INFO  bif_core::texture] Texture furniture_shelving01_Roughness.1001.jpg (2048x2048): decode=91.5ms, convert=25.3ms, linear=61.8ms, total=178.5ms
[2026-03-15T09:09:42Z INFO  bif_core::texture] Texture electronics_cabling_BaseColor.1001.jpg (2048x2048): decode=113.1ms, convert=23.6ms, linear=58.4ms, total=195.1ms
[2026-03-15T09:09:42Z INFO  bif_core::texture] Texture electronics_wire_spool02_Roughness.1001.jpg (2048x2048): decode=77.9ms, convert=28.0ms, linear=183.6ms, total=289.5ms
[2026-03-15T09:09:42Z INFO  bif_core::texture] Texture toy_curly_surgery_Roughness.1001.jpg (2048x2048): decode=125.5ms, convert=56.1ms, linear=79.0ms, total=260.6ms
[2026-03-15T09:09:42Z INFO  bif_core::texture] Texture electronics_tesla_coil01_BaseColor.1001.jpg (2048x2048): decode=226.3ms, convert=21.1ms, linear=140.2ms, total=387.6ms
[2026-03-15T09:09:42Z INFO  bif_core::texture] Texture electronics_tesla_coil01_Normal_openGL.1001.jpg (2048x2048): decode=213.6ms, convert=47.8ms, linear=75.4ms, total=336.9ms
[2026-03-15T09:09:42Z INFO  bif_core::texture] Texture furniture_shelving01_BaseColor.1002.jpg (2048x2048): decode=180.3ms, convert=28.1ms, linear=86.8ms, total=295.2ms
[2026-03-15T09:09:42Z INFO  bif_core::texture] Texture furniture_workbench01_BaseColor.1011.jpg (2048x2048): decode=289.5ms, convert=23.4ms, linear=86.3ms, total=399.2ms
[2026-03-15T09:09:42Z INFO  bif_core::texture] Texture electronics_cabling_Normal_openGL.1013.jpg (2048x2048): decode=123.2ms, convert=25.7ms, linear=97.5ms, total=246.4ms
[2026-03-15T09:09:42Z INFO  bif_viewport::texture_loader] UDIM atlas: 2 tiles -> 4096x2048 (2x1 grid, tile 2048x2048)
[2026-03-15T09:09:42Z INFO  bif_viewport::texture_loader] UDIM atlas: 1 tiles -> 2048x2048 (1x1 grid, tile 2048x2048)
[2026-03-15T09:09:42Z INFO  bif_viewport::texture_loader] UDIM atlas: 1 tiles -> 2048x2048 (1x1 grid, tile 2048x2048)
[2026-03-15T09:09:42Z INFO  bif_core::texture] Texture vegetation_bonsai_twig01_Roughness.1001.png (2048x2048): decode=70.7ms, convert=27.3ms, linear=105.4ms, total=203.4ms
[2026-03-15T09:09:42Z INFO  bif_core::texture] Texture chemistry_kipps_apparatus01_Roughness.1003.jpg (2048x2048): decode=96.2ms, convert=34.6ms, linear=91.7ms, total=222.5ms
[2026-03-15T09:09:42Z INFO  bif_viewport::texture_loader] UDIM atlas: 2 tiles -> 4096x2048 (2x1 grid, tile 2048x2048)
[2026-03-15T09:09:42Z INFO  bif_core::texture] Texture toy_box03_Roughness.1001.jpg (2048x2048): decode=134.0ms, convert=25.5ms, linear=104.4ms, total=263.9ms
[2026-03-15T09:09:42Z INFO  bif_core::texture] Texture stationary_notepad01_Roughness.1003.jpg (2048x2048): decode=171.3ms, convert=25.9ms, linear=62.7ms, total=259.9ms
[2026-03-15T09:09:42Z INFO  bif_core::texture] Texture electronics_turntable01_BaseColor.1001.jpg (2048x2048): decode=231.2ms, convert=62.8ms, linear=72.3ms, total=366.3ms
[2026-03-15T09:09:42Z INFO  bif_core::texture] Texture chemistry_beaker02_Roughness.1001.jpg (2048x2048): decode=183.4ms, convert=57.3ms, linear=66.3ms, total=307.0ms
[2026-03-15T09:09:42Z INFO  bif_core::texture] Texture toy_box01_Normal_openGL.1001.jpg (2048x2048): decode=230.2ms, convert=20.3ms, linear=98.8ms, total=349.3ms
[2026-03-15T09:09:42Z INFO  bif_viewport::texture_loader] UDIM atlas: 3 tiles -> 6144x2048 (3x1 grid, tile 2048x2048)
[2026-03-15T09:09:42Z INFO  bif_core::texture] Texture toy_curly_surgery_BaseColor.1002.jpg (2048x2048): decode=241.3ms, convert=23.0ms, linear=53.6ms, total=317.8ms
[2026-03-15T09:09:42Z INFO  bif_core::texture] Texture furniture_shelving01_Roughness.1002.jpg (2048x2048): decode=81.5ms, convert=16.4ms, linear=54.9ms, total=152.7ms
[2026-03-15T09:09:42Z INFO  bif_core::texture] Texture decor_wooden_box01_BaseColor.1012.jpg (2048x2048): decode=113.9ms, convert=18.5ms, linear=52.9ms, total=185.2ms
[2026-03-15T09:09:42Z INFO  bif_core::texture] Texture electronics_cabling_BaseColor.1002.jpg (2048x2048): decode=110.6ms, convert=18.2ms, linear=54.4ms, total=183.2ms
[2026-03-15T09:09:42Z INFO  bif_viewport::texture_loader] UDIM atlas: 1 tiles -> 2048x2048 (1x1 grid, tile 2048x2048)
[2026-03-15T09:09:42Z INFO  bif_viewport::texture_loader] UDIM atlas: 2 tiles -> 4096x2048 (2x1 grid, tile 2048x2048)
[2026-03-15T09:09:42Z INFO  bif_core::texture] Texture toy_curly_surgery_Roughness.1002.jpg (2048x2048): decode=54.0ms, convert=22.8ms, linear=94.7ms, total=171.5ms
[2026-03-15T09:09:42Z INFO  bif_core::texture] Texture toy_box03_proxyTexture.jpg (512x512): decode=12.1ms, convert=1.3ms, linear=3.5ms, total=16.9ms
[2026-03-15T09:09:43Z INFO  bif_core::texture] Texture stationary_slide_rule01_Normal_openGL.1002.jpg (2048x2048): decode=163.2ms, convert=23.6ms, linear=105.3ms, total=292.1ms
[2026-03-15T09:09:43Z INFO  bif_viewport::texture_loader] UDIM atlas: 3 tiles -> 6144x2048 (3x1 grid, tile 2048x2048)
[2026-03-15T09:09:43Z INFO  bif_viewport::texture_loader] UDIM atlas: 3 tiles -> 6144x2048 (3x1 grid, tile 2048x2048)
[2026-03-15T09:09:43Z INFO  bif_core::texture] Texture electronics_cabling_Normal_openGL.1014.jpg (2048x2048): decode=122.1ms, convert=24.8ms, linear=94.7ms, total=241.6ms
[2026-03-15T09:09:43Z INFO  bif_core::texture] Texture chemistry_test_tube01_Roughness.1001.jpg (2048x2048): decode=103.7ms, convert=50.6ms, linear=197.0ms, total=351.2ms
[2026-03-15T09:09:43Z INFO  bif_core::texture] Texture vegetation_bonsai_twig01_Normal_openGL.1001.png (2048x2048): decode=88.6ms, convert=22.4ms, linear=123.2ms, total=234.2ms
[2026-03-15T09:09:43Z INFO  bif_core::texture] Texture toy_box03_Roughness.1002.jpg (2048x2048): decode=69.0ms, convert=28.3ms, linear=102.2ms, total=199.5ms
[2026-03-15T09:09:43Z INFO  bif_viewport::texture_loader] UDIM atlas: 1 tiles -> 2048x2048 (1x1 grid, tile 2048x2048)
[2026-03-15T09:09:43Z INFO  bif_core::texture] Texture electronics_spoolrack_Roughness.1001.jpg (2048x2048): decode=176.6ms, convert=40.1ms, linear=93.2ms, total=309.9ms
[2026-03-15T09:09:43Z INFO  bif_core::texture] Texture electronics_audio_generator01_BaseColor.1001.jpg (2048x2048): decode=225.6ms, convert=34.1ms, linear=75.7ms, total=335.3ms
[2026-03-15T09:09:43Z INFO  bif_core::texture] Texture electronics_wire_spool02_Roughness.1002.jpg (2048x2048): decode=139.0ms, convert=28.9ms, linear=126.8ms, total=294.6ms
[2026-03-15T09:09:43Z INFO  bif_viewport::texture_loader] UDIM atlas: 2 tiles -> 4096x2048 (2x1 grid, tile 2048x2048)
[2026-03-15T09:09:43Z INFO  bif_core::texture] Texture electronics_tesla_coil01_Normal_openGL.1002.jpg (2048x2048): decode=239.7ms, convert=29.6ms, linear=127.2ms, total=396.5ms
[2026-03-15T09:09:43Z INFO  bif_viewport::texture_loader] UDIM atlas: 1 tiles -> 2048x2048 (1x1 grid, tile 2048x2048)
[2026-03-15T09:09:43Z INFO  bif_core::texture] Texture books_encyclopedias01_proxyTexture.jpg (512x512): decode=10.6ms, convert=1.7ms, linear=5.3ms, total=17.6ms
[2026-03-15T09:09:43Z INFO  bif_core::texture] Texture toy_box02_proxyTexture.jpg (512x512): decode=10.4ms, convert=2.2ms, linear=6.1ms, total=18.8ms
[2026-03-15T09:09:43Z INFO  bif_core::texture] Texture toy_curly_surgery_BaseColor.1003.jpg (2048x2048): decode=126.1ms, convert=21.3ms, linear=72.5ms, total=220.0ms
[2026-03-15T09:09:43Z INFO  bif_core::texture] Texture electronics_tesla_coil01_BaseColor.1002.jpg (2048x2048): decode=360.1ms, convert=58.1ms, linear=87.9ms, total=506.1ms
[2026-03-15T09:09:43Z INFO  bif_core::texture] Texture toy_box04_Roughness.1001.jpg (2048x2048): decode=108.5ms, convert=22.4ms, linear=111.3ms, total=242.3ms
[2026-03-15T09:09:43Z INFO  bif_core::texture] Texture electronics_cabling_BaseColor.1003.jpg (2048x2048): decode=103.0ms, convert=21.8ms, linear=63.7ms, total=188.5ms
[2026-03-15T09:09:43Z INFO  bif_core::texture] Texture furniture_workbench01_BaseColor.1012.jpg (2048x2048): decode=276.5ms, convert=22.4ms, linear=68.9ms, total=367.8ms
[2026-03-15T09:09:43Z INFO  bif_core::texture] Texture electronics_turntable01_BaseColor.1002.jpg (2048x2048): decode=149.6ms, convert=32.3ms, linear=90.7ms, total=272.6ms
[2026-03-15T09:09:43Z INFO  bif_core::texture] Texture decor_wooden_box01_BaseColor.1013.jpg (2048x2048): decode=216.9ms, convert=18.5ms, linear=72.6ms, total=308.0ms
[2026-03-15T09:09:43Z INFO  bif_core::texture] Texture vegetation_bonsai_twig02_proxyTexture.jpg (512x512): decode=34.3ms, convert=1.9ms, linear=6.4ms, total=42.6ms
[2026-03-15T09:09:43Z INFO  bif_core::texture] Texture toy_curly_surgery_Roughness.1003.jpg (2048x2048): decode=60.1ms, convert=17.6ms, linear=84.3ms, total=162.1ms
[2026-03-15T09:09:43Z INFO  bif_viewport::texture_loader] UDIM atlas: 1 tiles -> 2048x2048 (1x1 grid, tile 2048x2048)
[2026-03-15T09:09:43Z INFO  bif_core::texture] Texture electronics_wire_spool02_Metallic.1001.jpg (2048x2048): decode=55.2ms, convert=22.1ms, linear=88.2ms, total=165.5ms
[2026-03-15T09:09:43Z INFO  bif_core::texture] Texture stationary_crayon_box01_BaseColor.1001.jpg (2048x2048): decode=293.2ms, convert=16.0ms, linear=207.2ms, total=516.4ms
[2026-03-15T09:09:43Z INFO  bif_core::texture] Texture stationary_slide_rule01_Roughness.1001.jpg (2048x2048): decode=68.0ms, convert=52.6ms, linear=139.7ms, total=260.3ms
[2026-03-15T09:09:43Z INFO  bif_core::texture] Texture furniture_blackboard01_Roughness.1001.jpg (2048x2048): decode=79.4ms, convert=22.8ms, linear=97.5ms, total=199.7ms
[2026-03-15T09:09:43Z INFO  bif_core::texture] Texture toy_box03_Roughness.1003.jpg (2048x2048): decode=114.9ms, convert=23.8ms, linear=91.1ms, total=229.8ms
[2026-03-15T09:09:43Z INFO  bif_viewport::texture_loader] UDIM atlas: 1 tiles -> 2048x2048 (1x1 grid, tile 2048x2048)
[2026-03-15T09:09:43Z INFO  bif_core::texture] Texture decor_wooden_box01_Normal_openGL.1001.jpg (2048x2048): decode=152.2ms, convert=28.6ms, linear=97.9ms, total=278.7ms
[2026-03-15T09:09:43Z INFO  bif_core::texture] Texture chemistry_test_tube02_Roughness.1001.jpg (2048x2048): decode=108.6ms, convert=37.2ms, linear=245.2ms, total=391.0ms
[2026-03-15T09:09:43Z INFO  bif_viewport::texture_loader] UDIM atlas: 8 tiles -> 8192x4096 (4x2 grid, tile 2048x2048)
[2026-03-15T09:09:43Z INFO  bif_core::texture] Texture toy_curly_surgery_Normal_openGL.1001.jpg (2048x2048): decode=127.4ms, convert=28.8ms, linear=102.9ms, total=259.1ms
[2026-03-15T09:09:43Z INFO  bif_core::texture] Texture vegetation_bonsai_twig02_BaseColor.1001.jpg (2048x2048): decode=198.1ms, convert=33.6ms, linear=71.9ms, total=303.5ms
[2026-03-15T09:09:43Z INFO  bif_core::texture] Texture decor_bonsai_jar01_proxyTexture.jpg (512x512): decode=19.3ms, convert=1.1ms, linear=3.5ms, total=23.9ms
[2026-03-15T09:09:43Z INFO  bif_core::texture] Texture electronics_audio_generator01_BaseColor.1002.jpg (2048x2048): decode=167.5ms, convert=33.2ms, linear=112.7ms, total=313.5ms
[2026-03-15T09:09:43Z INFO  bif_core::texture] Texture toy_curly_surgery_BaseColor.1004.jpg (2048x2048): decode=131.0ms, convert=21.4ms, linear=62.5ms, total=214.8ms
[2026-03-15T09:09:43Z INFO  bif_core::texture] Texture electronics_spoolrack_Roughness.1002.jpg (2048x2048): decode=143.1ms, convert=91.6ms, linear=141.6ms, total=376.4ms
[2026-03-15T09:09:43Z INFO  bif_viewport::texture_loader] UDIM atlas: 2 tiles -> 4096x2048 (2x1 grid, tile 2048x2048)
[2026-03-15T09:09:44Z INFO  bif_core::texture] Texture electronics_wire_spool02_Metallic.1002.jpg (2048x2048): decode=162.0ms, convert=17.1ms, linear=71.7ms, total=250.7ms
[2026-03-15T09:09:44Z INFO  bif_core::texture] Texture stationary_slide_rule01_Normal_openGL.1003.jpg (2048x2048): decode=278.6ms, convert=104.9ms, linear=60.6ms, total=444.1ms
[2026-03-15T09:09:44Z INFO  bif_core::texture] Texture electronics_cabling_BaseColor.1004.jpg (2048x2048): decode=147.2ms, convert=19.4ms, linear=54.8ms, total=221.4ms
[2026-03-15T09:09:44Z INFO  bif_core::texture] Texture toy_box03_BaseColor.1001.jpg (2048x2048): decode=207.1ms, convert=16.2ms, linear=56.1ms, total=279.4ms
[2026-03-15T09:09:44Z INFO  bif_core::texture] Texture furniture_workbench01_BaseColor.1013.jpg (2048x2048): decode=209.7ms, convert=18.8ms, linear=139.5ms, total=368.0ms
[2026-03-15T09:09:44Z INFO  bif_core::texture] Texture electronics_tesla_coil01_Normal_openGL.1003.jpg (2048x2048): decode=434.8ms, convert=26.1ms, linear=65.1ms, total=525.9ms
[2026-03-15T09:09:44Z INFO  bif_core::texture] Texture books_encyclopedias01_Normal_openGL.1001.jpg (2048x2048): decode=361.5ms, convert=19.7ms, linear=84.5ms, total=465.7ms
[2026-03-15T09:09:44Z INFO  bif_viewport::texture_loader] UDIM atlas: 2 tiles -> 4096x2048 (2x1 grid, tile 2048x2048)
[2026-03-15T09:09:44Z INFO  bif_viewport::texture_loader] UDIM atlas: 1 tiles -> 2048x2048 (1x1 grid, tile 2048x2048)
[2026-03-15T09:09:44Z INFO  bif_viewport::texture_loader] UDIM atlas: 3 tiles -> 6144x2048 (3x1 grid, tile 2048x2048)
[2026-03-15T09:09:44Z INFO  bif_core::texture] Texture stationary_notepad01_Normal_openGL.1001.jpg (2048x2048): decode=201.1ms, convert=31.9ms, linear=102.1ms, total=335.1ms
[2026-03-15T09:09:44Z INFO  bif_viewport::texture_loader] UDIM atlas: 1 tiles -> 2048x2048 (1x1 grid, tile 2048x2048)
[2026-03-15T09:09:44Z INFO  bif_core::texture] Texture vegetation_bonsai_twig03_Normal_openGL.1001.png (2048x2048): decode=78.9ms, convert=59.8ms, linear=288.5ms, total=427.2ms
[2026-03-15T09:09:44Z INFO  bif_core::texture] Texture chemistry_kipps_apparatus01_Normal_openGL.1001.jpg (2048x2048): decode=118.3ms, convert=23.5ms, linear=122.6ms, total=264.4ms
[2026-03-15T09:09:44Z INFO  bif_core::texture] Texture furniture_blackboard01_Roughness.1002.jpg (2048x2048): decode=189.6ms, convert=24.5ms, linear=123.3ms, total=337.3ms
[2026-03-15T09:09:44Z INFO  bif_core::texture] Texture toy_curly_surgery_Roughness.1004.jpg (2048x2048): decode=221.4ms, convert=37.8ms, linear=196.7ms, total=456.0ms
[2026-03-15T09:09:44Z INFO  bif_core::texture] Texture toy_curly_surgery_Normal_openGL.1002.jpg (2048x2048): decode=116.6ms, convert=24.1ms, linear=135.9ms, total=276.6ms
[2026-03-15T09:09:44Z INFO  bif_core::texture] Texture vegetation_bonsai_twig02_Roughness.1001.png (2048x2048): decode=106.4ms, convert=25.8ms, linear=129.6ms, total=261.7ms
[2026-03-15T09:09:44Z INFO  bif_core::texture] Texture chemistry_beaker02_Normal_openGL.1001.jpg (2048x2048): decode=155.5ms, convert=33.4ms, linear=128.0ms, total=317.0ms
[2026-03-15T09:09:44Z INFO  bif_core::texture] Texture toy_box02_BaseColor.1001.jpg (2048x2048): decode=297.3ms, convert=51.8ms, linear=135.3ms, total=484.5ms
[2026-03-15T09:09:44Z INFO  bif_core::texture] Texture electronics_audio_generator01_proxyTexture.jpg (512x512): decode=118.9ms, convert=2.9ms, linear=8.7ms, total=130.5ms
[2026-03-15T09:09:44Z INFO  bif_core::texture] Texture toy_curly_surgery_BaseColor.1011.jpg (2048x2048): decode=100.9ms, convert=38.8ms, linear=129.3ms, total=269.0ms
[2026-03-15T09:09:44Z INFO  bif_core::texture] Texture electronics_audio_generator01_BaseColor.1003.jpg (2048x2048): decode=189.0ms, convert=42.5ms, linear=101.3ms, total=332.8ms
[2026-03-15T09:09:44Z INFO  bif_core::texture] Texture decor_wooden_box01_Normal_openGL.1002.jpg (2048x2048): decode=277.1ms, convert=44.7ms, linear=102.3ms, total=424.1ms
[2026-03-15T09:09:44Z INFO  bif_core::texture] Texture electronics_tesla_coil01_BaseColor.1003.jpg (2048x2048): decode=408.7ms, convert=38.4ms, linear=171.6ms, total=618.7ms
[2026-03-15T09:09:44Z INFO  bif_viewport::texture_loader] UDIM atlas: 2 tiles -> 4096x2048 (2x1 grid, tile 2048x2048)
[2026-03-15T09:09:44Z INFO  bif_core::texture] Texture books_encyclopedias01_BaseColor.1001.jpg (2048x2048): decode=267.7ms, convert=39.5ms, linear=100.6ms, total=407.8ms
[2026-03-15T09:09:44Z INFO  bif_core::texture] Texture electronics_turntable01_BaseColor.1003.jpg (2048x2048): decode=424.5ms, convert=94.5ms, linear=222.4ms, total=741.5ms
[2026-03-15T09:09:44Z INFO  bif_core::texture] Texture electronics_cabling_BaseColor.1011.jpg (2048x2048): decode=137.9ms, convert=36.0ms, linear=69.2ms, total=243.1ms
[2026-03-15T09:09:44Z INFO  bif_core::texture] Texture stationary_slide_rule01_Roughness.1002.jpg (2048x2048): decode=280.9ms, convert=139.5ms, linear=82.4ms, total=502.8ms
[2026-03-15T09:09:44Z INFO  bif_core::texture] Texture toy_fun_coil_Roughness.1001.jpg (2048x2048): decode=183.3ms, convert=119.4ms, linear=63.2ms, total=365.9ms
[2026-03-15T09:09:44Z INFO  bif_core::texture] Texture toy_box03_BaseColor.1002.jpg (2048x2048): decode=209.4ms, convert=18.1ms, linear=60.3ms, total=287.8ms
[2026-03-15T09:09:44Z INFO  bif_core::texture] Texture toy_box04_Normal_openGL.1001.jpg (2048x2048): decode=196.0ms, convert=17.6ms, linear=53.0ms, total=266.5ms
[2026-03-15T09:09:44Z INFO  bif_core::texture] Texture decor_bonsai_jar01_BaseColor.1001.jpg (2048x2048): decode=202.3ms, convert=49.9ms, linear=50.3ms, total=302.6ms
[2026-03-15T09:09:44Z INFO  bif_core::texture] Texture electronics_tesla_coil01_Normal_openGL.1004.jpg (2048x2048): decode=143.4ms, convert=17.5ms, linear=128.2ms, total=289.1ms
[2026-03-15T09:09:44Z INFO  bif_viewport::texture_loader] UDIM atlas: 1 tiles -> 2048x2048 (1x1 grid, tile 2048x2048)
[2026-03-15T09:09:44Z INFO  bif_core::texture] Texture chemistry_beaker03_proxyTexture.jpg (512x512): decode=13.7ms, convert=1.3ms, linear=4.2ms, total=19.2ms
[2026-03-15T09:09:45Z INFO  bif_core::texture] Texture stationary_notepad01_Normal_openGL.1002.jpg (2048x2048): decode=202.2ms, convert=19.8ms, linear=74.9ms, total=296.9ms
[2026-03-15T09:09:45Z INFO  bif_core::texture] Texture toy_box03_Normal_openGL.1001.jpg (2048x2048): decode=107.8ms, convert=27.3ms, linear=110.0ms, total=245.2ms
[2026-03-15T09:09:45Z INFO  bif_viewport::texture_loader] UDIM atlas: 6 tiles -> 6144x4096 (3x2 grid, tile 2048x2048)
[2026-03-15T09:09:45Z INFO  bif_core::texture] Texture toy_curly_surgery_Normal_openGL.1003.jpg (2048x2048): decode=83.2ms, convert=25.3ms, linear=88.9ms, total=197.4ms
[2026-03-15T09:09:45Z INFO  bif_core::texture] Texture furniture_blackboard01_Roughness.1003.jpg (2048x2048): decode=139.5ms, convert=21.7ms, linear=87.6ms, total=248.9ms
[2026-03-15T09:09:45Z INFO  bif_core::texture] Texture vegetation_bonsai_twig02_Normal_openGL.1001.png (2048x2048): decode=97.9ms, convert=29.6ms, linear=97.2ms, total=224.7ms
[2026-03-15T09:09:45Z INFO  bif_viewport::texture_loader] UDIM atlas: 1 tiles -> 2048x2048 (1x1 grid, tile 2048x2048)
[2026-03-15T09:09:45Z INFO  bif_core::texture] Texture structure_wall_fibro01_Normal_openGL.1001.jpg (2048x2048): decode=295.0ms, convert=25.4ms, linear=61.0ms, total=381.4ms
[2026-03-15T09:09:45Z INFO  bif_core::texture] Texture chemistry_kipps_apparatus01_Normal_openGL.1002.jpg (2048x2048): decode=222.0ms, convert=26.0ms, linear=60.1ms, total=308.1ms
[2026-03-15T09:09:45Z INFO  bif_core::texture] Texture toy_curly_surgery_BaseColor.1012.jpg (2048x2048): decode=132.2ms, convert=23.6ms, linear=68.5ms, total=224.3ms
[2026-03-15T09:09:45Z INFO  bif_viewport::texture_loader] UDIM atlas: 3 tiles -> 6144x2048 (3x1 grid, tile 2048x2048)
[2026-03-15T09:09:45Z INFO  bif_viewport::texture_loader] UDIM atlas: 1 tiles -> 2048x2048 (1x1 grid, tile 2048x2048)
[2026-03-15T09:09:45Z INFO  bif_viewport::texture_loader] UDIM atlas: 1 tiles -> 2048x2048 (1x1 grid, tile 2048x2048)
[2026-03-15T09:09:45Z INFO  bif_core::texture] Texture books_encyclopedias01_BaseColor.1002.jpg (2048x2048): decode=171.7ms, convert=20.5ms, linear=72.7ms, total=264.9ms
[2026-03-15T09:09:45Z INFO  bif_core::texture] Texture decor_bonsai_jar01_BaseColor.1002.jpg (2048x2048): decode=228.1ms, convert=24.0ms, linear=69.8ms, total=321.9ms
[2026-03-15T09:09:45Z INFO  bif_core::texture] Texture electronics_audio_generator01_BaseColor.1004.jpg (2048x2048): decode=192.5ms, convert=25.4ms, linear=71.3ms, total=289.2ms
[2026-03-15T09:09:45Z INFO  bif_core::texture] Texture decor_wooden_box01_Normal_openGL.1003.jpg (2048x2048): decode=217.1ms, convert=59.5ms, linear=62.0ms, total=338.7ms
[2026-03-15T09:09:45Z INFO  bif_core::texture] Texture electronics_cabling_BaseColor.1012.jpg (2048x2048): decode=142.7ms, convert=22.6ms, linear=79.8ms, total=245.1ms
[2026-03-15T09:09:45Z INFO  bif_core::texture] Texture chemistry_microscope01_proxyTexture.jpg (512x512): decode=100.9ms, convert=1.3ms, linear=3.5ms, total=105.7ms
[2026-03-15T09:09:45Z INFO  bif_core::texture] Texture stationary_paper02_proxyTexture.jpg (512x512): decode=31.1ms, convert=1.9ms, linear=4.6ms, total=37.6ms
[2026-03-15T09:09:45Z INFO  bif_core::texture] Texture chemistry_microscope01_Normal_openGL.1001.jpg (2048x2048): decode=730.3ms, convert=231.3ms, linear=64.8ms, total=1026.4ms
[2026-03-15T09:09:45Z INFO  bif_core::texture] Texture toy_box03_BaseColor.1003.jpg (2048x2048): decode=185.9ms, convert=19.4ms, linear=59.2ms, total=264.5ms
[2026-03-15T09:09:45Z INFO  bif_core::texture] Texture vegetation_bonsai_twig03_proxyTexture.jpg (512x512): decode=16.7ms, convert=2.0ms, linear=4.2ms, total=22.9ms
[2026-03-15T09:09:45Z INFO  bif_core::texture] Texture stationary_crayon_box01_Roughness.1001.jpg (2048x2048): decode=295.4ms, convert=137.9ms, linear=55.7ms, total=489.0ms
[2026-03-15T09:09:45Z INFO  bif_core::texture] Texture books_encyclopedias01_Normal_openGL.1002.jpg (2048x2048): decode=739.6ms, convert=21.6ms, linear=86.0ms, total=847.2ms
[2026-03-15T09:09:45Z INFO  bif_viewport::texture_loader] UDIM atlas: 3 tiles -> 6144x2048 (3x1 grid, tile 2048x2048)
[2026-03-15T09:09:45Z INFO  bif_core::texture] Texture furniture_workbench01_BaseColor.1014.jpg (2048x2048): decode=760.6ms, convert=174.3ms, linear=151.7ms, total=1086.6ms
[2026-03-15T09:09:45Z INFO  bif_core::texture] Texture stationary_slide_rule01_Roughness.1003.jpg (2048x2048): decode=239.0ms, convert=104.7ms, linear=169.2ms, total=512.9ms
[2026-03-15T09:09:45Z INFO  bif_core::texture] Texture chemistry_beaker03_BaseColor.1001.jpg (2048x2048): decode=178.9ms, convert=24.6ms, linear=96.9ms, total=300.4ms
[2026-03-15T09:09:45Z INFO  bif_core::texture] Texture toy_box03_Normal_openGL.1002.jpg (2048x2048): decode=128.1ms, convert=33.6ms, linear=106.7ms, total=268.4ms
[2026-03-15T09:09:45Z INFO  bif_core::texture] Texture toy_curly_surgery_Normal_openGL.1004.jpg (2048x2048): decode=135.0ms, convert=30.6ms, linear=109.5ms, total=275.0ms
[2026-03-15T09:09:45Z INFO  bif_core::texture] Texture electronics_spoolrack_Normal_openGL.1001.jpg (2048x2048): decode=414.4ms, convert=107.8ms, linear=229.5ms, total=751.7ms
[2026-03-15T09:09:45Z INFO  bif_core::texture] Texture stationary_notepad01_Normal_openGL.1003.jpg (2048x2048): decode=156.9ms, convert=54.3ms, linear=97.7ms, total=309.0ms
[2026-03-15T09:09:45Z INFO  bif_core::texture] Texture electronics_turntable01_BaseColor.1004.jpg (2048x2048): decode=386.8ms, convert=29.7ms, linear=98.7ms, total=515.2ms
[2026-03-15T09:09:45Z INFO  bif_core::texture] Texture test202009demo_ll_leaf01_sm01_proxyTexture.jpg (512x512): decode=120.0ms, convert=1.8ms, linear=7.1ms, total=129.0ms
[2026-03-15T09:09:45Z INFO  bif_core::texture] Texture structure_wall_fibro02_Normal_openGL.1001.jpg (2048x2048): decode=348.1ms, convert=94.6ms, linear=114.2ms, total=556.8ms
[2026-03-15T09:09:45Z INFO  bif_core::texture] Texture toy_curly_surgery_Roughness.1011.jpg (2048x2048): decode=210.8ms, convert=116.7ms, linear=271.6ms, total=599.2ms
[2026-03-15T09:09:45Z INFO  bif_viewport::texture_loader] UDIM atlas: 1 tiles -> 2048x2048 (1x1 grid, tile 2048x2048)
[2026-03-15T09:09:45Z INFO  bif_core::texture] Texture electronics_tesla_coil01_BaseColor.1004.jpg (2048x2048): decode=370.2ms, convert=28.8ms, linear=48.5ms, total=447.5ms
[2026-03-15T09:09:45Z INFO  bif_core::texture] Texture toy_curly_surgery_BaseColor.1013.jpg (2048x2048): decode=298.9ms, convert=26.4ms, linear=81.7ms, total=407.0ms
[2026-03-15T09:09:45Z INFO  bif_viewport::texture_loader] UDIM atlas: 3 tiles -> 6144x2048 (3x1 grid, tile 2048x2048)
[2026-03-15T09:09:45Z INFO  bif_core::texture] Texture chemistry_kipps_apparatus01_Normal_openGL.1003.jpg (2048x2048): decode=299.6ms, convert=34.3ms, linear=90.8ms, total=424.7ms
[2026-03-15T09:09:46Z INFO  bif_core::texture] Texture electronics_cabling_BaseColor.1013.jpg (2048x2048): decode=177.5ms, convert=41.4ms, linear=74.9ms, total=293.8ms
[2026-03-15T09:09:46Z INFO  bif_core::texture] Texture electronics_audio_generator01_BaseColor.1005.jpg (2048x2048): decode=226.6ms, convert=32.1ms, linear=80.2ms, total=338.9ms
[2026-03-15T09:09:46Z INFO  bif_core::texture] Texture vegetation_bonsai_twig03_BaseColor.1001.jpg (2048x2048): decode=331.1ms, convert=18.3ms, linear=181.1ms, total=530.5ms
[2026-03-15T09:09:46Z INFO  bif_core::texture] Texture books_encyclopedias01_BaseColor.1003.jpg (2048x2048): decode=299.4ms, convert=26.9ms, linear=83.0ms, total=409.3ms
[2026-03-15T09:09:46Z INFO  bif_core::texture] Texture decor_wooden_box01_Normal_openGL.1011.jpg (2048x2048): decode=147.3ms, convert=21.9ms, linear=81.0ms, total=250.2ms
[2026-03-15T09:09:46Z INFO  bif_core::texture] Texture structure_wall_fibro01_Normal_openGL.1002.jpg (2048x2048): decode=446.3ms, convert=107.4ms, linear=50.5ms, total=604.2ms
[2026-03-15T09:09:46Z INFO  bif_core::texture] Texture decor_bonsai_jar01_BaseColor.1003.jpg (2048x2048): decode=266.9ms, convert=33.0ms, linear=186.3ms, total=486.2ms
[2026-03-15T09:09:46Z INFO  bif_core::texture] Texture electronics_wire_spool06_Roughness.1001.jpg (2048x2048): decode=179.1ms, convert=19.6ms, linear=66.2ms, total=264.9ms
[2026-03-15T09:09:46Z INFO  bif_core::texture] Texture chemistry_microscope01_Normal_openGL.1002.jpg (2048x2048): decode=253.2ms, convert=24.6ms, linear=54.6ms, total=332.4ms
[2026-03-15T09:09:46Z INFO  bif_viewport::texture_loader] UDIM atlas: 3 tiles -> 6144x2048 (3x1 grid, tile 2048x2048)
[2026-03-15T09:09:46Z INFO  bif_core::texture] Texture stationary_paper01_proxyTexture.jpg (512x512): decode=19.8ms, convert=1.6ms, linear=5.4ms, total=26.9ms
[2026-03-15T09:09:46Z INFO  bif_core::texture] Texture toy_curly_surgery_Normal_openGL.1011.jpg (2048x2048): decode=97.6ms, convert=23.9ms, linear=71.2ms, total=192.8ms
[2026-03-15T09:09:46Z INFO  bif_core::texture] Texture toy_box03_Normal_openGL.1003.jpg (2048x2048): decode=187.5ms, convert=22.0ms, linear=77.2ms, total=286.7ms
[2026-03-15T09:09:46Z INFO  bif_core::texture] Texture electronics_wire_spool04_Metallic.1001.jpg (2048x2048): decode=38.2ms, convert=20.3ms, linear=103.4ms, total=161.9ms
[2026-03-15T09:09:46Z INFO  bif_core::texture] Texture chemistry_beaker03_Roughness.1001.jpg (2048x2048): decode=114.1ms, convert=23.2ms, linear=116.3ms, total=253.7ms
[2026-03-15T09:09:46Z INFO  bif_core::texture] Texture test202009demo_ll_leaf01_sm01_BaseColor.1001.jpg (2048x2048): decode=324.2ms, convert=19.5ms, linear=352.8ms, total=696.4ms
[2026-03-15T09:09:46Z INFO  bif_viewport::texture_loader] UDIM atlas: 1 tiles -> 2048x2048 (1x1 grid, tile 2048x2048)
[2026-03-15T09:09:46Z INFO  bif_viewport::texture_loader] UDIM atlas: 3 tiles -> 6144x2048 (3x1 grid, tile 2048x2048)
[2026-03-15T09:09:46Z INFO  bif_viewport::texture_loader] UDIM atlas: 3 tiles -> 6144x2048 (3x1 grid, tile 2048x2048)
[2026-03-15T09:09:46Z INFO  bif_core::texture] Texture electronics_tesla_coil01_Roughness.1001.jpg (2048x2048): decode=163.2ms, convert=42.6ms, linear=324.4ms, total=530.1ms
[2026-03-15T09:09:46Z INFO  bif_core::texture] Texture vegetation_bonsai_twig03_Roughness.1001.png (2048x2048): decode=55.3ms, convert=20.9ms, linear=110.2ms, total=186.4ms
[2026-03-15T09:09:46Z INFO  bif_core::texture] Texture electronics_tesla_coil01_Normal_openGL.1005.jpg (2048x2048): decode=448.2ms, convert=179.1ms, linear=232.7ms, total=860.0ms
[2026-03-15T09:09:46Z INFO  bif_core::texture] Texture electronics_cabling_BaseColor.1014.jpg (2048x2048): decode=135.5ms, convert=26.8ms, linear=100.2ms, total=262.5ms
[2026-03-15T09:09:46Z INFO  bif_viewport::texture_loader] UDIM atlas: 3 tiles -> 6144x2048 (3x1 grid, tile 2048x2048)
[2026-03-15T09:09:46Z INFO  bif_core::texture] Texture decor_wooden_box01_Normal_openGL.1012.jpg (2048x2048): decode=150.4ms, convert=28.6ms, linear=86.0ms, total=265.0ms
[2026-03-15T09:09:46Z INFO  bif_core::texture] Texture electronics_wire_spool05_Roughness.1001.jpg (2048x2048): decode=50.8ms, convert=30.9ms, linear=106.5ms, total=188.2ms
[2026-03-15T09:09:46Z INFO  bif_core::texture] Texture electronics_audio_generator01_BaseColor.1011.jpg (2048x2048): decode=211.6ms, convert=36.0ms, linear=86.6ms, total=334.2ms
[2026-03-15T09:09:46Z INFO  bif_viewport::texture_loader] UDIM atlas: 7 tiles -> 8192x4096 (4x2 grid, tile 2048x2048)
[2026-03-15T09:09:46Z INFO  bif_core::texture] Texture electronics_wire_spool04_Metallic.1002.jpg (2048x2048): decode=111.6ms, convert=32.0ms, linear=92.5ms, total=236.2ms
[2026-03-15T09:09:46Z INFO  bif_core::texture] Texture toy_curly_surgery_Roughness.1012.jpg (2048x2048): decode=284.9ms, convert=171.4ms, linear=70.1ms, total=526.4ms
[2026-03-15T09:09:46Z INFO  bif_viewport::texture_loader] UDIM atlas: 1 tiles -> 2048x2048 (1x1 grid, tile 2048x2048)
[2026-03-15T09:09:46Z INFO  bif_viewport::texture_loader] UDIM atlas: 3 tiles -> 6144x2048 (3x1 grid, tile 2048x2048)
[2026-03-15T09:09:46Z INFO  bif_core::texture] Texture electronics_wire_spool06_Roughness.1002.jpg (2048x2048): decode=120.4ms, convert=51.7ms, linear=86.3ms, total=258.4ms
[2026-03-15T09:09:46Z INFO  bif_core::texture] Texture stationary_protractor_box01_proxyTexture.jpg (512x512): decode=19.7ms, convert=1.9ms, linear=9.1ms, total=30.8ms
[2026-03-15T09:09:46Z INFO  bif_core::texture] Texture structure_wall_fibro01_Normal_openGL.1003.jpg (2048x2048): decode=232.5ms, convert=29.1ms, linear=82.0ms, total=343.5ms
[2026-03-15T09:09:46Z INFO  bif_viewport::texture_loader] UDIM atlas: 3 tiles -> 6144x2048 (3x1 grid, tile 2048x2048)
[2026-03-15T09:09:46Z INFO  bif_core::texture] Texture chemistry_magnetic_stirrer01_proxyTexture.jpg (512x512): decode=13.4ms, convert=2.1ms, linear=6.1ms, total=21.7ms
[2026-03-15T09:09:46Z INFO  bif_core::texture] Texture toy_curly_surgery_Normal_openGL.1012.jpg (2048x2048): decode=101.6ms, convert=22.8ms, linear=70.6ms, total=195.0ms
[2026-03-15T09:09:46Z INFO  bif_core::texture] Texture electronics_spoolrack_Normal_openGL.1002.jpg (2048x2048): decode=580.4ms, convert=23.6ms, linear=79.0ms, total=683.0ms
[2026-03-15T09:09:47Z INFO  bif_core::texture] Texture stationary_paper01_BaseColor.1001.jpg (2048x2048): decode=159.8ms, convert=17.7ms, linear=83.7ms, total=261.2ms
[2026-03-15T09:09:47Z INFO  bif_core::texture] Texture decor_wooden_box01_Roughness.1001.jpg (2048x2048): decode=329.6ms, convert=37.3ms, linear=136.1ms, total=503.0ms
[2026-03-15T09:09:47Z INFO  bif_core::texture] Texture electronics_tesla_coil01_BaseColor.1005.jpg (2048x2048): decode=144.1ms, convert=62.9ms, linear=100.4ms, total=307.4ms
[2026-03-15T09:09:47Z INFO  bif_core::texture] Texture structure_wall_fibro02_Normal_openGL.1002.jpg (2048x2048): decode=732.7ms, convert=37.8ms, linear=107.6ms, total=878.0ms
[2026-03-15T09:09:47Z INFO  bif_core::texture] Texture stationary_paper02_BaseColor.1001.jpg (2048x2048): decode=162.4ms, convert=131.2ms, linear=116.4ms, total=410.0ms
[2026-03-15T09:09:47Z INFO  bif_core::texture] Texture books_encyclopedias01_Normal_openGL.1003.jpg (2048x2048): decode=670.3ms, convert=117.8ms, linear=95.7ms, total=883.9ms
[2026-03-15T09:09:47Z INFO  bif_viewport::texture_loader] UDIM atlas: 2 tiles -> 4096x2048 (2x1 grid, tile 2048x2048)
[2026-03-15T09:09:47Z INFO  bif_core::texture] Texture chemistry_microscope01_BaseColor.1001.jpg (2048x2048): decode=564.0ms, convert=93.1ms, linear=207.6ms, total=864.7ms
[2026-03-15T09:09:47Z INFO  bif_core::texture] Texture electronics_turntable01_BaseColor.1005.jpg (2048x2048): decode=564.3ms, convert=123.2ms, linear=206.6ms, total=894.2ms
[2026-03-15T09:09:47Z INFO  bif_core::texture] Texture electronics_turntable01_Roughness.1001.jpg (2048x2048): decode=83.5ms, convert=20.1ms, linear=87.1ms, total=190.8ms
[2026-03-15T09:09:47Z INFO  bif_core::texture] Texture furniture_workbench01_BaseColor.1021.jpg (2048x2048): decode=255.0ms, convert=100.0ms, linear=148.1ms, total=503.1ms
[2026-03-15T09:09:47Z INFO  bif_core::texture] Texture electronics_wire_spool05_Roughness.1002.jpg (2048x2048): decode=88.0ms, convert=21.2ms, linear=105.1ms, total=214.4ms
[2026-03-15T09:09:47Z INFO  bif_core::texture] Texture electronics_cabling_Roughness.1001.jpg (2048x2048): decode=125.2ms, convert=20.7ms, linear=124.5ms, total=270.4ms
[2026-03-15T09:09:47Z INFO  bif_core::texture] Texture chemistry_microscope01_Normal_openGL.1003.jpg (2048x2048): decode=250.7ms, convert=31.2ms, linear=110.0ms, total=391.9ms
[2026-03-15T09:09:47Z INFO  bif_viewport::texture_loader] UDIM atlas: 2 tiles -> 4096x2048 (2x1 grid, tile 2048x2048)
[2026-03-15T09:09:47Z INFO  bif_core::texture] Texture electronics_audio_generator01_BaseColor.1012.jpg (2048x2048): decode=206.0ms, convert=29.8ms, linear=107.5ms, total=343.2ms
[2026-03-15T09:09:47Z INFO  bif_core::texture] Texture test202009demo_ll_leaf01_sm01_Roughness.1001.png (2048x2048): decode=48.1ms, convert=30.5ms, linear=118.4ms, total=197.0ms
[2026-03-15T09:09:47Z INFO  bif_core::texture] Texture decor_wooden_box01_Normal_openGL.1013.jpg (2048x2048): decode=127.2ms, convert=35.4ms, linear=119.9ms, total=282.6ms
[2026-03-15T09:09:47Z INFO  bif_core::texture] Texture electronics_tesla_coil01_Roughness.1002.jpg (2048x2048): decode=73.8ms, convert=28.3ms, linear=112.9ms, total=215.0ms
[2026-03-15T09:09:47Z INFO  bif_core::texture] Texture electronics_tesla_coil01_Normal_openGL.1011.jpg (2048x2048): decode=135.9ms, convert=51.0ms, linear=110.9ms, total=297.8ms
[2026-03-15T09:09:47Z INFO  bif_viewport::texture_loader] UDIM atlas: 8 tiles -> 8192x4096 (4x2 grid, tile 2048x2048)
[2026-03-15T09:09:47Z INFO  bif_core::texture] Texture decor_bonsai_jar01_Roughness.1001.jpg (2048x2048): decode=80.3ms, convert=35.1ms, linear=108.9ms, total=224.3ms
[2026-03-15T09:09:47Z INFO  bif_core::texture] Texture stationary_crayon_box01_Normal_openGL.1001.jpg (2048x2048): decode=127.0ms, convert=34.4ms, linear=91.7ms, total=253.2ms
[2026-03-15T09:09:47Z INFO  bif_viewport::texture_loader] UDIM atlas: 1 tiles -> 2048x2048 (1x1 grid, tile 2048x2048)
[2026-03-15T09:09:47Z INFO  bif_viewport::texture_loader] UDIM atlas: 2 tiles -> 4096x2048 (2x1 grid, tile 2048x2048)
[2026-03-15T09:09:47Z INFO  bif_core::texture] Texture toy_curly_surgery_Normal_openGL.1013.jpg (2048x2048): decode=102.1ms, convert=21.3ms, linear=60.2ms, total=183.6ms
[2026-03-15T09:09:47Z INFO  bif_core::texture] Texture structure_wall_fibro01_Normal_openGL.1011.jpg (2048x2048): decode=164.4ms, convert=20.6ms, linear=55.6ms, total=240.7ms
[2026-03-15T09:09:47Z INFO  bif_core::texture] Texture chemistry_beaker03_Normal_openGL.1001.jpg (2048x2048): decode=92.0ms, convert=23.3ms, linear=50.8ms, total=166.1ms
[2026-03-15T09:09:47Z INFO  bif_core::texture] Texture stationary_protractor_box01_BaseColor.1001.jpg (2048x2048): decode=108.5ms, convert=16.0ms, linear=45.9ms, total=170.3ms
[2026-03-15T09:09:47Z INFO  bif_core::texture] Texture decor_wooden_box01_Roughness.1002.jpg (2048x2048): decode=280.2ms, convert=13.3ms, linear=54.2ms, total=347.7ms
[2026-03-15T09:09:47Z INFO  bif_core::texture] Texture toy_curly_surgery_Roughness.1013.jpg (2048x2048): decode=246.3ms, convert=15.6ms, linear=47.9ms, total=309.9ms
[2026-03-15T09:09:47Z INFO  bif_core::texture] Texture electronics_wire_spool05_Metallic.1001.jpg (2048x2048): decode=21.8ms, convert=16.8ms, linear=49.2ms, total=87.8ms
[2026-03-15T09:09:47Z INFO  bif_core::texture] Texture chemistry_magnetic_stirrer01_BaseColor.1001.jpg (2048x2048): decode=92.5ms, convert=11.3ms, linear=42.5ms, total=146.3ms
[2026-03-15T09:09:47Z INFO  bif_core::texture] Texture electronics_wire_spool05_Normal_openGL.1001.jpg (2048x2048): decode=70.1ms, convert=15.3ms, linear=40.2ms, total=125.6ms
[2026-03-15T09:09:49Z INFO  bif_core::texture] Texture decor_bonsai_jar01_Roughness.1002.jpg (2048x2048): decode=51.4ms, convert=16.2ms, linear=44.1ms, total=111.7ms
[2026-03-15T09:09:49Z INFO  bif_core::texture] Texture electronics_wire_spool05_Metallic.1002.jpg (2048x2048): decode=72.0ms, convert=14.8ms, linear=41.5ms, total=128.2ms
[2026-03-15T09:09:49Z INFO  bif_viewport::texture_loader] UDIM atlas: 1 tiles -> 2048x2048 (1x1 grid, tile 2048x2048)
[2026-03-15T09:09:49Z INFO  bif_viewport::texture_loader] UDIM atlas: 1 tiles -> 2048x2048 (1x1 grid, tile 2048x2048)
[2026-03-15T09:09:49Z INFO  bif_viewport::texture_loader] UDIM atlas: 2 tiles -> 4096x2048 (2x1 grid, tile 2048x2048)
[2026-03-15T09:09:49Z INFO  bif_core::texture] Texture chemistry_beaker_rack01_proxyTexture.jpg (512x512): decode=30.2ms, convert=2.5ms, linear=5.1ms, total=37.9ms
[2026-03-15T09:09:49Z INFO  bif_viewport::texture_loader] UDIM atlas: 2 tiles -> 4096x2048 (2x1 grid, tile 2048x2048)
[2026-03-15T09:09:49Z INFO  bif_core::texture] Texture electronics_cabling_Roughness.1002.jpg (2048x2048): decode=70.9ms, convert=36.5ms, linear=119.1ms, total=226.6ms
[2026-03-15T09:09:49Z INFO  bif_core::texture] Texture electronics_tesla_coil01_Roughness.1003.jpg (2048x2048): decode=170.3ms, convert=49.6ms, linear=146.6ms, total=366.5ms
[2026-03-15T09:09:49Z INFO  bif_viewport::texture_loader] UDIM atlas: 3 tiles -> 6144x2048 (3x1 grid, tile 2048x2048)
[2026-03-15T09:09:49Z INFO  bif_core::texture] Texture electronics_turntable01_Roughness.1002.jpg (2048x2048): decode=113.7ms, convert=37.7ms, linear=166.5ms, total=318.0ms
[2026-03-15T09:09:49Z INFO  bif_core::texture] Texture electronics_audio_generator01_BaseColor.1013.jpg (2048x2048): decode=195.7ms, convert=39.7ms, linear=158.2ms, total=393.5ms
[2026-03-15T09:09:49Z INFO  bif_core::texture] Texture electronics_tesla_coil01_BaseColor.1011.jpg (2048x2048): decode=226.1ms, convert=38.6ms, linear=185.9ms, total=450.6ms
[2026-03-15T09:09:49Z INFO  bif_core::texture] Texture electronics_wire_spool04_Normal_openGL.1001.jpg (2048x2048): decode=106.4ms, convert=33.7ms, linear=154.5ms, total=294.5ms
[2026-03-15T09:09:49Z INFO  bif_core::texture] Texture electronics_wire_spool06_Metallic.1001.jpg (2048x2048): decode=73.8ms, convert=40.1ms, linear=147.5ms, total=261.4ms
[2026-03-15T09:09:49Z INFO  bif_core::texture] Texture stationary_protractor_box01_BaseColor.1002.jpg (2048x2048): decode=178.6ms, convert=40.0ms, linear=174.3ms, total=392.9ms
[2026-03-15T09:09:49Z INFO  bif_viewport::texture_loader] UDIM atlas: 1 tiles -> 2048x2048 (1x1 grid, tile 2048x2048)
[2026-03-15T09:09:49Z INFO  bif_core::texture] Texture chemistry_microscope01_BaseColor.1002.jpg (2048x2048): decode=212.5ms, convert=48.4ms, linear=137.0ms, total=397.9ms
[2026-03-15T09:09:49Z INFO  bif_core::texture] Texture chemistry_magnetic_stirrer01_BaseColor.1002.jpg (2048x2048): decode=183.6ms, convert=51.6ms, linear=139.7ms, total=375.0ms
[2026-03-15T09:09:49Z INFO  bif_core::texture] Texture stationary_paper01_Roughness.1001.jpg (2048x2048): decode=97.1ms, convert=41.2ms, linear=130.1ms, total=268.5ms
[2026-03-15T09:09:49Z INFO  bif_viewport::texture_loader] UDIM atlas: 6 tiles -> 6144x4096 (3x2 grid, tile 2048x2048)
[2026-03-15T09:09:49Z INFO  bif_core::texture] Texture decor_bonsai_jar01_Roughness.1003.jpg (2048x2048): decode=111.2ms, convert=41.5ms, linear=97.5ms, total=250.2ms
[2026-03-15T09:09:49Z INFO  bif_core::texture] Texture test202009demo_ll_leaf01_sm01_Normal_openGL.1001.png (2048x2048): decode=156.3ms, convert=142.7ms, linear=146.3ms, total=445.3ms
[2026-03-15T09:09:49Z INFO  bif_viewport::texture_loader] UDIM atlas: 7 tiles -> 8192x4096 (4x2 grid, tile 2048x2048)
[2026-03-15T09:09:49Z INFO  bif_core::texture] Texture furniture_workbench01_BaseColor.1022.jpg (2048x2048): decode=193.9ms, convert=186.4ms, linear=154.1ms, total=534.4ms
[2026-03-15T09:09:49Z INFO  bif_core::texture] Texture decor_wooden_box01_Roughness.1003.jpg (2048x2048): decode=191.7ms, convert=64.1ms, linear=68.0ms, total=323.9ms
[2026-03-15T09:09:49Z INFO  bif_core::texture] Texture structure_wall_fibro01_Normal_openGL.1012.jpg (2048x2048): decode=203.9ms, convert=24.3ms, linear=58.3ms, total=286.5ms
[2026-03-15T09:09:49Z INFO  bif_core::texture] Texture electronics_wire_spool06_proxyTexture.jpg (512x512): decode=14.4ms, convert=1.5ms, linear=7.3ms, total=23.2ms
[2026-03-15T09:09:49Z INFO  bif_core::texture] Texture chemistry_microscope01_Roughness.1001.jpg (2048x2048): decode=277.2ms, convert=59.8ms, linear=178.7ms, total=515.7ms
[2026-03-15T09:09:49Z INFO  bif_core::texture] Texture electronics_turntable01_BaseColor.1011.jpg (2048x2048): decode=485.5ms, convert=52.1ms, linear=49.1ms, total=586.7ms
[2026-03-15T09:09:50Z INFO  bif_core::texture] Texture stationary_pencil01_Normal_openGL.1001.jpg (2048x2048): decode=195.0ms, convert=17.2ms, linear=47.4ms, total=259.6ms
[2026-03-15T09:09:50Z INFO  bif_core::texture] Texture electronics_cabling_Roughness.1003.jpg (2048x2048): decode=59.7ms, convert=22.2ms, linear=48.7ms, total=130.6ms
[2026-03-15T09:09:50Z INFO  bif_core::texture] Texture electronics_powerpoint01_BaseColor.1001.jpg (2048x2048): decode=121.5ms, convert=17.1ms, linear=53.1ms, total=191.8ms
[2026-03-15T09:09:50Z INFO  bif_core::texture] Texture structure_wall_fibro02_Normal_openGL.1003.jpg (2048x2048): decode=374.7ms, convert=115.6ms, linear=307.2ms, total=797.5ms
[2026-03-15T09:09:50Z INFO  bif_core::texture] Texture chemistry_beaker_rack01_BaseColor.1001.jpg (2048x2048): decode=144.7ms, convert=15.6ms, linear=59.7ms, total=219.9ms
[2026-03-15T09:09:50Z INFO  bif_viewport::texture_loader] UDIM atlas: 1 tiles -> 2048x2048 (1x1 grid, tile 2048x2048)
[2026-03-15T09:09:50Z INFO  bif_core::texture] Texture electronics_turntable01_Roughness.1003.jpg (2048x2048): decode=91.6ms, convert=20.9ms, linear=53.5ms, total=166.0ms
[2026-03-15T09:09:50Z INFO  bif_viewport::texture_loader] UDIM atlas: 3 tiles -> 6144x2048 (3x1 grid, tile 2048x2048)
[2026-03-15T09:09:50Z INFO  bif_core::texture] Texture chemistry_microscope01_Metallic.1001.jpg (2048x2048): decode=47.6ms, convert=17.2ms, linear=72.5ms, total=137.2ms
[2026-03-15T09:09:50Z INFO  bif_core::texture] Texture vegetation_bonsai_trunk01_BaseColor.1001.jpg (2048x2048): decode=327.3ms, convert=18.8ms, linear=72.6ms, total=418.7ms
[2026-03-15T09:09:50Z INFO  bif_viewport::texture_loader] UDIM atlas: 7 tiles -> 8192x4096 (4x2 grid, tile 2048x2048)
[2026-03-15T09:09:50Z INFO  bif_core::texture] Texture electronics_audio_generator01_BaseColor.1014.jpg (2048x2048): decode=122.9ms, convert=24.4ms, linear=85.1ms, total=232.5ms
[2026-03-15T09:09:50Z INFO  bif_core::texture] Texture electronics_wire_spool06_Metallic.1002.jpg (2048x2048): decode=123.9ms, convert=26.1ms, linear=69.7ms, total=219.6ms
[2026-03-15T09:09:50Z INFO  bif_core::texture] Texture stationary_protractor_box01_BaseColor.1011.jpg (2048x2048): decode=170.6ms, convert=23.3ms, linear=80.5ms, total=274.4ms
[2026-03-15T09:09:50Z INFO  bif_core::texture] Texture chemistry_magnetic_stirrer01_BaseColor.1011.jpg (2048x2048): decode=180.3ms, convert=28.5ms, linear=78.2ms, total=287.0ms
[2026-03-15T09:09:50Z INFO  bif_viewport::texture_loader] UDIM atlas: 1 tiles -> 2048x2048 (1x1 grid, tile 2048x2048)
[2026-03-15T09:09:50Z INFO  bif_core::texture] Texture structure_wall_fibro01_proxyTexture.jpg (512x512): decode=144.4ms, convert=1.6ms, linear=5.9ms, total=151.9ms
[2026-03-15T09:09:50Z INFO  bif_viewport::texture_loader] UDIM atlas: 1 tiles -> 2048x2048 (1x1 grid, tile 2048x2048)
[2026-03-15T09:09:50Z INFO  bif_core::texture] Texture stationary_protractor_box01_Roughness.1001.jpg (2048x2048): decode=65.5ms, convert=28.5ms, linear=96.4ms, total=190.4ms
[2026-03-15T09:09:50Z INFO  bif_viewport::texture_loader] UDIM atlas: 5 tiles -> 6144x4096 (3x2 grid, tile 2048x2048)
[2026-03-15T09:09:50Z INFO  bif_viewport::texture_loader] UDIM atlas: 1 tiles -> 2048x2048 (1x1 grid, tile 2048x2048)
[2026-03-15T09:09:50Z INFO  bif_core::texture] Texture chemistry_microscope01_Normal_openGL.1011.jpg (2048x2048): decode=443.1ms, convert=140.9ms, linear=331.6ms, total=915.7ms
[2026-03-15T09:09:50Z INFO  bif_core::texture] Texture electronics_wire_spool04_Normal_openGL.1002.jpg (2048x2048): decode=297.6ms, convert=32.8ms, linear=79.6ms, total=410.0ms
[2026-03-15T09:09:50Z INFO  bif_core::texture] Texture electronics_wire_spool05_Normal_openGL.1002.jpg (2048x2048): decode=804.5ms, convert=72.1ms, linear=73.4ms, total=950.1ms
[2026-03-15T09:09:50Z INFO  bif_core::texture] Texture electronics_tesla_coil01_Roughness.1004.jpg (2048x2048): decode=182.4ms, convert=56.2ms, linear=136.9ms, total=375.5ms
[2026-03-15T09:09:50Z INFO  bif_core::texture] Texture electronics_tesla_coil01_Normal_openGL.1012.jpg (2048x2048): decode=796.7ms, convert=89.2ms, linear=95.8ms, total=981.7ms
[2026-03-15T09:09:50Z INFO  bif_core::texture] Texture electronics_cabling_Roughness.1004.jpg (2048x2048): decode=116.3ms, convert=19.3ms, linear=78.6ms, total=214.2ms
[2026-03-15T09:09:50Z INFO  bif_core::texture] Texture stationary_pencil02_proxyTexture.jpg (512x512): decode=165.5ms, convert=1.3ms, linear=4.2ms, total=171.0ms
[2026-03-15T09:09:50Z INFO  bif_core::texture] Texture structure_wall_fibro02_proxyTexture.jpg (512x512): decode=117.7ms, convert=1.5ms, linear=4.6ms, total=123.8ms
[2026-03-15T09:09:50Z INFO  bif_viewport::texture_loader] UDIM atlas: 2 tiles -> 4096x2048 (2x1 grid, tile 2048x2048)
[2026-03-15T09:09:50Z INFO  bif_core::texture] Texture electronics_tesla_coil01_BaseColor.1012.jpg (2048x2048): decode=359.0ms, convert=19.5ms, linear=63.5ms, total=442.0ms
[2026-03-15T09:09:50Z INFO  bif_core::texture] Texture chemistry_microscope01_Metallic.1002.jpg (2048x2048): decode=166.2ms, convert=24.5ms, linear=65.9ms, total=256.5ms
[2026-03-15T09:09:50Z INFO  bif_core::texture] Texture decor_wooden_box01_Roughness.1011.jpg (2048x2048): decode=305.6ms, convert=40.3ms, linear=97.2ms, total=443.1ms
[2026-03-15T09:09:50Z INFO  bif_core::texture] Texture furniture_workbench01_BaseColor.1023.jpg (2048x2048): decode=363.1ms, convert=17.0ms, linear=61.6ms, total=441.8ms
[2026-03-15T09:09:50Z INFO  bif_core::texture] Texture electronics_turntable01_Roughness.1004.jpg (2048x2048): decode=134.2ms, convert=19.7ms, linear=60.0ms, total=213.8ms
[2026-03-15T09:09:50Z INFO  bif_core::texture] Texture chemistry_microscope01_Roughness.1002.jpg (2048x2048): decode=92.1ms, convert=21.2ms, linear=64.2ms, total=177.4ms
[2026-03-15T09:09:50Z INFO  bif_viewport::texture_loader] UDIM atlas: 1 tiles -> 2048x2048 (1x1 grid, tile 2048x2048)
[2026-03-15T09:09:50Z INFO  bif_core::texture] Texture electronics_turntable01_BaseColor.1012.jpg (2048x2048): decode=206.8ms, convert=21.5ms, linear=74.5ms, total=302.9ms
[2026-03-15T09:09:50Z INFO  bif_core::texture] Texture chemistry_microscope01_BaseColor.1003.jpg (2048x2048): decode=296.6ms, convert=38.5ms, linear=185.4ms, total=520.4ms
[2026-03-15T09:09:50Z INFO  bif_viewport::texture_loader] UDIM atlas: 3 tiles -> 4096x4096 (2x2 grid, tile 2048x2048)
[2026-03-15T09:09:50Z INFO  bif_core::texture] Texture stationary_paper02_Roughness.1001.jpg (2048x2048): decode=92.0ms, convert=29.2ms, linear=101.7ms, total=222.8ms
[2026-03-15T09:09:51Z INFO  bif_core::texture] Texture electronics_wire_spool06_BaseColor.1001.jpg (2048x2048): decode=99.0ms, convert=31.3ms, linear=92.8ms, total=223.0ms
[2026-03-15T09:09:51Z INFO  bif_core::texture] Texture vegetation_bonsai_trunk01_Roughness.1001.png (2048x2048): decode=57.1ms, convert=22.2ms, linear=93.2ms, total=172.6ms
[2026-03-15T09:09:51Z INFO  bif_viewport::texture_loader] UDIM atlas: 2 tiles -> 4096x2048 (2x1 grid, tile 2048x2048)
[2026-03-15T09:09:51Z INFO  bif_viewport::texture_loader] UDIM atlas: 2 tiles -> 4096x2048 (2x1 grid, tile 2048x2048)
[2026-03-15T09:09:51Z INFO  bif_core::texture] Texture stationary_protractor_box01_Roughness.1002.jpg (2048x2048): decode=81.5ms, convert=24.6ms, linear=90.9ms, total=197.1ms
[2026-03-15T09:09:51Z INFO  bif_core::texture] Texture electronics_wire_spool05_proxyTexture.jpg (512x512): decode=23.9ms, convert=2.1ms, linear=6.2ms, total=32.2ms
[2026-03-15T09:09:51Z INFO  bif_core::texture] Texture structure_wall_fibro02_Normal_openGL.1011.jpg (2048x2048): decode=232.7ms, convert=33.9ms, linear=110.1ms, total=376.7ms
[2026-03-15T09:09:51Z INFO  bif_core::texture] Texture stationary_protractor_box01_BaseColor.1012.jpg (2048x2048): decode=128.4ms, convert=26.6ms, linear=81.2ms, total=236.1ms
[2026-03-15T09:09:51Z INFO  bif_viewport::texture_loader] UDIM atlas: 9 tiles -> 10240x4096 (5x2 grid, tile 2048x2048)
[2026-03-15T09:09:51Z INFO  bif_core::texture] Texture electronics_cabling_Roughness.1011.jpg (2048x2048): decode=85.8ms, convert=29.0ms, linear=66.1ms, total=180.8ms
[2026-03-15T09:09:51Z INFO  bif_core::texture] Texture electronics_tesla_coil01_Roughness.1005.jpg (2048x2048): decode=113.2ms, convert=47.7ms, linear=69.8ms, total=230.7ms
[2026-03-15T09:09:51Z INFO  bif_core::texture] Texture electronics_tesla_coil01_Normal_openGL.1013.jpg (2048x2048): decode=142.7ms, convert=21.0ms, linear=72.5ms, total=236.2ms
[2026-03-15T09:09:51Z INFO  bif_core::texture] Texture chemistry_microscope01_Normal_openGL.1012.jpg (2048x2048): decode=133.8ms, convert=26.8ms, linear=75.2ms, total=235.7ms
[2026-03-15T09:09:51Z INFO  bif_core::texture] Texture chemistry_microscope01_Metallic.1003.jpg (2048x2048): decode=40.0ms, convert=17.7ms, linear=81.5ms, total=139.2ms
[2026-03-15T09:09:51Z INFO  bif_core::texture] Texture decor_wooden_box01_Roughness.1012.jpg (2048x2048): decode=94.3ms, convert=19.7ms, linear=71.5ms, total=185.6ms
[2026-03-15T09:09:51Z INFO  bif_core::texture] Texture electronics_turntable01_Roughness.1005.jpg (2048x2048): decode=55.1ms, convert=23.9ms, linear=62.6ms, total=141.6ms
[2026-03-15T09:09:51Z INFO  bif_viewport::texture_loader] UDIM atlas: 1 tiles -> 2048x2048 (1x1 grid, tile 2048x2048)
[2026-03-15T09:09:51Z INFO  bif_core::texture] Texture furniture_workbench01_BaseColor.1024.jpg (2048x2048): decode=131.5ms, convert=26.2ms, linear=68.6ms, total=226.3ms
[2026-03-15T09:09:51Z INFO  bif_core::texture] Texture electronics_tesla_coil01_BaseColor.1013.jpg (2048x2048): decode=138.7ms, convert=14.4ms, linear=71.7ms, total=224.9ms
[2026-03-15T09:09:51Z INFO  bif_core::texture] Texture decor_bonsai_jar01_Normal_openGL.1001.jpg (2048x2048): decode=98.7ms, convert=20.5ms, linear=89.6ms, total=208.7ms
[2026-03-15T09:09:51Z INFO  bif_core::texture] Texture stationary_pencil02_BaseColor.1001.jpg (2048x2048): decode=127.6ms, convert=18.0ms, linear=64.7ms, total=210.4ms
[2026-03-15T09:09:51Z INFO  bif_core::texture] Texture vegetation_bonsai_branch01_BaseColor.1001.jpg (2048x2048): decode=197.0ms, convert=18.0ms, linear=71.4ms, total=286.4ms
[2026-03-15T09:09:51Z INFO  bif_core::texture] Texture vegetation_bonsai_trunk01_Normal_openGL.1001.png (2048x2048): decode=82.1ms, convert=24.5ms, linear=78.9ms, total=185.5ms
[2026-03-15T09:09:51Z INFO  bif_core::texture] Texture chemistry_microscope01_Roughness.1003.jpg (2048x2048): decode=124.6ms, convert=30.5ms, linear=74.9ms, total=230.0ms
[2026-03-15T09:09:51Z INFO  bif_core::texture] Texture electronics_turntable01_BaseColor.1013.jpg (2048x2048): decode=227.4ms, convert=26.3ms, linear=105.8ms, total=359.4ms
[2026-03-15T09:09:51Z INFO  bif_core::texture] Texture stationary_paper01_Normal_openGL.1001.jpg (2048x2048): decode=134.6ms, convert=24.0ms, linear=102.5ms, total=261.1ms
[2026-03-15T09:09:51Z INFO  bif_core::texture] Texture stationary_protractor_box01_Roughness.1011.jpg (2048x2048): decode=104.7ms, convert=24.8ms, linear=76.7ms, total=206.3ms
[2026-03-15T09:09:51Z INFO  bif_core::texture] Texture electronics_wire_spool06_BaseColor.1002.jpg (2048x2048): decode=196.0ms, convert=26.8ms, linear=96.8ms, total=319.6ms
[2026-03-15T09:09:51Z INFO  bif_core::texture] Texture electronics_tesla_coil01_Roughness.1011.jpg (2048x2048): decode=118.6ms, convert=30.5ms, linear=112.2ms, total=261.3ms
[2026-03-15T09:09:51Z INFO  bif_core::texture] Texture electronics_powerpoint01_Roughness.1001.jpg (2048x2048): decode=147.8ms, convert=29.2ms, linear=89.5ms, total=266.6ms
[2026-03-15T09:09:51Z INFO  bif_viewport::texture_loader] UDIM atlas: 4 tiles -> 4096x4096 (2x2 grid, tile 2048x2048)
[2026-03-15T09:09:51Z INFO  bif_core::texture] Texture electronics_cabling_Roughness.1012.jpg (2048x2048): decode=96.3ms, convert=38.0ms, linear=83.3ms, total=217.6ms
[2026-03-15T09:09:51Z INFO  bif_core::texture] Texture structure_wall_fibro02_BaseColor.1001.jpg (2048x2048): decode=165.4ms, convert=29.9ms, linear=81.1ms, total=276.3ms
[2026-03-15T09:09:51Z INFO  bif_core::texture] Texture electronics_wire_spool06_Normal_openGL.1001.jpg (2048x2048): decode=163.0ms, convert=30.4ms, linear=71.7ms, total=265.2ms
[2026-03-15T09:09:51Z INFO  bif_core::texture] Texture chemistry_microscope01_BaseColor.1011.jpg (2048x2048): decode=149.4ms, convert=25.0ms, linear=154.6ms, total=329.1ms
[2026-03-15T09:09:51Z INFO  bif_core::texture] Texture chemistry_beaker_rack01_Roughness.1001.jpg (2048x2048): decode=129.8ms, convert=22.2ms, linear=56.1ms, total=208.1ms
[2026-03-15T09:09:51Z INFO  bif_core::texture] Texture chemistry_microscope01_Metallic.1011.jpg (2048x2048): decode=53.2ms, convert=17.2ms, linear=54.7ms, total=125.1ms
[2026-03-15T09:09:51Z INFO  bif_core::texture] Texture electronics_turntable01_Roughness.1011.jpg (2048x2048): decode=99.3ms, convert=17.7ms, linear=53.1ms, total=170.1ms
[2026-03-15T09:09:51Z INFO  bif_viewport::texture_loader] UDIM atlas: 1 tiles -> 2048x2048 (1x1 grid, tile 2048x2048)
[2026-03-15T09:09:51Z INFO  bif_core::texture] Texture decor_wooden_box01_Roughness.1013.jpg (2048x2048): decode=102.9ms, convert=17.5ms, linear=59.9ms, total=180.3ms
[2026-03-15T09:09:51Z INFO  bif_viewport::texture_loader] UDIM atlas: 5 tiles -> 6144x4096 (3x2 grid, tile 2048x2048)
[2026-03-15T09:09:52Z INFO  bif_core::texture] Texture chemistry_magnetic_stirrer01_Roughness.1001.jpg (2048x2048): decode=111.8ms, convert=21.4ms, linear=76.4ms, total=209.6ms
[2026-03-15T09:09:52Z INFO  bif_core::texture] Texture structure_wall_fibro02_Normal_openGL.1012.jpg (2048x2048): decode=417.9ms, convert=76.6ms, linear=70.6ms, total=565.1ms
[2026-03-15T09:09:52Z INFO  bif_core::texture] Texture decor_helmet_head01_BaseColor.1001.jpg (2048x2048): decode=191.6ms, convert=17.4ms, linear=62.9ms, total=271.9ms
[2026-03-15T09:09:52Z INFO  bif_core::texture] Texture vegetation_bonsai_branch01_proxyTexture.jpg (512x512): decode=24.5ms, convert=2.1ms, linear=6.5ms, total=33.1ms
[2026-03-15T09:09:52Z INFO  bif_core::texture] Texture electronics_tesla_coil01_Normal_openGL.1014.jpg (2048x2048): decode=151.7ms, convert=17.3ms, linear=83.8ms, total=252.7ms
[2026-03-15T09:09:52Z INFO  bif_viewport::texture_loader] UDIM atlas: 1 tiles -> 2048x2048 (1x1 grid, tile 2048x2048)
[2026-03-15T09:09:52Z INFO  bif_viewport::texture_loader] UDIM atlas: 1 tiles -> 2048x2048 (1x1 grid, tile 2048x2048)
[2026-03-15T09:09:52Z INFO  bif_viewport::texture_loader] UDIM atlas: 1 tiles -> 2048x2048 (1x1 grid, tile 2048x2048)
[2026-03-15T09:09:52Z INFO  bif_core::texture] Texture chemistry_microscope01_Metallic.1012.jpg (2048x2048): decode=47.2ms, convert=18.0ms, linear=172.9ms, total=238.1ms
[2026-03-15T09:09:52Z INFO  bif_core::texture] Texture decor_foam_hand01_proxyTexture.jpg (512x512): decode=28.5ms, convert=3.4ms, linear=10.6ms, total=42.4ms
[2026-03-15T09:09:52Z INFO  bif_viewport::texture_loader] UDIM atlas: 2 tiles -> 4096x2048 (2x1 grid, tile 2048x2048)
[2026-03-15T09:09:52Z INFO  bif_viewport::texture_loader] UDIM atlas: 1 tiles -> 2048x2048 (1x1 grid, tile 2048x2048)
[2026-03-15T09:09:52Z INFO  bif_core::texture] Texture electronics_tesla_coil01_BaseColor.1014.jpg (2048x2048): decode=217.0ms, convert=20.9ms, linear=90.6ms, total=328.5ms
[2026-03-15T09:09:52Z INFO  bif_core::texture] Texture electronics_wire_spool05_BaseColor.1001.jpg (2048x2048): decode=231.7ms, convert=25.3ms, linear=106.7ms, total=363.8ms
[2026-03-15T09:09:52Z INFO  bif_core::texture] Texture electronics_audio_generator01_Roughness.1001.jpg (2048x2048): decode=123.9ms, convert=25.1ms, linear=93.9ms, total=242.9ms
[2026-03-15T09:09:52Z INFO  bif_core::texture] Texture decor_bonsai_jar01_Normal_openGL.1002.jpg (2048x2048): decode=257.4ms, convert=23.6ms, linear=106.2ms, total=387.3ms
[2026-03-15T09:09:52Z INFO  bif_core::texture] Texture electronics_cabling_Roughness.1013.jpg (2048x2048): decode=72.2ms, convert=30.7ms, linear=86.5ms, total=189.4ms
[2026-03-15T09:09:52Z INFO  bif_core::texture] Texture electronics_tesla_coil01_Roughness.1012.jpg (2048x2048): decode=136.7ms, convert=30.4ms, linear=84.5ms, total=251.6ms
[2026-03-15T09:09:52Z INFO  bif_core::texture] Texture structure_wall_fibro01_BaseColor.1001.jpg (2048x2048): decode=341.6ms, convert=100.7ms, linear=215.4ms, total=657.6ms
[2026-03-15T09:09:52Z INFO  bif_core::texture] Texture electronics_turntable01_Normal_openGL.1001.jpg (2048x2048): decode=293.7ms, convert=25.6ms, linear=67.4ms, total=386.7ms
[2026-03-15T09:09:52Z INFO  bif_core::texture] Texture electronics_turntable01_Roughness.1012.jpg (2048x2048): decode=62.2ms, convert=22.0ms, linear=57.5ms, total=141.8ms
[2026-03-15T09:09:52Z INFO  bif_core::texture] Texture stationary_protractor_box01_Roughness.1012.jpg (2048x2048): decode=192.5ms, convert=17.6ms, linear=61.0ms, total=271.1ms
[2026-03-15T09:09:52Z INFO  bif_core::texture] Texture structure_wall_fibro02_BaseColor.1002.jpg (2048x2048): decode=162.2ms, convert=19.6ms, linear=55.3ms, total=237.1ms
[2026-03-15T09:09:52Z INFO  bif_core::texture] Texture electronics_wire_spool06_Normal_openGL.1002.jpg (2048x2048): decode=246.1ms, convert=24.3ms, linear=70.0ms, total=340.4ms
[2026-03-15T09:09:52Z INFO  bif_viewport::texture_loader] UDIM atlas: 5 tiles -> 6144x4096 (3x2 grid, tile 2048x2048)
[2026-03-15T09:09:52Z INFO  bif_core::texture] Texture chemistry_magnetic_stirrer01_Roughness.1002.jpg (2048x2048): decode=175.2ms, convert=122.3ms, linear=98.8ms, total=396.3ms
[2026-03-15T09:09:52Z INFO  bif_core::texture] Texture vegetation_bonsai_branch01_Roughness.1001.png (2048x2048): decode=125.6ms, convert=46.1ms, linear=306.1ms, total=477.8ms
[2026-03-15T09:09:52Z INFO  bif_core::texture] Texture structure_wall_fibro01_Roughness.1001.jpg (2048x2048): decode=54.7ms, convert=93.7ms, linear=103.1ms, total=251.6ms
[2026-03-15T09:09:52Z INFO  bif_core::texture] Texture stationary_paper02_Normal_openGL.1001.jpg (2048x2048): decode=334.0ms, convert=34.2ms, linear=228.6ms, total=596.8ms
[2026-03-15T09:09:52Z INFO  bif_core::texture] Texture chemistry_microscope01_Roughness.1011.jpg (2048x2048): decode=433.6ms, convert=155.2ms, linear=169.2ms, total=758.1ms
[2026-03-15T09:09:52Z INFO  bif_core::texture] Texture chemistry_microscope01_BaseColor.1012.jpg (2048x2048): decode=231.6ms, convert=54.9ms, linear=203.3ms, total=489.8ms
[2026-03-15T09:09:52Z INFO  bif_core::texture] Texture electronics_turntable01_BaseColor.1014.jpg (2048x2048): decode=318.1ms, convert=41.1ms, linear=262.7ms, total=621.9ms
[2026-03-15T09:09:52Z INFO  bif_core::texture] Texture structure_wall_fibro03_proxyTexture.jpg (512x512): decode=124.6ms, convert=1.4ms, linear=4.9ms, total=130.9ms
[2026-03-15T09:09:52Z INFO  bif_viewport::texture_loader] UDIM atlas: 5 tiles -> 6144x4096 (3x2 grid, tile 2048x2048)
[2026-03-15T09:09:52Z INFO  bif_viewport::texture_loader] UDIM atlas: 12 tiles -> 8192x6144 (4x3 grid, tile 2048x2048)
[2026-03-15T09:09:52Z INFO  bif_core::texture] Texture electronics_audio_generator01_Roughness.1002.jpg (2048x2048): decode=49.5ms, convert=28.5ms, linear=86.7ms, total=164.7ms
[2026-03-15T09:09:52Z INFO  bif_core::texture] Texture electronics_cabling_Roughness.1014.jpg (2048x2048): decode=65.5ms, convert=26.2ms, linear=73.4ms, total=165.2ms
[2026-03-15T09:09:52Z INFO  bif_core::texture] Texture electronics_wire_spool04_proxyTexture.jpg (512x512): decode=43.8ms, convert=1.8ms, linear=4.0ms, total=49.6ms
[2026-03-15T09:09:52Z INFO  bif_viewport::texture_loader] UDIM atlas: 2 tiles -> 4096x2048 (2x1 grid, tile 2048x2048)
[2026-03-15T09:09:52Z INFO  bif_core::texture] Texture decor_helmet_head01_proxyTexture.jpg (512x512): decode=17.5ms, convert=1.6ms, linear=5.9ms, total=25.1ms
[2026-03-15T09:09:52Z INFO  bif_core::texture] Texture electronics_powerpoint01_proxyTexture.jpg (512x512): decode=14.9ms, convert=1.9ms, linear=7.3ms, total=24.1ms
[2026-03-15T09:09:53Z INFO  bif_core::texture] Texture stationary_pencil02_Roughness.1001.jpg (2048x2048): decode=87.1ms, convert=19.6ms, linear=87.7ms, total=194.5ms
[2026-03-15T09:09:53Z INFO  bif_core::texture] Texture vegetation_bonsai_trunk01_proxyTexture.jpg (512x512): decode=33.7ms, convert=2.4ms, linear=6.2ms, total=42.4ms
[2026-03-15T09:09:53Z INFO  bif_viewport::texture_loader] UDIM atlas: 4 tiles -> 4096x4096 (2x2 grid, tile 2048x2048)
[2026-03-15T09:09:53Z INFO  bif_core::texture] Texture stationary_protractor_box01_Normal_openGL.1001.jpg (2048x2048): decode=177.0ms, convert=29.0ms, linear=96.5ms, total=302.4ms
[2026-03-15T09:09:53Z INFO  bif_core::texture] Texture chemistry_beaker_rack01_Metallic.1001.jpg (2048x2048): decode=87.5ms, convert=26.9ms, linear=94.8ms, total=209.2ms
[2026-03-15T09:09:53Z INFO  bif_core::texture] Texture electronics_turntable01_Roughness.1013.jpg (2048x2048): decode=173.3ms, convert=21.0ms, linear=95.5ms, total=289.7ms
[2026-03-15T09:09:53Z INFO  bif_core::texture] Texture BakedDiffuse_porc_hand.1001.jpg (2048x2048): decode=208.9ms, convert=27.3ms, linear=163.2ms, total=399.4ms
[2026-03-15T09:09:53Z INFO  bif_core::texture] Texture structure_wall_fibro02_BaseColor.1003.jpg (2048x2048): decode=184.2ms, convert=28.9ms, linear=87.2ms, total=300.2ms
[2026-03-15T09:09:53Z INFO  bif_core::texture] Texture electronics_tesla_coil01_Roughness.1013.jpg (2048x2048): decode=329.9ms, convert=21.7ms, linear=79.9ms, total=431.5ms
[2026-03-15T09:09:53Z INFO  bif_core::texture] Texture decor_bonsai_jar01_Normal_openGL.1003.jpg (2048x2048): decode=336.6ms, convert=29.8ms, linear=83.6ms, total=450.0ms
[2026-03-15T09:09:53Z INFO  bif_core::texture] Texture electronics_wire_spool04_Roughness.1001.jpg (2048x2048): decode=55.5ms, convert=21.5ms, linear=74.3ms, total=151.3ms
[2026-03-15T09:09:53Z INFO  bif_core::texture] Texture electronics_wire_spool04_BaseColor.1001.jpg (2048x2048): decode=424.6ms, convert=23.5ms, linear=71.5ms, total=519.6ms
[2026-03-15T09:09:53Z INFO  bif_viewport::texture_loader] UDIM atlas: 1 tiles -> 2048x2048 (1x1 grid, tile 2048x2048)
[2026-03-15T09:09:53Z INFO  bif_core::texture] Texture chemistry_magnetic_stirrer01_Roughness.1011.jpg (2048x2048): decode=124.1ms, convert=23.0ms, linear=71.3ms, total=218.4ms
[2026-03-15T09:09:53Z INFO  bif_core::texture] Texture structure_wall_fibro01_Roughness.1002.jpg (2048x2048): decode=70.5ms, convert=24.8ms, linear=60.4ms, total=155.8ms
[2026-03-15T09:09:53Z INFO  bif_viewport::texture_loader] UDIM atlas: 9 tiles -> 10240x4096 (5x2 grid, tile 2048x2048)
[2026-03-15T09:09:53Z INFO  bif_core::texture] Texture structure_wall_fibro01_BaseColor.1002.jpg (2048x2048): decode=416.7ms, convert=17.1ms, linear=54.8ms, total=488.7ms
[2026-03-15T09:09:53Z INFO  bif_core::texture] Texture decor_helmet_head01_BaseColor.1002.jpg (2048x2048): decode=520.5ms, convert=228.9ms, linear=124.2ms, total=873.7ms
[2026-03-15T09:09:53Z INFO  bif_viewport::texture_loader] UDIM atlas: 1 tiles -> 2048x2048 (1x1 grid, tile 2048x2048)
[2026-03-15T09:09:53Z INFO  bif_viewport::texture_loader] UDIM atlas: 1 tiles -> 2048x2048 (1x1 grid, tile 2048x2048)
[2026-03-15T09:09:53Z INFO  bif_core::texture] Texture electronics_audio_generator01_Roughness.1003.jpg (2048x2048): decode=162.0ms, convert=35.0ms, linear=95.9ms, total=292.9ms
[2026-03-15T09:09:53Z INFO  bif_viewport::texture_loader] UDIM atlas: 6 tiles -> 6144x4096 (3x2 grid, tile 2048x2048)
[2026-03-15T09:09:53Z INFO  bif_core::texture] Texture electronics_powerpoint01_Normal_openGL.1001.jpg (2048x2048): decode=165.2ms, convert=28.8ms, linear=148.3ms, total=342.2ms
[2026-03-15T09:09:53Z INFO  bif_core::texture] Texture electronics_turntable01_Roughness.1014.jpg (2048x2048): decode=51.2ms, convert=35.7ms, linear=94.8ms, total=181.6ms
[2026-03-15T09:09:53Z INFO  bif_core::texture] Texture stationary_protractor_box01_Normal_openGL.1002.jpg (2048x2048): decode=150.3ms, convert=30.3ms, linear=114.3ms, total=294.9ms
[2026-03-15T09:09:53Z INFO  bif_core::texture] Texture structure_wall_fibro02_Roughness.1001.jpg (2048x2048): decode=70.8ms, convert=26.4ms, linear=115.9ms, total=213.1ms
[2026-03-15T09:09:53Z INFO  bif_core::texture] Texture structure_wall_fibro02_BaseColor.1011.jpg (2048x2048): decode=140.6ms, convert=31.4ms, linear=110.6ms, total=282.6ms
[2026-03-15T09:09:53Z INFO  bif_core::texture] Texture vegetation_bonsai_branch01_Normal_openGL.1001.png (2048x2048): decode=149.2ms, convert=41.9ms, linear=118.0ms, total=309.1ms
[2026-03-15T09:09:53Z INFO  bif_core::texture] Texture electronics_wire_spool04_Roughness.1002.jpg (2048x2048): decode=109.8ms, convert=35.7ms, linear=105.1ms, total=250.7ms
[2026-03-15T09:09:53Z INFO  bif_core::texture] Texture electronics_turntable01_Normal_openGL.1002.jpg (2048x2048): decode=314.1ms, convert=141.9ms, linear=213.6ms, total=669.6ms
[2026-03-15T09:09:53Z INFO  bif_viewport::texture_loader] UDIM atlas: 8 tiles -> 8192x4096 (4x2 grid, tile 2048x2048)
[2026-03-15T09:09:53Z INFO  bif_core::texture] Texture structure_wall_fibro03_BaseColor.1001.jpg (2048x2048): decode=222.6ms, convert=31.8ms, linear=130.0ms, total=384.5ms
[2026-03-15T09:09:53Z INFO  bif_viewport::texture_loader] UDIM atlas: 9 tiles -> 10240x4096 (5x2 grid, tile 2048x2048)
[2026-03-15T09:09:53Z INFO  bif_viewport::texture_loader] UDIM atlas: 3 tiles -> 4096x4096 (2x2 grid, tile 2048x2048)
[2026-03-15T09:09:53Z INFO  bif_viewport::texture_loader] UDIM atlas: 3 tiles -> 6144x2048 (3x1 grid, tile 2048x2048)
[2026-03-15T09:09:53Z INFO  bif_viewport::texture_loader] UDIM atlas: 5 tiles -> 6144x4096 (3x2 grid, tile 2048x2048)
[2026-03-15T09:09:53Z INFO  bif_core::texture] Texture electronics_tesla_coil01_Roughness.1014.jpg (2048x2048): decode=93.5ms, convert=81.7ms, linear=136.0ms, total=311.2ms
[2026-03-15T09:09:53Z INFO  bif_core::texture] Texture chemistry_microscope01_Roughness.1012.jpg (2048x2048): decode=115.8ms, convert=91.6ms, linear=143.2ms, total=350.7ms
[2026-03-15T09:09:53Z INFO  bif_core::texture] Texture stationary_pencil03_Normal_openGL.1001.jpg (2048x2048): decode=198.3ms, convert=30.3ms, linear=117.8ms, total=346.4ms
[2026-03-15T09:09:53Z INFO  bif_core::texture] Texture BakedDiffuse_porc_hand.1002.jpg (2048x2048): decode=342.3ms, convert=64.7ms, linear=80.9ms, total=487.9ms
[2026-03-15T09:09:53Z INFO  bif_viewport::texture_loader] UDIM atlas: 1 tiles -> 2048x2048 (1x1 grid, tile 2048x2048)
[2026-03-15T09:09:53Z INFO  bif_core::texture] Texture structure_wall_fibro01_Roughness.1003.jpg (2048x2048): decode=233.8ms, convert=23.3ms, linear=76.5ms, total=333.5ms
[2026-03-15T09:09:53Z INFO  bif_core::texture] Texture electronics_tesla_coil01_Metallic.1001.jpg (2048x2048): decode=43.3ms, convert=23.3ms, linear=89.6ms, total=156.2ms
[2026-03-15T09:09:54Z INFO  bif_viewport::texture_loader] UDIM atlas: 2 tiles -> 4096x2048 (2x1 grid, tile 2048x2048)
[2026-03-15T09:09:54Z INFO  bif_core::texture] Texture books_magazines01_proxyTexture.jpg (512x512): decode=27.9ms, convert=2.1ms, linear=4.4ms, total=34.4ms
[2026-03-15T09:09:54Z INFO  bif_core::texture] Texture electronics_audio_generator01_Roughness.1004.jpg (2048x2048): decode=71.2ms, convert=27.2ms, linear=75.2ms, total=173.6ms
[2026-03-15T09:09:54Z INFO  bif_core::texture] Texture chemistry_beaker_stand01_Normal_openGL.1001.jpg (2048x2048): decode=135.4ms, convert=30.5ms, linear=77.0ms, total=242.9ms
[2026-03-15T09:09:54Z INFO  bif_viewport::texture_loader] UDIM atlas: 9 tiles -> 10240x4096 (5x2 grid, tile 2048x2048)
[2026-03-15T09:09:54Z INFO  bif_core::texture] Texture stationary_set_square01_proxyTexture.jpg (512x512): decode=20.3ms, convert=1.2ms, linear=5.9ms, total=27.4ms
[2026-03-15T09:09:54Z INFO  bif_core::texture] Texture structure_wall_fibro01_BaseColor.1003.jpg (2048x2048): decode=240.8ms, convert=23.3ms, linear=78.4ms, total=342.5ms
[2026-03-15T09:09:54Z INFO  bif_core::texture] Texture stationary_pencil02_Normal_openGL.1001.jpg (2048x2048): decode=99.0ms, convert=21.2ms, linear=82.5ms, total=202.7ms
[2026-03-15T09:09:54Z INFO  bif_core::texture] Texture electronics_wire_spool04_BaseColor.1002.jpg (2048x2048): decode=262.6ms, convert=20.8ms, linear=70.2ms, total=353.6ms
[2026-03-15T09:09:54Z INFO  bif_core::texture] Texture vegetation_bonsai_branch02_proxyTexture.jpg (512x512): decode=33.2ms, convert=1.9ms, linear=4.4ms, total=39.6ms
[2026-03-15T09:09:54Z INFO  bif_viewport::texture_loader] UDIM atlas: 2 tiles -> 4096x2048 (2x1 grid, tile 2048x2048)
[2026-03-15T09:09:54Z INFO  bif_core::texture] Texture structure_wall_fibro02_Roughness.1002.jpg (2048x2048): decode=53.0ms, convert=20.1ms, linear=72.7ms, total=145.9ms
[2026-03-15T09:09:54Z INFO  bif_viewport::texture_loader] UDIM atlas: 2 tiles -> 4096x2048 (2x1 grid, tile 2048x2048)
[2026-03-15T09:09:54Z INFO  bif_core::texture] Texture chemistry_beaker_stand01_proxyTexture.jpg (512x512): decode=24.2ms, convert=1.9ms, linear=4.6ms, total=30.7ms
[2026-03-15T09:09:54Z INFO  bif_core::texture] Texture structure_wall_fibro02_BaseColor.1012.jpg (2048x2048): decode=130.9ms, convert=24.7ms, linear=81.9ms, total=237.5ms
[2026-03-15T09:09:54Z INFO  bif_core::texture] Texture stationary_protractor_box01_Normal_openGL.1011.jpg (2048x2048): decode=128.3ms, convert=18.6ms, linear=84.2ms, total=231.1ms
[2026-03-15T09:09:54Z INFO  bif_core::texture] Texture chemistry_beaker01_proxyTexture.jpg (512x512): decode=21.8ms, convert=2.3ms, linear=7.1ms, total=31.3ms
[2026-03-15T09:09:54Z INFO  bif_viewport::texture_loader] UDIM atlas: 1 tiles -> 2048x2048 (1x1 grid, tile 2048x2048)
[2026-03-15T09:09:54Z INFO  bif_viewport::texture_loader] UDIM atlas: 9 tiles -> 10240x4096 (5x2 grid, tile 2048x2048)
[2026-03-15T09:09:54Z INFO  bif_core::texture] Texture electronics_turntable01_Normal_openGL.1003.jpg (2048x2048): decode=131.7ms, convert=25.9ms, linear=87.6ms, total=245.3ms
[2026-03-15T09:09:54Z INFO  bif_core::texture] Texture structure_wall_fibro01_Roughness.1011.jpg (2048x2048): decode=57.6ms, convert=26.9ms, linear=97.3ms, total=181.8ms
[2026-03-15T09:09:54Z INFO  bif_core::texture] Texture structure_wall_fibro03_BaseColor.1002.jpg (2048x2048): decode=135.8ms, convert=36.6ms, linear=96.9ms, total=269.3ms
[2026-03-15T09:09:54Z INFO  bif_core::texture] Texture stationary_pencil01_proxyTexture.jpg (512x512): decode=29.9ms, convert=1.7ms, linear=5.3ms, total=37.0ms
[2026-03-15T09:09:54Z INFO  bif_viewport::texture_loader] UDIM atlas: 5 tiles -> 6144x4096 (3x2 grid, tile 2048x2048)
[2026-03-15T09:09:54Z INFO  bif_core::texture] Texture electronics_tesla_coil01_Metallic.1002.jpg (2048x2048): decode=50.9ms, convert=23.8ms, linear=83.6ms, total=158.2ms
[2026-03-15T09:09:54Z INFO  bif_core::texture] Texture structure_wall_fibro03_Roughness.1001.jpg (2048x2048): decode=59.1ms, convert=29.9ms, linear=90.3ms, total=179.2ms
[2026-03-15T09:09:54Z INFO  bif_core::texture] Texture electronics_audio_generator01_Roughness.1005.jpg (2048x2048): decode=90.3ms, convert=23.2ms, linear=99.8ms, total=213.3ms
[2026-03-15T09:09:54Z INFO  bif_viewport::texture_loader] UDIM atlas: 1 tiles -> 2048x2048 (1x1 grid, tile 2048x2048)
[2026-03-15T09:09:54Z INFO  bif_core::texture] Texture chemistry_beaker_rack01_Normal_openGL.1001.jpg (2048x2048): decode=127.0ms, convert=27.6ms, linear=94.7ms, total=249.3ms
[2026-03-15T09:09:54Z INFO  bif_core::texture] Texture stationary_pencil03_proxyTexture.jpg (512x512): decode=25.3ms, convert=3.3ms, linear=5.1ms, total=33.8ms
[2026-03-15T09:09:54Z INFO  bif_viewport::texture_loader] UDIM atlas: 2 tiles -> 4096x2048 (2x1 grid, tile 2048x2048)
[2026-03-15T09:09:54Z INFO  bif_core::texture] Texture chemistry_beaker_stand01_Normal_openGL.1002.jpg (2048x2048): decode=121.1ms, convert=28.5ms, linear=96.0ms, total=245.6ms
[2026-03-15T09:09:54Z INFO  bif_core::texture] Texture furniture_workbench01_Roughness.1001.jpg (2048x2048): decode=104.5ms, convert=24.4ms, linear=80.8ms, total=209.7ms
[2026-03-15T09:09:54Z INFO  bif_core::texture] Texture structure_wall_fibro01_BaseColor.1011.jpg (2048x2048): decode=158.3ms, convert=28.4ms, linear=79.0ms, total=265.8ms
[2026-03-15T09:09:54Z INFO  bif_viewport::texture_loader] UDIM atlas: 9 tiles -> 10240x4096 (5x2 grid, tile 2048x2048)
[2026-03-15T09:09:54Z INFO  bif_core::texture] Texture books_magazines01_Normal_openGL.1001.jpg (2048x2048): decode=141.7ms, convert=20.1ms, linear=68.4ms, total=230.2ms
[2026-03-15T09:09:54Z INFO  bif_core::texture] Texture structure_wall_fibro02_Roughness.1003.jpg (2048x2048): decode=120.5ms, convert=32.4ms, linear=69.7ms, total=222.6ms
[2026-03-15T09:09:54Z INFO  bif_core::texture] Texture electronics_tesla_coil01_Metallic.1003.jpg (2048x2048): decode=51.2ms, convert=19.3ms, linear=94.2ms, total=164.7ms
[2026-03-15T09:09:54Z INFO  bif_core::texture] Texture electronics_audio_generator01_Metallic.1001.jpg (2048x2048): decode=55.0ms, convert=23.9ms, linear=67.6ms, total=146.5ms
[2026-03-15T09:09:54Z INFO  bif_viewport::texture_loader] UDIM atlas: 5 tiles -> 6144x4096 (3x2 grid, tile 2048x2048)
[2026-03-15T09:09:54Z INFO  bif_core::texture] Texture books_magazines01_BaseColor.1001.jpg (2048x2048): decode=171.7ms, convert=24.7ms, linear=78.6ms, total=275.0ms
[2026-03-15T09:09:54Z INFO  bif_core::texture] Texture stationary_protractor_box01_Normal_openGL.1012.jpg (2048x2048): decode=99.8ms, convert=25.5ms, linear=73.0ms, total=198.3ms
[2026-03-15T09:09:54Z INFO  bif_core::texture] Texture electronics_audio_generator01_Normal_openGL.1001.jpg (2048x2048): decode=158.2ms, convert=22.8ms, linear=82.2ms, total=263.1ms
[2026-03-15T09:09:54Z INFO  bif_core::texture] Texture structure_wall_fibro01_Roughness.1012.jpg (2048x2048): decode=56.3ms, convert=19.1ms, linear=80.2ms, total=155.7ms
[2026-03-15T09:09:55Z INFO  bif_core::texture] Texture chemistry_beaker_stand01_Roughness.1001.jpg (2048x2048): decode=80.4ms, convert=24.2ms, linear=74.2ms, total=178.7ms
[2026-03-15T09:09:55Z INFO  bif_viewport::texture_loader] UDIM atlas: 1 tiles -> 2048x2048 (1x1 grid, tile 2048x2048)
[2026-03-15T09:09:55Z INFO  bif_core::texture] Texture electronics_tesla_coil01_Metallic.1004.jpg (2048x2048): decode=42.1ms, convert=24.4ms, linear=93.6ms, total=160.1ms
[2026-03-15T09:09:55Z INFO  bif_core::texture] Texture electronics_oscilloscope01_Normal_openGL.1001.jpg (2048x2048): decode=111.7ms, convert=25.5ms, linear=92.7ms, total=230.0ms
[2026-03-15T09:09:55Z INFO  bif_core::texture] Texture electronics_turntable01_Normal_openGL.1004.jpg (2048x2048): decode=130.3ms, convert=26.5ms, linear=91.8ms, total=248.6ms
[2026-03-15T09:09:55Z INFO  bif_core::texture] Texture structure_wall_fibro03_Roughness.1002.jpg (2048x2048): decode=88.0ms, convert=25.9ms, linear=99.8ms, total=213.7ms
[2026-03-15T09:09:55Z INFO  bif_core::texture] Texture structure_wall_fibro03_BaseColor.1003.jpg (2048x2048): decode=167.5ms, convert=28.3ms, linear=89.6ms, total=285.4ms
[2026-03-15T09:09:55Z INFO  bif_core::texture] Texture decor_helmet_head01_Roughness.1001.jpg (2048x2048): decode=136.5ms, convert=28.9ms, linear=85.3ms, total=250.6ms
[2026-03-15T09:09:55Z INFO  bif_viewport::texture_loader] UDIM atlas: 2 tiles -> 4096x2048 (2x1 grid, tile 2048x2048)
[2026-03-15T09:09:55Z INFO  bif_core::texture] Texture electronics_audio_generator01_Roughness.1011.jpg (2048x2048): decode=105.8ms, convert=27.7ms, linear=85.2ms, total=218.7ms
[2026-03-15T09:09:55Z INFO  bif_core::texture] Texture chemistry_bottle01_proxyTexture.jpg (512x512): decode=19.4ms, convert=1.7ms, linear=3.6ms, total=24.7ms
[2026-03-15T09:09:55Z INFO  bif_core::texture] Texture chemistry_beaker01_BaseColor.1001.jpg (2048x2048): decode=198.8ms, convert=21.4ms, linear=57.1ms, total=277.3ms
[2026-03-15T09:09:55Z INFO  bif_core::texture] Texture chemistry_beaker_stand01_BaseColor.1001.jpg (2048x2048): decode=146.0ms, convert=19.5ms, linear=63.9ms, total=229.4ms
[2026-03-15T09:09:55Z INFO  bif_core::texture] Texture electronics_tesla_coil01_Metallic.1005.jpg (2048x2048): decode=47.3ms, convert=23.2ms, linear=64.5ms, total=135.0ms
[2026-03-15T09:09:55Z INFO  bif_core::texture] Texture structure_wall_fibro02_Roughness.1011.jpg (2048x2048): decode=112.8ms, convert=20.1ms, linear=69.9ms, total=202.9ms
[2026-03-15T09:09:55Z INFO  bif_core::texture] Texture structure_wall_fibro03_Normal_openGL.1001.jpg (2048x2048): decode=252.1ms, convert=25.8ms, linear=160.9ms, total=438.9ms
[2026-03-15T09:09:55Z INFO  bif_viewport::texture_loader] UDIM atlas: 1 tiles -> 2048x2048 (1x1 grid, tile 2048x2048)
[2026-03-15T09:09:55Z INFO  bif_core::texture] Texture furniture_workbench01_Roughness.1002.jpg (2048x2048): decode=135.3ms, convert=65.8ms, linear=136.9ms, total=338.0ms
[2026-03-15T09:09:55Z INFO  bif_core::texture] Texture structure_wall_fibro01_BaseColor.1012.jpg (2048x2048): decode=215.1ms, convert=20.0ms, linear=110.8ms, total=345.9ms
[2026-03-15T09:09:55Z INFO  bif_core::texture] Texture books_magazines01_Roughness.1001.jpg (2048x2048): decode=132.9ms, convert=29.6ms, linear=109.1ms, total=271.6ms
[2026-03-15T09:09:55Z INFO  bif_core::texture] Texture electronics_audio_generator01_Metallic.1002.jpg (2048x2048): decode=59.1ms, convert=32.2ms, linear=107.6ms, total=198.9ms
[2026-03-15T09:09:55Z INFO  bif_core::texture] Texture books_magazines01_Normal_openGL.1002.jpg (2048x2048): decode=226.8ms, convert=24.8ms, linear=117.4ms, total=369.1ms
[2026-03-15T09:09:55Z INFO  bif_core::texture] Texture stationary_pencil01_BaseColor.1001.jpg (2048x2048): decode=180.8ms, convert=29.5ms, linear=140.5ms, total=350.8ms
[2026-03-15T09:09:55Z INFO  bif_core::texture] Texture electronics_audio_generator01_Normal_openGL.1002.jpg (2048x2048): decode=126.4ms, convert=42.4ms, linear=121.7ms, total=290.5ms
[2026-03-15T09:09:55Z INFO  bif_core::texture] Texture vegetation_bonsai_branch02_BaseColor.1001.jpg (2048x2048): decode=332.8ms, convert=100.7ms, linear=124.8ms, total=558.4ms
[2026-03-15T09:09:55Z INFO  bif_core::texture] Texture electronics_tesla_coil01_Metallic.1011.jpg (2048x2048): decode=78.5ms, convert=31.3ms, linear=134.1ms, total=243.8ms
[2026-03-15T09:09:55Z INFO  bif_core::texture] Texture electronics_portable_tv01_Metallic.1001.jpg (2048x2048): decode=124.9ms, convert=33.3ms, linear=118.4ms, total=276.6ms
[2026-03-15T09:09:55Z INFO  bif_viewport::texture_loader] UDIM atlas: 4 tiles -> 4096x4096 (2x2 grid, tile 2048x2048)
[2026-03-15T09:09:55Z INFO  bif_viewport::texture_loader] UDIM atlas: 5 tiles -> 6144x4096 (3x2 grid, tile 2048x2048)
[2026-03-15T09:09:55Z INFO  bif_core::texture] Texture chemistry_beaker_stand01_Roughness.1002.jpg (2048x2048): decode=123.3ms, convert=32.8ms, linear=107.9ms, total=264.0ms
[2026-03-15T09:09:55Z INFO  bif_core::texture] Texture books_magazines01_BaseColor.1002.jpg (2048x2048): decode=262.8ms, convert=34.0ms, linear=96.0ms, total=392.9ms
[2026-03-15T09:09:55Z INFO  bif_core::texture] Texture electronics_oscilloscope01_Normal_openGL.1002.jpg (2048x2048): decode=178.4ms, convert=27.0ms, linear=76.1ms, total=281.6ms
[2026-03-15T09:09:55Z INFO  bif_core::texture] Texture chemistry_beaker_stand01_Metallic.1001.jpg (2048x2048): decode=240.4ms, convert=66.6ms, linear=76.5ms, total=383.5ms
[2026-03-15T09:09:55Z INFO  bif_core::texture] Texture electronics_audio_generator01_Roughness.1012.jpg (2048x2048): decode=138.7ms, convert=24.4ms, linear=67.0ms, total=230.1ms
[2026-03-15T09:09:55Z INFO  bif_core::texture] Texture chemistry_bottle03_proxyTexture.jpg (512x512): decode=29.9ms, convert=1.8ms, linear=8.1ms, total=39.9ms
[2026-03-15T09:09:55Z INFO  bif_core::texture] Texture structure_wall_fibro02_Roughness.1012.jpg (2048x2048): decode=76.1ms, convert=21.9ms, linear=72.3ms, total=170.3ms
[2026-03-15T09:09:55Z INFO  bif_core::texture] Texture structure_wall_fibro03_Roughness.1003.jpg (2048x2048): decode=221.6ms, convert=30.2ms, linear=98.4ms, total=350.2ms
[2026-03-15T09:09:55Z INFO  bif_core::texture] Texture electronics_audio_generator01_Metallic.1003.jpg (2048x2048): decode=75.5ms, convert=111.2ms, linear=88.7ms, total=275.4ms
[2026-03-15T09:09:55Z INFO  bif_core::texture] Texture electronics_portable_tv01_Metallic.1002.jpg (2048x2048): decode=82.0ms, convert=23.1ms, linear=70.6ms, total=175.6ms
[2026-03-15T09:09:55Z INFO  bif_viewport::texture_loader] UDIM atlas: 1 tiles -> 2048x2048 (1x1 grid, tile 2048x2048)
[2026-03-15T09:09:55Z INFO  bif_core::texture] Texture stationary_pencil03_BaseColor.1001.jpg (2048x2048): decode=341.8ms, convert=25.5ms, linear=80.4ms, total=447.7ms
[2026-03-15T09:09:55Z INFO  bif_core::texture] Texture chemistry_bottle02_Normal_openGL.1001.jpg (2048x2048): decode=231.9ms, convert=35.8ms, linear=89.6ms, total=357.3ms
[2026-03-15T09:09:55Z INFO  bif_viewport::texture_loader] UDIM atlas: 5 tiles -> 6144x4096 (3x2 grid, tile 2048x2048)
[2026-03-15T09:09:56Z INFO  bif_core::texture] Texture stationary_pencil01_Roughness.1001.jpg (2048x2048): decode=100.6ms, convert=94.3ms, linear=60.8ms, total=255.7ms
[2026-03-15T09:09:56Z INFO  bif_core::texture] Texture structure_wall_fibro03_BaseColor.1011.jpg (2048x2048): decode=219.9ms, convert=172.6ms, linear=48.4ms, total=441.0ms
[2026-03-15T09:09:56Z INFO  bif_core::texture] Texture decor_helmet_head01_Roughness.1002.jpg (2048x2048): decode=139.6ms, convert=108.2ms, linear=210.2ms, total=458.0ms
[2026-03-15T09:09:56Z INFO  bif_core::texture] Texture books_magazines01_Roughness.1002.jpg (2048x2048): decode=202.6ms, convert=23.0ms, linear=73.0ms, total=298.6ms
[2026-03-15T09:09:56Z INFO  bif_viewport::texture_loader] UDIM atlas: 2 tiles -> 4096x2048 (2x1 grid, tile 2048x2048)
[2026-03-15T09:09:56Z INFO  bif_core::texture] Texture chemistry_bottle03_Normal_openGL.1001.jpg (2048x2048): decode=122.5ms, convert=24.2ms, linear=73.7ms, total=220.4ms
[2026-03-15T09:09:56Z INFO  bif_core::texture] Texture electronics_portable_tv01_Normal_openGL.1001.jpg (2048x2048): decode=224.0ms, convert=22.0ms, linear=101.8ms, total=347.8ms
[2026-03-15T09:09:56Z INFO  bif_core::texture] Texture electronics_turntable01_Normal_openGL.1005.jpg (2048x2048): decode=223.2ms, convert=15.8ms, linear=174.1ms, total=413.1ms
[2026-03-15T09:09:56Z INFO  bif_core::texture] Texture electronics_oscilloscope01_proxyTexture.jpg (512x512): decode=188.9ms, convert=1.4ms, linear=4.8ms, total=195.1ms
[2026-03-15T09:09:56Z INFO  bif_core::texture] Texture electronics_tesla_coil01_Metallic.1012.jpg (2048x2048): decode=167.0ms, convert=18.1ms, linear=81.7ms, total=266.8ms
[2026-03-15T09:09:56Z INFO  bif_core::texture] Texture structure_wall_fibro03_Normal_openGL.1002.jpg (2048x2048): decode=413.3ms, convert=21.1ms, linear=116.8ms, total=551.2ms
[2026-03-15T09:09:56Z INFO  bif_core::texture] Texture structure_wall_fibro03_Roughness.1011.jpg (2048x2048): decode=109.2ms, convert=21.9ms, linear=86.5ms, total=217.5ms
[2026-03-15T09:09:56Z INFO  bif_core::texture] Texture chemistry_beaker_stand01_BaseColor.1002.jpg (2048x2048): decode=355.9ms, convert=27.6ms, linear=229.2ms, total=612.7ms
[2026-03-15T09:09:56Z INFO  bif_viewport::texture_loader] UDIM atlas: 5 tiles -> 6144x4096 (3x2 grid, tile 2048x2048)
[2026-03-15T09:09:56Z INFO  bif_core::texture] Texture electronics_audio_generator01_Roughness.1013.jpg (2048x2048): decode=118.0ms, convert=29.7ms, linear=113.4ms, total=261.1ms
[2026-03-15T09:09:56Z INFO  bif_core::texture] Texture electronics_oscilloscope01_Normal_openGL.1003.jpg (2048x2048): decode=197.2ms, convert=34.7ms, linear=106.7ms, total=338.6ms
[2026-03-15T09:09:56Z INFO  bif_viewport::texture_loader] UDIM atlas: 1 tiles -> 2048x2048 (1x1 grid, tile 2048x2048)
[2026-03-15T09:09:56Z INFO  bif_core::texture] Texture electronics_audio_generator01_Normal_openGL.1003.jpg (2048x2048): decode=290.0ms, convert=23.7ms, linear=147.0ms, total=460.7ms
[2026-03-15T09:09:56Z INFO  bif_core::texture] Texture chemistry_bottle01_BaseColor.1001.jpg (2048x2048): decode=177.6ms, convert=27.4ms, linear=97.6ms, total=302.6ms
[2026-03-15T09:09:56Z INFO  bif_core::texture] Texture books_magazines01_BaseColor.1003.jpg (2048x2048): decode=281.6ms, convert=35.7ms, linear=94.8ms, total=412.0ms
[2026-03-15T09:09:56Z INFO  bif_core::texture] Texture furniture_workbench01_Roughness.1003.jpg (2048x2048): decode=191.2ms, convert=96.4ms, linear=78.8ms, total=366.3ms
[2026-03-15T09:09:56Z INFO  bif_viewport::texture_loader] UDIM atlas: 1 tiles -> 2048x2048 (1x1 grid, tile 2048x2048)
[2026-03-15T09:09:56Z INFO  bif_viewport::texture_loader] UDIM atlas: 1 tiles -> 2048x2048 (1x1 grid, tile 2048x2048)
[2026-03-15T09:09:56Z INFO  bif_core::texture] Texture electronics_portable_tv01_Metallic.1003.jpg (2048x2048): decode=41.5ms, convert=40.9ms, linear=152.7ms, total=235.1ms
[2026-03-15T09:09:56Z INFO  bif_core::texture] Texture chemistry_flask_stand01_proxyTexture.jpg (512x512): decode=31.3ms, convert=1.6ms, linear=5.3ms, total=38.2ms
[2026-03-15T09:09:56Z INFO  bif_core::texture] Texture electronics_tesla_coil01_Metallic.1013.jpg (2048x2048): decode=41.6ms, convert=22.9ms, linear=67.6ms, total=132.1ms
[2026-03-15T09:09:56Z INFO  bif_core::texture] Texture electronics_wire_spool05_BaseColor.1002.jpg (2048x2048): decode=3765.6ms, convert=25.9ms, linear=70.9ms, total=3862.5ms
[2026-03-15T09:09:56Z INFO  bif_viewport::texture_loader] UDIM atlas: 1 tiles -> 2048x2048 (1x1 grid, tile 2048x2048)
[2026-03-15T09:09:56Z INFO  bif_viewport::texture_loader] UDIM atlas: 1 tiles -> 2048x2048 (1x1 grid, tile 2048x2048)
[2026-03-15T09:09:56Z INFO  bif_core::texture] Texture chemistry_bottle03_Roughness.1001.jpg (2048x2048): decode=85.3ms, convert=20.4ms, linear=68.9ms, total=174.7ms
[2026-03-15T09:09:56Z INFO  bif_core::texture] Texture chemistry_beaker01_Roughness.1001.jpg (2048x2048): decode=221.5ms, convert=31.5ms, linear=222.8ms, total=475.9ms
[2026-03-15T09:09:56Z INFO  bif_core::texture] Texture stationary_pencil03_Roughness.1001.jpg (2048x2048): decode=141.9ms, convert=21.8ms, linear=75.2ms, total=238.9ms
[2026-03-15T09:09:56Z INFO  bif_core::texture] Texture books_magazines01_Roughness.1003.jpg (2048x2048): decode=113.1ms, convert=18.6ms, linear=75.8ms, total=207.5ms
[2026-03-15T09:09:56Z INFO  bif_core::texture] Texture electronics_audio_generator01_Metallic.1004.jpg (2048x2048): decode=38.3ms, convert=22.8ms, linear=177.5ms, total=238.6ms
[2026-03-15T09:09:56Z INFO  bif_core::texture] Texture chemistry_beaker_stand01_Metallic.1002.jpg (2048x2048): decode=169.2ms, convert=34.6ms, linear=102.0ms, total=305.8ms
[2026-03-15T09:09:56Z INFO  bif_core::texture] Texture electronics_portable_tv01_Metallic.1004.jpg (2048x2048): decode=38.9ms, convert=21.6ms, linear=88.6ms, total=149.1ms
[2026-03-15T09:09:56Z INFO  bif_viewport::texture_loader] UDIM atlas: 1 tiles -> 2048x2048 (1x1 grid, tile 2048x2048)
[2026-03-15T09:09:56Z INFO  bif_core::texture] Texture electronics_tesla_coil01_Metallic.1014.jpg (2048x2048): decode=46.4ms, convert=21.7ms, linear=86.9ms, total=154.9ms
[2026-03-15T09:09:56Z INFO  bif_core::texture] Texture chemistry_beaker01_Normal_openGL.1001.jpg (2048x2048): decode=88.8ms, convert=25.5ms, linear=94.4ms, total=208.7ms
[2026-03-15T09:09:56Z INFO  bif_core::texture] Texture structure_wall_fibro03_Roughness.1012.jpg (2048x2048): decode=69.2ms, convert=29.9ms, linear=83.3ms, total=182.5ms
[2026-03-15T09:09:56Z INFO  bif_viewport::texture_loader] UDIM atlas: 2 tiles -> 4096x2048 (2x1 grid, tile 2048x2048)
[2026-03-15T09:09:57Z INFO  bif_core::texture] Texture structure_wall_fibro03_BaseColor.1012.jpg (2048x2048): decode=175.4ms, convert=24.6ms, linear=113.8ms, total=313.8ms
[2026-03-15T09:09:57Z INFO  bif_core::texture] Texture electronics_portable_tv01_Normal_openGL.1002.jpg (2048x2048): decode=127.0ms, convert=28.7ms, linear=117.6ms, total=273.3ms
[2026-03-15T09:09:57Z INFO  bif_core::texture] Texture electronics_audio_generator01_Roughness.1014.jpg (2048x2048): decode=96.8ms, convert=28.9ms, linear=129.5ms, total=255.2ms
[2026-03-15T09:09:57Z INFO  bif_core::texture] Texture electronics_oscilloscope01_BaseColor.1001.jpg (2048x2048): decode=169.6ms, convert=26.7ms, linear=190.2ms, total=386.5ms
[2026-03-15T09:09:57Z INFO  bif_viewport::texture_loader] UDIM atlas: 1 tiles -> 2048x2048 (1x1 grid, tile 2048x2048)
[2026-03-15T09:09:57Z INFO  bif_core::texture] Texture electronics_audio_generator01_Metallic.1005.jpg (2048x2048): decode=68.0ms, convert=29.9ms, linear=116.3ms, total=214.2ms
[2026-03-15T09:09:57Z INFO  bif_viewport::texture_loader] UDIM atlas: 2 tiles -> 4096x2048 (2x1 grid, tile 2048x2048)
[2026-03-15T09:09:57Z INFO  bif_core::texture] Texture electronics_oscilloscope01_Normal_openGL.1004.jpg (2048x2048): decode=129.3ms, convert=28.7ms, linear=135.6ms, total=293.7ms
[2026-03-15T09:09:57Z INFO  bif_viewport::texture_loader] UDIM atlas: 2 tiles -> 4096x2048 (2x1 grid, tile 2048x2048)
[2026-03-15T09:09:57Z INFO  bif_core::texture] Texture electronics_portable_tv01_Metallic.1005.jpg (2048x2048): decode=74.6ms, convert=35.7ms, linear=115.8ms, total=226.1ms
[2026-03-15T09:09:57Z INFO  bif_viewport::texture_loader] UDIM atlas: 1 tiles -> 2048x2048 (1x1 grid, tile 2048x2048)
[2026-03-15T09:09:57Z INFO  bif_viewport::texture_loader] UDIM atlas: 1 tiles -> 2048x2048 (1x1 grid, tile 2048x2048)
[2026-03-15T09:09:57Z INFO  bif_core::texture] Texture electronics_audio_generator01_Normal_openGL.1004.jpg (2048x2048): decode=148.2ms, convert=43.2ms, linear=124.4ms, total=315.8ms
[2026-03-15T09:09:57Z INFO  bif_core::texture] Texture chemistry_bottle02_proxyTexture.jpg (512x512): decode=14.5ms, convert=2.5ms, linear=6.4ms, total=23.4ms
[2026-03-15T09:09:57Z INFO  bif_core::texture] Texture electronics_portable_tv01_proxyTexture.jpg (512x512): decode=51.1ms, convert=1.6ms, linear=6.6ms, total=59.3ms
[2026-03-15T09:09:57Z INFO  bif_core::texture] Texture books_magazines01_BaseColor.1011.jpg (2048x2048): decode=217.8ms, convert=35.6ms, linear=100.5ms, total=354.0ms
[2026-03-15T09:09:57Z INFO  bif_core::texture] Texture electronics_oscilloscope01_Roughness.1001.jpg (2048x2048): decode=196.5ms, convert=30.8ms, linear=95.9ms, total=323.2ms
[2026-03-15T09:09:57Z INFO  bif_core::texture] Texture furniture_workbench01_Roughness.1004.jpg (2048x2048): decode=167.8ms, convert=24.5ms, linear=92.9ms, total=285.3ms
[2026-03-15T09:09:57Z INFO  bif_core::texture] Texture decor_wooden_box01_proxyTexture.jpg (512x512): decode=25.1ms, convert=1.8ms, linear=6.0ms, total=32.9ms
[2026-03-15T09:09:57Z INFO  bif_core::texture] Texture structure_wall_fibro03_Normal_openGL.1003.jpg (2048x2048): decode=276.2ms, convert=25.8ms, linear=82.5ms, total=384.5ms
[2026-03-15T09:09:57Z INFO  bif_viewport::texture_loader] UDIM atlas: 1 tiles -> 2048x2048 (1x1 grid, tile 2048x2048)
[2026-03-15T09:09:57Z INFO  bif_core::texture] Texture electronics_turntable01_Normal_openGL.1011.jpg (2048x2048): decode=310.0ms, convert=52.2ms, linear=80.3ms, total=442.5ms
[2026-03-15T09:09:57Z INFO  bif_core::texture] Texture chemistry_flask_stand01_BaseColor.1001.jpg (2048x2048): decode=145.9ms, convert=27.6ms, linear=79.0ms, total=252.5ms
[2026-03-15T09:09:57Z INFO  bif_core::texture] Texture books_magazines01_Roughness.1011.jpg (2048x2048): decode=129.2ms, convert=25.7ms, linear=82.0ms, total=236.9ms
[2026-03-15T09:09:57Z INFO  bif_viewport::texture_loader] UDIM atlas: 2 tiles -> 4096x2048 (2x1 grid, tile 2048x2048)
[2026-03-15T09:09:57Z INFO  bif_core::texture] Texture electronics_portable_tv01_Metallic.1011.jpg (2048x2048): decode=42.5ms, convert=25.8ms, linear=108.1ms, total=176.3ms
[2026-03-15T09:09:57Z INFO  bif_core::texture] Texture chemistry_bottle01_Normal_openGL.1001.jpg (2048x2048): decode=97.4ms, convert=22.8ms, linear=57.0ms, total=177.1ms
[2026-03-15T09:09:57Z INFO  bif_viewport::texture_loader] UDIM atlas: 9 tiles -> 10240x4096 (5x2 grid, tile 2048x2048)
[2026-03-15T09:09:57Z INFO  bif_core::texture] Texture chemistry_flask_stand01_Roughness.1001.jpg (2048x2048): decode=64.7ms, convert=21.0ms, linear=94.4ms, total=180.1ms
[2026-03-15T09:09:57Z INFO  bif_core::texture] Texture electronics_audio_generator01_Metallic.1011.jpg (2048x2048): decode=44.7ms, convert=20.4ms, linear=84.3ms, total=149.5ms
[2026-03-15T09:09:57Z INFO  bif_viewport::texture_loader] UDIM atlas: 5 tiles -> 6144x4096 (3x2 grid, tile 2048x2048)
[2026-03-15T09:09:57Z INFO  bif_core::texture] Texture electronics_portable_tv01_Metallic.1012.jpg (2048x2048): decode=80.0ms, convert=31.0ms, linear=116.4ms, total=227.4ms
[2026-03-15T09:09:57Z INFO  bif_core::texture] Texture electronics_oscilloscope01_Normal_openGL.1011.jpg (2048x2048): decode=110.0ms, convert=28.2ms, linear=119.7ms, total=257.9ms
[2026-03-15T09:09:57Z INFO  bif_viewport::texture_loader] UDIM atlas: 5 tiles -> 6144x4096 (3x2 grid, tile 2048x2048)
[2026-03-15T09:09:57Z INFO  bif_core::texture] Texture electronics_audio_generator01_Normal_openGL.1005.jpg (2048x2048): decode=98.1ms, convert=30.6ms, linear=141.0ms, total=269.8ms
[2026-03-15T09:09:57Z INFO  bif_core::texture] Texture chemistry_flask_stand01_Normal_openGL.1001.jpg (2048x2048): decode=155.3ms, convert=34.2ms, linear=126.8ms, total=316.3ms
[2026-03-15T09:09:57Z INFO  bif_core::texture] Texture chemistry_bottle02_BaseColor.1001.jpg (2048x2048): decode=160.2ms, convert=37.7ms, linear=174.2ms, total=372.1ms
[2026-03-15T09:09:57Z INFO  bif_viewport::texture_loader] UDIM atlas: 1 tiles -> 2048x2048 (1x1 grid, tile 2048x2048)
[2026-03-15T09:09:57Z INFO  bif_core::texture] Texture electronics_oscilloscope01_Roughness.1002.jpg (2048x2048): decode=144.1ms, convert=43.3ms, linear=149.1ms, total=336.5ms
[2026-03-15T09:09:57Z INFO  bif_core::texture] Texture electronics_oscilloscope01_BaseColor.1002.jpg (2048x2048): decode=251.3ms, convert=36.6ms, linear=148.2ms, total=436.1ms
[2026-03-15T09:09:57Z INFO  bif_core::texture] Texture electronics_portable_tv01_Normal_openGL.1003.jpg (2048x2048): decode=179.8ms, convert=31.6ms, linear=230.0ms, total=441.5ms
[2026-03-15T09:09:57Z INFO  bif_viewport::texture_loader] UDIM atlas: 9 tiles -> 10240x4096 (5x2 grid, tile 2048x2048)
[2026-03-15T09:09:57Z INFO  bif_core::texture] Texture books_magazines01_BaseColor.1012.jpg (2048x2048): decode=208.9ms, convert=34.6ms, linear=148.3ms, total=391.8ms
[2026-03-15T09:09:58Z INFO  bif_core::texture] Texture chemistry_bottle01_Roughness.1001.jpg (2048x2048): decode=206.9ms, convert=79.4ms, linear=161.4ms, total=447.8ms
[2026-03-15T09:09:58Z INFO  bif_core::texture] Texture books_magazines01_Roughness.1012.jpg (2048x2048): decode=141.8ms, convert=32.1ms, linear=132.4ms, total=306.4ms
[2026-03-15T09:09:58Z INFO  bif_core::texture] Texture electronics_oscilloscope01_Metallic.1001.jpg (2048x2048): decode=66.4ms, convert=37.6ms, linear=121.2ms, total=225.2ms
[2026-03-15T09:09:58Z INFO  bif_core::texture] Texture furniture_workbench01_Roughness.1011.jpg (2048x2048): decode=210.3ms, convert=89.9ms, linear=119.7ms, total=420.0ms
[2026-03-15T09:09:58Z INFO  bif_core::texture] Texture electronics_audio_generator01_Metallic.1012.jpg (2048x2048): decode=69.3ms, convert=39.5ms, linear=83.3ms, total=192.2ms
[2026-03-15T09:09:58Z INFO  bif_core::texture] Texture decor_helmet_head01_Metallic.1001.jpg (2048x2048): decode=133.1ms, convert=35.5ms, linear=87.3ms, total=255.9ms
[2026-03-15T09:09:58Z INFO  bif_core::texture] Texture electronics_portable_tv01_Metallic.1013.jpg (2048x2048): decode=54.9ms, convert=39.9ms, linear=104.6ms, total=199.4ms
[2026-03-15T09:09:58Z INFO  bif_core::texture] Texture electronics_turntable01_Normal_openGL.1012.jpg (2048x2048): decode=181.6ms, convert=62.2ms, linear=110.5ms, total=354.3ms
[2026-03-15T09:09:58Z INFO  bif_core::texture] Texture furniture_workbench01_Normal_openGL.1001.jpg (2048x2048): decode=298.6ms, convert=76.1ms, linear=62.3ms, total=437.1ms
[2026-03-15T09:09:58Z INFO  bif_core::texture] Texture chemistry_flask_stand01_BaseColor.1002.jpg (2048x2048): decode=193.8ms, convert=126.4ms, linear=71.8ms, total=392.1ms
[2026-03-15T09:09:58Z INFO  bif_viewport::texture_loader] UDIM atlas: 1 tiles -> 2048x2048 (1x1 grid, tile 2048x2048)
[2026-03-15T09:09:58Z INFO  bif_core::texture] Texture structure_wall_fibro03_Normal_openGL.1011.jpg (2048x2048): decode=266.4ms, convert=153.9ms, linear=138.4ms, total=558.8ms
[2026-03-15T09:09:58Z INFO  bif_core::texture] Texture chemistry_flask_stand01_Roughness.1002.jpg (2048x2048): decode=166.9ms, convert=65.4ms, linear=76.3ms, total=308.6ms
[2026-03-15T09:09:58Z INFO  bif_core::texture] Texture electronics_portable_tv01_BaseColor.1001.jpg (2048x2048): decode=235.3ms, convert=22.0ms, linear=71.3ms, total=328.7ms
[2026-03-15T09:09:58Z INFO  bif_core::texture] Texture chemistry_bottle02_Roughness.1001.jpg (2048x2048): decode=115.3ms, convert=39.8ms, linear=66.9ms, total=221.9ms
[2026-03-15T09:09:58Z INFO  bif_core::texture] Texture decor_helmet_head01_Normal_openGL.1001.jpg (2048x2048): decode=225.1ms, convert=26.3ms, linear=63.0ms, total=314.5ms
[2026-03-15T09:09:58Z INFO  bif_core::texture] Texture electronics_oscilloscope01_Metallic.1002.jpg (2048x2048): decode=44.9ms, convert=21.8ms, linear=153.2ms, total=219.9ms
[2026-03-15T09:09:58Z INFO  bif_core::texture] Texture electronics_portable_tv01_Metallic.1014.jpg (2048x2048): decode=97.2ms, convert=20.5ms, linear=51.0ms, total=168.7ms
[2026-03-15T09:09:58Z INFO  bif_core::texture] Texture electronics_portable_tv01_Roughness.1001.jpg (2048x2048): decode=148.1ms, convert=20.8ms, linear=74.7ms, total=243.6ms
[2026-03-15T09:09:58Z INFO  bif_core::texture] Texture electronics_oscilloscope01_Roughness.1003.jpg (2048x2048): decode=67.8ms, convert=41.3ms, linear=74.4ms, total=183.5ms
[2026-03-15T09:09:58Z INFO  bif_core::texture] Texture electronics_oscilloscope01_Normal_openGL.1012.jpg (2048x2048): decode=156.6ms, convert=31.7ms, linear=74.2ms, total=262.5ms
[2026-03-15T09:09:58Z INFO  bif_core::texture] Texture chemistry_flask_stand01_Normal_openGL.1002.jpg (2048x2048): decode=122.2ms, convert=21.3ms, linear=100.4ms, total=243.9ms
[2026-03-15T09:09:58Z INFO  bif_core::texture] Texture electronics_audio_generator01_Normal_openGL.1011.jpg (2048x2048): decode=160.6ms, convert=45.5ms, linear=100.6ms, total=306.6ms
[2026-03-15T09:09:58Z INFO  bif_viewport::texture_loader] UDIM atlas: 1 tiles -> 2048x2048 (1x1 grid, tile 2048x2048)
[2026-03-15T09:09:58Z INFO  bif_core::texture] Texture books_magazines01_Roughness.1013.jpg (2048x2048): decode=66.9ms, convert=20.1ms, linear=72.8ms, total=159.8ms
[2026-03-15T09:09:58Z INFO  bif_core::texture] Texture furniture_workbench01_Roughness.1012.jpg (2048x2048): decode=102.4ms, convert=34.2ms, linear=71.2ms, total=207.9ms
[2026-03-15T09:09:58Z INFO  bif_core::texture] Texture books_magazines01_BaseColor.1013.jpg (2048x2048): decode=143.7ms, convert=40.4ms, linear=60.9ms, total=245.0ms
[2026-03-15T09:09:58Z INFO  bif_core::texture] Texture electronics_portable_tv01_Metallic.1021.jpg (2048x2048): decode=76.7ms, convert=24.5ms, linear=96.6ms, total=197.8ms
[2026-03-15T09:09:58Z INFO  bif_core::texture] Texture electronics_audio_generator01_Metallic.1013.jpg (2048x2048): decode=77.9ms, convert=64.5ms, linear=75.4ms, total=217.9ms
[2026-03-15T09:09:58Z INFO  bif_core::texture] Texture decor_helmet_head01_Metallic.1002.jpg (2048x2048): decode=37.1ms, convert=22.7ms, linear=75.4ms, total=135.2ms
[2026-03-15T09:09:58Z INFO  bif_viewport::texture_loader] UDIM atlas: 1 tiles -> 2048x2048 (1x1 grid, tile 2048x2048)
[2026-03-15T09:09:58Z INFO  bif_core::texture] Texture chemistry_flask_stand01_BaseColor.1003.jpg (2048x2048): decode=146.6ms, convert=21.4ms, linear=87.5ms, total=255.4ms
[2026-03-15T09:09:58Z INFO  bif_core::texture] Texture electronics_oscilloscope01_BaseColor.1003.jpg (2048x2048): decode=256.7ms, convert=27.2ms, linear=90.3ms, total=374.1ms
[2026-03-15T09:09:58Z INFO  bif_core::texture] Texture chemistry_flask_stand01_Roughness.1003.jpg (2048x2048): decode=67.9ms, convert=19.7ms, linear=91.6ms, total=179.2ms
[2026-03-15T09:09:58Z INFO  bif_core::texture] Texture electronics_portable_tv01_Normal_openGL.1004.jpg (2048x2048): decode=122.2ms, convert=25.8ms, linear=127.5ms, total=275.6ms
[2026-03-15T09:09:58Z INFO  bif_core::texture] Texture furniture_workbench01_Normal_openGL.1002.jpg (2048x2048): decode=133.7ms, convert=45.0ms, linear=107.4ms, total=286.1ms
[2026-03-15T09:09:58Z INFO  bif_core::texture] Texture electronics_turntable01_Normal_openGL.1013.jpg (2048x2048): decode=181.5ms, convert=25.1ms, linear=98.6ms, total=305.2ms
[2026-03-15T09:09:58Z INFO  bif_core::texture] Texture electronics_portable_tv01_BaseColor.1002.jpg (2048x2048): decode=125.2ms, convert=25.5ms, linear=102.3ms, total=253.1ms
[2026-03-15T09:09:58Z INFO  bif_viewport::texture_loader] UDIM atlas: 2 tiles -> 4096x2048 (2x1 grid, tile 2048x2048)
[2026-03-15T09:09:58Z INFO  bif_core::texture] Texture decor_helmet_head01_Normal_openGL.1002.jpg (2048x2048): decode=190.4ms, convert=28.9ms, linear=101.1ms, total=320.4ms
[2026-03-15T09:09:58Z INFO  bif_core::texture] Texture electronics_oscilloscope01_Metallic.1003.jpg (2048x2048): decode=70.9ms, convert=26.9ms, linear=118.7ms, total=216.5ms
[2026-03-15T09:09:59Z INFO  bif_core::texture] Texture electronics_portable_tv01_Roughness.1002.jpg (2048x2048): decode=136.2ms, convert=32.9ms, linear=95.3ms, total=264.5ms
[2026-03-15T09:09:59Z INFO  bif_core::texture] Texture structure_wall_fibro03_Normal_openGL.1012.jpg (2048x2048): decode=218.1ms, convert=36.6ms, linear=108.0ms, total=362.7ms
[2026-03-15T09:09:59Z INFO  bif_core::texture] Texture electronics_audio_generator01_Metallic.1014.jpg (2048x2048): decode=42.9ms, convert=39.5ms, linear=145.0ms, total=227.4ms
[2026-03-15T09:09:59Z INFO  bif_core::texture] Texture electronics_oscilloscope01_Roughness.1004.jpg (2048x2048): decode=78.9ms, convert=32.7ms, linear=159.8ms, total=271.4ms
[2026-03-15T09:09:59Z INFO  bif_core::texture] Texture electronics_oscilloscope01_Normal_openGL.1013.jpg (2048x2048): decode=116.4ms, convert=27.3ms, linear=106.6ms, total=250.4ms
[2026-03-15T09:09:59Z INFO  bif_core::texture] Texture electronics_portable_tv01_Metallic.1022.jpg (2048x2048): decode=78.1ms, convert=42.6ms, linear=85.6ms, total=206.3ms
[2026-03-15T09:09:59Z INFO  bif_core::texture] Texture chemistry_flask_stand01_Normal_openGL.1003.jpg (2048x2048): decode=126.5ms, convert=39.5ms, linear=82.2ms, total=248.2ms
[2026-03-15T09:09:59Z INFO  bif_viewport::texture_loader] UDIM atlas: 3 tiles -> 6144x2048 (3x1 grid, tile 2048x2048)
[2026-03-15T09:09:59Z INFO  bif_viewport::texture_loader] UDIM atlas: 6 tiles -> 6144x4096 (3x2 grid, tile 2048x2048)
[2026-03-15T09:09:59Z INFO  bif_core::texture] Texture electronics_audio_generator01_Normal_openGL.1012.jpg (2048x2048): decode=93.7ms, convert=38.9ms, linear=117.0ms, total=249.6ms
[2026-03-15T09:09:59Z INFO  bif_core::texture] Texture furniture_workbench01_Roughness.1013.jpg (2048x2048): decode=107.5ms, convert=24.3ms, linear=98.8ms, total=230.6ms
[2026-03-15T09:09:59Z INFO  bif_viewport::texture_loader] UDIM atlas: 6 tiles -> 6144x4096 (3x2 grid, tile 2048x2048)
[2026-03-15T09:09:59Z INFO  bif_viewport::texture_loader] UDIM atlas: 3 tiles -> 6144x2048 (3x1 grid, tile 2048x2048)
[2026-03-15T09:09:59Z INFO  bif_core::texture] Texture electronics_portable_tv01_Metallic.1023.jpg (2048x2048): decode=36.8ms, convert=26.6ms, linear=99.0ms, total=162.4ms
[2026-03-15T09:09:59Z INFO  bif_core::texture] Texture electronics_portable_tv01_Normal_openGL.1005.jpg (2048x2048): decode=103.9ms, convert=29.2ms, linear=101.2ms, total=234.3ms
[2026-03-15T09:09:59Z INFO  bif_core::texture] Texture electronics_oscilloscope01_BaseColor.1004.jpg (2048x2048): decode=111.5ms, convert=24.0ms, linear=99.6ms, total=235.1ms
[2026-03-15T09:09:59Z INFO  bif_viewport::texture_loader] UDIM atlas: 2 tiles -> 4096x2048 (2x1 grid, tile 2048x2048)
[2026-03-15T09:09:59Z INFO  bif_core::texture] Texture electronics_portable_tv01_BaseColor.1003.jpg (2048x2048): decode=86.1ms, convert=32.6ms, linear=106.1ms, total=224.9ms
[2026-03-15T09:09:59Z INFO  bif_core::texture] Texture electronics_turntable01_Normal_openGL.1014.jpg (2048x2048): decode=74.0ms, convert=32.0ms, linear=100.0ms, total=206.0ms
[2026-03-15T09:09:59Z INFO  bif_core::texture] Texture electronics_oscilloscope01_Metallic.1004.jpg (2048x2048): decode=36.3ms, convert=28.0ms, linear=109.3ms, total=173.7ms
[2026-03-15T09:09:59Z INFO  bif_core::texture] Texture furniture_workbench01_Normal_openGL.1003.jpg (2048x2048): decode=115.6ms, convert=33.5ms, linear=104.3ms, total=253.5ms
[2026-03-15T09:09:59Z INFO  bif_core::texture] Texture electronics_portable_tv01_Roughness.1003.jpg (2048x2048): decode=82.1ms, convert=29.1ms, linear=96.0ms, total=207.2ms
[2026-03-15T09:09:59Z INFO  bif_core::texture] Texture electronics_oscilloscope01_Roughness.1011.jpg (2048x2048): decode=63.3ms, convert=27.1ms, linear=93.1ms, total=183.5ms
[2026-03-15T09:09:59Z INFO  bif_viewport::texture_loader] UDIM atlas: 9 tiles -> 10240x4096 (5x2 grid, tile 2048x2048)
[2026-03-15T09:09:59Z INFO  bif_viewport::texture_loader] UDIM atlas: 3 tiles -> 6144x2048 (3x1 grid, tile 2048x2048)
[2026-03-15T09:09:59Z INFO  bif_core::texture] Texture electronics_portable_tv01_Metallic.1024.jpg (2048x2048): decode=32.7ms, convert=25.8ms, linear=95.7ms, total=154.2ms
[2026-03-15T09:09:59Z INFO  bif_core::texture] Texture electronics_oscilloscope01_Normal_openGL.1014.jpg (2048x2048): decode=111.9ms, convert=30.9ms, linear=86.7ms, total=229.6ms
[2026-03-15T09:09:59Z INFO  bif_viewport::texture_loader] UDIM atlas: 5 tiles -> 6144x4096 (3x2 grid, tile 2048x2048)
[2026-03-15T09:09:59Z INFO  bif_core::texture] Texture electronics_oscilloscope01_Metallic.1011.jpg (2048x2048): decode=43.7ms, convert=23.1ms, linear=62.7ms, total=129.5ms
[2026-03-15T09:09:59Z INFO  bif_core::texture] Texture furniture_workbench01_Roughness.1014.jpg (2048x2048): decode=74.2ms, convert=20.6ms, linear=66.0ms, total=160.7ms
[2026-03-15T09:09:59Z INFO  bif_core::texture] Texture electronics_audio_generator01_Normal_openGL.1013.jpg (2048x2048): decode=67.5ms, convert=23.3ms, linear=67.3ms, total=158.1ms
[2026-03-15T09:09:59Z INFO  bif_core::texture] Texture electronics_portable_tv01_Normal_openGL.1011.jpg (2048x2048): decode=56.2ms, convert=21.2ms, linear=82.3ms, total=159.8ms
[2026-03-15T09:10:00Z INFO  bif_core::texture] Texture electronics_oscilloscope01_Metallic.1012.jpg (2048x2048): decode=27.6ms, convert=19.5ms, linear=95.7ms, total=142.8ms
[2026-03-15T09:10:00Z INFO  bif_core::texture] Texture electronics_oscilloscope01_BaseColor.1011.jpg (2048x2048): decode=101.9ms, convert=23.1ms, linear=91.6ms, total=216.7ms
[2026-03-15T09:10:00Z INFO  bif_core::texture] Texture electronics_portable_tv01_BaseColor.1004.jpg (2048x2048): decode=106.9ms, convert=28.1ms, linear=85.8ms, total=220.7ms
[2026-03-15T09:10:00Z INFO  bif_core::texture] Texture electronics_oscilloscope01_Roughness.1012.jpg (2048x2048): decode=80.3ms, convert=23.9ms, linear=85.4ms, total=189.6ms
[2026-03-15T09:10:00Z INFO  bif_core::texture] Texture furniture_workbench01_Normal_openGL.1004.jpg (2048x2048): decode=94.8ms, convert=27.5ms, linear=98.5ms, total=220.8ms
[2026-03-15T09:10:00Z INFO  bif_core::texture] Texture electronics_portable_tv01_Roughness.1004.jpg (2048x2048): decode=90.8ms, convert=26.2ms, linear=96.2ms, total=213.2ms
[2026-03-15T09:10:00Z INFO  bif_core::texture] Texture electronics_oscilloscope01_Metallic.1013.jpg (2048x2048): decode=37.3ms, convert=27.3ms, linear=85.2ms, total=149.8ms
[2026-03-15T09:10:00Z INFO  bif_core::texture] Texture electronics_oscilloscope01_Normal_openGL.1021.jpg (2048x2048): decode=69.8ms, convert=29.4ms, linear=88.0ms, total=187.2ms
[2026-03-15T09:10:00Z INFO  bif_core::texture] Texture furniture_workbench01_Roughness.1021.jpg (2048x2048): decode=65.5ms, convert=23.9ms, linear=75.8ms, total=165.3ms
[2026-03-15T09:10:00Z INFO  bif_core::texture] Texture electronics_audio_generator01_Normal_openGL.1014.jpg (2048x2048): decode=77.1ms, convert=24.4ms, linear=71.5ms, total=173.0ms
[2026-03-15T09:10:00Z INFO  bif_viewport::texture_loader] UDIM atlas: 9 tiles -> 10240x4096 (5x2 grid, tile 2048x2048)
[2026-03-15T09:10:00Z INFO  bif_viewport::texture_loader] UDIM atlas: 13 tiles -> 10240x6144 (5x3 grid, tile 2048x2048)
[2026-03-15T09:10:00Z INFO  bif_core::texture] Texture electronics_oscilloscope01_Metallic.1014.jpg (2048x2048): decode=30.1ms, convert=18.0ms, linear=57.9ms, total=106.1ms
[2026-03-15T09:10:00Z INFO  bif_core::texture] Texture electronics_portable_tv01_Normal_openGL.1012.jpg (2048x2048): decode=55.9ms, convert=17.2ms, linear=63.0ms, total=136.1ms
[2026-03-15T09:10:00Z INFO  bif_core::texture] Texture electronics_oscilloscope01_BaseColor.1012.jpg (2048x2048): decode=62.5ms, convert=20.4ms, linear=55.4ms, total=138.3ms
[2026-03-15T09:10:00Z INFO  bif_core::texture] Texture electronics_portable_tv01_BaseColor.1005.jpg (2048x2048): decode=58.1ms, convert=17.8ms, linear=52.9ms, total=128.8ms
[2026-03-15T09:10:00Z INFO  bif_core::texture] Texture electronics_portable_tv01_Roughness.1005.jpg (2048x2048): decode=55.0ms, convert=14.3ms, linear=65.6ms, total=134.9ms
[2026-03-15T09:10:00Z INFO  bif_core::texture] Texture electronics_oscilloscope01_Roughness.1013.jpg (2048x2048): decode=78.8ms, convert=16.5ms, linear=67.1ms, total=162.3ms
[2026-03-15T09:10:00Z INFO  bif_core::texture] Texture furniture_workbench01_Normal_openGL.1011.jpg (2048x2048): decode=85.2ms, convert=21.4ms, linear=68.0ms, total=174.6ms
[2026-03-15T09:10:00Z INFO  bif_core::texture] Texture electronics_oscilloscope01_Normal_openGL.1022.jpg (2048x2048): decode=61.2ms, convert=17.3ms, linear=60.5ms, total=138.9ms
[2026-03-15T09:10:00Z INFO  bif_core::texture] Texture electronics_portable_tv01_BaseColor.1011.jpg (2048x2048): decode=78.2ms, convert=17.6ms, linear=53.6ms, total=149.3ms
[2026-03-15T09:10:00Z INFO  bif_core::texture] Texture furniture_workbench01_Roughness.1022.jpg (2048x2048): decode=59.7ms, convert=18.0ms, linear=54.7ms, total=132.4ms
[2026-03-15T09:10:00Z INFO  bif_core::texture] Texture electronics_oscilloscope01_Metallic.1021.jpg (2048x2048): decode=24.7ms, convert=17.0ms, linear=56.8ms, total=98.5ms
[2026-03-15T09:10:00Z INFO  bif_core::texture] Texture electronics_portable_tv01_Normal_openGL.1013.jpg (2048x2048): decode=49.9ms, convert=18.5ms, linear=54.1ms, total=122.5ms
[2026-03-15T09:10:00Z INFO  bif_viewport::texture_loader] UDIM atlas: 9 tiles -> 10240x4096 (5x2 grid, tile 2048x2048)
[2026-03-15T09:10:00Z INFO  bif_core::texture] Texture electronics_oscilloscope01_BaseColor.1013.jpg (2048x2048): decode=60.9ms, convert=17.8ms, linear=53.7ms, total=132.4ms
[2026-03-15T09:10:01Z INFO  bif_core::texture] Texture electronics_oscilloscope01_Metallic.1022.jpg (2048x2048): decode=31.2ms, convert=14.6ms, linear=69.3ms, total=115.2ms
[2026-03-15T09:10:01Z INFO  bif_core::texture] Texture electronics_portable_tv01_BaseColor.1012.jpg (2048x2048): decode=61.7ms, convert=14.5ms, linear=69.4ms, total=145.6ms
[2026-03-15T09:10:01Z INFO  bif_core::texture] Texture electronics_oscilloscope01_Roughness.1014.jpg (2048x2048): decode=55.5ms, convert=15.3ms, linear=74.1ms, total=144.9ms
[2026-03-15T09:10:01Z INFO  bif_core::texture] Texture electronics_portable_tv01_Roughness.1011.jpg (2048x2048): decode=84.7ms, convert=17.9ms, linear=75.6ms, total=178.2ms
[2026-03-15T09:10:01Z INFO  bif_core::texture] Texture furniture_workbench01_Normal_openGL.1012.jpg (2048x2048): decode=81.2ms, convert=20.6ms, linear=61.5ms, total=163.3ms
[2026-03-15T09:10:01Z INFO  bif_core::texture] Texture furniture_workbench01_Roughness.1023.jpg (2048x2048): decode=53.6ms, convert=19.9ms, linear=54.3ms, total=127.8ms
[2026-03-15T09:10:01Z INFO  bif_core::texture] Texture electronics_oscilloscope01_Normal_openGL.1023.jpg (2048x2048): decode=68.9ms, convert=19.4ms, linear=51.7ms, total=140.0ms
[2026-03-15T09:10:01Z INFO  bif_core::texture] Texture electronics_oscilloscope01_Metallic.1023.jpg (2048x2048): decode=25.7ms, convert=13.0ms, linear=42.4ms, total=81.1ms
[2026-03-15T09:10:01Z INFO  bif_core::texture] Texture electronics_portable_tv01_Normal_openGL.1014.jpg (2048x2048): decode=53.7ms, convert=13.2ms, linear=45.4ms, total=112.3ms
[2026-03-15T09:10:01Z INFO  bif_core::texture] Texture electronics_oscilloscope01_BaseColor.1014.jpg (2048x2048): decode=80.7ms, convert=16.5ms, linear=48.5ms, total=145.7ms
[2026-03-15T09:10:01Z INFO  bif_core::texture] Texture electronics_oscilloscope01_Metallic.1024.jpg (2048x2048): decode=27.1ms, convert=15.9ms, linear=43.8ms, total=86.8ms
[2026-03-15T09:10:01Z INFO  bif_core::texture] Texture electronics_oscilloscope01_Roughness.1021.jpg (2048x2048): decode=27.4ms, convert=14.9ms, linear=45.0ms, total=87.3ms
[2026-03-15T09:10:01Z INFO  bif_core::texture] Texture electronics_portable_tv01_BaseColor.1013.jpg (2048x2048): decode=53.6ms, convert=15.8ms, linear=52.6ms, total=122.0ms
[2026-03-15T09:10:01Z INFO  bif_core::texture] Texture electronics_portable_tv01_Roughness.1012.jpg (2048x2048): decode=82.2ms, convert=15.8ms, linear=47.7ms, total=145.8ms
[2026-03-15T09:10:01Z INFO  bif_core::texture] Texture furniture_workbench01_Roughness.1024.jpg (2048x2048): decode=63.9ms, convert=17.3ms, linear=49.1ms, total=130.3ms
[2026-03-15T09:10:01Z INFO  bif_core::texture] Texture furniture_workbench01_Normal_openGL.1013.jpg (2048x2048): decode=78.0ms, convert=16.8ms, linear=48.3ms, total=143.1ms
[2026-03-15T09:10:01Z INFO  bif_core::texture] Texture electronics_oscilloscope01_Normal_openGL.1024.jpg (2048x2048): decode=88.1ms, convert=14.8ms, linear=36.8ms, total=139.8ms
[2026-03-15T09:10:01Z INFO  bif_core::texture] Texture electronics_portable_tv01_Normal_openGL.1021.jpg (2048x2048): decode=53.8ms, convert=17.3ms, linear=47.7ms, total=118.9ms
[2026-03-15T09:10:01Z INFO  bif_core::texture] Texture electronics_oscilloscope01_BaseColor.1021.jpg (2048x2048): decode=56.3ms, convert=15.3ms, linear=42.4ms, total=114.0ms
[2026-03-15T09:10:01Z INFO  bif_core::texture] Texture electronics_oscilloscope01_Roughness.1022.jpg (2048x2048): decode=66.0ms, convert=15.0ms, linear=54.6ms, total=135.6ms
[2026-03-15T09:10:01Z INFO  bif_core::texture] Texture electronics_portable_tv01_BaseColor.1014.jpg (2048x2048): decode=56.7ms, convert=14.5ms, linear=54.6ms, total=125.8ms
[2026-03-15T09:10:01Z INFO  bif_core::texture] Texture electronics_portable_tv01_Roughness.1013.jpg (2048x2048): decode=72.0ms, convert=19.1ms, linear=58.7ms, total=149.8ms
[2026-03-15T09:10:02Z INFO  bif_viewport::texture_loader] UDIM atlas: 12 tiles -> 8192x6144 (4x3 grid, tile 2048x2048)
[2026-03-15T09:10:02Z INFO  bif_core::texture] Texture furniture_workbench01_Normal_openGL.1014.jpg (2048x2048): decode=75.0ms, convert=18.1ms, linear=56.7ms, total=149.9ms
[2026-03-15T09:10:02Z INFO  bif_core::texture] Texture chemistry_bottle03_BaseColor.1001.jpg (2048x2048): decode=5806.3ms, convert=17.0ms, linear=72.7ms, total=5896.1ms
[2026-03-15T09:10:02Z INFO  bif_core::texture] Texture electronics_portable_tv01_Normal_openGL.1022.jpg (2048x2048): decode=57.1ms, convert=20.6ms, linear=74.9ms, total=152.6ms
[2026-03-15T09:10:02Z INFO  bif_core::texture] Texture electronics_portable_tv01_BaseColor.1021.jpg (2048x2048): decode=77.4ms, convert=22.1ms, linear=67.6ms, total=167.2ms
[2026-03-15T09:10:02Z INFO  bif_core::texture] Texture electronics_oscilloscope01_BaseColor.1022.jpg (2048x2048): decode=87.3ms, convert=23.1ms, linear=67.8ms, total=178.3ms
[2026-03-15T09:10:02Z INFO  bif_viewport::texture_loader] UDIM atlas: 12 tiles -> 8192x6144 (4x3 grid, tile 2048x2048)
[2026-03-15T09:10:02Z INFO  bif_core::texture] Texture electronics_oscilloscope01_Roughness.1023.jpg (2048x2048): decode=76.9ms, convert=14.9ms, linear=46.1ms, total=138.0ms
[2026-03-15T09:10:02Z INFO  bif_viewport::texture_loader] UDIM atlas: 12 tiles -> 8192x6144 (4x3 grid, tile 2048x2048)
[2026-03-15T09:10:02Z INFO  bif_core::texture] Texture electronics_portable_tv01_Roughness.1014.jpg (2048x2048): decode=71.4ms, convert=13.7ms, linear=38.1ms, total=123.2ms
[2026-03-15T09:10:02Z INFO  bif_viewport::texture_loader] UDIM atlas: 1 tiles -> 2048x2048 (1x1 grid, tile 2048x2048)
[2026-03-15T09:10:02Z INFO  bif_core::texture] Texture furniture_workbench01_Normal_openGL.1021.jpg (2048x2048): decode=56.3ms, convert=12.1ms, linear=38.7ms, total=107.1ms
[2026-03-15T09:10:02Z INFO  bif_core::texture] Texture electronics_portable_tv01_BaseColor.1022.jpg (2048x2048): decode=66.6ms, convert=12.6ms, linear=43.2ms, total=122.4ms
[2026-03-15T09:10:02Z INFO  bif_core::texture] Texture electronics_portable_tv01_Normal_openGL.1023.jpg (2048x2048): decode=44.3ms, convert=13.8ms, linear=46.7ms, total=104.9ms
[2026-03-15T09:10:02Z INFO  bif_core::texture] Texture electronics_oscilloscope01_BaseColor.1023.jpg (2048x2048): decode=75.2ms, convert=14.4ms, linear=41.9ms, total=131.5ms
[2026-03-15T09:10:02Z INFO  bif_core::texture] Texture electronics_oscilloscope01_Roughness.1024.jpg (2048x2048): decode=45.0ms, convert=14.7ms, linear=38.5ms, total=98.2ms
[2026-03-15T09:10:02Z INFO  bif_core::texture] Texture electronics_portable_tv01_Roughness.1021.jpg (2048x2048): decode=59.8ms, convert=10.6ms, linear=40.4ms, total=110.9ms
[2026-03-15T09:10:02Z INFO  bif_core::texture] Texture furniture_workbench01_Normal_openGL.1022.jpg (2048x2048): decode=73.1ms, convert=11.4ms, linear=36.6ms, total=121.0ms
[2026-03-15T09:10:02Z INFO  bif_core::texture] Texture electronics_portable_tv01_BaseColor.1023.jpg (2048x2048): decode=42.9ms, convert=14.8ms, linear=39.9ms, total=97.6ms
[2026-03-15T09:10:03Z INFO  bif_core::texture] Texture electronics_portable_tv01_Normal_openGL.1024.jpg (2048x2048): decode=44.4ms, convert=18.7ms, linear=44.7ms, total=107.8ms
[2026-03-15T09:10:03Z INFO  bif_core::texture] Texture electronics_oscilloscope01_BaseColor.1024.jpg (2048x2048): decode=83.1ms, convert=16.5ms, linear=43.2ms, total=142.8ms
[2026-03-15T09:10:03Z INFO  bif_core::texture] Texture electronics_portable_tv01_Roughness.1022.jpg (2048x2048): decode=56.5ms, convert=11.5ms, linear=39.8ms, total=107.8ms
[2026-03-15T09:10:03Z INFO  bif_viewport::texture_loader] UDIM atlas: 12 tiles -> 8192x6144 (4x3 grid, tile 2048x2048)
[2026-03-15T09:10:03Z INFO  bif_core::texture] Texture furniture_workbench01_Normal_openGL.1023.jpg (2048x2048): decode=53.0ms, convert=16.0ms, linear=41.5ms, total=110.4ms
[2026-03-15T09:10:03Z INFO  bif_core::texture] Texture electronics_powerpoint01_Normal_openGL.1001.jpg (2048x2048): decode=36728.1ms, convert=14.5ms, linear=41.7ms, total=36784.3ms
[2026-03-15T09:10:03Z INFO  bif_core::texture] Texture electronics_portable_tv01_BaseColor.1024.jpg (2048x2048): decode=50.5ms, convert=15.6ms, linear=44.0ms, total=110.2ms
[2026-03-15T09:10:03Z INFO  bif_core::texture] Texture electronics_portable_tv01_Roughness.1023.jpg (2048x2048): decode=82.0ms, convert=13.3ms, linear=46.6ms, total=141.8ms
[2026-03-15T09:10:03Z INFO  bif_viewport::texture_loader] UDIM atlas: 12 tiles -> 8192x6144 (4x3 grid, tile 2048x2048)
[2026-03-15T09:10:03Z INFO  bif_viewport::texture_loader] UDIM atlas: 13 tiles -> 10240x6144 (5x3 grid, tile 2048x2048)
[2026-03-15T09:10:03Z INFO  bif_viewport::texture_loader] UDIM atlas: 1 tiles -> 2048x2048 (1x1 grid, tile 2048x2048)
[2026-03-15T09:10:03Z INFO  bif_core::texture] Texture furniture_workbench01_Normal_openGL.1024.jpg (2048x2048): decode=46.9ms, convert=16.7ms, linear=38.7ms, total=102.3ms
[2026-03-15T09:10:03Z INFO  bif_viewport::texture_loader] UDIM atlas: 13 tiles -> 10240x6144 (5x3 grid, tile 2048x2048)
[2026-03-15T09:10:03Z INFO  bif_core::texture] Texture electronics_portable_tv01_Roughness.1024.jpg (2048x2048): decode=67.0ms, convert=10.9ms, linear=27.5ms, total=105.3ms
[2026-03-15T09:10:04Z INFO  bif_viewport::texture_loader] UDIM atlas: 12 tiles -> 8192x6144 (4x3 grid, tile 2048x2048)
[2026-03-15T09:10:04Z INFO  bif_core::texture] Texture books_magazines01_Normal_openGL.1003.jpg (2048x2048): decode=7946.8ms, convert=11.3ms, linear=37.8ms, total=7996.0ms
[2026-03-15T09:10:04Z INFO  bif_viewport::texture_loader] UDIM atlas: 13 tiles -> 10240x6144 (5x3 grid, tile 2048x2048)
[2026-03-15T09:10:04Z INFO  bif_core::texture] Texture books_magazines01_Normal_openGL.1011.jpg (2048x2048): decode=56.9ms, convert=9.9ms, linear=30.2ms, total=97.0ms
[2026-03-15T09:10:04Z INFO  bif_core::texture] Texture books_magazines01_Normal_openGL.1012.jpg (2048x2048): decode=51.7ms, convert=11.4ms, linear=27.5ms, total=90.6ms
[2026-03-15T09:10:05Z INFO  bif_core::texture] Texture books_magazines01_Normal_openGL.1013.jpg (2048x2048): decode=59.8ms, convert=9.7ms, linear=27.2ms, total=96.6ms
[2026-03-15T09:10:05Z INFO  bif_viewport::texture_loader] UDIM atlas: 6 tiles -> 6144x4096 (3x2 grid, tile 2048x2048)
[2026-03-15T09:10:05Z INFO  bif_viewport::texture_loader] Loaded 272 textures (raw u8): 49597.7ms
[2026-03-15T09:10:05Z INFO  bif_viewport::texture_loader] Viewport downscale //freya/E_rename/_houdiniFiles/USD/USD_ALab_0730/fragment/look/surfacing/furniture_workbench01/render_high/texture/look_surfacing_furniture_workbench01_render_high_texture/furniture_workbench01_BaseColor.<UDIM>.jpg from 8192x6144 to 2048x1536 (limit 2048)
[2026-03-15T09:10:05Z INFO  bif_core::texture] Texture furniture_workbench01_Normal_openGL.1021.jpg (2048x2048): decode=32439.0ms, convert=15.5ms, linear=38.2ms, total=32492.6ms
[2026-03-15T09:10:05Z INFO  bif_core::texture] Texture toy_box02_BaseColor.1001.jpg (2048x2048): decode=32276.3ms, convert=15.3ms, linear=38.8ms, total=32330.4ms
[2026-03-15T09:10:05Z INFO  bif_core::texture] Texture books_magazines01_Normal_openGL.1013.jpg (2048x2048): decode=29980.3ms, convert=13.7ms, linear=42.8ms, total=30036.8ms
[2026-03-15T09:10:05Z INFO  bif_viewport::texture_loader] Viewport downscale //freya/E_rename/_houdiniFiles/USD/USD_ALab_0730/fragment/look/surfacing/furniture_workbench01/render_high/texture/look_surfacing_furniture_workbench01_render_high_texture/furniture_workbench01_Roughness.<UDIM>.jpg from 8192x6144 to 2048x1536 (limit 2048)
[2026-03-15T09:10:05Z INFO  bif_viewport::texture_loader] Viewport downscale //freya/E_rename/_houdiniFiles/USD/USD_ALab_0730/fragment/look/surfacing/furniture_workbench01/render_high/texture/look_surfacing_furniture_workbench01_render_high_texture/furniture_workbench01_Normal_openGL.<UDIM>.jpg from 8192x6144 to 2048x1536 (limit 2048)
[2026-03-15T09:10:05Z INFO  bif_viewport::texture_loader] Viewport downscale //freya/E_rename/_houdiniFiles/USD/USD_ALab_0730/fragment/look/surfacing/electronics_oscilloscope01/render_high/texture/look_surfacing_electronics_oscilloscope01_render_high_texture/electronics_oscilloscope01_BaseColor.<UDIM>.jpg from 8192x6144 to 2048x1536 (limit 2048)
[2026-03-15T09:10:05Z INFO  bif_viewport::texture_loader] Viewport downscale //freya/E_rename/_houdiniFiles/USD/USD_ALab_0730/fragment/look/surfacing/electronics_oscilloscope01/render_high/texture/look_surfacing_electronics_oscilloscope01_render_high_texture/electronics_oscilloscope01_Roughness.<UDIM>.jpg from 8192x6144 to 2048x1536 (limit 2048)
[2026-03-15T09:10:05Z INFO  bif_viewport::texture_loader] Viewport downscale //freya/E_rename/_houdiniFiles/USD/USD_ALab_0730/fragment/look/surfacing/electronics_oscilloscope01/render_high/texture/look_surfacing_electronics_oscilloscope01_render_high_texture/electronics_oscilloscope01_Metallic.<UDIM>.jpg from 8192x6144 to 2048x1536 (limit 2048)
[2026-03-15T09:10:05Z INFO  bif_viewport::texture_loader] UDIM atlas: 1 tiles -> 2048x2048 (1x1 grid, tile 2048x2048)
[2026-03-15T09:10:06Z INFO  bif_viewport::texture_loader] Viewport downscale //freya/E_rename/_houdiniFiles/USD/USD_ALab_0730/fragment/look/surfacing/electronics_oscilloscope01/render_high/texture/look_surfacing_electronics_oscilloscope01_render_high_texture/electronics_oscilloscope01_Normal_openGL.<UDIM>.jpg from 8192x6144 to 2048x1536 (limit 2048)
[2026-03-15T09:10:06Z INFO  bif_viewport::texture_loader] UDIM atlas: 6 tiles -> 6144x4096 (3x2 grid, tile 2048x2048)
[2026-03-15T09:10:06Z INFO  bif_viewport::texture_loader] Viewport downscale //freya/E_rename/_houdiniFiles/USD/USD_ALab_0730/fragment/look/surfacing/electronics_portable_tv01/render_high/texture/look_surfacing_electronics_portable_tv01_render_high_texture/electronics_portable_tv01_BaseColor.<UDIM>.jpg from 10240x6144 to 2048x1228 (limit 2048)
[2026-03-15T09:10:06Z INFO  bif_core::texture] Texture furniture_workbench01_Normal_openGL.1022.jpg (2048x2048): decode=58.4ms, convert=11.5ms, linear=30.5ms, total=100.4ms
[2026-03-15T09:10:06Z INFO  bif_viewport::texture_loader] Viewport downscale //freya/E_rename/_houdiniFiles/USD/USD_ALab_0730/fragment/look/surfacing/electronics_portable_tv01/render_high/texture/look_surfacing_electronics_portable_tv01_render_high_texture/electronics_portable_tv01_Roughness.<UDIM>.jpg from 10240x6144 to 2048x1228 (limit 2048)
[2026-03-15T09:10:06Z INFO  bif_viewport::texture_loader] Viewport downscale //freya/E_rename/_houdiniFiles/USD/USD_ALab_0730/fragment/look/surfacing/electronics_portable_tv01/render_high/texture/look_surfacing_electronics_portable_tv01_render_high_texture/electronics_portable_tv01_Metallic.<UDIM>.jpg from 10240x6144 to 2048x1228 (limit 2048)
[2026-03-15T09:10:06Z INFO  bif_viewport::texture_loader] Viewport downscale //freya/E_rename/_houdiniFiles/USD/USD_ALab_0730/fragment/look/surfacing/electronics_portable_tv01/render_high/texture/look_surfacing_electronics_portable_tv01_render_high_texture/electronics_portable_tv01_Normal_openGL.<UDIM>.jpg from 10240x6144 to 2048x1228 (limit 2048)
[2026-03-15T09:10:06Z INFO  bif_core::texture] Texture furniture_workbench01_Normal_openGL.1023.jpg (2048x2048): decode=40.3ms, convert=9.4ms, linear=26.8ms, total=76.5ms
[2026-03-15T09:10:06Z INFO  bif_viewport::texture_loader] Viewport downscale //freya/E_rename/_houdiniFiles/USD/USD_ALab_0730/fragment/look/surfacing/books_magazines01/render_high/texture/look_surfacing_books_magazines01_render_high_texture/books_magazines01_BaseColor.<UDIM>.jpg from 6144x4096 to 2048x1365 (limit 2048)
[2026-03-15T09:10:06Z INFO  bif_viewport::texture_loader] Viewport downscale //freya/E_rename/_houdiniFiles/USD/USD_ALab_0730/fragment/look/surfacing/books_magazines01/render_high/texture/look_surfacing_books_magazines01_render_high_texture/books_magazines01_Roughness.<UDIM>.jpg from 6144x4096 to 2048x1365 (limit 2048)
[2026-03-15T09:10:06Z INFO  bif_viewport::texture_loader] Viewport downscale //freya/E_rename/_houdiniFiles/USD/USD_ALab_0730/fragment/look/surfacing/books_magazines01/render_high/texture/look_surfacing_books_magazines01_render_high_texture/books_magazines01_Normal_openGL.<UDIM>.jpg from 6144x4096 to 2048x1365 (limit 2048)
[2026-03-15T09:10:06Z INFO  bif_viewport::texture_loader] Viewport downscale //freya/E_rename/_houdiniFiles/USD/USD_ALab_0730/fragment/look/surfacing/chemistry_beaker_stand01/render_high/texture/look_surfacing_chemistry_beaker_stand01_render_high_texture/chemistry_beaker_stand01_BaseColor.<UDIM>.jpg from 4096x2048 to 2048x1024 (limit 2048)
[2026-03-15T09:10:06Z INFO  bif_viewport::texture_loader] Viewport downscale //freya/E_rename/_houdiniFiles/USD/USD_ALab_0730/fragment/look/surfacing/chemistry_beaker_stand01/render_high/texture/look_surfacing_chemistry_beaker_stand01_render_high_texture/chemistry_beaker_stand01_Roughness.<UDIM>.jpg from 4096x2048 to 2048x1024 (limit 2048)
[2026-03-15T09:10:06Z INFO  bif_core::texture] Texture furniture_workbench01_Normal_openGL.1024.jpg (2048x2048): decode=35.5ms, convert=13.4ms, linear=35.2ms, total=84.2ms
[2026-03-15T09:10:06Z INFO  bif_viewport::texture_loader] Viewport downscale //freya/E_rename/_houdiniFiles/USD/USD_ALab_0730/fragment/look/surfacing/chemistry_beaker_stand01/render_high/texture/look_surfacing_chemistry_beaker_stand01_render_high_texture/chemistry_beaker_stand01_Metallic.<UDIM>.jpg from 4096x2048 to 2048x1024 (limit 2048)
[2026-03-15T09:10:06Z INFO  bif_viewport::texture_loader] Viewport downscale //freya/E_rename/_houdiniFiles/USD/USD_ALab_0730/fragment/look/surfacing/chemistry_beaker_stand01/render_high/texture/look_surfacing_chemistry_beaker_stand01_render_high_texture/chemistry_beaker_stand01_Normal_openGL.<UDIM>.jpg from 4096x2048 to 2048x1024 (limit 2048)
[2026-03-15T09:10:07Z INFO  bif_viewport::texture_loader] Viewport downscale //freya/E_rename/_houdiniFiles/USD/USD_ALab_0730/fragment/look/surfacing/chemistry_flask_stand01/render_high/texture/look_surfacing_chemistry_flask_stand01_render_high_texture/chemistry_flask_stand01_BaseColor.<UDIM>.jpg from 6144x2048 to 2048x682 (limit 2048)
[2026-03-15T09:10:07Z INFO  bif_viewport::texture_loader] Viewport downscale //freya/E_rename/_houdiniFiles/USD/USD_ALab_0730/fragment/look/surfacing/chemistry_flask_stand01/render_high/texture/look_surfacing_chemistry_flask_stand01_render_high_texture/chemistry_flask_stand01_Roughness.<UDIM>.jpg from 6144x2048 to 2048x682 (limit 2048)
[2026-03-15T09:10:07Z INFO  bif_viewport::texture_loader] Viewport downscale //freya/E_rename/_houdiniFiles/USD/USD_ALab_0730/fragment/look/surfacing/chemistry_flask_stand01/render_high/texture/look_surfacing_chemistry_flask_stand01_render_high_texture/chemistry_flask_stand01_Normal_openGL.<UDIM>.jpg from 6144x2048 to 2048x682 (limit 2048)
[2026-03-15T09:10:07Z INFO  bif_viewport::texture_loader] Viewport downscale //freya/E_rename/_houdiniFiles/USD/USD_ALab_0730/fragment/look/surfacing/chemistry_kipps_apparatus01/render_high/texture/look_surfacing_chemistry_kipps_apparatus01_render_high_texture/chemistry_kipps_apparatus01_BaseColor.<UDIM>.jpg from 6144x2048 to 2048x682 (limit 2048)
[2026-03-15T09:10:07Z INFO  bif_viewport::texture_loader] Viewport downscale //freya/E_rename/_houdiniFiles/USD/USD_ALab_0730/fragment/look/surfacing/chemistry_kipps_apparatus01/render_high/texture/look_surfacing_chemistry_kipps_apparatus01_render_high_texture/chemistry_kipps_apparatus01_Roughness.<UDIM>.jpg from 6144x2048 to 2048x682 (limit 2048)
[2026-03-15T09:10:07Z INFO  bif_viewport::texture_loader] Viewport downscale //freya/E_rename/_houdiniFiles/USD/USD_ALab_0730/fragment/look/surfacing/chemistry_kipps_apparatus01/render_high/texture/look_surfacing_chemistry_kipps_apparatus01_render_high_texture/chemistry_kipps_apparatus01_Normal_openGL.<UDIM>.jpg from 6144x2048 to 2048x682 (limit 2048)
[2026-03-15T09:10:07Z INFO  bif_viewport::texture_loader] Viewport downscale //freya/E_rename/_houdiniFiles/USD/USD_ALab_0730/fragment/look/surfacing/chemistry_microscope01/render_high/texture/look_surfacing_chemistry_microscope01_render_high_texture/chemistry_microscope01_BaseColor.<UDIM>.jpg from 6144x4096 to 2048x1365 (limit 2048)
[2026-03-15T09:10:07Z INFO  bif_viewport::texture_loader] UDIM atlas: 12 tiles -> 8192x6144 (4x3 grid, tile 2048x2048)
[2026-03-15T09:10:07Z INFO  bif_viewport::texture_loader] Viewport downscale //freya/E_rename/_houdiniFiles/USD/USD_ALab_0730/fragment/look/surfacing/chemistry_microscope01/render_high/texture/look_surfacing_chemistry_microscope01_render_high_texture/chemistry_microscope01_Roughness.<UDIM>.jpg from 6144x4096 to 2048x1365 (limit 2048)
[2026-03-15T09:10:07Z INFO  bif_viewport::texture_loader] Viewport downscale //freya/E_rename/_houdiniFiles/USD/USD_ALab_0730/fragment/look/surfacing/chemistry_microscope01/render_high/texture/look_surfacing_chemistry_microscope01_render_high_texture/chemistry_microscope01_Metallic.<UDIM>.jpg from 6144x4096 to 2048x1365 (limit 2048)
[2026-03-15T09:10:07Z INFO  bif_viewport::texture_loader] Viewport downscale //freya/E_rename/_houdiniFiles/USD/USD_ALab_0730/fragment/look/surfacing/chemistry_microscope01/render_high/texture/look_surfacing_chemistry_microscope01_render_high_texture/chemistry_microscope01_Normal_openGL.<UDIM>.jpg from 6144x4096 to 2048x1365 (limit 2048)
[2026-03-15T09:10:07Z INFO  bif_viewport::texture_loader] Viewport downscale //freya/E_rename/_houdiniFiles/USD/USD_ALab_0730/fragment/look/surfacing/decor_foam_hand/render_high/texture/look_surfacing_decor_foam_hand_render_high_texture/BakedDiffuse_porc_hand.<UDIM>.jpg from 4096x2048 to 2048x1024 (limit 2048)
[2026-03-15T09:10:07Z INFO  bif_viewport::texture_loader] Viewport downscale //freya/E_rename/_houdiniFiles/USD/USD_ALab_0730/fragment/look/surfacing/decor_helmet_head01/render_high/texture/look_surfacing_decor_helmet_head01_render_high_texture/decor_helmet_head01_BaseColor.<UDIM>.jpg from 4096x2048 to 2048x1024 (limit 2048)
[2026-03-15T09:10:07Z INFO  bif_viewport::texture_loader] Viewport downscale //freya/E_rename/_houdiniFiles/USD/USD_ALab_0730/fragment/look/surfacing/decor_helmet_head01/render_high/texture/look_surfacing_decor_helmet_head01_render_high_texture/decor_helmet_head01_Roughness.<UDIM>.jpg from 4096x2048 to 2048x1024 (limit 2048)
[2026-03-15T09:10:07Z INFO  bif_viewport::texture_loader] Viewport downscale //freya/E_rename/_houdiniFiles/USD/USD_ALab_0730/fragment/look/surfacing/decor_helmet_head01/render_high/texture/look_surfacing_decor_helmet_head01_render_high_texture/decor_helmet_head01_Metallic.<UDIM>.jpg from 4096x2048 to 2048x1024 (limit 2048)
[2026-03-15T09:10:07Z INFO  bif_viewport::texture_loader] Viewport downscale //freya/E_rename/_houdiniFiles/USD/USD_ALab_0730/fragment/look/surfacing/decor_helmet_head01/render_high/texture/look_surfacing_decor_helmet_head01_render_high_texture/decor_helmet_head01_Normal_openGL.<UDIM>.jpg from 4096x2048 to 2048x1024 (limit 2048)
[2026-03-15T09:10:07Z INFO  bif_viewport::texture_loader] Viewport downscale //freya/E_rename/_houdiniFiles/USD/USD_ALab_0730/fragment/look/surfacing/decor_wooden_box01/render_high/texture/look_surfacing_decor_wooden_box01_render_high_texture/decor_wooden_box01_BaseColor.<UDIM>.jpg from 6144x4096 to 2048x1365 (limit 2048)
[2026-03-15T09:10:07Z INFO  bif_viewport::texture_loader] Viewport downscale //freya/E_rename/_houdiniFiles/USD/USD_ALab_0730/fragment/look/surfacing/decor_wooden_box01/render_high/texture/look_surfacing_decor_wooden_box01_render_high_texture/decor_wooden_box01_Roughness.<UDIM>.jpg from 6144x4096 to 2048x1365 (limit 2048)
[2026-03-15T09:10:07Z INFO  bif_viewport::texture_loader] Viewport downscale //freya/E_rename/_houdiniFiles/USD/USD_ALab_0730/fragment/look/surfacing/decor_wooden_box01/render_high/texture/look_surfacing_decor_wooden_box01_render_high_texture/decor_wooden_box01_Normal_openGL.<UDIM>.jpg from 6144x4096 to 2048x1365 (limit 2048)
[2026-03-15T09:10:07Z INFO  bif_viewport::texture_loader] Viewport downscale //freya/E_rename/_houdiniFiles/USD/USD_ALab_0730/fragment/look/surfacing/electronics_audio_generator01/render_high/texture/look_surfacing_electronics_audio_generator01_render_high_texture/electronics_audio_generator01_BaseColor.<UDIM>.jpg from 10240x4096 to 2048x819 (limit 2048)
[2026-03-15T09:10:07Z INFO  bif_viewport::texture_loader] Viewport downscale //freya/E_rename/_houdiniFiles/USD/USD_ALab_0730/fragment/look/surfacing/electronics_audio_generator01/render_high/texture/look_surfacing_electronics_audio_generator01_render_high_texture/electronics_audio_generator01_Roughness.<UDIM>.jpg from 10240x4096 to 2048x819 (limit 2048)
[2026-03-15T09:10:07Z INFO  bif_viewport::texture_loader] Viewport downscale //freya/E_rename/_houdiniFiles/USD/USD_ALab_0730/fragment/look/surfacing/electronics_audio_generator01/render_high/texture/look_surfacing_electronics_audio_generator01_render_high_texture/electronics_audio_generator01_Metallic.<UDIM>.jpg from 10240x4096 to 2048x819 (limit 2048)
[2026-03-15T09:10:07Z INFO  bif_viewport::texture_loader] Viewport downscale //freya/E_rename/_houdiniFiles/USD/USD_ALab_0730/fragment/look/surfacing/electronics_audio_generator01/render_high/texture/look_surfacing_electronics_audio_generator01_render_high_texture/electronics_audio_generator01_Normal_openGL.<UDIM>.jpg from 10240x4096 to 2048x819 (limit 2048)
[2026-03-15T09:10:07Z INFO  bif_viewport::texture_loader] Viewport downscale //freya/E_rename/_houdiniFiles/USD/USD_ALab_0730/fragment/look/surfacing/electronics_tesla_coil01/render_high/texture/look_surfacing_electronics_tesla_coil01_render_high_texture/electronics_tesla_coil01_BaseColor.<UDIM>.jpg from 10240x4096 to 2048x819 (limit 2048)
[2026-03-15T09:10:07Z INFO  bif_viewport::texture_loader] Viewport downscale //freya/E_rename/_houdiniFiles/USD/USD_ALab_0730/fragment/look/surfacing/electronics_tesla_coil01/render_high/texture/look_surfacing_electronics_tesla_coil01_render_high_texture/electronics_tesla_coil01_Roughness.<UDIM>.jpg from 10240x4096 to 2048x819 (limit 2048)
[2026-03-15T09:10:07Z INFO  bif_viewport::texture_loader] Viewport downscale //freya/E_rename/_houdiniFiles/USD/USD_ALab_0730/fragment/look/surfacing/electronics_tesla_coil01/render_high/texture/look_surfacing_electronics_tesla_coil01_render_high_texture/electronics_tesla_coil01_Metallic.<UDIM>.jpg from 10240x4096 to 2048x819 (limit 2048)
[2026-03-15T09:10:07Z INFO  bif_viewport::texture_loader] Viewport downscale //freya/E_rename/_houdiniFiles/USD/USD_ALab_0730/fragment/look/surfacing/electronics_tesla_coil01/render_high/texture/look_surfacing_electronics_tesla_coil01_render_high_texture/electronics_tesla_coil01_Normal_openGL.<UDIM>.jpg from 10240x4096 to 2048x819 (limit 2048)
[2026-03-15T09:10:07Z INFO  bif_viewport::texture_loader] Viewport downscale //freya/E_rename/_houdiniFiles/USD/USD_ALab_0730/fragment/look/surfacing/electronics_turntable01/render_high/texture/look_surfacing_electronics_turntable01_render_high_texture/electronics_turntable01_BaseColor.<UDIM>.jpg from 10240x4096 to 2048x819 (limit 2048)
[2026-03-15T09:10:07Z INFO  bif_viewport::texture_loader] Viewport downscale //freya/E_rename/_houdiniFiles/USD/USD_ALab_0730/fragment/look/surfacing/electronics_turntable01/render_high/texture/look_surfacing_electronics_turntable01_render_high_texture/electronics_turntable01_Roughness.<UDIM>.jpg from 10240x4096 to 2048x819 (limit 2048)
[2026-03-15T09:10:07Z INFO  bif_viewport::texture_loader] Viewport downscale //freya/E_rename/_houdiniFiles/USD/USD_ALab_0730/fragment/look/surfacing/electronics_turntable01/render_high/texture/look_surfacing_electronics_turntable01_render_high_texture/electronics_turntable01_Normal_openGL.<UDIM>.jpg from 10240x4096 to 2048x819 (limit 2048)
[2026-03-15T09:10:07Z INFO  bif_viewport::texture_loader] Viewport downscale //freya/E_rename/_houdiniFiles/USD/USD_ALab_0730/fragment/look/surfacing/electronics_wire_spool01/render_high/texture/look_surfacing_electronics_wire_spool01_render_high_texture/electronics_wire_spool01_BaseColor.<UDIM>.jpg from 4096x2048 to 2048x1024 (limit 2048)
[2026-03-15T09:10:07Z INFO  bif_viewport::texture_loader] Viewport downscale //freya/E_rename/_houdiniFiles/USD/USD_ALab_0730/fragment/look/surfacing/electronics_wire_spool01/render_high/texture/look_surfacing_electronics_wire_spool01_render_high_texture/electronics_wire_spool01_Roughness.<UDIM>.jpg from 4096x2048 to 2048x1024 (limit 2048)
[2026-03-15T09:10:08Z INFO  bif_viewport::texture_loader] Viewport downscale //freya/E_rename/_houdiniFiles/USD/USD_ALab_0730/fragment/look/surfacing/electronics_wire_spool01/render_high/texture/look_surfacing_electronics_wire_spool01_render_high_texture/electronics_wire_spool01_Metallic.<UDIM>.jpg from 4096x2048 to 2048x1024 (limit 2048)
[2026-03-15T09:10:08Z INFO  bif_viewport::texture_loader] Viewport downscale //freya/E_rename/_houdiniFiles/USD/USD_ALab_0730/fragment/look/surfacing/electronics_wire_spool01/render_high/texture/look_surfacing_electronics_wire_spool01_render_high_texture/electronics_wire_spool01_Normal_openGL.<UDIM>.jpg from 4096x2048 to 2048x1024 (limit 2048)
[2026-03-15T09:10:08Z INFO  bif_viewport::texture_loader] Viewport downscale //freya/E_rename/_houdiniFiles/USD/USD_ALab_0730/fragment/look/surfacing/furniture_blackboard01/render_high/texture/look_surfacing_furniture_blackboard01_render_high_texture/furniture_blackboard01_BaseColor.<UDIM>.jpg from 6144x2048 to 2048x682 (limit 2048)
[2026-03-15T09:10:08Z INFO  bif_viewport::texture_loader] Viewport downscale //freya/E_rename/_houdiniFiles/USD/USD_ALab_0730/fragment/look/surfacing/furniture_blackboard01/render_high/texture/look_surfacing_furniture_blackboard01_render_high_texture/furniture_blackboard01_Roughness.<UDIM>.jpg from 6144x2048 to 2048x682 (limit 2048)
[2026-03-15T09:10:08Z INFO  bif_viewport::texture_loader] Viewport downscale //freya/E_rename/_houdiniFiles/USD/USD_ALab_0730/fragment/look/surfacing/furniture_blackboard01/render_high/texture/look_surfacing_furniture_blackboard01_render_high_texture/furniture_blackboard01_Normal_openGL.<UDIM>.jpg from 6144x2048 to 2048x682 (limit 2048)
[2026-03-15T09:10:08Z INFO  bif_viewport::texture_loader] Viewport downscale //freya/E_rename/_houdiniFiles/USD/USD_ALab_0730/fragment/look/surfacing/furniture_shelving01/render_high/texture/look_surfacing_furniture_shelving01_render_high_texture/furniture_shelving01_BaseColor.<UDIM>.jpg from 4096x2048 to 2048x1024 (limit 2048)
[2026-03-15T09:10:08Z INFO  bif_viewport::texture_loader] Viewport downscale //freya/E_rename/_houdiniFiles/USD/USD_ALab_0730/fragment/look/surfacing/furniture_shelving01/render_high/texture/look_surfacing_furniture_shelving01_render_high_texture/furniture_shelving01_Roughness.<UDIM>.jpg from 4096x2048 to 2048x1024 (limit 2048)
[2026-03-15T09:10:08Z INFO  bif_viewport::texture_loader] Viewport downscale //freya/E_rename/_houdiniFiles/USD/USD_ALab_0730/fragment/look/surfacing/furniture_shelving01/render_high/texture/look_surfacing_furniture_shelving01_render_high_texture/furniture_shelving01_Normal_openGL.<UDIM>.jpg from 4096x2048 to 2048x1024 (limit 2048)
[2026-03-15T09:10:08Z INFO  bif_viewport::texture_loader] Viewport downscale //freya/E_rename/_houdiniFiles/USD/USD_ALab_0730/fragment/look/surfacing/stationary_notepad01/render_high/texture/look_surfacing_stationary_notepad01_render_high_texture/stationary_notepad01_BaseColor.<UDIM>.jpg from 6144x2048 to 2048x682 (limit 2048)
[2026-03-15T09:10:08Z INFO  bif_viewport::texture_loader] Viewport downscale //freya/E_rename/_houdiniFiles/USD/USD_ALab_0730/fragment/look/surfacing/stationary_notepad01/render_high/texture/look_surfacing_stationary_notepad01_render_high_texture/stationary_notepad01_Roughness.<UDIM>.jpg from 6144x2048 to 2048x682 (limit 2048)
[2026-03-15T09:10:08Z INFO  bif_viewport::texture_loader] Viewport downscale //freya/E_rename/_houdiniFiles/USD/USD_ALab_0730/fragment/look/surfacing/stationary_notepad01/render_high/texture/look_surfacing_stationary_notepad01_render_high_texture/stationary_notepad01_Normal_openGL.<UDIM>.jpg from 6144x2048 to 2048x682 (limit 2048)
[2026-03-15T09:10:08Z INFO  bif_viewport::texture_loader] Viewport downscale //freya/E_rename/_houdiniFiles/USD/USD_ALab_0730/fragment/look/surfacing/stationary_protractor_box01/render_high/texture/look_surfacing_stationary_protractor_box01_render_high_texture/stationary_protractor_box01_BaseColor.<UDIM>.jpg from 4096x4096 to 2048x2048 (limit 2048)
[2026-03-15T09:10:08Z INFO  bif_viewport::texture_loader] Viewport downscale //freya/E_rename/_houdiniFiles/USD/USD_ALab_0730/fragment/look/surfacing/stationary_protractor_box01/render_high/texture/look_surfacing_stationary_protractor_box01_render_high_texture/stationary_protractor_box01_Roughness.<UDIM>.jpg from 4096x4096 to 2048x2048 (limit 2048)
[2026-03-15T09:10:08Z INFO  bif_viewport::texture_loader] Viewport downscale //freya/E_rename/_houdiniFiles/USD/USD_ALab_0730/fragment/look/surfacing/stationary_protractor_box01/render_high/texture/look_surfacing_stationary_protractor_box01_render_high_texture/stationary_protractor_box01_Normal_openGL.<UDIM>.jpg from 4096x4096 to 2048x2048 (limit 2048)
[2026-03-15T09:10:08Z INFO  bif_viewport::texture_loader] Viewport downscale //freya/E_rename/_houdiniFiles/USD/USD_ALab_0730/fragment/look/surfacing/stationary_slide_rule01/render_high/texture/look_surfacing_stationary_slide_rule01_render_high_texture/stationary_slide_rule01_BaseColor.<UDIM>.jpg from 6144x2048 to 2048x682 (limit 2048)
[2026-03-15T09:10:08Z INFO  bif_viewport::texture_loader] Viewport downscale //freya/E_rename/_houdiniFiles/USD/USD_ALab_0730/fragment/look/surfacing/stationary_slide_rule01/render_high/texture/look_surfacing_stationary_slide_rule01_render_high_texture/stationary_slide_rule01_Roughness.<UDIM>.jpg from 6144x2048 to 2048x682 (limit 2048)
[2026-03-15T09:10:08Z INFO  bif_viewport::texture_loader] Viewport downscale //freya/E_rename/_houdiniFiles/USD/USD_ALab_0730/fragment/look/surfacing/stationary_slide_rule01/render_high/texture/look_surfacing_stationary_slide_rule01_render_high_texture/stationary_slide_rule01_Normal_openGL.<UDIM>.jpg from 6144x2048 to 2048x682 (limit 2048)
[2026-03-15T09:10:08Z INFO  bif_viewport::texture_loader] Viewport downscale //freya/E_rename/_houdiniFiles/USD/USD_ALab_0730/fragment/look/surfacing/books_encyclopedias01/render_high/texture/look_surfacing_books_encyclopedias01_render_high_texture/books_encyclopedias01_BaseColor.<UDIM>.jpg from 6144x2048 to 2048x682 (limit 2048)
[2026-03-15T09:10:08Z INFO  bif_viewport::texture_loader] Viewport downscale //freya/E_rename/_houdiniFiles/USD/USD_ALab_0730/fragment/look/surfacing/books_encyclopedias01/render_high/texture/look_surfacing_books_encyclopedias01_render_high_texture/books_encyclopedias01_Roughness.<UDIM>.jpg from 6144x2048 to 2048x682 (limit 2048)
[2026-03-15T09:10:08Z INFO  bif_viewport::texture_loader] Viewport downscale //freya/E_rename/_houdiniFiles/USD/USD_ALab_0730/fragment/look/surfacing/books_encyclopedias01/render_high/texture/look_surfacing_books_encyclopedias01_render_high_texture/books_encyclopedias01_Normal_openGL.<UDIM>.jpg from 6144x2048 to 2048x682 (limit 2048)
[2026-03-15T09:10:08Z INFO  bif_viewport::texture_loader] Viewport downscale //freya/E_rename/_houdiniFiles/USD/USD_ALab_0730/fragment/look/surfacing/toy_box03/render_high/texture/look_surfacing_toy_box03_render_high_texture/toy_box03_BaseColor.<UDIM>.jpg from 6144x2048 to 2048x682 (limit 2048)
[2026-03-15T09:10:08Z INFO  bif_viewport::texture_loader] Viewport downscale //freya/E_rename/_houdiniFiles/USD/USD_ALab_0730/fragment/look/surfacing/toy_box03/render_high/texture/look_surfacing_toy_box03_render_high_texture/toy_box03_Roughness.<UDIM>.jpg from 6144x2048 to 2048x682 (limit 2048)
[2026-03-15T09:10:08Z INFO  bif_viewport::texture_loader] Viewport downscale //freya/E_rename/_houdiniFiles/USD/USD_ALab_0730/fragment/look/surfacing/toy_box03/render_high/texture/look_surfacing_toy_box03_render_high_texture/toy_box03_Normal_openGL.<UDIM>.jpg from 6144x2048 to 2048x682 (limit 2048)
[2026-03-15T09:10:08Z INFO  bif_viewport::texture_loader] Viewport downscale //freya/E_rename/_houdiniFiles/USD/USD_ALab_0730/fragment/look/surfacing/chemistry_magnetic_stirrer01/render_high/texture/look_surfacing_chemistry_magnetic_stirrer01_render_high_texture/chemistry_magnetic_stirrer01_BaseColor.<UDIM>.jpg from 4096x4096 to 2048x2048 (limit 2048)
[2026-03-15T09:10:08Z INFO  bif_viewport::texture_loader] Viewport downscale //freya/E_rename/_houdiniFiles/USD/USD_ALab_0730/fragment/look/surfacing/chemistry_magnetic_stirrer01/render_high/texture/look_surfacing_chemistry_magnetic_stirrer01_render_high_texture/chemistry_magnetic_stirrer01_Roughness.<UDIM>.jpg from 4096x4096 to 2048x2048 (limit 2048)
[2026-03-15T09:10:09Z INFO  bif_viewport::texture_loader] Viewport downscale //freya/E_rename/_houdiniFiles/USD/USD_ALab_0730/fragment/look/surfacing/chemistry_magnetic_stirrer01/render_high/texture/look_surfacing_chemistry_magnetic_stirrer01_render_high_texture/chemistry_magnetic_stirrer01_Normal_openGL.<UDIM>.jpg from 4096x4096 to 2048x2048 (limit 2048)
[2026-03-15T09:10:09Z INFO  bif_viewport::texture_loader] Viewport downscale //freya/E_rename/_houdiniFiles/USD/USD_ALab_0730/fragment/look/surfacing/electronics_spoolrack/render_high/texture/look_surfacing_electronics_spoolrack_render_high_texture/electronics_spoolrack_BaseColor.<UDIM>.jpg from 4096x2048 to 2048x1024 (limit 2048)
[2026-03-15T09:10:09Z INFO  bif_viewport::texture_loader] Viewport downscale //freya/E_rename/_houdiniFiles/USD/USD_ALab_0730/fragment/look/surfacing/electronics_spoolrack/render_high/texture/look_surfacing_electronics_spoolrack_render_high_texture/electronics_spoolrack_Roughness.<UDIM>.jpg from 4096x2048 to 2048x1024 (limit 2048)
[2026-03-15T09:10:09Z INFO  bif_viewport::texture_loader] Viewport downscale //freya/E_rename/_houdiniFiles/USD/USD_ALab_0730/fragment/look/surfacing/electronics_spoolrack/render_high/texture/look_surfacing_electronics_spoolrack_render_high_texture/electronics_spoolrack_Normal_openGL.<UDIM>.jpg from 4096x2048 to 2048x1024 (limit 2048)
[2026-03-15T09:10:09Z INFO  bif_viewport::texture_loader] Viewport downscale //freya/E_rename/_houdiniFiles/USD/USD_ALab_0730/fragment/look/surfacing/electronics_wire_spool02/render_high/texture/look_surfacing_electronics_wire_spool02_render_high_texture/electronics_wire_spool02_BaseColor.<UDIM>.jpg from 4096x2048 to 2048x1024 (limit 2048)
[2026-03-15T09:10:09Z INFO  bif_viewport::texture_loader] Viewport downscale //freya/E_rename/_houdiniFiles/USD/USD_ALab_0730/fragment/look/surfacing/electronics_wire_spool02/render_high/texture/look_surfacing_electronics_wire_spool02_render_high_texture/electronics_wire_spool02_Roughness.<UDIM>.jpg from 4096x2048 to 2048x1024 (limit 2048)
[2026-03-15T09:10:09Z INFO  bif_viewport::texture_loader] Viewport downscale //freya/E_rename/_houdiniFiles/USD/USD_ALab_0730/fragment/look/surfacing/electronics_wire_spool02/render_high/texture/look_surfacing_electronics_wire_spool02_render_high_texture/electronics_wire_spool02_Metallic.<UDIM>.jpg from 4096x2048 to 2048x1024 (limit 2048)
[2026-03-15T09:10:09Z INFO  bif_viewport::texture_loader] Viewport downscale //freya/E_rename/_houdiniFiles/USD/USD_ALab_0730/fragment/look/surfacing/electronics_wire_spool02/render_high/texture/look_surfacing_electronics_wire_spool02_render_high_texture/electronics_wire_spool02_Normal_openGL.<UDIM>.jpg from 4096x2048 to 2048x1024 (limit 2048)
[2026-03-15T09:10:09Z INFO  bif_viewport::texture_loader] Viewport downscale //freya/E_rename/_houdiniFiles/USD/USD_ALab_0730/fragment/look/surfacing/toy_curly_surgery/render_high/texture/look_surfacing_toy_curly_surgery_render_high_texture/toy_curly_surgery_BaseColor.<UDIM>.jpg from 8192x4096 to 2048x1024 (limit 2048)
[2026-03-15T09:10:09Z INFO  bif_viewport::texture_loader] Viewport downscale //freya/E_rename/_houdiniFiles/USD/USD_ALab_0730/fragment/look/surfacing/toy_curly_surgery/render_high/texture/look_surfacing_toy_curly_surgery_render_high_texture/toy_curly_surgery_Roughness.<UDIM>.jpg from 8192x4096 to 2048x1024 (limit 2048)
[2026-03-15T09:10:09Z INFO  bif_viewport::texture_loader] Viewport downscale //freya/E_rename/_houdiniFiles/USD/USD_ALab_0730/fragment/look/surfacing/toy_curly_surgery/render_high/texture/look_surfacing_toy_curly_surgery_render_high_texture/toy_curly_surgery_Normal_openGL.<UDIM>.jpg from 8192x4096 to 2048x1024 (limit 2048)
[2026-03-15T09:10:09Z INFO  bif_viewport::texture_loader] Viewport downscale //freya/E_rename/_houdiniFiles/USD/USD_ALab_0730/fragment/look/surfacing/electronics_cabling/render_high/texture/look_surfacing_electronics_cabling_render_high_texture/electronics_cabling_BaseColor.<UDIM>.jpg from 8192x4096 to 2048x1024 (limit 2048)
[2026-03-15T09:10:09Z INFO  bif_viewport::texture_loader] Viewport downscale //freya/E_rename/_houdiniFiles/USD/USD_ALab_0730/fragment/look/surfacing/electronics_cabling/render_high/texture/look_surfacing_electronics_cabling_render_high_texture/electronics_cabling_Roughness.<UDIM>.jpg from 8192x4096 to 2048x1024 (limit 2048)
[2026-03-15T09:10:09Z INFO  bif_viewport::texture_loader] Viewport downscale //freya/E_rename/_houdiniFiles/USD/USD_ALab_0730/fragment/look/surfacing/electronics_cabling/render_high/texture/look_surfacing_electronics_cabling_render_high_texture/electronics_cabling_Normal_openGL.<UDIM>.jpg from 8192x4096 to 2048x1024 (limit 2048)
[2026-03-15T09:10:09Z INFO  bif_viewport::texture_loader] Viewport downscale //freya/E_rename/_houdiniFiles/USD/USD_ALab_0730/fragment/look/surfacing/decor_bonsai_jar01/render_high/texture/look_surfacing_decor_bonsai_jar01_render_high_texture/decor_bonsai_jar01_BaseColor.<UDIM>.jpg from 6144x2048 to 2048x682 (limit 2048)
[2026-03-15T09:10:09Z INFO  bif_viewport::texture_loader] Viewport downscale //freya/E_rename/_houdiniFiles/USD/USD_ALab_0730/fragment/look/surfacing/decor_bonsai_jar01/render_high/texture/look_surfacing_decor_bonsai_jar01_render_high_texture/decor_bonsai_jar01_Roughness.<UDIM>.jpg from 6144x2048 to 2048x682 (limit 2048)
[2026-03-15T09:10:09Z INFO  bif_viewport::texture_loader] Viewport downscale //freya/E_rename/_houdiniFiles/USD/USD_ALab_0730/fragment/look/surfacing/decor_bonsai_jar01/render_high/texture/look_surfacing_decor_bonsai_jar01_render_high_texture/decor_bonsai_jar01_Normal_openGL.<UDIM>.jpg from 6144x2048 to 2048x682 (limit 2048)
[2026-03-15T09:10:09Z INFO  bif_viewport::texture_loader] Viewport downscale //freya/E_rename/_houdiniFiles/USD/USD_ALab_0730/fragment/look/surfacing/electronics_wire_spool04/render_high/texture/look_surfacing_electronics_wire_spool04_render_high_texture/electronics_wire_spool04_BaseColor.<UDIM>.jpg from 4096x2048 to 2048x1024 (limit 2048)
[2026-03-15T09:10:09Z INFO  bif_viewport::texture_loader] Viewport downscale //freya/E_rename/_houdiniFiles/USD/USD_ALab_0730/fragment/look/surfacing/electronics_wire_spool04/render_high/texture/look_surfacing_electronics_wire_spool04_render_high_texture/electronics_wire_spool04_Roughness.<UDIM>.jpg from 4096x2048 to 2048x1024 (limit 2048)
[2026-03-15T09:10:09Z INFO  bif_viewport::texture_loader] Viewport downscale //freya/E_rename/_houdiniFiles/USD/USD_ALab_0730/fragment/look/surfacing/electronics_wire_spool04/render_high/texture/look_surfacing_electronics_wire_spool04_render_high_texture/electronics_wire_spool04_Metallic.<UDIM>.jpg from 4096x2048 to 2048x1024 (limit 2048)
[2026-03-15T09:10:09Z INFO  bif_viewport::texture_loader] Viewport downscale //freya/E_rename/_houdiniFiles/USD/USD_ALab_0730/fragment/look/surfacing/electronics_wire_spool04/render_high/texture/look_surfacing_electronics_wire_spool04_render_high_texture/electronics_wire_spool04_Normal_openGL.<UDIM>.jpg from 4096x2048 to 2048x1024 (limit 2048)
[2026-03-15T09:10:09Z INFO  bif_viewport::texture_loader] Viewport downscale //freya/E_rename/_houdiniFiles/USD/USD_ALab_0730/fragment/look/surfacing/electronics_wire_spool05/render_high/texture/look_surfacing_electronics_wire_spool05_render_high_texture/electronics_wire_spool05_BaseColor.<UDIM>.jpg from 4096x2048 to 2048x1024 (limit 2048)
[2026-03-15T09:10:09Z INFO  bif_viewport::texture_loader] Viewport downscale //freya/E_rename/_houdiniFiles/USD/USD_ALab_0730/fragment/look/surfacing/electronics_wire_spool05/render_high/texture/look_surfacing_electronics_wire_spool05_render_high_texture/electronics_wire_spool05_Roughness.<UDIM>.jpg from 4096x2048 to 2048x1024 (limit 2048)
[2026-03-15T09:10:09Z INFO  bif_viewport::texture_loader] Viewport downscale //freya/E_rename/_houdiniFiles/USD/USD_ALab_0730/fragment/look/surfacing/electronics_wire_spool05/render_high/texture/look_surfacing_electronics_wire_spool05_render_high_texture/electronics_wire_spool05_Metallic.<UDIM>.jpg from 4096x2048 to 2048x1024 (limit 2048)
[2026-03-15T09:10:09Z INFO  bif_viewport::texture_loader] Viewport downscale //freya/E_rename/_houdiniFiles/USD/USD_ALab_0730/fragment/look/surfacing/electronics_wire_spool05/render_high/texture/look_surfacing_electronics_wire_spool05_render_high_texture/electronics_wire_spool05_Normal_openGL.<UDIM>.jpg from 4096x2048 to 2048x1024 (limit 2048)
[2026-03-15T09:10:09Z INFO  bif_viewport::texture_loader] Viewport downscale //freya/E_rename/_houdiniFiles/USD/USD_ALab_0730/fragment/look/surfacing/electronics_wire_spool06/render_high/texture/look_surfacing_electronics_wire_spool06_render_high_texture/electronics_wire_spool06_BaseColor.<UDIM>.jpg from 4096x2048 to 2048x1024 (limit 2048)
[2026-03-15T09:10:09Z INFO  bif_viewport::texture_loader] Viewport downscale //freya/E_rename/_houdiniFiles/USD/USD_ALab_0730/fragment/look/surfacing/electronics_wire_spool06/render_high/texture/look_surfacing_electronics_wire_spool06_render_high_texture/electronics_wire_spool06_Roughness.<UDIM>.jpg from 4096x2048 to 2048x1024 (limit 2048)
[2026-03-15T09:10:09Z INFO  bif_viewport::texture_loader] Viewport downscale //freya/E_rename/_houdiniFiles/USD/USD_ALab_0730/fragment/look/surfacing/electronics_wire_spool06/render_high/texture/look_surfacing_electronics_wire_spool06_render_high_texture/electronics_wire_spool06_Metallic.<UDIM>.jpg from 4096x2048 to 2048x1024 (limit 2048)
[2026-03-15T09:10:09Z INFO  bif_viewport::texture_loader] Viewport downscale //freya/E_rename/_houdiniFiles/USD/USD_ALab_0730/fragment/look/surfacing/electronics_wire_spool06/render_high/texture/look_surfacing_electronics_wire_spool06_render_high_texture/electronics_wire_spool06_Normal_openGL.<UDIM>.jpg from 4096x2048 to 2048x1024 (limit 2048)
[2026-03-15T09:10:10Z INFO  bif_viewport::texture_loader] Viewport downscale //freya/E_rename/_houdiniFiles/USD/USD_ALab_0730/fragment/look/surfacing/structure_wall_fibro01/render_high/texture/look_surfacing_structure_wall_fibro01_render_high_texture/structure_wall_fibro01_BaseColor.<UDIM>.jpg from 6144x4096 to 2048x1365 (limit 2048)
[2026-03-15T09:10:10Z INFO  bif_viewport::texture_loader] Viewport downscale //freya/E_rename/_houdiniFiles/USD/USD_ALab_0730/fragment/look/surfacing/structure_wall_fibro01/render_high/texture/look_surfacing_structure_wall_fibro01_render_high_texture/structure_wall_fibro01_Roughness.<UDIM>.jpg from 6144x4096 to 2048x1365 (limit 2048)
[2026-03-15T09:10:10Z INFO  bif_viewport::texture_loader] Viewport downscale //freya/E_rename/_houdiniFiles/USD/USD_ALab_0730/fragment/look/surfacing/structure_wall_fibro01/render_high/texture/look_surfacing_structure_wall_fibro01_render_high_texture/structure_wall_fibro01_Normal_openGL.<UDIM>.jpg from 6144x4096 to 2048x1365 (limit 2048)
[2026-03-15T09:10:10Z INFO  bif_viewport::texture_loader] Viewport downscale //freya/E_rename/_houdiniFiles/USD/USD_ALab_0730/fragment/look/surfacing/structure_wall_fibro02/render_high/texture/look_surfacing_structure_wall_fibro02_render_high_texture/structure_wall_fibro02_BaseColor.<UDIM>.jpg from 6144x4096 to 2048x1365 (limit 2048)
[2026-03-15T09:10:10Z INFO  bif_viewport::texture_loader] Viewport downscale //freya/E_rename/_houdiniFiles/USD/USD_ALab_0730/fragment/look/surfacing/structure_wall_fibro02/render_high/texture/look_surfacing_structure_wall_fibro02_render_high_texture/structure_wall_fibro02_Roughness.<UDIM>.jpg from 6144x4096 to 2048x1365 (limit 2048)
[2026-03-15T09:10:10Z INFO  bif_viewport::texture_loader] Viewport downscale //freya/E_rename/_houdiniFiles/USD/USD_ALab_0730/fragment/look/surfacing/structure_wall_fibro02/render_high/texture/look_surfacing_structure_wall_fibro02_render_high_texture/structure_wall_fibro02_Normal_openGL.<UDIM>.jpg from 6144x4096 to 2048x1365 (limit 2048)
[2026-03-15T09:10:10Z INFO  bif_viewport::texture_loader] Viewport downscale //freya/E_rename/_houdiniFiles/USD/USD_ALab_0730/fragment/look/surfacing/structure_wall_fibro03/render_high/texture/look_surfacing_structure_wall_fibro03_render_high_texture/structure_wall_fibro03_BaseColor.<UDIM>.jpg from 6144x4096 to 2048x1365 (limit 2048)
[2026-03-15T09:10:10Z INFO  bif_viewport::texture_loader] Viewport downscale //freya/E_rename/_houdiniFiles/USD/USD_ALab_0730/fragment/look/surfacing/structure_wall_fibro03/render_high/texture/look_surfacing_structure_wall_fibro03_render_high_texture/structure_wall_fibro03_Roughness.<UDIM>.jpg from 6144x4096 to 2048x1365 (limit 2048)
[2026-03-15T09:10:10Z INFO  bif_viewport::texture_loader] Viewport downscale //freya/E_rename/_houdiniFiles/USD/USD_ALab_0730/fragment/look/surfacing/structure_wall_fibro03/render_high/texture/look_surfacing_structure_wall_fibro03_render_high_texture/structure_wall_fibro03_Normal_openGL.<UDIM>.jpg from 6144x4096 to 2048x1365 (limit 2048)
[2026-03-15T09:10:10Z INFO  bif_viewport::texture_loader] Uploaded 272 textures to GPU: 5085.1ms
[2026-03-15T09:10:10Z INFO  bif_renderer::pick_scene] Pick scene built (indexed): 2566649 triangles, 914 instances, 1640725 shared verts
[2026-03-15T09:10:10Z INFO  bif_viewport] Pick scene rebuilt (indexed): 2566649 tris, 1640725 shared verts, 914 instances
[2026-03-15T09:10:11Z INFO  bif_viewport::scene_loader] Working scene reloaded: 444 protos, 914 instances, 2345917186 tris
[2026-03-15T09:10:11Z INFO  bif_viewport::scene_loader] Viewport Setup:
[2026-03-15T09:10:11Z INFO  bif_viewport::scene_loader]   GPU buffers:   217.5ms
[2026-03-15T09:10:11Z INFO  bif_viewport::scene_loader]   Textures:        2.8ms (273 textures)
[2026-03-15T09:10:11Z INFO  bif_viewport::scene_loader]   Total:       55771.8ms
[2026-03-15T09:10:11Z INFO  bif_viewport::ivar_build] Started material pre-warm (132 materials)
[2026-03-15T09:10:11Z INFO  bif_viewport::render] UsdRead NodeId(0) owns protos [0, 1, 2, 3, 4, 5, 6, 7, 8, 9, 10, 11, 12, 13, 14, 15, 16, 17, 18, 19, 20, 21, 22, 23, 24, 25, 26, 27, 28, 29, 30, 31, 32, 33, 34, 35, 36, 37, 38, 39, 40, 41, 42, 43, 44, 45, 46, 47, 48, 49, 50, 51, 52, 53, 54, 55, 56, 57, 58, 59, 60, 61, 62, 63, 64, 65, 66, 67, 68, 69, 70, 71, 72, 73, 74, 75, 76, 77, 78, 79, 80, 81, 82, 83, 84, 85, 86, 87, 88, 89, 90, 91, 92, 93, 94, 95, 96, 97, 98, 99, 100, 101, 102, 103, 104, 105, 106, 107, 108, 109, 110, 111, 112, 113, 114, 115, 116, 117, 118, 119, 120, 121, 122, 123, 124, 125, 126, 127, 128, 129, 130, 131, 132, 133, 134, 135, 136, 137, 138, 139, 140, 141, 142, 143, 144, 145, 146, 147, 148, 149, 150, 151, 152, 153, 154, 155, 156, 157, 158, 159, 160, 161, 162, 163, 164, 165, 166, 167, 168, 169, 170, 171, 172, 173, 174, 175, 176, 177, 178, 179, 180, 181, 182, 183, 184, 185, 186, 187, 188, 189, 190, 191, 192, 193, 194, 195, 196, 197, 198, 199, 200, 201, 202, 203, 204, 205, 206, 207, 208, 209, 210, 211, 212, 213, 214, 215, 216, 217, 218, 219, 220, 221, 222, 223, 224, 225, 226, 227, 228, 229, 230, 231, 232, 233, 234, 235, 236, 237, 238, 239, 240, 241, 242, 243, 244, 245, 246, 247, 248, 249, 250, 251, 252, 253, 254, 255, 256, 257, 258, 259, 260, 261, 262, 263, 264, 265, 266, 267, 268, 269, 270, 271, 272, 273, 274, 275, 276, 277, 278, 279, 280, 281, 282, 283, 284, 285, 286, 287, 288, 289, 290, 291, 292, 293, 294, 295, 296, 297, 298, 299, 300, 301, 302, 303, 304, 305, 306, 307, 308, 309, 310, 311, 312, 313, 314, 315, 316, 317, 318, 319, 320, 321, 322, 323, 324, 325, 326, 327, 328, 329, 330, 331, 332, 333, 334, 335, 336, 337, 338, 339, 340, 341, 342, 343, 344, 345, 346, 347, 348, 349, 350, 351, 352, 353, 354, 355, 356, 357, 358, 359, 360, 361, 362, 363, 364, 365, 366, 367, 368, 369, 370, 371, 372, 373, 374, 375, 376, 377, 378, 379, 380, 381, 382, 383, 384, 385, 386, 387, 388, 389, 390, 391, 392, 393, 394, 395, 396, 397, 398, 399, 400, 401, 402, 403, 404, 405, 406, 407, 408, 409, 410, 411, 412, 413, 414, 415, 416, 417, 418, 419, 420, 421, 422, 423, 424, 425, 426, 427, 428, 429, 430, 431, 432, 433, 434, 435, 436, 437, 438, 439, 440, 441, 442, 443]
[2026-03-15T09:10:11Z INFO  bif_viewport::render] USD file loaded successfully: Z:\_houdiniFiles\USD\USD_ALab_0730\entry.usda
[2026-03-15T09:10:11Z INFO  bif_core::texture] Texture furniture_workbench01_proxyTexture.jpg (512x512): decode=11.8ms, convert=0.8ms, linear=4.4ms, total=17.0ms
[2026-03-15T09:10:11Z WARN  wgpu_hal::vulkan::conv] Unrecognized present mode 1000361000
[2026-03-15T09:10:11Z INFO  bif_core::texture] Texture furniture_workbench01_BaseColor.1001.jpg (2048x2048): decode=54.2ms, convert=9.0ms, linear=24.5ms, total=87.8ms
[2026-03-15T09:10:11Z INFO  bif_core::texture] Texture furniture_workbench01_BaseColor.1002.jpg (2048x2048): decode=60.6ms, convert=9.0ms, linear=24.3ms, total=93.9ms
[2026-03-15T09:10:11Z INFO  bif_viewer] Resized to 2102x1100
[2026-03-15T09:10:11Z INFO  bif_core::texture] Texture furniture_workbench01_BaseColor.1003.jpg (2048x2048): decode=61.3ms, convert=9.4ms, linear=23.0ms, total=93.8ms
[2026-03-15T09:10:11Z INFO  bif_viewport::texture_loader] Viewport downscale //freya/E_rename/_houdiniFiles/USD/USD_ALab_0730/fragment/look/surfacing/furniture_workbench01/render_high/texture/look_surfacing_furniture_workbench01_render_high_texture/furniture_workbench01_BaseColor.<UDIM>.jpg from 8192x6144 to 2048x1536 (limit 2048)
[2026-03-15T09:10:11Z INFO  bif_core::texture] Texture furniture_workbench01_BaseColor.1004.jpg (2048x2048): decode=63.7ms, convert=9.6ms, linear=23.9ms, total=97.2ms
[2026-03-15T09:10:11Z INFO  bif_viewport::texture_loader] Viewport downscale //freya/E_rename/_houdiniFiles/USD/USD_ALab_0730/fragment/look/surfacing/furniture_workbench01/render_high/texture/look_surfacing_furniture_workbench01_render_high_texture/furniture_workbench01_Roughness.<UDIM>.jpg from 8192x6144 to 2048x1536 (limit 2048)
[2026-03-15T09:10:11Z INFO  bif_core::texture] Texture furniture_workbench01_BaseColor.1011.jpg (2048x2048): decode=65.1ms, convert=10.2ms, linear=26.7ms, total=102.1ms
[2026-03-15T09:10:11Z INFO  bif_viewport::texture_loader] Viewport downscale //freya/E_rename/_houdiniFiles/USD/USD_ALab_0730/fragment/look/surfacing/furniture_workbench01/render_high/texture/look_surfacing_furniture_workbench01_render_high_texture/furniture_workbench01_Normal_openGL.<UDIM>.jpg from 8192x6144 to 2048x1536 (limit 2048)
[2026-03-15T09:10:12Z INFO  bif_viewport::texture_loader] Viewport downscale //freya/E_rename/_houdiniFiles/USD/USD_ALab_0730/fragment/look/surfacing/electronics_oscilloscope01/render_high/texture/look_surfacing_electronics_oscilloscope01_render_high_texture/electronics_oscilloscope01_BaseColor.<UDIM>.jpg from 8192x6144 to 2048x1536 (limit 2048)
[2026-03-15T09:10:12Z INFO  bif_core::texture] Texture furniture_workbench01_BaseColor.1012.jpg (2048x2048): decode=71.1ms, convert=11.3ms, linear=31.8ms, total=114.2ms
[2026-03-15T09:10:12Z INFO  bif_viewport::texture_loader] Viewport downscale //freya/E_rename/_houdiniFiles/USD/USD_ALab_0730/fragment/look/surfacing/electronics_oscilloscope01/render_high/texture/look_surfacing_electronics_oscilloscope01_render_high_texture/electronics_oscilloscope01_Roughness.<UDIM>.jpg from 8192x6144 to 2048x1536 (limit 2048)
[2026-03-15T09:10:12Z INFO  bif_core::texture] Texture furniture_workbench01_BaseColor.1013.jpg (2048x2048): decode=82.6ms, convert=12.8ms, linear=34.4ms, total=129.8ms
[2026-03-15T09:10:12Z INFO  bif_viewport::texture_loader] Viewport downscale //freya/E_rename/_houdiniFiles/USD/USD_ALab_0730/fragment/look/surfacing/electronics_oscilloscope01/render_high/texture/look_surfacing_electronics_oscilloscope01_render_high_texture/electronics_oscilloscope01_Metallic.<UDIM>.jpg from 8192x6144 to 2048x1536 (limit 2048)
[2026-03-15T09:10:12Z INFO  bif_core::texture] Texture furniture_workbench01_BaseColor.1014.jpg (2048x2048): decode=75.5ms, convert=10.4ms, linear=37.7ms, total=123.7ms
[2026-03-15T09:10:12Z INFO  bif_viewport::texture_loader] Viewport downscale //freya/E_rename/_houdiniFiles/USD/USD_ALab_0730/fragment/look/surfacing/electronics_oscilloscope01/render_high/texture/look_surfacing_electronics_oscilloscope01_render_high_texture/electronics_oscilloscope01_Normal_openGL.<UDIM>.jpg from 8192x6144 to 2048x1536 (limit 2048)
[2026-03-15T09:10:12Z INFO  bif_core::texture] Texture furniture_workbench01_BaseColor.1021.jpg (2048x2048): decode=72.4ms, convert=14.2ms, linear=34.2ms, total=120.7ms
[2026-03-15T09:10:12Z INFO  bif_viewport::texture_loader] Viewport downscale //freya/E_rename/_houdiniFiles/USD/USD_ALab_0730/fragment/look/surfacing/electronics_portable_tv01/render_high/texture/look_surfacing_electronics_portable_tv01_render_high_texture/electronics_portable_tv01_BaseColor.<UDIM>.jpg from 10240x6144 to 2048x1228 (limit 2048)
[2026-03-15T09:10:12Z INFO  bif_core::texture] Texture furniture_workbench01_BaseColor.1022.jpg (2048x2048): decode=70.9ms, convert=14.0ms, linear=36.2ms, total=121.1ms
[2026-03-15T09:10:12Z INFO  bif_viewport::texture_loader] Viewport downscale //freya/E_rename/_houdiniFiles/USD/USD_ALab_0730/fragment/look/surfacing/electronics_portable_tv01/render_high/texture/look_surfacing_electronics_portable_tv01_render_high_texture/electronics_portable_tv01_Roughness.<UDIM>.jpg from 10240x6144 to 2048x1228 (limit 2048)
[2026-03-15T09:10:12Z INFO  bif_core::texture] Texture furniture_workbench01_BaseColor.1023.jpg (2048x2048): decode=45.9ms, convert=14.0ms, linear=34.8ms, total=94.7ms
[2026-03-15T09:10:13Z INFO  bif_core::texture] Texture furniture_workbench01_BaseColor.1024.jpg (2048x2048): decode=40.0ms, convert=13.7ms, linear=39.1ms, total=92.8ms
[2026-03-15T09:10:13Z INFO  bif_viewport::texture_loader] Viewport downscale //freya/E_rename/_houdiniFiles/USD/USD_ALab_0730/fragment/look/surfacing/electronics_portable_tv01/render_high/texture/look_surfacing_electronics_portable_tv01_render_high_texture/electronics_portable_tv01_Metallic.<UDIM>.jpg from 10240x6144 to 2048x1228 (limit 2048)
[2026-03-15T09:10:13Z INFO  bif_core::texture] UDIM atlas (Ivar): 12 tiles -> 8192x6144 (4x3 grid, tile 2048x2048)
[2026-03-15T09:10:13Z INFO  bif_viewport::texture_loader] Viewport downscale //freya/E_rename/_houdiniFiles/USD/USD_ALab_0730/fragment/look/surfacing/electronics_portable_tv01/render_high/texture/look_surfacing_electronics_portable_tv01_render_high_texture/electronics_portable_tv01_Normal_openGL.<UDIM>.jpg from 10240x6144 to 2048x1228 (limit 2048)
[2026-03-15T09:10:13Z INFO  bif_viewport::texture_loader] Viewport downscale //freya/E_rename/_houdiniFiles/USD/USD_ALab_0730/fragment/look/surfacing/books_magazines01/render_high/texture/look_surfacing_books_magazines01_render_high_texture/books_magazines01_BaseColor.<UDIM>.jpg from 6144x4096 to 2048x1365 (limit 2048)
[2026-03-15T09:10:13Z INFO  bif_viewport::texture_loader] Viewport downscale //freya/E_rename/_houdiniFiles/USD/USD_ALab_0730/fragment/look/surfacing/books_magazines01/render_high/texture/look_surfacing_books_magazines01_render_high_texture/books_magazines01_Roughness.<UDIM>.jpg from 6144x4096 to 2048x1365 (limit 2048)
[2026-03-15T09:10:13Z INFO  bif_viewport::texture_loader] Viewport downscale //freya/E_rename/_houdiniFiles/USD/USD_ALab_0730/fragment/look/surfacing/books_magazines01/render_high/texture/look_surfacing_books_magazines01_render_high_texture/books_magazines01_Normal_openGL.<UDIM>.jpg from 6144x4096 to 2048x1365 (limit 2048)
[2026-03-15T09:10:14Z INFO  bif_viewport::texture_loader] Viewport downscale //freya/E_rename/_houdiniFiles/USD/USD_ALab_0730/fragment/look/surfacing/chemistry_beaker_stand01/render_high/texture/look_surfacing_chemistry_beaker_stand01_render_high_texture/chemistry_beaker_stand01_BaseColor.<UDIM>.jpg from 4096x2048 to 2048x1024 (limit 2048)
[2026-03-15T09:10:14Z INFO  bif_viewport::texture_loader] Viewport downscale //freya/E_rename/_houdiniFiles/USD/USD_ALab_0730/fragment/look/surfacing/chemistry_beaker_stand01/render_high/texture/look_surfacing_chemistry_beaker_stand01_render_high_texture/chemistry_beaker_stand01_Roughness.<UDIM>.jpg from 4096x2048 to 2048x1024 (limit 2048)
[2026-03-15T09:10:14Z INFO  bif_viewport::texture_loader] Viewport downscale //freya/E_rename/_houdiniFiles/USD/USD_ALab_0730/fragment/look/surfacing/chemistry_beaker_stand01/render_high/texture/look_surfacing_chemistry_beaker_stand01_render_high_texture/chemistry_beaker_stand01_Metallic.<UDIM>.jpg from 4096x2048 to 2048x1024 (limit 2048)
[2026-03-15T09:10:14Z INFO  bif_viewport::texture_loader] Viewport downscale //freya/E_rename/_houdiniFiles/USD/USD_ALab_0730/fragment/look/surfacing/chemistry_beaker_stand01/render_high/texture/look_surfacing_chemistry_beaker_stand01_render_high_texture/chemistry_beaker_stand01_Normal_openGL.<UDIM>.jpg from 4096x2048 to 2048x1024 (limit 2048)
[2026-03-15T09:10:14Z INFO  bif_viewport::texture_loader] Viewport downscale //freya/E_rename/_houdiniFiles/USD/USD_ALab_0730/fragment/look/surfacing/chemistry_flask_stand01/render_high/texture/look_surfacing_chemistry_flask_stand01_render_high_texture/chemistry_flask_stand01_BaseColor.<UDIM>.jpg from 6144x2048 to 2048x682 (limit 2048)
[2026-03-15T09:10:14Z INFO  bif_viewport::texture_loader] Viewport downscale //freya/E_rename/_houdiniFiles/USD/USD_ALab_0730/fragment/look/surfacing/chemistry_flask_stand01/render_high/texture/look_surfacing_chemistry_flask_stand01_render_high_texture/chemistry_flask_stand01_Roughness.<UDIM>.jpg from 6144x2048 to 2048x682 (limit 2048)
[2026-03-15T09:10:14Z INFO  bif_viewport::texture_loader] Viewport downscale //freya/E_rename/_houdiniFiles/USD/USD_ALab_0730/fragment/look/surfacing/chemistry_flask_stand01/render_high/texture/look_surfacing_chemistry_flask_stand01_render_high_texture/chemistry_flask_stand01_Normal_openGL.<UDIM>.jpg from 6144x2048 to 2048x682 (limit 2048)
[2026-03-15T09:10:14Z INFO  bif_viewport::texture_loader] Viewport downscale //freya/E_rename/_houdiniFiles/USD/USD_ALab_0730/fragment/look/surfacing/chemistry_kipps_apparatus01/render_high/texture/look_surfacing_chemistry_kipps_apparatus01_render_high_texture/chemistry_kipps_apparatus01_BaseColor.<UDIM>.jpg from 6144x2048 to 2048x682 (limit 2048)
[2026-03-15T09:10:14Z INFO  bif_viewport::texture_loader] Viewport downscale //freya/E_rename/_houdiniFiles/USD/USD_ALab_0730/fragment/look/surfacing/chemistry_kipps_apparatus01/render_high/texture/look_surfacing_chemistry_kipps_apparatus01_render_high_texture/chemistry_kipps_apparatus01_Roughness.<UDIM>.jpg from 6144x2048 to 2048x682 (limit 2048)
[2026-03-15T09:10:15Z INFO  bif_viewport::texture_loader] Viewport downscale //freya/E_rename/_houdiniFiles/USD/USD_ALab_0730/fragment/look/surfacing/chemistry_kipps_apparatus01/render_high/texture/look_surfacing_chemistry_kipps_apparatus01_render_high_texture/chemistry_kipps_apparatus01_Normal_openGL.<UDIM>.jpg from 6144x2048 to 2048x682 (limit 2048)
[2026-03-15T09:10:15Z INFO  bif_viewport::texture_loader] Viewport downscale //freya/E_rename/_houdiniFiles/USD/USD_ALab_0730/fragment/look/surfacing/chemistry_microscope01/render_high/texture/look_surfacing_chemistry_microscope01_render_high_texture/chemistry_microscope01_BaseColor.<UDIM>.jpg from 6144x4096 to 2048x1365 (limit 2048)
[2026-03-15T09:10:15Z INFO  bif_viewport::texture_loader] Viewport downscale //freya/E_rename/_houdiniFiles/USD/USD_ALab_0730/fragment/look/surfacing/chemistry_microscope01/render_high/texture/look_surfacing_chemistry_microscope01_render_high_texture/chemistry_microscope01_Roughness.<UDIM>.jpg from 6144x4096 to 2048x1365 (limit 2048)
[2026-03-15T09:10:15Z INFO  bif_viewport::texture_loader] Viewport downscale //freya/E_rename/_houdiniFiles/USD/USD_ALab_0730/fragment/look/surfacing/chemistry_microscope01/render_high/texture/look_surfacing_chemistry_microscope01_render_high_texture/chemistry_microscope01_Metallic.<UDIM>.jpg from 6144x4096 to 2048x1365 (limit 2048)
[2026-03-15T09:10:15Z INFO  bif_viewport::texture_loader] Viewport downscale //freya/E_rename/_houdiniFiles/USD/USD_ALab_0730/fragment/look/surfacing/chemistry_microscope01/render_high/texture/look_surfacing_chemistry_microscope01_render_high_texture/chemistry_microscope01_Normal_openGL.<UDIM>.jpg from 6144x4096 to 2048x1365 (limit 2048)
[2026-03-15T09:10:15Z INFO  bif_viewport::texture_loader] Viewport downscale //freya/E_rename/_houdiniFiles/USD/USD_ALab_0730/fragment/look/surfacing/decor_foam_hand/render_high/texture/look_surfacing_decor_foam_hand_render_high_texture/BakedDiffuse_porc_hand.<UDIM>.jpg from 4096x2048 to 2048x1024 (limit 2048)
[2026-03-15T09:10:15Z INFO  bif_viewport::texture_loader] Viewport downscale //freya/E_rename/_houdiniFiles/USD/USD_ALab_0730/fragment/look/surfacing/decor_helmet_head01/render_high/texture/look_surfacing_decor_helmet_head01_render_high_texture/decor_helmet_head01_BaseColor.<UDIM>.jpg from 4096x2048 to 2048x1024 (limit 2048)
[2026-03-15T09:10:15Z INFO  bif_viewport::texture_loader] Viewport downscale //freya/E_rename/_houdiniFiles/USD/USD_ALab_0730/fragment/look/surfacing/decor_helmet_head01/render_high/texture/look_surfacing_decor_helmet_head01_render_high_texture/decor_helmet_head01_Roughness.<UDIM>.jpg from 4096x2048 to 2048x1024 (limit 2048)
[2026-03-15T09:10:15Z INFO  bif_viewport::texture_loader] Viewport downscale //freya/E_rename/_houdiniFiles/USD/USD_ALab_0730/fragment/look/surfacing/decor_helmet_head01/render_high/texture/look_surfacing_decor_helmet_head01_render_high_texture/decor_helmet_head01_Metallic.<UDIM>.jpg from 4096x2048 to 2048x1024 (limit 2048)
[2026-03-15T09:10:15Z INFO  bif_core::texture] UDIM atlas (Ivar): 12 tiles -> 8192x6144 (4x3 grid, tile 2048x2048)
[2026-03-15T09:10:15Z INFO  bif_viewport::texture_loader] Viewport downscale //freya/E_rename/_houdiniFiles/USD/USD_ALab_0730/fragment/look/surfacing/decor_helmet_head01/render_high/texture/look_surfacing_decor_helmet_head01_render_high_texture/decor_helmet_head01_Normal_openGL.<UDIM>.jpg from 4096x2048 to 2048x1024 (limit 2048)
[2026-03-15T09:10:15Z INFO  bif_viewport::texture_loader] Viewport downscale //freya/E_rename/_houdiniFiles/USD/USD_ALab_0730/fragment/look/surfacing/decor_wooden_box01/render_high/texture/look_surfacing_decor_wooden_box01_render_high_texture/decor_wooden_box01_BaseColor.<UDIM>.jpg from 6144x4096 to 2048x1365 (limit 2048)
[2026-03-15T09:10:15Z INFO  bif_viewport::texture_loader] Viewport downscale //freya/E_rename/_houdiniFiles/USD/USD_ALab_0730/fragment/look/surfacing/decor_wooden_box01/render_high/texture/look_surfacing_decor_wooden_box01_render_high_texture/decor_wooden_box01_Roughness.<UDIM>.jpg from 6144x4096 to 2048x1365 (limit 2048)
[2026-03-15T09:10:15Z INFO  bif_viewport::texture_loader] Viewport downscale //freya/E_rename/_houdiniFiles/USD/USD_ALab_0730/fragment/look/surfacing/decor_wooden_box01/render_high/texture/look_surfacing_decor_wooden_box01_render_high_texture/decor_wooden_box01_Normal_openGL.<UDIM>.jpg from 6144x4096 to 2048x1365 (limit 2048)
[2026-03-15T09:10:15Z INFO  bif_viewport::texture_loader] Viewport downscale //freya/E_rename/_houdiniFiles/USD/USD_ALab_0730/fragment/look/surfacing/electronics_audio_generator01/render_high/texture/look_surfacing_electronics_audio_generator01_render_high_texture/electronics_audio_generator01_BaseColor.<UDIM>.jpg from 10240x4096 to 2048x819 (limit 2048)
[2026-03-15T09:10:16Z INFO  bif_viewport::texture_loader] Viewport downscale //freya/E_rename/_houdiniFiles/USD/USD_ALab_0730/fragment/look/surfacing/electronics_audio_generator01/render_high/texture/look_surfacing_electronics_audio_generator01_render_high_texture/electronics_audio_generator01_Roughness.<UDIM>.jpg from 10240x4096 to 2048x819 (limit 2048)
[2026-03-15T09:10:16Z INFO  bif_viewport::texture_loader] Viewport downscale //freya/E_rename/_houdiniFiles/USD/USD_ALab_0730/fragment/look/surfacing/electronics_audio_generator01/render_high/texture/look_surfacing_electronics_audio_generator01_render_high_texture/electronics_audio_generator01_Metallic.<UDIM>.jpg from 10240x4096 to 2048x819 (limit 2048)
[2026-03-15T09:10:16Z INFO  bif_viewport::texture_loader] Viewport downscale //freya/E_rename/_houdiniFiles/USD/USD_ALab_0730/fragment/look/surfacing/electronics_audio_generator01/render_high/texture/look_surfacing_electronics_audio_generator01_render_high_texture/electronics_audio_generator01_Normal_openGL.<UDIM>.jpg from 10240x4096 to 2048x819 (limit 2048)
[2026-03-15T09:10:16Z INFO  bif_viewport::texture_loader] Viewport downscale //freya/E_rename/_houdiniFiles/USD/USD_ALab_0730/fragment/look/surfacing/electronics_tesla_coil01/render_high/texture/look_surfacing_electronics_tesla_coil01_render_high_texture/electronics_tesla_coil01_BaseColor.<UDIM>.jpg from 10240x4096 to 2048x819 (limit 2048)
[2026-03-15T09:10:16Z INFO  bif_viewport::texture_loader] Viewport downscale //freya/E_rename/_houdiniFiles/USD/USD_ALab_0730/fragment/look/surfacing/electronics_tesla_coil01/render_high/texture/look_surfacing_electronics_tesla_coil01_render_high_texture/electronics_tesla_coil01_Roughness.<UDIM>.jpg from 10240x4096 to 2048x819 (limit 2048)
[2026-03-15T09:10:16Z INFO  bif_viewport::texture_loader] Viewport downscale //freya/E_rename/_houdiniFiles/USD/USD_ALab_0730/fragment/look/surfacing/electronics_tesla_coil01/render_high/texture/look_surfacing_electronics_tesla_coil01_render_high_texture/electronics_tesla_coil01_Metallic.<UDIM>.jpg from 10240x4096 to 2048x819 (limit 2048)
[2026-03-15T09:10:16Z INFO  bif_viewport::texture_loader] Viewport downscale //freya/E_rename/_houdiniFiles/USD/USD_ALab_0730/fragment/look/surfacing/electronics_tesla_coil01/render_high/texture/look_surfacing_electronics_tesla_coil01_render_high_texture/electronics_tesla_coil01_Normal_openGL.<UDIM>.jpg from 10240x4096 to 2048x819 (limit 2048)
[2026-03-15T09:10:16Z INFO  bif_viewport::texture_loader] Viewport downscale //freya/E_rename/_houdiniFiles/USD/USD_ALab_0730/fragment/look/surfacing/electronics_turntable01/render_high/texture/look_surfacing_electronics_turntable01_render_high_texture/electronics_turntable01_BaseColor.<UDIM>.jpg from 10240x4096 to 2048x819 (limit 2048)
[2026-03-15T09:10:17Z INFO  bif_viewport::texture_loader] Viewport downscale //freya/E_rename/_houdiniFiles/USD/USD_ALab_0730/fragment/look/surfacing/electronics_turntable01/render_high/texture/look_surfacing_electronics_turntable01_render_high_texture/electronics_turntable01_Roughness.<UDIM>.jpg from 10240x4096 to 2048x819 (limit 2048)
[2026-03-15T09:10:17Z INFO  bif_viewport::texture_loader] Viewport downscale //freya/E_rename/_houdiniFiles/USD/USD_ALab_0730/fragment/look/surfacing/electronics_turntable01/render_high/texture/look_surfacing_electronics_turntable01_render_high_texture/electronics_turntable01_Normal_openGL.<UDIM>.jpg from 10240x4096 to 2048x819 (limit 2048)
[2026-03-15T09:10:17Z INFO  bif_viewport::texture_loader] Viewport downscale //freya/E_rename/_houdiniFiles/USD/USD_ALab_0730/fragment/look/surfacing/electronics_wire_spool01/render_high/texture/look_surfacing_electronics_wire_spool01_render_high_texture/electronics_wire_spool01_BaseColor.<UDIM>.jpg from 4096x2048 to 2048x1024 (limit 2048)
[2026-03-15T09:10:17Z INFO  bif_viewport::texture_loader] Viewport downscale //freya/E_rename/_houdiniFiles/USD/USD_ALab_0730/fragment/look/surfacing/electronics_wire_spool01/render_high/texture/look_surfacing_electronics_wire_spool01_render_high_texture/electronics_wire_spool01_Roughness.<UDIM>.jpg from 4096x2048 to 2048x1024 (limit 2048)
[2026-03-15T09:10:17Z INFO  bif_viewport::texture_loader] Viewport downscale //freya/E_rename/_houdiniFiles/USD/USD_ALab_0730/fragment/look/surfacing/electronics_wire_spool01/render_high/texture/look_surfacing_electronics_wire_spool01_render_high_texture/electronics_wire_spool01_Metallic.<UDIM>.jpg from 4096x2048 to 2048x1024 (limit 2048)
[2026-03-15T09:10:17Z INFO  bif_viewport::texture_loader] Viewport downscale //freya/E_rename/_houdiniFiles/USD/USD_ALab_0730/fragment/look/surfacing/electronics_wire_spool01/render_high/texture/look_surfacing_electronics_wire_spool01_render_high_texture/electronics_wire_spool01_Normal_openGL.<UDIM>.jpg from 4096x2048 to 2048x1024 (limit 2048)
[2026-03-15T09:10:17Z INFO  bif_viewport::texture_loader] Viewport downscale //freya/E_rename/_houdiniFiles/USD/USD_ALab_0730/fragment/look/surfacing/furniture_blackboard01/render_high/texture/look_surfacing_furniture_blackboard01_render_high_texture/furniture_blackboard01_BaseColor.<UDIM>.jpg from 6144x2048 to 2048x682 (limit 2048)
[2026-03-15T09:10:17Z INFO  bif_viewport::texture_loader] Viewport downscale //freya/E_rename/_houdiniFiles/USD/USD_ALab_0730/fragment/look/surfacing/furniture_blackboard01/render_high/texture/look_surfacing_furniture_blackboard01_render_high_texture/furniture_blackboard01_Roughness.<UDIM>.jpg from 6144x2048 to 2048x682 (limit 2048)
[2026-03-15T09:10:17Z INFO  bif_viewport::texture_loader] Viewport downscale //freya/E_rename/_houdiniFiles/USD/USD_ALab_0730/fragment/look/surfacing/furniture_blackboard01/render_high/texture/look_surfacing_furniture_blackboard01_render_high_texture/furniture_blackboard01_Normal_openGL.<UDIM>.jpg from 6144x2048 to 2048x682 (limit 2048)
[2026-03-15T09:10:17Z INFO  bif_viewport::texture_loader] Viewport downscale //freya/E_rename/_houdiniFiles/USD/USD_ALab_0730/fragment/look/surfacing/furniture_shelving01/render_high/texture/look_surfacing_furniture_shelving01_render_high_texture/furniture_shelving01_BaseColor.<UDIM>.jpg from 4096x2048 to 2048x1024 (limit 2048)
[2026-03-15T09:10:17Z INFO  bif_viewport::texture_loader] Viewport downscale //freya/E_rename/_houdiniFiles/USD/USD_ALab_0730/fragment/look/surfacing/furniture_shelving01/render_high/texture/look_surfacing_furniture_shelving01_render_high_texture/furniture_shelving01_Roughness.<UDIM>.jpg from 4096x2048 to 2048x1024 (limit 2048)
[2026-03-15T09:10:17Z INFO  bif_core::texture] UDIM atlas (Ivar): 12 tiles -> 8192x6144 (4x3 grid, tile 2048x2048)
[2026-03-15T09:10:17Z INFO  bif_viewport::texture_loader] Viewport downscale //freya/E_rename/_houdiniFiles/USD/USD_ALab_0730/fragment/look/surfacing/furniture_shelving01/render_high/texture/look_surfacing_furniture_shelving01_render_high_texture/furniture_shelving01_Normal_openGL.<UDIM>.jpg from 4096x2048 to 2048x1024 (limit 2048)
[2026-03-15T09:10:17Z INFO  bif_core::texture] Texture electronics_oscilloscope01_proxyTexture.jpg (512x512): decode=13.1ms, convert=1.4ms, linear=2.1ms, total=16.6ms
[2026-03-15T09:10:17Z INFO  bif_viewport::texture_loader] Viewport downscale //freya/E_rename/_houdiniFiles/USD/USD_ALab_0730/fragment/look/surfacing/stationary_notepad01/render_high/texture/look_surfacing_stationary_notepad01_render_high_texture/stationary_notepad01_BaseColor.<UDIM>.jpg from 6144x2048 to 2048x682 (limit 2048)
[2026-03-15T09:10:17Z INFO  bif_viewport::texture_loader] Viewport downscale //freya/E_rename/_houdiniFiles/USD/USD_ALab_0730/fragment/look/surfacing/stationary_notepad01/render_high/texture/look_surfacing_stationary_notepad01_render_high_texture/stationary_notepad01_Roughness.<UDIM>.jpg from 6144x2048 to 2048x682 (limit 2048)
[2026-03-15T09:10:17Z INFO  bif_viewport::texture_loader] Viewport downscale //freya/E_rename/_houdiniFiles/USD/USD_ALab_0730/fragment/look/surfacing/stationary_notepad01/render_high/texture/look_surfacing_stationary_notepad01_render_high_texture/stationary_notepad01_Normal_openGL.<UDIM>.jpg from 6144x2048 to 2048x682 (limit 2048)
[2026-03-15T09:10:18Z INFO  bif_core::texture] Texture electronics_oscilloscope01_BaseColor.1001.jpg (2048x2048): decode=54.2ms, convert=13.2ms, linear=40.4ms, total=107.8ms
[2026-03-15T09:10:18Z INFO  bif_viewport::texture_loader] Viewport downscale //freya/E_rename/_houdiniFiles/USD/USD_ALab_0730/fragment/look/surfacing/stationary_protractor_box01/render_high/texture/look_surfacing_stationary_protractor_box01_render_high_texture/stationary_protractor_box01_BaseColor.<UDIM>.jpg from 4096x4096 to 2048x2048 (limit 2048)
[2026-03-15T09:10:18Z INFO  bif_viewport::texture_loader] Viewport downscale //freya/E_rename/_houdiniFiles/USD/USD_ALab_0730/fragment/look/surfacing/stationary_protractor_box01/render_high/texture/look_surfacing_stationary_protractor_box01_render_high_texture/stationary_protractor_box01_Roughness.<UDIM>.jpg from 4096x4096 to 2048x2048 (limit 2048)
[2026-03-15T09:10:18Z INFO  bif_core::texture] Texture electronics_oscilloscope01_BaseColor.1002.jpg (2048x2048): decode=61.5ms, convert=11.1ms, linear=35.5ms, total=108.1ms
[2026-03-15T09:10:18Z INFO  bif_viewport::texture_loader] Viewport downscale //freya/E_rename/_houdiniFiles/USD/USD_ALab_0730/fragment/look/surfacing/stationary_protractor_box01/render_high/texture/look_surfacing_stationary_protractor_box01_render_high_texture/stationary_protractor_box01_Normal_openGL.<UDIM>.jpg from 4096x4096 to 2048x2048 (limit 2048)
[2026-03-15T09:10:18Z INFO  bif_core::texture] Texture electronics_oscilloscope01_BaseColor.1003.jpg (2048x2048): decode=68.4ms, convert=11.2ms, linear=30.1ms, total=109.8ms
[2026-03-15T09:10:18Z INFO  bif_viewport::texture_loader] Viewport downscale //freya/E_rename/_houdiniFiles/USD/USD_ALab_0730/fragment/look/surfacing/stationary_slide_rule01/render_high/texture/look_surfacing_stationary_slide_rule01_render_high_texture/stationary_slide_rule01_BaseColor.<UDIM>.jpg from 6144x2048 to 2048x682 (limit 2048)
[2026-03-15T09:10:18Z INFO  bif_viewport::texture_loader] Viewport downscale //freya/E_rename/_houdiniFiles/USD/USD_ALab_0730/fragment/look/surfacing/stationary_slide_rule01/render_high/texture/look_surfacing_stationary_slide_rule01_render_high_texture/stationary_slide_rule01_Roughness.<UDIM>.jpg from 6144x2048 to 2048x682 (limit 2048)
[2026-03-15T09:10:18Z INFO  bif_viewport::texture_loader] Viewport downscale //freya/E_rename/_houdiniFiles/USD/USD_ALab_0730/fragment/look/surfacing/stationary_slide_rule01/render_high/texture/look_surfacing_stationary_slide_rule01_render_high_texture/stationary_slide_rule01_Normal_openGL.<UDIM>.jpg from 6144x2048 to 2048x682 (limit 2048)
[2026-03-15T09:10:18Z INFO  bif_core::texture] Texture electronics_oscilloscope01_BaseColor.1004.jpg (2048x2048): decode=52.2ms, convert=9.3ms, linear=27.0ms, total=88.6ms
[2026-03-15T09:10:18Z INFO  bif_core::texture] Texture electronics_oscilloscope01_BaseColor.1011.jpg (2048x2048): decode=65.8ms, convert=9.9ms, linear=25.2ms, total=100.9ms
[2026-03-15T09:10:18Z INFO  bif_viewport::texture_loader] Viewport downscale //freya/E_rename/_houdiniFiles/USD/USD_ALab_0730/fragment/look/surfacing/books_encyclopedias01/render_high/texture/look_surfacing_books_encyclopedias01_render_high_texture/books_encyclopedias01_BaseColor.<UDIM>.jpg from 6144x2048 to 2048x682 (limit 2048)
[2026-03-15T09:10:18Z INFO  bif_viewport::texture_loader] Viewport downscale //freya/E_rename/_houdiniFiles/USD/USD_ALab_0730/fragment/look/surfacing/books_encyclopedias01/render_high/texture/look_surfacing_books_encyclopedias01_render_high_texture/books_encyclopedias01_Roughness.<UDIM>.jpg from 6144x2048 to 2048x682 (limit 2048)
[2026-03-15T09:10:18Z INFO  bif_viewport::texture_loader] Viewport downscale //freya/E_rename/_houdiniFiles/USD/USD_ALab_0730/fragment/look/surfacing/books_encyclopedias01/render_high/texture/look_surfacing_books_encyclopedias01_render_high_texture/books_encyclopedias01_Normal_openGL.<UDIM>.jpg from 6144x2048 to 2048x682 (limit 2048)
[2026-03-15T09:10:18Z INFO  bif_core::texture] Texture electronics_oscilloscope01_BaseColor.1012.jpg (2048x2048): decode=42.1ms, convert=10.4ms, linear=30.8ms, total=83.2ms
[2026-03-15T09:10:18Z INFO  bif_viewport::texture_loader] Viewport downscale //freya/E_rename/_houdiniFiles/USD/USD_ALab_0730/fragment/look/surfacing/toy_box03/render_high/texture/look_surfacing_toy_box03_render_high_texture/toy_box03_BaseColor.<UDIM>.jpg from 6144x2048 to 2048x682 (limit 2048)
[2026-03-15T09:10:18Z INFO  bif_viewport::texture_loader] Viewport downscale //freya/E_rename/_houdiniFiles/USD/USD_ALab_0730/fragment/look/surfacing/toy_box03/render_high/texture/look_surfacing_toy_box03_render_high_texture/toy_box03_Roughness.<UDIM>.jpg from 6144x2048 to 2048x682 (limit 2048)
[2026-03-15T09:10:18Z INFO  bif_viewport::texture_loader] Viewport downscale //freya/E_rename/_houdiniFiles/USD/USD_ALab_0730/fragment/look/surfacing/toy_box03/render_high/texture/look_surfacing_toy_box03_render_high_texture/toy_box03_Normal_openGL.<UDIM>.jpg from 6144x2048 to 2048x682 (limit 2048)
[2026-03-15T09:10:18Z INFO  bif_core::texture] Texture electronics_oscilloscope01_BaseColor.1013.jpg (2048x2048): decode=40.5ms, convert=9.5ms, linear=30.6ms, total=80.6ms
[2026-03-15T09:10:19Z INFO  bif_viewport::texture_loader] Viewport downscale //freya/E_rename/_houdiniFiles/USD/USD_ALab_0730/fragment/look/surfacing/chemistry_magnetic_stirrer01/render_high/texture/look_surfacing_chemistry_magnetic_stirrer01_render_high_texture/chemistry_magnetic_stirrer01_BaseColor.<UDIM>.jpg from 4096x4096 to 2048x2048 (limit 2048)
[2026-03-15T09:10:19Z INFO  bif_viewport::texture_loader] Viewport downscale //freya/E_rename/_houdiniFiles/USD/USD_ALab_0730/fragment/look/surfacing/chemistry_magnetic_stirrer01/render_high/texture/look_surfacing_chemistry_magnetic_stirrer01_render_high_texture/chemistry_magnetic_stirrer01_Roughness.<UDIM>.jpg from 4096x4096 to 2048x2048 (limit 2048)
[2026-03-15T09:10:19Z INFO  bif_viewport::texture_loader] Viewport downscale //freya/E_rename/_houdiniFiles/USD/USD_ALab_0730/fragment/look/surfacing/chemistry_magnetic_stirrer01/render_high/texture/look_surfacing_chemistry_magnetic_stirrer01_render_high_texture/chemistry_magnetic_stirrer01_Normal_openGL.<UDIM>.jpg from 4096x4096 to 2048x2048 (limit 2048)
[2026-03-15T09:10:19Z INFO  bif_viewport::texture_loader] Viewport downscale //freya/E_rename/_houdiniFiles/USD/USD_ALab_0730/fragment/look/surfacing/electronics_spoolrack/render_high/texture/look_surfacing_electronics_spoolrack_render_high_texture/electronics_spoolrack_BaseColor.<UDIM>.jpg from 4096x2048 to 2048x1024 (limit 2048)
[2026-03-15T09:10:19Z INFO  bif_viewport::texture_loader] Viewport downscale //freya/E_rename/_houdiniFiles/USD/USD_ALab_0730/fragment/look/surfacing/electronics_spoolrack/render_high/texture/look_surfacing_electronics_spoolrack_render_high_texture/electronics_spoolrack_Roughness.<UDIM>.jpg from 4096x2048 to 2048x1024 (limit 2048)
[2026-03-15T09:10:19Z INFO  bif_viewport::texture_loader] Viewport downscale //freya/E_rename/_houdiniFiles/USD/USD_ALab_0730/fragment/look/surfacing/electronics_spoolrack/render_high/texture/look_surfacing_electronics_spoolrack_render_high_texture/electronics_spoolrack_Normal_openGL.<UDIM>.jpg from 4096x2048 to 2048x1024 (limit 2048)
[2026-03-15T09:10:19Z INFO  bif_viewport::texture_loader] Viewport downscale //freya/E_rename/_houdiniFiles/USD/USD_ALab_0730/fragment/look/surfacing/electronics_wire_spool02/render_high/texture/look_surfacing_electronics_wire_spool02_render_high_texture/electronics_wire_spool02_BaseColor.<UDIM>.jpg from 4096x2048 to 2048x1024 (limit 2048)
[2026-03-15T09:10:19Z INFO  bif_viewport::texture_loader] Viewport downscale //freya/E_rename/_houdiniFiles/USD/USD_ALab_0730/fragment/look/surfacing/electronics_wire_spool02/render_high/texture/look_surfacing_electronics_wire_spool02_render_high_texture/electronics_wire_spool02_Roughness.<UDIM>.jpg from 4096x2048 to 2048x1024 (limit 2048)
[2026-03-15T09:10:19Z INFO  bif_viewport::texture_loader] Viewport downscale //freya/E_rename/_houdiniFiles/USD/USD_ALab_0730/fragment/look/surfacing/electronics_wire_spool02/render_high/texture/look_surfacing_electronics_wire_spool02_render_high_texture/electronics_wire_spool02_Metallic.<UDIM>.jpg from 4096x2048 to 2048x1024 (limit 2048)
[2026-03-15T09:10:19Z INFO  bif_viewport::texture_loader] Viewport downscale //freya/E_rename/_houdiniFiles/USD/USD_ALab_0730/fragment/look/surfacing/electronics_wire_spool02/render_high/texture/look_surfacing_electronics_wire_spool02_render_high_texture/electronics_wire_spool02_Normal_openGL.<UDIM>.jpg from 4096x2048 to 2048x1024 (limit 2048)
[2026-03-15T09:10:19Z INFO  bif_viewport::texture_loader] Viewport downscale //freya/E_rename/_houdiniFiles/USD/USD_ALab_0730/fragment/look/surfacing/toy_curly_surgery/render_high/texture/look_surfacing_toy_curly_surgery_render_high_texture/toy_curly_surgery_BaseColor.<UDIM>.jpg from 8192x4096 to 2048x1024 (limit 2048)
[2026-03-15T09:10:19Z INFO  bif_viewport::texture_loader] Viewport downscale //freya/E_rename/_houdiniFiles/USD/USD_ALab_0730/fragment/look/surfacing/toy_curly_surgery/render_high/texture/look_surfacing_toy_curly_surgery_render_high_texture/toy_curly_surgery_Roughness.<UDIM>.jpg from 8192x4096 to 2048x1024 (limit 2048)
[2026-03-15T09:10:19Z INFO  bif_core::texture] Texture electronics_oscilloscope01_BaseColor.1014.jpg (2048x2048): decode=863.7ms, convert=10.6ms, linear=26.6ms, total=900.9ms
[2026-03-15T09:10:20Z INFO  bif_viewport::texture_loader] Viewport downscale //freya/E_rename/_houdiniFiles/USD/USD_ALab_0730/fragment/look/surfacing/toy_curly_surgery/render_high/texture/look_surfacing_toy_curly_surgery_render_high_texture/toy_curly_surgery_Normal_openGL.<UDIM>.jpg from 8192x4096 to 2048x1024 (limit 2048)
[2026-03-15T09:10:20Z INFO  bif_core::texture] Texture electronics_oscilloscope01_BaseColor.1021.jpg (2048x2048): decode=39.1ms, convert=12.0ms, linear=30.4ms, total=81.5ms
[2026-03-15T09:10:20Z INFO  bif_viewport::texture_loader] Viewport downscale //freya/E_rename/_houdiniFiles/USD/USD_ALab_0730/fragment/look/surfacing/electronics_cabling/render_high/texture/look_surfacing_electronics_cabling_render_high_texture/electronics_cabling_BaseColor.<UDIM>.jpg from 8192x4096 to 2048x1024 (limit 2048)
[2026-03-15T09:10:20Z INFO  bif_viewport::texture_loader] Viewport downscale //freya/E_rename/_houdiniFiles/USD/USD_ALab_0730/fragment/look/surfacing/electronics_cabling/render_high/texture/look_surfacing_electronics_cabling_render_high_texture/electronics_cabling_Roughness.<UDIM>.jpg from 8192x4096 to 2048x1024 (limit 2048)
[2026-03-15T09:10:20Z INFO  bif_core::texture] Texture electronics_oscilloscope01_BaseColor.1022.jpg (2048x2048): decode=63.4ms, convert=13.5ms, linear=32.8ms, total=109.7ms
[2026-03-15T09:10:20Z INFO  bif_viewport::texture_loader] Viewport downscale //freya/E_rename/_houdiniFiles/USD/USD_ALab_0730/fragment/look/surfacing/electronics_cabling/render_high/texture/look_surfacing_electronics_cabling_render_high_texture/electronics_cabling_Normal_openGL.<UDIM>.jpg from 8192x4096 to 2048x1024 (limit 2048)
[2026-03-15T09:10:20Z INFO  bif_core::texture] Texture electronics_oscilloscope01_BaseColor.1023.jpg (2048x2048): decode=64.0ms, convert=12.4ms, linear=35.2ms, total=111.5ms
[2026-03-15T09:10:20Z INFO  bif_viewport::texture_loader] Viewport downscale //freya/E_rename/_houdiniFiles/USD/USD_ALab_0730/fragment/look/surfacing/decor_bonsai_jar01/render_high/texture/look_surfacing_decor_bonsai_jar01_render_high_texture/decor_bonsai_jar01_BaseColor.<UDIM>.jpg from 6144x2048 to 2048x682 (limit 2048)
[2026-03-15T09:10:20Z INFO  bif_viewport::texture_loader] Viewport downscale //freya/E_rename/_houdiniFiles/USD/USD_ALab_0730/fragment/look/surfacing/decor_bonsai_jar01/render_high/texture/look_surfacing_decor_bonsai_jar01_render_high_texture/decor_bonsai_jar01_Roughness.<UDIM>.jpg from 6144x2048 to 2048x682 (limit 2048)
[2026-03-15T09:10:20Z INFO  bif_viewport::texture_loader] Viewport downscale //freya/E_rename/_houdiniFiles/USD/USD_ALab_0730/fragment/look/surfacing/decor_bonsai_jar01/render_high/texture/look_surfacing_decor_bonsai_jar01_render_high_texture/decor_bonsai_jar01_Normal_openGL.<UDIM>.jpg from 6144x2048 to 2048x682 (limit 2048)
[2026-03-15T09:10:20Z INFO  bif_viewport::texture_loader] Viewport downscale //freya/E_rename/_houdiniFiles/USD/USD_ALab_0730/fragment/look/surfacing/electronics_wire_spool04/render_high/texture/look_surfacing_electronics_wire_spool04_render_high_texture/electronics_wire_spool04_BaseColor.<UDIM>.jpg from 4096x2048 to 2048x1024 (limit 2048)
[2026-03-15T09:10:20Z INFO  bif_core::texture] Texture electronics_oscilloscope01_BaseColor.1024.jpg (2048x2048): decode=67.5ms, convert=13.9ms, linear=32.7ms, total=114.1ms
[2026-03-15T09:10:20Z INFO  bif_viewport::texture_loader] Viewport downscale //freya/E_rename/_houdiniFiles/USD/USD_ALab_0730/fragment/look/surfacing/electronics_wire_spool04/render_high/texture/look_surfacing_electronics_wire_spool04_render_high_texture/electronics_wire_spool04_Roughness.<UDIM>.jpg from 4096x2048 to 2048x1024 (limit 2048)
[2026-03-15T09:10:20Z INFO  bif_core::texture] UDIM atlas (Ivar): 12 tiles -> 8192x6144 (4x3 grid, tile 2048x2048)
[2026-03-15T09:10:20Z INFO  bif_viewport::texture_loader] Viewport downscale //freya/E_rename/_houdiniFiles/USD/USD_ALab_0730/fragment/look/surfacing/electronics_wire_spool04/render_high/texture/look_surfacing_electronics_wire_spool04_render_high_texture/electronics_wire_spool04_Metallic.<UDIM>.jpg from 4096x2048 to 2048x1024 (limit 2048)
[2026-03-15T09:10:20Z INFO  bif_viewport::texture_loader] Viewport downscale //freya/E_rename/_houdiniFiles/USD/USD_ALab_0730/fragment/look/surfacing/electronics_wire_spool04/render_high/texture/look_surfacing_electronics_wire_spool04_render_high_texture/electronics_wire_spool04_Normal_openGL.<UDIM>.jpg from 4096x2048 to 2048x1024 (limit 2048)
[2026-03-15T09:10:20Z INFO  bif_viewport::texture_loader] Viewport downscale //freya/E_rename/_houdiniFiles/USD/USD_ALab_0730/fragment/look/surfacing/electronics_wire_spool05/render_high/texture/look_surfacing_electronics_wire_spool05_render_high_texture/electronics_wire_spool05_BaseColor.<UDIM>.jpg from 4096x2048 to 2048x1024 (limit 2048)
[2026-03-15T09:10:20Z INFO  bif_viewport::texture_loader] Viewport downscale //freya/E_rename/_houdiniFiles/USD/USD_ALab_0730/fragment/look/surfacing/electronics_wire_spool05/render_high/texture/look_surfacing_electronics_wire_spool05_render_high_texture/electronics_wire_spool05_Roughness.<UDIM>.jpg from 4096x2048 to 2048x1024 (limit 2048)
[2026-03-15T09:10:20Z INFO  bif_viewport::texture_loader] Viewport downscale //freya/E_rename/_houdiniFiles/USD/USD_ALab_0730/fragment/look/surfacing/electronics_wire_spool05/render_high/texture/look_surfacing_electronics_wire_spool05_render_high_texture/electronics_wire_spool05_Metallic.<UDIM>.jpg from 4096x2048 to 2048x1024 (limit 2048)
[2026-03-15T09:10:20Z INFO  bif_viewport::texture_loader] Viewport downscale //freya/E_rename/_houdiniFiles/USD/USD_ALab_0730/fragment/look/surfacing/electronics_wire_spool05/render_high/texture/look_surfacing_electronics_wire_spool05_render_high_texture/electronics_wire_spool05_Normal_openGL.<UDIM>.jpg from 4096x2048 to 2048x1024 (limit 2048)
[2026-03-15T09:10:20Z INFO  bif_viewport::texture_loader] Viewport downscale //freya/E_rename/_houdiniFiles/USD/USD_ALab_0730/fragment/look/surfacing/electronics_wire_spool06/render_high/texture/look_surfacing_electronics_wire_spool06_render_high_texture/electronics_wire_spool06_BaseColor.<UDIM>.jpg from 4096x2048 to 2048x1024 (limit 2048)
[2026-03-15T09:10:20Z INFO  bif_viewport::texture_loader] Viewport downscale //freya/E_rename/_houdiniFiles/USD/USD_ALab_0730/fragment/look/surfacing/electronics_wire_spool06/render_high/texture/look_surfacing_electronics_wire_spool06_render_high_texture/electronics_wire_spool06_Roughness.<UDIM>.jpg from 4096x2048 to 2048x1024 (limit 2048)
[2026-03-15T09:10:20Z INFO  bif_viewport::texture_loader] Viewport downscale //freya/E_rename/_houdiniFiles/USD/USD_ALab_0730/fragment/look/surfacing/electronics_wire_spool06/render_high/texture/look_surfacing_electronics_wire_spool06_render_high_texture/electronics_wire_spool06_Metallic.<UDIM>.jpg from 4096x2048 to 2048x1024 (limit 2048)
[2026-03-15T09:10:20Z INFO  bif_viewport::texture_loader] Viewport downscale //freya/E_rename/_houdiniFiles/USD/USD_ALab_0730/fragment/look/surfacing/electronics_wire_spool06/render_high/texture/look_surfacing_electronics_wire_spool06_render_high_texture/electronics_wire_spool06_Normal_openGL.<UDIM>.jpg from 4096x2048 to 2048x1024 (limit 2048)
[2026-03-15T09:10:21Z INFO  bif_viewport::texture_loader] Viewport downscale //freya/E_rename/_houdiniFiles/USD/USD_ALab_0730/fragment/look/surfacing/structure_wall_fibro01/render_high/texture/look_surfacing_structure_wall_fibro01_render_high_texture/structure_wall_fibro01_BaseColor.<UDIM>.jpg from 6144x4096 to 2048x1365 (limit 2048)
[2026-03-15T09:10:21Z INFO  bif_viewport::texture_loader] Viewport downscale //freya/E_rename/_houdiniFiles/USD/USD_ALab_0730/fragment/look/surfacing/structure_wall_fibro01/render_high/texture/look_surfacing_structure_wall_fibro01_render_high_texture/structure_wall_fibro01_Roughness.<UDIM>.jpg from 6144x4096 to 2048x1365 (limit 2048)
[2026-03-15T09:10:21Z INFO  bif_viewport::texture_loader] Viewport downscale //freya/E_rename/_houdiniFiles/USD/USD_ALab_0730/fragment/look/surfacing/structure_wall_fibro01/render_high/texture/look_surfacing_structure_wall_fibro01_render_high_texture/structure_wall_fibro01_Normal_openGL.<UDIM>.jpg from 6144x4096 to 2048x1365 (limit 2048)
[2026-03-15T09:10:21Z INFO  bif_viewport::texture_loader] Viewport downscale //freya/E_rename/_houdiniFiles/USD/USD_ALab_0730/fragment/look/surfacing/structure_wall_fibro02/render_high/texture/look_surfacing_structure_wall_fibro02_render_high_texture/structure_wall_fibro02_BaseColor.<UDIM>.jpg from 6144x4096 to 2048x1365 (limit 2048)
[2026-03-15T09:10:21Z INFO  bif_viewport::texture_loader] Viewport downscale //freya/E_rename/_houdiniFiles/USD/USD_ALab_0730/fragment/look/surfacing/structure_wall_fibro02/render_high/texture/look_surfacing_structure_wall_fibro02_render_high_texture/structure_wall_fibro02_Roughness.<UDIM>.jpg from 6144x4096 to 2048x1365 (limit 2048)
[2026-03-15T09:10:22Z INFO  bif_viewport::texture_loader] Viewport downscale //freya/E_rename/_houdiniFiles/USD/USD_ALab_0730/fragment/look/surfacing/structure_wall_fibro02/render_high/texture/look_surfacing_structure_wall_fibro02_render_high_texture/structure_wall_fibro02_Normal_openGL.<UDIM>.jpg from 6144x4096 to 2048x1365 (limit 2048)
[2026-03-15T09:10:22Z INFO  bif_viewport::texture_loader] Viewport downscale //freya/E_rename/_houdiniFiles/USD/USD_ALab_0730/fragment/look/surfacing/structure_wall_fibro03/render_high/texture/look_surfacing_structure_wall_fibro03_render_high_texture/structure_wall_fibro03_BaseColor.<UDIM>.jpg from 6144x4096 to 2048x1365 (limit 2048)
[2026-03-15T09:10:22Z INFO  bif_viewport::texture_loader] Viewport downscale //freya/E_rename/_houdiniFiles/USD/USD_ALab_0730/fragment/look/surfacing/structure_wall_fibro03/render_high/texture/look_surfacing_structure_wall_fibro03_render_high_texture/structure_wall_fibro03_Roughness.<UDIM>.jpg from 6144x4096 to 2048x1365 (limit 2048)
[2026-03-15T09:10:22Z INFO  bif_viewport::texture_loader] Viewport downscale //freya/E_rename/_houdiniFiles/USD/USD_ALab_0730/fragment/look/surfacing/structure_wall_fibro03/render_high/texture/look_surfacing_structure_wall_fibro03_render_high_texture/structure_wall_fibro03_Normal_openGL.<UDIM>.jpg from 6144x4096 to 2048x1365 (limit 2048)
[2026-03-15T09:10:22Z INFO  bif_viewport::scene_loader] Streamed 272 textures to GPU
[2026-03-15T09:10:22Z INFO  bif_viewport::scene_loader] Rebuilt material table with UDIM grid info
[2026-03-15T09:10:22Z WARN  wgpu_hal::vulkan::conv] Unrecognized present mode 1000361000
[2026-03-15T09:10:22Z INFO  bif_viewer] Resized to 2102x1100
[2026-03-15T09:10:22Z INFO  bif_core::texture] UDIM atlas (Ivar): 12 tiles -> 8192x6144 (4x3 grid, tile 2048x2048)
[2026-03-15T09:10:24Z INFO  bif_core::texture] UDIM atlas (Ivar): 12 tiles -> 8192x6144 (4x3 grid, tile 2048x2048)
[2026-03-15T09:10:25Z INFO  bif_core::texture] UDIM atlas (Ivar): 12 tiles -> 8192x6144 (4x3 grid, tile 2048x2048)
[2026-03-15T09:10:26Z INFO  bif_core::texture] Texture electronics_portable_tv01_proxyTexture.jpg (512x512): decode=11.0ms, convert=0.7ms, linear=1.9ms, total=13.7ms
[2026-03-15T09:10:26Z INFO  bif_core::texture] UDIM tiles capped 2048x2048 -> 1638x1638 for Ivar (5x3 grid)
[2026-03-15T09:10:26Z INFO  bif_core::texture] Texture electronics_portable_tv01_BaseColor.1001.jpg (2048x2048): decode=46.5ms, convert=10.4ms, linear=30.6ms, total=87.5ms
[2026-03-15T09:10:26Z INFO  bif_core::texture] Texture electronics_portable_tv01_BaseColor.1002.jpg (2048x2048): decode=32.0ms, convert=10.1ms, linear=38.4ms, total=80.5ms
[2026-03-15T09:10:26Z INFO  bif_core::texture] Texture electronics_portable_tv01_BaseColor.1003.jpg (2048x2048): decode=42.0ms, convert=10.2ms, linear=24.7ms, total=76.9ms
[2026-03-15T09:10:26Z INFO  bif_core::texture] Texture electronics_portable_tv01_BaseColor.1004.jpg (2048x2048): decode=73.5ms, convert=11.3ms, linear=26.8ms, total=111.6ms
[2026-03-15T09:10:26Z INFO  bif_core::texture] Texture electronics_portable_tv01_BaseColor.1005.jpg (2048x2048): decode=36.0ms, convert=12.3ms, linear=34.6ms, total=82.9ms
[2026-03-15T09:10:27Z INFO  bif_core::texture] Texture electronics_portable_tv01_BaseColor.1011.jpg (2048x2048): decode=50.5ms, convert=10.5ms, linear=37.3ms, total=98.2ms
[2026-03-15T09:10:27Z INFO  bif_core::texture] Texture electronics_portable_tv01_BaseColor.1012.jpg (2048x2048): decode=40.2ms, convert=9.7ms, linear=24.9ms, total=74.8ms
[2026-03-15T09:10:27Z INFO  bif_core::texture] Texture electronics_portable_tv01_BaseColor.1013.jpg (2048x2048): decode=37.9ms, convert=8.9ms, linear=28.5ms, total=75.2ms
[2026-03-15T09:10:27Z INFO  bif_core::texture] Texture electronics_portable_tv01_BaseColor.1014.jpg (2048x2048): decode=41.9ms, convert=9.3ms, linear=24.3ms, total=75.5ms
[2026-03-15T09:10:27Z INFO  bif_core::texture] Texture electronics_portable_tv01_BaseColor.1021.jpg (2048x2048): decode=51.1ms, convert=10.5ms, linear=29.4ms, total=91.0ms
[2026-03-15T09:10:27Z INFO  bif_core::texture] Texture electronics_portable_tv01_BaseColor.1022.jpg (2048x2048): decode=47.4ms, convert=9.1ms, linear=27.1ms, total=83.7ms
[2026-03-15T09:10:27Z INFO  bif_core::texture] Texture electronics_portable_tv01_BaseColor.1023.jpg (2048x2048): decode=40.1ms, convert=10.8ms, linear=27.5ms, total=78.4ms
[2026-03-15T09:10:28Z INFO  bif_core::texture] Texture electronics_portable_tv01_BaseColor.1024.jpg (2048x2048): decode=40.9ms, convert=10.4ms, linear=32.3ms, total=83.6ms
[2026-03-15T09:10:28Z INFO  bif_core::texture] UDIM atlas (Ivar): 13 tiles -> 8190x4914 (5x3 grid, tile 1638x1638)
[2026-03-15T09:10:28Z INFO  bif_core::texture] UDIM tiles capped 2048x2048 -> 1638x1638 for Ivar (5x3 grid)
[2026-03-15T09:10:30Z INFO  bif_core::texture] UDIM atlas (Ivar): 13 tiles -> 8190x4914 (5x3 grid, tile 1638x1638)
[2026-03-15T09:10:30Z INFO  bif_core::texture] UDIM tiles capped 2048x2048 -> 1638x1638 for Ivar (5x3 grid)
[2026-03-15T09:10:32Z INFO  bif_core::texture] UDIM atlas (Ivar): 13 tiles -> 8190x4914 (5x3 grid, tile 1638x1638)
[2026-03-15T09:10:32Z INFO  bif_core::texture] UDIM tiles capped 2048x2048 -> 1638x1638 for Ivar (5x3 grid)
[2026-03-15T09:10:34Z INFO  bif_core::texture] UDIM atlas (Ivar): 13 tiles -> 8190x4914 (5x3 grid, tile 1638x1638)
[2026-03-15T09:10:34Z INFO  bif_core::texture] Texture stationary_pencil01_proxyTexture.jpg (512x512): decode=7.6ms, convert=0.8ms, linear=1.9ms, total=10.4ms
[2026-03-15T09:10:34Z INFO  bif_core::texture] Texture stationary_pencil01_BaseColor.1001.jpg (2048x2048): decode=61.7ms, convert=9.1ms, linear=25.3ms, total=96.1ms
[2026-03-15T09:10:34Z INFO  bif_core::texture] UDIM atlas (Ivar): 1 tiles -> 2048x2048 (1x1 grid, tile 2048x2048)
[2026-03-15T09:10:35Z INFO  bif_core::texture] UDIM atlas (Ivar): 1 tiles -> 2048x2048 (1x1 grid, tile 2048x2048)
[2026-03-15T09:10:35Z INFO  bif_core::texture] UDIM atlas (Ivar): 1 tiles -> 2048x2048 (1x1 grid, tile 2048x2048)
[2026-03-15T09:10:35Z INFO  bif_core::texture] Texture stationary_pencil02_proxyTexture.jpg (512x512): decode=8.6ms, convert=0.9ms, linear=2.0ms, total=11.6ms
[2026-03-15T09:10:35Z INFO  bif_core::texture] Texture stationary_pencil02_BaseColor.1001.jpg (2048x2048): decode=44.0ms, convert=9.3ms, linear=28.4ms, total=81.7ms
[2026-03-15T09:10:35Z INFO  bif_core::texture] UDIM atlas (Ivar): 1 tiles -> 2048x2048 (1x1 grid, tile 2048x2048)
[2026-03-15T09:10:35Z INFO  bif_core::texture] UDIM atlas (Ivar): 1 tiles -> 2048x2048 (1x1 grid, tile 2048x2048)
[2026-03-15T09:10:35Z INFO  bif_core::texture] UDIM atlas (Ivar): 1 tiles -> 2048x2048 (1x1 grid, tile 2048x2048)
[2026-03-15T09:10:35Z INFO  bif_core::texture] Texture stationary_pencil03_proxyTexture.jpg (512x512): decode=7.2ms, convert=0.7ms, linear=2.0ms, total=9.8ms
[2026-03-15T09:10:36Z INFO  bif_core::texture] Texture stationary_pencil03_BaseColor.1001.jpg (2048x2048): decode=39.4ms, convert=9.4ms, linear=22.8ms, total=71.6ms
[2026-03-15T09:10:36Z INFO  bif_core::texture] UDIM atlas (Ivar): 1 tiles -> 2048x2048 (1x1 grid, tile 2048x2048)
[2026-03-15T09:10:36Z INFO  bif_core::texture] UDIM atlas (Ivar): 1 tiles -> 2048x2048 (1x1 grid, tile 2048x2048)
[2026-03-15T09:10:36Z INFO  bif_core::texture] UDIM atlas (Ivar): 1 tiles -> 2048x2048 (1x1 grid, tile 2048x2048)
[2026-03-15T09:10:36Z INFO  bif_core::texture] Texture books_magazines01_proxyTexture.jpg (512x512): decode=14.8ms, convert=0.6ms, linear=1.4ms, total=16.8ms
[2026-03-15T09:10:36Z INFO  bif_core::texture] Texture books_magazines01_BaseColor.1001.jpg (2048x2048): decode=78.7ms, convert=10.6ms, linear=29.8ms, total=119.1ms
[2026-03-15T09:10:37Z INFO  bif_core::texture] Texture books_magazines01_BaseColor.1002.jpg (2048x2048): decode=86.6ms, convert=10.6ms, linear=27.3ms, total=124.5ms
[2026-03-15T09:10:37Z INFO  bif_core::texture] Texture books_magazines01_BaseColor.1003.jpg (2048x2048): decode=78.9ms, convert=9.1ms, linear=26.2ms, total=114.2ms
[2026-03-15T09:10:37Z INFO  bif_core::texture] Texture books_magazines01_BaseColor.1011.jpg (2048x2048): decode=67.4ms, convert=9.2ms, linear=22.5ms, total=99.1ms
[2026-03-15T09:10:37Z INFO  bif_core::texture] Texture books_magazines01_BaseColor.1012.jpg (2048x2048): decode=68.1ms, convert=9.1ms, linear=30.1ms, total=107.3ms
[2026-03-15T09:10:37Z INFO  bif_core::texture] Texture books_magazines01_BaseColor.1013.jpg (2048x2048): decode=56.6ms, convert=8.7ms, linear=22.7ms, total=88.1ms
[2026-03-15T09:10:37Z INFO  bif_core::texture] UDIM atlas (Ivar): 6 tiles -> 6144x4096 (3x2 grid, tile 2048x2048)
[2026-03-15T09:10:38Z INFO  bif_core::texture] UDIM atlas (Ivar): 6 tiles -> 6144x4096 (3x2 grid, tile 2048x2048)
[2026-03-15T09:10:39Z INFO  bif_core::texture] UDIM atlas (Ivar): 6 tiles -> 6144x4096 (3x2 grid, tile 2048x2048)
[2026-03-15T09:10:39Z INFO  bif_core::texture] Texture chemistry_beaker01_proxyTexture.jpg (512x512): decode=9.0ms, convert=0.7ms, linear=1.7ms, total=11.4ms
[2026-03-15T09:10:39Z INFO  bif_core::texture] Texture chemistry_beaker01_BaseColor.1001.jpg (2048x2048): decode=41.5ms, convert=11.0ms, linear=36.6ms, total=89.1ms
[2026-03-15T09:10:40Z INFO  bif_core::texture] UDIM atlas (Ivar): 1 tiles -> 2048x2048 (1x1 grid, tile 2048x2048)
[2026-03-15T09:10:40Z INFO  bif_core::texture] UDIM atlas (Ivar): 1 tiles -> 2048x2048 (1x1 grid, tile 2048x2048)
[2026-03-15T09:10:40Z INFO  bif_core::texture] UDIM atlas (Ivar): 1 tiles -> 2048x2048 (1x1 grid, tile 2048x2048)
[2026-03-15T09:10:40Z INFO  bif_core::texture] Texture chemistry_beaker02_proxyTexture.jpg (512x512): decode=9.7ms, convert=0.6ms, linear=1.3ms, total=11.6ms
[2026-03-15T09:10:40Z INFO  bif_core::texture] Texture chemistry_beaker02_BaseColor.1001.jpg (2048x2048): decode=42.2ms, convert=9.6ms, linear=26.5ms, total=78.3ms
[2026-03-15T09:10:40Z INFO  bif_core::texture] UDIM atlas (Ivar): 1 tiles -> 2048x2048 (1x1 grid, tile 2048x2048)
[2026-03-15T09:10:41Z INFO  bif_core::texture] UDIM atlas (Ivar): 1 tiles -> 2048x2048 (1x1 grid, tile 2048x2048)
[2026-03-15T09:10:41Z INFO  bif_core::texture] UDIM atlas (Ivar): 1 tiles -> 2048x2048 (1x1 grid, tile 2048x2048)
[2026-03-15T09:10:41Z INFO  bif_core::texture] Texture chemistry_beaker03_proxyTexture.jpg (512x512): decode=8.0ms, convert=0.8ms, linear=2.0ms, total=10.8ms
[2026-03-15T09:10:41Z INFO  bif_core::texture] Texture chemistry_beaker03_BaseColor.1001.jpg (2048x2048): decode=37.9ms, convert=9.0ms, linear=24.1ms, total=71.0ms
[2026-03-15T09:10:41Z INFO  bif_core::texture] UDIM atlas (Ivar): 1 tiles -> 2048x2048 (1x1 grid, tile 2048x2048)
[2026-03-15T09:10:41Z INFO  bif_core::texture] UDIM atlas (Ivar): 1 tiles -> 2048x2048 (1x1 grid, tile 2048x2048)
[2026-03-15T09:10:41Z INFO  bif_core::texture] UDIM atlas (Ivar): 1 tiles -> 2048x2048 (1x1 grid, tile 2048x2048)
[2026-03-15T09:10:42Z INFO  bif_core::texture] Texture chemistry_beaker_rack01_proxyTexture.jpg (512x512): decode=10.9ms, convert=0.9ms, linear=2.3ms, total=14.1ms
[2026-03-15T09:10:42Z INFO  bif_core::texture] Texture chemistry_beaker_rack01_BaseColor.1001.jpg (2048x2048): decode=62.1ms, convert=8.7ms, linear=25.6ms, total=96.4ms
[2026-03-15T09:10:42Z INFO  bif_core::texture] UDIM atlas (Ivar): 1 tiles -> 2048x2048 (1x1 grid, tile 2048x2048)
[2026-03-15T09:10:42Z INFO  bif_core::texture] UDIM atlas (Ivar): 1 tiles -> 2048x2048 (1x1 grid, tile 2048x2048)
[2026-03-15T09:10:42Z INFO  bif_core::texture] UDIM atlas (Ivar): 1 tiles -> 2048x2048 (1x1 grid, tile 2048x2048)
[2026-03-15T09:10:43Z INFO  bif_core::texture] UDIM atlas (Ivar): 1 tiles -> 2048x2048 (1x1 grid, tile 2048x2048)
[2026-03-15T09:10:43Z INFO  bif_core::texture] Texture chemistry_beaker_stand01_proxyTexture.jpg (512x512): decode=14.4ms, convert=0.9ms, linear=2.4ms, total=17.8ms
[2026-03-15T09:10:43Z INFO  bif_core::texture] Texture chemistry_beaker_stand01_BaseColor.1001.jpg (2048x2048): decode=60.3ms, convert=9.5ms, linear=23.4ms, total=93.2ms
[2026-03-15T09:10:43Z INFO  bif_core::texture] Texture chemistry_beaker_stand01_BaseColor.1002.jpg (2048x2048): decode=57.9ms, convert=15.6ms, linear=29.5ms, total=103.0ms
[2026-03-15T09:10:43Z INFO  bif_core::texture] UDIM atlas (Ivar): 2 tiles -> 4096x2048 (2x1 grid, tile 2048x2048)
[2026-03-15T09:10:43Z INFO  bif_core::texture] UDIM atlas (Ivar): 2 tiles -> 4096x2048 (2x1 grid, tile 2048x2048)
[2026-03-15T09:10:44Z INFO  bif_core::texture] UDIM atlas (Ivar): 2 tiles -> 4096x2048 (2x1 grid, tile 2048x2048)
[2026-03-15T09:10:44Z INFO  bif_core::texture] UDIM atlas (Ivar): 2 tiles -> 4096x2048 (2x1 grid, tile 2048x2048)
[2026-03-15T09:10:44Z INFO  bif_core::texture] Texture chemistry_bottle01_proxyTexture.jpg (512x512): decode=8.8ms, convert=0.9ms, linear=2.5ms, total=12.2ms
[2026-03-15T09:10:44Z INFO  bif_core::texture] Texture chemistry_bottle01_BaseColor.1001.jpg (2048x2048): decode=34.2ms, convert=12.6ms, linear=32.0ms, total=78.8ms
[2026-03-15T09:10:44Z INFO  bif_core::texture] UDIM atlas (Ivar): 1 tiles -> 2048x2048 (1x1 grid, tile 2048x2048)
[2026-03-15T09:10:45Z INFO  bif_core::texture] UDIM atlas (Ivar): 1 tiles -> 2048x2048 (1x1 grid, tile 2048x2048)
[2026-03-15T09:10:45Z INFO  bif_core::texture] UDIM atlas (Ivar): 1 tiles -> 2048x2048 (1x1 grid, tile 2048x2048)
[2026-03-15T09:10:45Z INFO  bif_core::texture] Texture chemistry_bottle02_proxyTexture.jpg (512x512): decode=8.2ms, convert=0.6ms, linear=1.5ms, total=10.2ms
[2026-03-15T09:10:45Z INFO  bif_core::texture] Texture chemistry_bottle02_BaseColor.1001.jpg (2048x2048): decode=32.0ms, convert=11.7ms, linear=25.8ms, total=69.4ms
[2026-03-15T09:10:45Z INFO  bif_core::texture] UDIM atlas (Ivar): 1 tiles -> 2048x2048 (1x1 grid, tile 2048x2048)
[2026-03-15T09:10:45Z INFO  bif_core::texture] UDIM atlas (Ivar): 1 tiles -> 2048x2048 (1x1 grid, tile 2048x2048)
[2026-03-15T09:10:46Z INFO  bif_core::texture] UDIM atlas (Ivar): 1 tiles -> 2048x2048 (1x1 grid, tile 2048x2048)
[2026-03-15T09:10:46Z INFO  bif_core::texture] Texture chemistry_bottle03_proxyTexture.jpg (512x512): decode=8.3ms, convert=0.6ms, linear=1.3ms, total=10.2ms
[2026-03-15T09:10:46Z INFO  bif_core::texture] Texture chemistry_bottle03_BaseColor.1001.jpg (2048x2048): decode=30.0ms, convert=10.1ms, linear=28.4ms, total=68.4ms
[2026-03-15T09:10:46Z INFO  bif_core::texture] UDIM atlas (Ivar): 1 tiles -> 2048x2048 (1x1 grid, tile 2048x2048)
[2026-03-15T09:10:46Z INFO  bif_core::texture] UDIM atlas (Ivar): 1 tiles -> 2048x2048 (1x1 grid, tile 2048x2048)
[2026-03-15T09:10:46Z INFO  bif_core::texture] UDIM atlas (Ivar): 1 tiles -> 2048x2048 (1x1 grid, tile 2048x2048)
[2026-03-15T09:10:46Z INFO  bif_core::texture] Texture chemistry_flask_stand01_proxyTexture.jpg (512x512): decode=10.7ms, convert=0.7ms, linear=1.8ms, total=13.3ms
[2026-03-15T09:10:47Z INFO  bif_core::texture] Texture chemistry_flask_stand01_BaseColor.1001.jpg (2048x2048): decode=50.9ms, convert=9.8ms, linear=25.7ms, total=86.3ms
[2026-03-15T09:10:47Z INFO  bif_core::texture] Texture chemistry_flask_stand01_BaseColor.1002.jpg (2048x2048): decode=26.9ms, convert=8.8ms, linear=23.5ms, total=59.2ms
[2026-03-15T09:10:47Z INFO  bif_core::texture] Texture chemistry_flask_stand01_BaseColor.1003.jpg (2048x2048): decode=52.7ms, convert=8.9ms, linear=26.9ms, total=88.4ms
[2026-03-15T09:10:47Z INFO  bif_core::texture] UDIM atlas (Ivar): 3 tiles -> 6144x2048 (3x1 grid, tile 2048x2048)
[2026-03-15T09:10:47Z INFO  bif_core::texture] UDIM atlas (Ivar): 3 tiles -> 6144x2048 (3x1 grid, tile 2048x2048)
[2026-03-15T09:10:48Z INFO  bif_core::texture] UDIM atlas (Ivar): 3 tiles -> 6144x2048 (3x1 grid, tile 2048x2048)
[2026-03-15T09:10:48Z INFO  bif_core::texture] Texture chemistry_kipps_apparatus01_proxyTexture.jpg (512x512): decode=12.1ms, convert=0.8ms, linear=1.4ms, total=14.2ms
[2026-03-15T09:10:48Z INFO  bif_core::texture] Texture chemistry_kipps_apparatus01_BaseColor.1001.jpg (2048x2048): decode=30.6ms, convert=13.0ms, linear=37.1ms, total=80.8ms
[2026-03-15T09:10:48Z INFO  bif_core::texture] Texture chemistry_kipps_apparatus01_BaseColor.1002.jpg (2048x2048): decode=82.0ms, convert=11.6ms, linear=30.3ms, total=123.9ms
[2026-03-15T09:10:49Z INFO  bif_core::texture] Texture chemistry_kipps_apparatus01_BaseColor.1003.jpg (2048x2048): decode=35.9ms, convert=12.7ms, linear=35.0ms, total=83.6ms
[2026-03-15T09:10:49Z INFO  bif_core::texture] UDIM atlas (Ivar): 3 tiles -> 6144x2048 (3x1 grid, tile 2048x2048)
[2026-03-15T09:10:49Z INFO  bif_core::texture] UDIM atlas (Ivar): 3 tiles -> 6144x2048 (3x1 grid, tile 2048x2048)
[2026-03-15T09:10:50Z INFO  bif_core::texture] UDIM atlas (Ivar): 3 tiles -> 6144x2048 (3x1 grid, tile 2048x2048)
[2026-03-15T09:10:50Z INFO  bif_core::texture] Texture chemistry_microscope01_proxyTexture.jpg (512x512): decode=11.3ms, convert=0.6ms, linear=1.4ms, total=13.3ms
[2026-03-15T09:10:50Z INFO  bif_core::texture] Texture chemistry_microscope01_BaseColor.1001.jpg (2048x2048): decode=53.0ms, convert=9.8ms, linear=31.2ms, total=94.1ms
[2026-03-15T09:10:50Z INFO  bif_core::texture] Texture chemistry_microscope01_BaseColor.1002.jpg (2048x2048): decode=58.5ms, convert=9.9ms, linear=27.9ms, total=96.3ms
[2026-03-15T09:10:50Z INFO  bif_core::texture] Texture chemistry_microscope01_BaseColor.1003.jpg (2048x2048): decode=36.9ms, convert=10.9ms, linear=34.6ms, total=82.3ms
[2026-03-15T09:10:50Z INFO  bif_core::texture] Texture chemistry_microscope01_BaseColor.1011.jpg (2048x2048): decode=42.6ms, convert=11.3ms, linear=31.0ms, total=85.0ms
[2026-03-15T09:10:51Z INFO  bif_core::texture] Texture chemistry_microscope01_BaseColor.1012.jpg (2048x2048): decode=44.1ms, convert=13.2ms, linear=35.9ms, total=93.2ms
[2026-03-15T09:10:51Z INFO  bif_core::texture] UDIM atlas (Ivar): 5 tiles -> 6144x4096 (3x2 grid, tile 2048x2048)
[2026-03-15T09:10:51Z INFO  bif_core::texture] UDIM atlas (Ivar): 5 tiles -> 6144x4096 (3x2 grid, tile 2048x2048)
[2026-03-15T09:10:52Z INFO  bif_core::texture] UDIM atlas (Ivar): 5 tiles -> 6144x4096 (3x2 grid, tile 2048x2048)
[2026-03-15T09:10:53Z INFO  bif_core::texture] UDIM atlas (Ivar): 5 tiles -> 6144x4096 (3x2 grid, tile 2048x2048)
[2026-03-15T09:10:53Z INFO  bif_core::texture] Texture decor_foam_hand01_proxyTexture.jpg (512x512): decode=8.9ms, convert=0.6ms, linear=2.3ms, total=11.9ms
[2026-03-15T09:10:53Z INFO  bif_core::texture] Texture BakedDiffuse_porc_hand.1001.jpg (2048x2048): decode=33.9ms, convert=9.4ms, linear=24.2ms, total=67.5ms
[2026-03-15T09:10:53Z INFO  bif_core::texture] Texture BakedDiffuse_porc_hand.1002.jpg (2048x2048): decode=30.8ms, convert=9.8ms, linear=23.5ms, total=64.1ms
[2026-03-15T09:10:53Z INFO  bif_core::texture] UDIM atlas (Ivar): 2 tiles -> 4096x2048 (2x1 grid, tile 2048x2048)
[2026-03-15T09:10:53Z INFO  bif_core::texture] Texture decor_helmet_head01_proxyTexture.jpg (512x512): decode=10.3ms, convert=0.7ms, linear=1.6ms, total=12.6ms
[2026-03-15T09:10:54Z INFO  bif_core::texture] Texture decor_helmet_head01_BaseColor.1001.jpg (2048x2048): decode=70.5ms, convert=10.7ms, linear=32.7ms, total=113.9ms
[2026-03-15T09:10:54Z INFO  bif_core::texture] Texture decor_helmet_head01_BaseColor.1002.jpg (2048x2048): decode=56.6ms, convert=10.1ms, linear=28.3ms, total=95.0ms
[2026-03-15T09:10:54Z INFO  bif_core::texture] UDIM atlas (Ivar): 2 tiles -> 4096x2048 (2x1 grid, tile 2048x2048)
[2026-03-15T09:10:54Z INFO  bif_core::texture] UDIM atlas (Ivar): 2 tiles -> 4096x2048 (2x1 grid, tile 2048x2048)
[2026-03-15T09:10:55Z INFO  bif_core::texture] UDIM atlas (Ivar): 2 tiles -> 4096x2048 (2x1 grid, tile 2048x2048)
[2026-03-15T09:10:55Z INFO  bif_core::texture] UDIM atlas (Ivar): 2 tiles -> 4096x2048 (2x1 grid, tile 2048x2048)
[2026-03-15T09:10:55Z INFO  bif_core::texture] Texture decor_wooden_box01_proxyTexture.jpg (512x512): decode=11.0ms, convert=4.4ms, linear=1.7ms, total=17.1ms
[2026-03-15T09:10:55Z INFO  bif_core::texture] Texture decor_wooden_box01_BaseColor.1001.jpg (2048x2048): decode=69.7ms, convert=9.4ms, linear=24.6ms, total=103.8ms
[2026-03-15T09:10:55Z INFO  bif_core::texture] Texture decor_wooden_box01_BaseColor.1002.jpg (2048x2048): decode=63.6ms, convert=9.1ms, linear=25.2ms, total=97.9ms
[2026-03-15T09:10:56Z INFO  bif_core::texture] Texture decor_wooden_box01_BaseColor.1003.jpg (2048x2048): decode=53.3ms, convert=11.2ms, linear=31.2ms, total=95.8ms
[2026-03-15T09:10:56Z INFO  bif_core::texture] Texture decor_wooden_box01_BaseColor.1011.jpg (2048x2048): decode=76.5ms, convert=10.4ms, linear=26.0ms, total=112.9ms
[2026-03-15T09:10:56Z INFO  bif_core::texture] Texture decor_wooden_box01_BaseColor.1012.jpg (2048x2048): decode=32.9ms, convert=9.0ms, linear=25.0ms, total=66.9ms
[2026-03-15T09:10:56Z INFO  bif_core::texture] Texture decor_wooden_box01_BaseColor.1013.jpg (2048x2048): decode=59.5ms, convert=12.3ms, linear=28.3ms, total=100.1ms
[2026-03-15T09:10:56Z INFO  bif_core::texture] UDIM atlas (Ivar): 6 tiles -> 6144x4096 (3x2 grid, tile 2048x2048)
[2026-03-15T09:10:57Z INFO  bif_core::texture] UDIM atlas (Ivar): 6 tiles -> 6144x4096 (3x2 grid, tile 2048x2048)
[2026-03-15T09:10:58Z INFO  bif_core::texture] UDIM atlas (Ivar): 6 tiles -> 6144x4096 (3x2 grid, tile 2048x2048)
[2026-03-15T09:10:58Z INFO  bif_core::texture] Texture electronics_audio_generator01_proxyTexture.jpg (512x512): decode=9.2ms, convert=0.6ms, linear=1.5ms, total=11.3ms
[2026-03-15T09:10:58Z INFO  bif_core::texture] UDIM tiles capped 2048x2048 -> 1638x1638 for Ivar (5x2 grid)
[2026-03-15T09:10:58Z INFO  bif_core::texture] Texture electronics_audio_generator01_BaseColor.1001.jpg (2048x2048): decode=80.1ms, convert=9.4ms, linear=26.3ms, total=115.8ms
[2026-03-15T09:10:58Z INFO  bif_core::texture] Texture electronics_audio_generator01_BaseColor.1002.jpg (2048x2048): decode=51.6ms, convert=9.1ms, linear=28.0ms, total=88.7ms
[2026-03-15T09:10:59Z INFO  bif_core::texture] Texture electronics_audio_generator01_BaseColor.1003.jpg (2048x2048): decode=62.2ms, convert=10.0ms, linear=29.4ms, total=101.6ms
[2026-03-15T09:10:59Z INFO  bif_core::texture] Texture electronics_audio_generator01_BaseColor.1004.jpg (2048x2048): decode=37.6ms, convert=9.2ms, linear=26.1ms, total=72.9ms
[2026-03-15T09:10:59Z INFO  bif_core::texture] Texture electronics_audio_generator01_BaseColor.1005.jpg (2048x2048): decode=55.9ms, convert=11.4ms, linear=27.4ms, total=94.6ms
[2026-03-15T09:10:59Z INFO  bif_core::texture] Texture electronics_audio_generator01_BaseColor.1011.jpg (2048x2048): decode=51.4ms, convert=8.9ms, linear=25.8ms, total=86.1ms
[2026-03-15T09:10:59Z INFO  bif_core::texture] Texture electronics_audio_generator01_BaseColor.1012.jpg (2048x2048): decode=51.6ms, convert=10.4ms, linear=28.2ms, total=90.2ms
[2026-03-15T09:10:59Z INFO  bif_core::texture] Texture electronics_audio_generator01_BaseColor.1013.jpg (2048x2048): decode=53.9ms, convert=9.8ms, linear=24.4ms, total=88.1ms
[2026-03-15T09:10:59Z INFO  bif_core::texture] Texture electronics_audio_generator01_BaseColor.1014.jpg (2048x2048): decode=53.2ms, convert=8.8ms, linear=27.9ms, total=90.0ms
[2026-03-15T09:11:00Z INFO  bif_core::texture] UDIM atlas (Ivar): 9 tiles -> 8190x3276 (5x2 grid, tile 1638x1638)
[2026-03-15T09:11:00Z INFO  bif_core::texture] UDIM tiles capped 2048x2048 -> 1638x1638 for Ivar (5x2 grid)
[2026-03-15T09:11:01Z INFO  bif_core::texture] UDIM atlas (Ivar): 9 tiles -> 8190x3276 (5x2 grid, tile 1638x1638)
[2026-03-15T09:11:01Z INFO  bif_core::texture] UDIM tiles capped 2048x2048 -> 1638x1638 for Ivar (5x2 grid)
[2026-03-15T09:11:02Z INFO  bif_core::texture] UDIM atlas (Ivar): 9 tiles -> 8190x3276 (5x2 grid, tile 1638x1638)
[2026-03-15T09:11:03Z INFO  bif_core::texture] UDIM tiles capped 2048x2048 -> 1638x1638 for Ivar (5x2 grid)
[2026-03-15T09:11:04Z INFO  bif_core::texture] UDIM atlas (Ivar): 9 tiles -> 8190x3276 (5x2 grid, tile 1638x1638)
[2026-03-15T09:11:04Z INFO  bif_core::texture] Texture electronics_tesla_coil01_proxyTexture.jpg (512x512): decode=15.1ms, convert=0.7ms, linear=1.4ms, total=17.2ms
[2026-03-15T09:11:04Z INFO  bif_core::texture] UDIM tiles capped 2048x2048 -> 1638x1638 for Ivar (5x2 grid)
[2026-03-15T09:11:04Z INFO  bif_core::texture] Texture electronics_tesla_coil01_BaseColor.1001.jpg (2048x2048): decode=65.4ms, convert=8.9ms, linear=27.8ms, total=102.1ms
[2026-03-15T09:11:04Z INFO  bif_core::texture] Texture electronics_tesla_coil01_BaseColor.1002.jpg (2048x2048): decode=91.4ms, convert=9.6ms, linear=27.4ms, total=128.5ms
[2026-03-15T09:11:04Z INFO  bif_core::texture] Texture electronics_tesla_coil01_BaseColor.1003.jpg (2048x2048): decode=61.9ms, convert=9.7ms, linear=25.3ms, total=96.9ms
[2026-03-15T09:11:05Z INFO  bif_core::texture] Texture electronics_tesla_coil01_BaseColor.1004.jpg (2048x2048): decode=37.4ms, convert=9.8ms, linear=32.0ms, total=79.3ms
[2026-03-15T09:11:05Z INFO  bif_core::texture] Texture electronics_tesla_coil01_BaseColor.1005.jpg (2048x2048): decode=26.6ms, convert=9.7ms, linear=23.1ms, total=59.4ms
[2026-03-15T09:11:05Z INFO  bif_core::texture] Texture electronics_tesla_coil01_BaseColor.1011.jpg (2048x2048): decode=61.9ms, convert=9.2ms, linear=23.1ms, total=94.2ms
[2026-03-15T09:11:05Z INFO  bif_core::texture] Texture electronics_tesla_coil01_BaseColor.1012.jpg (2048x2048): decode=70.4ms, convert=11.3ms, linear=23.3ms, total=105.1ms
[2026-03-15T09:11:05Z INFO  bif_core::texture] Texture electronics_tesla_coil01_BaseColor.1013.jpg (2048x2048): decode=50.1ms, convert=9.4ms, linear=25.9ms, total=85.4ms
[2026-03-15T09:11:05Z INFO  bif_core::texture] Texture electronics_tesla_coil01_BaseColor.1014.jpg (2048x2048): decode=36.9ms, convert=12.0ms, linear=31.6ms, total=80.5ms
[2026-03-15T09:11:05Z INFO  bif_core::texture] UDIM atlas (Ivar): 9 tiles -> 8190x3276 (5x2 grid, tile 1638x1638)
[2026-03-15T09:11:06Z INFO  bif_core::texture] UDIM tiles capped 2048x2048 -> 1638x1638 for Ivar (5x2 grid)
[2026-03-15T09:11:07Z INFO  bif_core::texture] UDIM atlas (Ivar): 9 tiles -> 8190x3276 (5x2 grid, tile 1638x1638)
[2026-03-15T09:11:07Z INFO  bif_core::texture] UDIM tiles capped 2048x2048 -> 1638x1638 for Ivar (5x2 grid)
[2026-03-15T09:11:08Z INFO  bif_core::texture] UDIM atlas (Ivar): 9 tiles -> 8190x3276 (5x2 grid, tile 1638x1638)
[2026-03-15T09:11:08Z INFO  bif_core::texture] UDIM tiles capped 2048x2048 -> 1638x1638 for Ivar (5x2 grid)
[2026-03-15T09:11:10Z INFO  bif_core::texture] UDIM atlas (Ivar): 9 tiles -> 8190x3276 (5x2 grid, tile 1638x1638)
[2026-03-15T09:11:10Z INFO  bif_core::texture] Texture electronics_turntable01_proxyTexture.jpg (512x512): decode=10.1ms, convert=0.6ms, linear=1.4ms, total=12.1ms
[2026-03-15T09:11:10Z INFO  bif_core::texture] UDIM tiles capped 2048x2048 -> 1638x1638 for Ivar (5x2 grid)
[2026-03-15T09:11:10Z INFO  bif_core::texture] Texture electronics_turntable01_BaseColor.1001.jpg (2048x2048): decode=41.4ms, convert=9.8ms, linear=32.6ms, total=83.8ms
[2026-03-15T09:11:10Z INFO  bif_core::texture] Texture electronics_turntable01_BaseColor.1002.jpg (2048x2048): decode=48.8ms, convert=9.3ms, linear=31.7ms, total=89.9ms
[2026-03-15T09:11:10Z INFO  bif_core::texture] Texture electronics_turntable01_BaseColor.1003.jpg (2048x2048): decode=78.6ms, convert=10.7ms, linear=27.7ms, total=117.1ms
[2026-03-15T09:11:10Z INFO  bif_core::texture] Texture electronics_turntable01_BaseColor.1004.jpg (2048x2048): decode=43.4ms, convert=11.0ms, linear=29.0ms, total=83.4ms
[2026-03-15T09:11:11Z INFO  bif_core::texture] Texture electronics_turntable01_BaseColor.1005.jpg (2048x2048): decode=38.4ms, convert=11.3ms, linear=30.9ms, total=80.6ms
[2026-03-15T09:11:11Z INFO  bif_core::texture] Texture electronics_turntable01_BaseColor.1011.jpg (2048x2048): decode=37.9ms, convert=9.5ms, linear=32.9ms, total=80.3ms
[2026-03-15T09:11:11Z INFO  bif_core::texture] Texture electronics_turntable01_BaseColor.1012.jpg (2048x2048): decode=42.3ms, convert=8.5ms, linear=22.4ms, total=73.2ms
[2026-03-15T09:11:11Z INFO  bif_core::texture] Texture electronics_turntable01_BaseColor.1013.jpg (2048x2048): decode=61.8ms, convert=10.1ms, linear=26.1ms, total=98.0ms
[2026-03-15T09:11:11Z INFO  bif_core::texture] Texture electronics_turntable01_BaseColor.1014.jpg (2048x2048): decode=44.9ms, convert=10.0ms, linear=23.5ms, total=78.4ms
[2026-03-15T09:11:11Z INFO  bif_core::texture] UDIM atlas (Ivar): 9 tiles -> 8190x3276 (5x2 grid, tile 1638x1638)
[2026-03-15T09:11:11Z INFO  bif_core::texture] UDIM tiles capped 2048x2048 -> 1638x1638 for Ivar (5x2 grid)
[2026-03-15T09:11:13Z INFO  bif_core::texture] UDIM atlas (Ivar): 9 tiles -> 8190x3276 (5x2 grid, tile 1638x1638)
[2026-03-15T09:11:13Z INFO  bif_core::texture] UDIM tiles capped 2048x2048 -> 1638x1638 for Ivar (5x2 grid)
[2026-03-15T09:11:14Z INFO  bif_core::texture] UDIM atlas (Ivar): 9 tiles -> 8190x3276 (5x2 grid, tile 1638x1638)
[2026-03-15T09:11:14Z INFO  bif_core::texture] Texture electronics_wire_spool01_proxyTexture.jpg (512x512): decode=8.7ms, convert=0.7ms, linear=1.6ms, total=11.0ms
[2026-03-15T09:11:14Z INFO  bif_core::texture] Texture electronics_wire_spool01_BaseColor.1001.jpg (2048x2048): decode=40.9ms, convert=10.0ms, linear=28.6ms, total=79.5ms
[2026-03-15T09:11:15Z INFO  bif_core::texture] Texture electronics_wire_spool01_BaseColor.1002.jpg (2048x2048): decode=82.8ms, convert=10.9ms, linear=28.9ms, total=122.6ms
[2026-03-15T09:11:15Z INFO  bif_core::texture] UDIM atlas (Ivar): 2 tiles -> 4096x2048 (2x1 grid, tile 2048x2048)
[2026-03-15T09:11:15Z INFO  bif_core::texture] UDIM atlas (Ivar): 2 tiles -> 4096x2048 (2x1 grid, tile 2048x2048)
[2026-03-15T09:11:15Z INFO  bif_core::texture] UDIM atlas (Ivar): 2 tiles -> 4096x2048 (2x1 grid, tile 2048x2048)
[2026-03-15T09:11:16Z INFO  bif_core::texture] UDIM atlas (Ivar): 2 tiles -> 4096x2048 (2x1 grid, tile 2048x2048)
[2026-03-15T09:11:16Z INFO  bif_core::texture] Texture furniture_blackboard01_proxyTexture.jpg (512x512): decode=9.9ms, convert=0.7ms, linear=1.5ms, total=12.1ms
[2026-03-15T09:11:16Z INFO  bif_core::texture] Texture furniture_blackboard01_BaseColor.1001.jpg (2048x2048): decode=68.1ms, convert=8.8ms, linear=27.1ms, total=104.0ms
[2026-03-15T09:11:16Z INFO  bif_core::texture] Texture furniture_blackboard01_BaseColor.1002.jpg (2048x2048): decode=59.9ms, convert=9.8ms, linear=23.9ms, total=93.6ms
[2026-03-15T09:11:16Z INFO  bif_core::texture] Texture furniture_blackboard01_BaseColor.1003.jpg (2048x2048): decode=27.9ms, convert=9.6ms, linear=25.6ms, total=63.1ms
[2026-03-15T09:11:16Z INFO  bif_core::texture] UDIM atlas (Ivar): 3 tiles -> 6144x2048 (3x1 grid, tile 2048x2048)
[2026-03-15T09:11:17Z INFO  bif_core::texture] UDIM atlas (Ivar): 3 tiles -> 6144x2048 (3x1 grid, tile 2048x2048)
[2026-03-15T09:11:17Z INFO  bif_core::texture] UDIM atlas (Ivar): 3 tiles -> 6144x2048 (3x1 grid, tile 2048x2048)
[2026-03-15T09:11:17Z INFO  bif_core::texture] Texture furniture_shelving01_proxyTexture.jpg (512x512): decode=11.6ms, convert=0.6ms, linear=1.4ms, total=13.6ms
[2026-03-15T09:11:18Z INFO  bif_core::texture] Texture furniture_shelving01_BaseColor.1001.jpg (2048x2048): decode=67.8ms, convert=11.0ms, linear=32.9ms, total=111.7ms
[2026-03-15T09:11:18Z INFO  bif_core::texture] Texture furniture_shelving01_BaseColor.1002.jpg (2048x2048): decode=72.3ms, convert=12.2ms, linear=29.0ms, total=113.5ms
[2026-03-15T09:11:18Z INFO  bif_core::texture] UDIM atlas (Ivar): 2 tiles -> 4096x2048 (2x1 grid, tile 2048x2048)
[2026-03-15T09:11:18Z INFO  bif_core::texture] UDIM atlas (Ivar): 2 tiles -> 4096x2048 (2x1 grid, tile 2048x2048)
[2026-03-15T09:11:19Z INFO  bif_core::texture] UDIM atlas (Ivar): 2 tiles -> 4096x2048 (2x1 grid, tile 2048x2048)
[2026-03-15T09:11:19Z INFO  bif_core::texture] Texture stationary_crayon_box01_proxyTexture.jpg (512x512): decode=13.2ms, convert=0.6ms, linear=1.5ms, total=15.3ms
[2026-03-15T09:11:19Z INFO  bif_core::texture] Texture stationary_crayon_box01_BaseColor.1001.jpg (2048x2048): decode=98.4ms, convert=11.9ms, linear=28.8ms, total=139.1ms
[2026-03-15T09:11:19Z INFO  bif_core::texture] UDIM atlas (Ivar): 1 tiles -> 2048x2048 (1x1 grid, tile 2048x2048)
[2026-03-15T09:11:19Z INFO  bif_core::texture] UDIM atlas (Ivar): 1 tiles -> 2048x2048 (1x1 grid, tile 2048x2048)
[2026-03-15T09:11:20Z INFO  bif_core::texture] UDIM atlas (Ivar): 1 tiles -> 2048x2048 (1x1 grid, tile 2048x2048)
[2026-03-15T09:11:20Z INFO  bif_core::texture] Texture stationary_notepad01_proxyTexture.jpg (512x512): decode=11.8ms, convert=0.8ms, linear=2.4ms, total=15.0ms
[2026-03-15T09:11:20Z INFO  bif_core::texture] Texture stationary_notepad01_BaseColor.1001.jpg (2048x2048): decode=61.9ms, convert=9.4ms, linear=28.8ms, total=100.1ms
[2026-03-15T09:11:20Z INFO  bif_core::texture] Texture stationary_notepad01_BaseColor.1002.jpg (2048x2048): decode=50.2ms, convert=9.8ms, linear=22.1ms, total=82.1ms
[2026-03-15T09:11:20Z INFO  bif_core::texture] Texture stationary_notepad01_BaseColor.1003.jpg (2048x2048): decode=29.3ms, convert=9.1ms, linear=23.8ms, total=62.2ms
[2026-03-15T09:11:20Z INFO  bif_core::texture] UDIM atlas (Ivar): 3 tiles -> 6144x2048 (3x1 grid, tile 2048x2048)
[2026-03-15T09:11:21Z INFO  bif_core::texture] UDIM atlas (Ivar): 3 tiles -> 6144x2048 (3x1 grid, tile 2048x2048)
[2026-03-15T09:11:21Z INFO  bif_core::texture] UDIM atlas (Ivar): 3 tiles -> 6144x2048 (3x1 grid, tile 2048x2048)
[2026-03-15T09:11:21Z INFO  bif_core::texture] Texture stationary_paper01_proxyTexture.jpg (512x512): decode=11.1ms, convert=0.7ms, linear=1.4ms, total=13.1ms
[2026-03-15T09:11:21Z INFO  bif_core::texture] Texture stationary_paper01_BaseColor.1001.jpg (2048x2048): decode=62.4ms, convert=9.8ms, linear=24.3ms, total=96.5ms
[2026-03-15T09:11:21Z INFO  bif_core::texture] UDIM atlas (Ivar): 1 tiles -> 2048x2048 (1x1 grid, tile 2048x2048)
[2026-03-15T09:11:22Z INFO  bif_core::texture] UDIM atlas (Ivar): 1 tiles -> 2048x2048 (1x1 grid, tile 2048x2048)
[2026-03-15T09:11:22Z INFO  bif_core::texture] UDIM atlas (Ivar): 1 tiles -> 2048x2048 (1x1 grid, tile 2048x2048)
[2026-03-15T09:11:22Z INFO  bif_core::texture] Texture stationary_paper02_proxyTexture.jpg (512x512): decode=11.5ms, convert=0.6ms, linear=1.3ms, total=13.4ms
[2026-03-15T09:11:22Z INFO  bif_core::texture] Texture stationary_paper02_BaseColor.1001.jpg (2048x2048): decode=61.4ms, convert=9.3ms, linear=24.6ms, total=95.3ms
[2026-03-15T09:11:22Z INFO  bif_core::texture] UDIM atlas (Ivar): 1 tiles -> 2048x2048 (1x1 grid, tile 2048x2048)
[2026-03-15T09:11:22Z INFO  bif_core::texture] UDIM atlas (Ivar): 1 tiles -> 2048x2048 (1x1 grid, tile 2048x2048)
[2026-03-15T09:11:23Z INFO  bif_core::texture] UDIM atlas (Ivar): 1 tiles -> 2048x2048 (1x1 grid, tile 2048x2048)
[2026-03-15T09:11:23Z INFO  bif_core::texture] Texture stationary_protractor_box01_proxyTexture.jpg (512x512): decode=10.8ms, convert=0.6ms, linear=1.3ms, total=12.8ms
[2026-03-15T09:11:23Z INFO  bif_core::texture] Texture stationary_protractor_box01_BaseColor.1001.jpg (2048x2048): decode=54.2ms, convert=8.8ms, linear=25.1ms, total=88.2ms
[2026-03-15T09:11:23Z INFO  bif_core::texture] Texture stationary_protractor_box01_BaseColor.1002.jpg (2048x2048): decode=49.0ms, convert=11.5ms, linear=30.6ms, total=91.0ms
[2026-03-15T09:11:23Z INFO  bif_core::texture] Texture stationary_protractor_box01_BaseColor.1011.jpg (2048x2048): decode=61.2ms, convert=9.7ms, linear=24.6ms, total=95.6ms
[2026-03-15T09:11:23Z INFO  bif_core::texture] Texture stationary_protractor_box01_BaseColor.1012.jpg (2048x2048): decode=26.7ms, convert=9.1ms, linear=30.0ms, total=65.8ms
[2026-03-15T09:11:23Z INFO  bif_core::texture] UDIM atlas (Ivar): 4 tiles -> 4096x4096 (2x2 grid, tile 2048x2048)
[2026-03-15T09:11:24Z INFO  bif_core::texture] UDIM atlas (Ivar): 4 tiles -> 4096x4096 (2x2 grid, tile 2048x2048)
[2026-03-15T09:11:25Z INFO  bif_core::texture] UDIM atlas (Ivar): 4 tiles -> 4096x4096 (2x2 grid, tile 2048x2048)
[2026-03-15T09:11:25Z INFO  bif_core::texture] Texture stationary_set_square01_proxyTexture.jpg (512x512): decode=8.7ms, convert=0.7ms, linear=2.1ms, total=11.5ms
[2026-03-15T09:11:25Z INFO  bif_core::texture] Texture stationary_set_square01_BaseColor.1001.jpg (2048x2048): decode=41.5ms, convert=9.8ms, linear=25.7ms, total=76.9ms
[2026-03-15T09:11:25Z INFO  bif_core::texture] UDIM atlas (Ivar): 1 tiles -> 2048x2048 (1x1 grid, tile 2048x2048)
[2026-03-15T09:11:25Z INFO  bif_core::texture] UDIM atlas (Ivar): 1 tiles -> 2048x2048 (1x1 grid, tile 2048x2048)
[2026-03-15T09:11:25Z INFO  bif_core::texture] UDIM atlas (Ivar): 1 tiles -> 2048x2048 (1x1 grid, tile 2048x2048)
[2026-03-15T09:11:25Z INFO  bif_core::texture] Texture stationary_set_square02_proxyTexture.jpg (512x512): decode=7.5ms, convert=0.6ms, linear=1.6ms, total=9.7ms
[2026-03-15T09:11:26Z INFO  bif_core::texture] Texture stationary_set_square02_BaseColor.1001.jpg (2048x2048): decode=39.5ms, convert=11.7ms, linear=30.8ms, total=82.0ms
[2026-03-15T09:11:26Z INFO  bif_core::texture] UDIM atlas (Ivar): 1 tiles -> 2048x2048 (1x1 grid, tile 2048x2048)
[2026-03-15T09:11:26Z INFO  bif_core::texture] UDIM atlas (Ivar): 1 tiles -> 2048x2048 (1x1 grid, tile 2048x2048)
[2026-03-15T09:11:26Z INFO  bif_core::texture] UDIM atlas (Ivar): 1 tiles -> 2048x2048 (1x1 grid, tile 2048x2048)
[2026-03-15T09:11:26Z INFO  bif_core::texture] Texture stationary_slide_rule01_proxyTexture.jpg (512x512): decode=10.9ms, convert=0.8ms, linear=1.8ms, total=13.5ms
[2026-03-15T09:11:26Z INFO  bif_core::texture] Texture stationary_slide_rule01_BaseColor.1001.jpg (2048x2048): decode=50.4ms, convert=11.5ms, linear=25.8ms, total=87.7ms
[2026-03-15T09:11:26Z INFO  bif_core::texture] Texture stationary_slide_rule01_BaseColor.1002.jpg (2048x2048): decode=83.6ms, convert=10.9ms, linear=28.3ms, total=122.8ms
[2026-03-15T09:11:26Z INFO  bif_core::texture] Texture stationary_slide_rule01_BaseColor.1003.jpg (2048x2048): decode=30.1ms, convert=9.2ms, linear=29.7ms, total=69.0ms
[2026-03-15T09:11:27Z INFO  bif_core::texture] UDIM atlas (Ivar): 3 tiles -> 6144x2048 (3x1 grid, tile 2048x2048)
[2026-03-15T09:11:27Z INFO  bif_core::texture] UDIM atlas (Ivar): 3 tiles -> 6144x2048 (3x1 grid, tile 2048x2048)
[2026-03-15T09:11:28Z INFO  bif_core::texture] UDIM atlas (Ivar): 3 tiles -> 6144x2048 (3x1 grid, tile 2048x2048)
[2026-03-15T09:11:28Z INFO  bif_core::texture] Texture toy_box01_proxyTexture.jpg (512x512): decode=9.2ms, convert=0.7ms, linear=1.8ms, total=11.7ms
[2026-03-15T09:11:28Z INFO  bif_core::texture] Texture toy_box01_BaseColor.1001.jpg (2048x2048): decode=47.0ms, convert=8.9ms, linear=22.8ms, total=78.7ms
[2026-03-15T09:11:28Z INFO  bif_core::texture] UDIM atlas (Ivar): 1 tiles -> 2048x2048 (1x1 grid, tile 2048x2048)
[2026-03-15T09:11:28Z INFO  bif_core::texture] UDIM atlas (Ivar): 1 tiles -> 2048x2048 (1x1 grid, tile 2048x2048)
[2026-03-15T09:11:28Z INFO  bif_core::texture] UDIM atlas (Ivar): 1 tiles -> 2048x2048 (1x1 grid, tile 2048x2048)
[2026-03-15T09:11:28Z INFO  bif_core::texture] Texture toy_box02_proxyTexture.jpg (512x512): decode=9.5ms, convert=0.7ms, linear=2.1ms, total=12.2ms
[2026-03-15T09:11:29Z INFO  bif_core::texture] Texture toy_box02_BaseColor.1001.jpg (2048x2048): decode=80.1ms, convert=10.5ms, linear=30.6ms, total=121.2ms
[2026-03-15T09:11:29Z INFO  bif_core::texture] UDIM atlas (Ivar): 1 tiles -> 2048x2048 (1x1 grid, tile 2048x2048)
[2026-03-15T09:11:29Z INFO  bif_core::texture] UDIM atlas (Ivar): 1 tiles -> 2048x2048 (1x1 grid, tile 2048x2048)
[2026-03-15T09:11:29Z INFO  bif_core::texture] UDIM atlas (Ivar): 1 tiles -> 2048x2048 (1x1 grid, tile 2048x2048)
[2026-03-15T09:11:29Z INFO  bif_core::texture] Texture toy_box04_proxyTexture.jpg (512x512): decode=10.0ms, convert=0.6ms, linear=1.4ms, total=12.1ms
[2026-03-15T09:11:29Z INFO  bif_core::texture] Texture toy_box04_BaseColor.1001.jpg (2048x2048): decode=54.5ms, convert=12.1ms, linear=24.2ms, total=90.7ms
[2026-03-15T09:11:29Z INFO  bif_core::texture] UDIM atlas (Ivar): 1 tiles -> 2048x2048 (1x1 grid, tile 2048x2048)
[2026-03-15T09:11:30Z INFO  bif_core::texture] UDIM atlas (Ivar): 1 tiles -> 2048x2048 (1x1 grid, tile 2048x2048)
[2026-03-15T09:11:30Z INFO  bif_core::texture] UDIM atlas (Ivar): 1 tiles -> 2048x2048 (1x1 grid, tile 2048x2048)
[2026-03-15T09:11:30Z INFO  bif_core::texture] Texture books_encyclopedias01_proxyTexture.jpg (512x512): decode=11.7ms, convert=0.6ms, linear=4.8ms, total=17.1ms
[2026-03-15T09:11:30Z INFO  bif_core::texture] Texture books_encyclopedias01_BaseColor.1001.jpg (2048x2048): decode=74.2ms, convert=8.9ms, linear=24.5ms, total=107.7ms
[2026-03-15T09:11:30Z INFO  bif_core::texture] Texture books_encyclopedias01_BaseColor.1002.jpg (2048x2048): decode=80.0ms, convert=9.8ms, linear=25.9ms, total=115.6ms
[2026-03-15T09:11:30Z INFO  bif_core::texture] Texture books_encyclopedias01_BaseColor.1003.jpg (2048x2048): decode=59.8ms, convert=9.4ms, linear=29.0ms, total=98.3ms
[2026-03-15T09:11:30Z INFO  bif_core::texture] UDIM atlas (Ivar): 3 tiles -> 6144x2048 (3x1 grid, tile 2048x2048)
[2026-03-15T09:11:31Z INFO  bif_core::texture] UDIM atlas (Ivar): 3 tiles -> 6144x2048 (3x1 grid, tile 2048x2048)
[2026-03-15T09:11:32Z INFO  bif_core::texture] UDIM atlas (Ivar): 3 tiles -> 6144x2048 (3x1 grid, tile 2048x2048)
[2026-03-15T09:11:32Z INFO  bif_core::texture] Texture toy_box03_proxyTexture.jpg (512x512): decode=15.1ms, convert=1.0ms, linear=2.1ms, total=18.2ms
[2026-03-15T09:11:32Z INFO  bif_core::texture] Texture toy_box03_BaseColor.1001.jpg (2048x2048): decode=72.3ms, convert=9.0ms, linear=25.3ms, total=106.7ms
[2026-03-15T09:11:32Z INFO  bif_core::texture] Texture toy_box03_BaseColor.1002.jpg (2048x2048): decode=72.3ms, convert=8.8ms, linear=27.4ms, total=108.6ms
[2026-03-15T09:11:32Z INFO  bif_core::texture] Texture toy_box03_BaseColor.1003.jpg (2048x2048): decode=75.1ms, convert=8.6ms, linear=26.9ms, total=110.6ms
[2026-03-15T09:11:32Z INFO  bif_core::texture] UDIM atlas (Ivar): 3 tiles -> 6144x2048 (3x1 grid, tile 2048x2048)
[2026-03-15T09:11:33Z INFO  bif_core::texture] UDIM atlas (Ivar): 3 tiles -> 6144x2048 (3x1 grid, tile 2048x2048)
[2026-03-15T09:11:33Z INFO  bif_core::texture] UDIM atlas (Ivar): 3 tiles -> 6144x2048 (3x1 grid, tile 2048x2048)
[2026-03-15T09:11:33Z INFO  bif_core::texture] Texture chemistry_magnetic_stirrer01_proxyTexture.jpg (512x512): decode=12.3ms, convert=0.8ms, linear=1.9ms, total=15.0ms
[2026-03-15T09:11:33Z INFO  bif_core::texture] Texture chemistry_magnetic_stirrer01_BaseColor.1001.jpg (2048x2048): decode=52.4ms, convert=8.9ms, linear=23.6ms, total=84.9ms
[2026-03-15T09:11:34Z INFO  bif_core::texture] Texture chemistry_magnetic_stirrer01_BaseColor.1002.jpg (2048x2048): decode=57.9ms, convert=11.1ms, linear=24.5ms, total=93.6ms
[2026-03-15T09:11:34Z INFO  bif_core::texture] Texture chemistry_magnetic_stirrer01_BaseColor.1011.jpg (2048x2048): decode=52.1ms, convert=8.8ms, linear=24.2ms, total=85.1ms
[2026-03-15T09:11:34Z INFO  bif_core::texture] UDIM atlas (Ivar): 3 tiles -> 4096x4096 (2x2 grid, tile 2048x2048)
[2026-03-15T09:11:34Z INFO  bif_core::texture] UDIM atlas (Ivar): 3 tiles -> 4096x4096 (2x2 grid, tile 2048x2048)
[2026-03-15T09:11:35Z INFO  bif_core::texture] UDIM atlas (Ivar): 3 tiles -> 4096x4096 (2x2 grid, tile 2048x2048)
[2026-03-15T09:11:35Z INFO  bif_core::texture] Texture chemistry_test_tube01_proxyTexture.jpg (512x512): decode=8.4ms, convert=0.7ms, linear=1.6ms, total=10.7ms
[2026-03-15T09:11:35Z INFO  bif_core::texture] Texture chemistry_test_tube01_BaseColor.1001.jpg (2048x2048): decode=35.1ms, convert=8.7ms, linear=24.2ms, total=68.0ms
[2026-03-15T09:11:35Z INFO  bif_core::texture] UDIM atlas (Ivar): 1 tiles -> 2048x2048 (1x1 grid, tile 2048x2048)
[2026-03-15T09:11:35Z INFO  bif_core::texture] UDIM atlas (Ivar): 1 tiles -> 2048x2048 (1x1 grid, tile 2048x2048)
[2026-03-15T09:11:35Z INFO  bif_core::texture] UDIM atlas (Ivar): 1 tiles -> 2048x2048 (1x1 grid, tile 2048x2048)
[2026-03-15T09:11:35Z INFO  bif_core::texture] Texture chemistry_test_tube02_proxyTexture.jpg (512x512): decode=10.9ms, convert=0.8ms, linear=1.4ms, total=13.1ms
[2026-03-15T09:11:36Z INFO  bif_core::texture] Texture chemistry_test_tube02_BaseColor.1001.jpg (2048x2048): decode=37.4ms, convert=9.1ms, linear=22.9ms, total=69.4ms
[2026-03-15T09:11:36Z INFO  bif_core::texture] UDIM atlas (Ivar): 1 tiles -> 2048x2048 (1x1 grid, tile 2048x2048)
[2026-03-15T09:11:36Z INFO  bif_core::texture] UDIM atlas (Ivar): 1 tiles -> 2048x2048 (1x1 grid, tile 2048x2048)
[2026-03-15T09:11:36Z INFO  bif_core::texture] UDIM atlas (Ivar): 1 tiles -> 2048x2048 (1x1 grid, tile 2048x2048)
[2026-03-15T09:11:36Z INFO  bif_core::texture] Texture chemistry_test_tube03_proxyTexture.jpg (512x512): decode=9.0ms, convert=0.9ms, linear=1.4ms, total=11.3ms
[2026-03-15T09:11:36Z INFO  bif_core::texture] Texture chemistry_test_tube03_BaseColor.1001.jpg (2048x2048): decode=36.0ms, convert=9.0ms, linear=26.9ms, total=71.9ms
[2026-03-15T09:11:36Z INFO  bif_core::texture] UDIM atlas (Ivar): 1 tiles -> 2048x2048 (1x1 grid, tile 2048x2048)
[2026-03-15T09:11:37Z INFO  bif_core::texture] UDIM atlas (Ivar): 1 tiles -> 2048x2048 (1x1 grid, tile 2048x2048)
[2026-03-15T09:11:37Z INFO  bif_core::texture] UDIM atlas (Ivar): 1 tiles -> 2048x2048 (1x1 grid, tile 2048x2048)
[2026-03-15T09:11:37Z INFO  bif_core::texture] Texture electronics_spoolrack_proxyTexture.jpg (512x512): decode=9.4ms, convert=0.8ms, linear=1.3ms, total=11.5ms
[2026-03-15T09:11:37Z INFO  bif_core::texture] Texture electronics_spoolrack_BaseColor.1001.jpg (2048x2048): decode=68.5ms, convert=8.8ms, linear=22.9ms, total=100.1ms
[2026-03-15T09:11:37Z INFO  bif_core::texture] Texture electronics_spoolrack_BaseColor.1002.jpg (2048x2048): decode=55.3ms, convert=9.4ms, linear=27.1ms, total=91.8ms
[2026-03-15T09:11:37Z INFO  bif_core::texture] UDIM atlas (Ivar): 2 tiles -> 4096x2048 (2x1 grid, tile 2048x2048)
[2026-03-15T09:11:38Z INFO  bif_core::texture] UDIM atlas (Ivar): 2 tiles -> 4096x2048 (2x1 grid, tile 2048x2048)
[2026-03-15T09:11:38Z INFO  bif_core::texture] UDIM atlas (Ivar): 2 tiles -> 4096x2048 (2x1 grid, tile 2048x2048)
[2026-03-15T09:11:38Z INFO  bif_core::texture] Texture electronics_wire_spool02_proxyTexture.jpg (512x512): decode=7.0ms, convert=0.6ms, linear=1.4ms, total=9.0ms
[2026-03-15T09:11:38Z INFO  bif_core::texture] Texture electronics_wire_spool02_BaseColor.1001.jpg (2048x2048): decode=35.3ms, convert=9.4ms, linear=22.1ms, total=66.9ms
[2026-03-15T09:11:38Z INFO  bif_core::texture] Texture electronics_wire_spool02_BaseColor.1002.jpg (2048x2048): decode=76.2ms, convert=9.8ms, linear=30.1ms, total=116.1ms
[2026-03-15T09:11:39Z INFO  bif_core::texture] UDIM atlas (Ivar): 2 tiles -> 4096x2048 (2x1 grid, tile 2048x2048)
[2026-03-15T09:11:39Z INFO  bif_core::texture] UDIM atlas (Ivar): 2 tiles -> 4096x2048 (2x1 grid, tile 2048x2048)
[2026-03-15T09:11:39Z INFO  bif_core::texture] UDIM atlas (Ivar): 2 tiles -> 4096x2048 (2x1 grid, tile 2048x2048)
[2026-03-15T09:11:40Z INFO  bif_core::texture] UDIM atlas (Ivar): 2 tiles -> 4096x2048 (2x1 grid, tile 2048x2048)
[2026-03-15T09:11:40Z INFO  bif_core::texture] Texture toy_fun_coil_proxyTexture.jpg (512x512): decode=9.1ms, convert=0.6ms, linear=1.7ms, total=11.4ms
[2026-03-15T09:11:40Z INFO  bif_core::texture] Texture toy_fun_coil_BaseColor.1001.jpg (2048x2048): decode=50.2ms, convert=9.1ms, linear=30.9ms, total=90.3ms
[2026-03-15T09:11:40Z INFO  bif_core::texture] UDIM atlas (Ivar): 1 tiles -> 2048x2048 (1x1 grid, tile 2048x2048)
[2026-03-15T09:11:40Z INFO  bif_core::texture] UDIM atlas (Ivar): 1 tiles -> 2048x2048 (1x1 grid, tile 2048x2048)
[2026-03-15T09:11:40Z INFO  bif_core::texture] UDIM atlas (Ivar): 1 tiles -> 2048x2048 (1x1 grid, tile 2048x2048)
[2026-03-15T09:11:41Z INFO  bif_core::texture] UDIM atlas (Ivar): 1 tiles -> 2048x2048 (1x1 grid, tile 2048x2048)
[2026-03-15T09:11:41Z INFO  bif_core::texture] Texture toy_curly_surgery_proxyTexture.jpg (512x512): decode=11.0ms, convert=0.7ms, linear=1.9ms, total=13.6ms
[2026-03-15T09:11:41Z INFO  bif_core::texture] Texture toy_curly_surgery_BaseColor.1001.jpg (2048x2048): decode=67.4ms, convert=10.3ms, linear=25.8ms, total=103.5ms
[2026-03-15T09:11:41Z INFO  bif_core::texture] Texture toy_curly_surgery_BaseColor.1002.jpg (2048x2048): decode=41.4ms, convert=11.6ms, linear=29.3ms, total=82.3ms
[2026-03-15T09:11:41Z INFO  bif_core::texture] Texture toy_curly_surgery_BaseColor.1003.jpg (2048x2048): decode=38.7ms, convert=9.9ms, linear=24.5ms, total=73.1ms
[2026-03-15T09:11:41Z INFO  bif_core::texture] Texture toy_curly_surgery_BaseColor.1004.jpg (2048x2048): decode=26.6ms, convert=8.8ms, linear=23.9ms, total=59.4ms
[2026-03-15T09:11:41Z INFO  bif_core::texture] Texture toy_curly_surgery_BaseColor.1011.jpg (2048x2048): decode=27.7ms, convert=10.2ms, linear=24.6ms, total=62.5ms
[2026-03-15T09:11:41Z INFO  bif_core::texture] Texture toy_curly_surgery_BaseColor.1012.jpg (2048x2048): decode=36.1ms, convert=9.7ms, linear=23.1ms, total=68.9ms
[2026-03-15T09:11:42Z INFO  bif_core::texture] Texture toy_curly_surgery_BaseColor.1013.jpg (2048x2048): decode=65.6ms, convert=10.1ms, linear=32.4ms, total=108.1ms
[2026-03-15T09:11:42Z INFO  bif_core::texture] UDIM atlas (Ivar): 7 tiles -> 8192x4096 (4x2 grid, tile 2048x2048)
[2026-03-15T09:11:43Z INFO  bif_core::texture] UDIM atlas (Ivar): 7 tiles -> 8192x4096 (4x2 grid, tile 2048x2048)
[2026-03-15T09:11:44Z INFO  bif_core::texture] UDIM atlas (Ivar): 7 tiles -> 8192x4096 (4x2 grid, tile 2048x2048)
[2026-03-15T09:11:44Z INFO  bif_core::texture] Texture electronics_cabling_proxyTexture.jpg (512x512): decode=9.9ms, convert=0.8ms, linear=1.9ms, total=12.6ms
[2026-03-15T09:11:44Z INFO  bif_core::texture] Texture electronics_cabling_BaseColor.1001.jpg (2048x2048): decode=32.7ms, convert=9.6ms, linear=30.2ms, total=72.5ms
[2026-03-15T09:11:44Z INFO  bif_core::texture] Texture electronics_cabling_BaseColor.1002.jpg (2048x2048): decode=41.3ms, convert=9.3ms, linear=23.6ms, total=74.2ms
[2026-03-15T09:11:44Z INFO  bif_core::texture] Texture electronics_cabling_BaseColor.1003.jpg (2048x2048): decode=43.6ms, convert=10.7ms, linear=28.2ms, total=82.5ms
[2026-03-15T09:11:44Z INFO  bif_core::texture] Texture electronics_cabling_BaseColor.1004.jpg (2048x2048): decode=40.5ms, convert=9.9ms, linear=25.8ms, total=76.2ms
[2026-03-15T09:11:45Z INFO  bif_core::texture] Texture electronics_cabling_BaseColor.1011.jpg (2048x2048): decode=46.1ms, convert=11.3ms, linear=34.5ms, total=91.9ms
[2026-03-15T09:11:45Z INFO  bif_core::texture] Texture electronics_cabling_BaseColor.1012.jpg (2048x2048): decode=46.4ms, convert=12.8ms, linear=36.1ms, total=95.3ms
[2026-03-15T09:11:45Z INFO  bif_core::texture] Texture electronics_cabling_BaseColor.1013.jpg (2048x2048): decode=42.3ms, convert=9.4ms, linear=23.8ms, total=75.5ms
[2026-03-15T09:11:45Z INFO  bif_core::texture] Texture electronics_cabling_BaseColor.1014.jpg (2048x2048): decode=41.3ms, convert=10.1ms, linear=24.6ms, total=76.0ms
[2026-03-15T09:11:45Z INFO  bif_core::texture] UDIM atlas (Ivar): 8 tiles -> 8192x4096 (4x2 grid, tile 2048x2048)
[2026-03-15T09:11:46Z INFO  bif_core::texture] UDIM atlas (Ivar): 8 tiles -> 8192x4096 (4x2 grid, tile 2048x2048)
[2026-03-15T09:11:47Z INFO  bif_core::texture] UDIM atlas (Ivar): 8 tiles -> 8192x4096 (4x2 grid, tile 2048x2048)
[2026-03-15T09:11:47Z INFO  bif_core::texture] Texture decor_bonsai_jar01_proxyTexture.jpg (512x512): decode=9.2ms, convert=0.8ms, linear=1.6ms, total=11.6ms
[2026-03-15T09:11:48Z INFO  bif_core::texture] Texture decor_bonsai_jar01_BaseColor.1001.jpg (2048x2048): decode=32.7ms, convert=11.4ms, linear=33.1ms, total=77.3ms
[2026-03-15T09:11:48Z INFO  bif_core::texture] Texture decor_bonsai_jar01_BaseColor.1002.jpg (2048x2048): decode=80.6ms, convert=10.6ms, linear=25.7ms, total=116.9ms
[2026-03-15T09:11:48Z INFO  bif_core::texture] Texture decor_bonsai_jar01_BaseColor.1003.jpg (2048x2048): decode=77.8ms, convert=9.2ms, linear=28.5ms, total=115.5ms
[2026-03-15T09:11:48Z INFO  bif_core::texture] UDIM atlas (Ivar): 3 tiles -> 6144x2048 (3x1 grid, tile 2048x2048)
[2026-03-15T09:11:48Z INFO  bif_core::texture] UDIM atlas (Ivar): 3 tiles -> 6144x2048 (3x1 grid, tile 2048x2048)
[2026-03-15T09:11:49Z INFO  bif_core::texture] UDIM atlas (Ivar): 3 tiles -> 6144x2048 (3x1 grid, tile 2048x2048)
[2026-03-15T09:11:49Z INFO  bif_core::texture] Texture electronics_wire_spool04_proxyTexture.jpg (512x512): decode=8.4ms, convert=0.7ms, linear=1.4ms, total=10.4ms
[2026-03-15T09:11:49Z INFO  bif_core::texture] Texture electronics_wire_spool04_BaseColor.1001.jpg (2048x2048): decode=42.8ms, convert=9.0ms, linear=26.2ms, total=78.0ms
[2026-03-15T09:11:50Z INFO  bif_core::texture] Texture electronics_wire_spool04_BaseColor.1002.jpg (2048x2048): decode=79.6ms, convert=12.8ms, linear=34.5ms, total=126.9ms
[2026-03-15T09:11:50Z INFO  bif_core::texture] UDIM atlas (Ivar): 2 tiles -> 4096x2048 (2x1 grid, tile 2048x2048)
[2026-03-15T09:11:50Z INFO  bif_core::texture] UDIM atlas (Ivar): 2 tiles -> 4096x2048 (2x1 grid, tile 2048x2048)
[2026-03-15T09:11:50Z INFO  bif_core::texture] UDIM atlas (Ivar): 2 tiles -> 4096x2048 (2x1 grid, tile 2048x2048)
[2026-03-15T09:11:51Z INFO  bif_core::texture] UDIM atlas (Ivar): 2 tiles -> 4096x2048 (2x1 grid, tile 2048x2048)
[2026-03-15T09:11:51Z INFO  bif_core::texture] Texture electronics_wire_spool05_proxyTexture.jpg (512x512): decode=7.7ms, convert=0.8ms, linear=1.5ms, total=10.0ms
[2026-03-15T09:11:51Z INFO  bif_core::texture] Texture electronics_wire_spool05_BaseColor.1001.jpg (2048x2048): decode=33.0ms, convert=10.5ms, linear=25.3ms, total=68.9ms
[2026-03-15T09:11:51Z INFO  bif_core::texture] Texture electronics_wire_spool05_BaseColor.1002.jpg (2048x2048): decode=78.3ms, convert=8.8ms, linear=24.4ms, total=111.5ms
[2026-03-15T09:11:51Z INFO  bif_core::texture] UDIM atlas (Ivar): 2 tiles -> 4096x2048 (2x1 grid, tile 2048x2048)
[2026-03-15T09:11:52Z INFO  bif_core::texture] UDIM atlas (Ivar): 2 tiles -> 4096x2048 (2x1 grid, tile 2048x2048)
[2026-03-15T09:11:52Z INFO  bif_core::texture] UDIM atlas (Ivar): 2 tiles -> 4096x2048 (2x1 grid, tile 2048x2048)
[2026-03-15T09:11:52Z INFO  bif_core::texture] UDIM atlas (Ivar): 2 tiles -> 4096x2048 (2x1 grid, tile 2048x2048)
[2026-03-15T09:11:52Z INFO  bif_core::texture] Texture electronics_wire_spool06_proxyTexture.jpg (512x512): decode=7.1ms, convert=0.6ms, linear=1.3ms, total=9.0ms
[2026-03-15T09:11:53Z INFO  bif_core::texture] Texture electronics_wire_spool06_BaseColor.1001.jpg (2048x2048): decode=35.9ms, convert=10.0ms, linear=25.4ms, total=71.4ms
[2026-03-15T09:11:53Z INFO  bif_core::texture] Texture electronics_wire_spool06_BaseColor.1002.jpg (2048x2048): decode=73.9ms, convert=9.3ms, linear=29.0ms, total=112.2ms
[2026-03-15T09:11:53Z INFO  bif_core::texture] UDIM atlas (Ivar): 2 tiles -> 4096x2048 (2x1 grid, tile 2048x2048)
[2026-03-15T09:11:53Z INFO  bif_core::texture] UDIM atlas (Ivar): 2 tiles -> 4096x2048 (2x1 grid, tile 2048x2048)
[2026-03-15T09:11:54Z INFO  bif_core::texture] UDIM atlas (Ivar): 2 tiles -> 4096x2048 (2x1 grid, tile 2048x2048)
[2026-03-15T09:11:54Z INFO  bif_core::texture] UDIM atlas (Ivar): 2 tiles -> 4096x2048 (2x1 grid, tile 2048x2048)
[2026-03-15T09:11:54Z INFO  bif_core::texture] Texture electronics_powerpoint01_proxyTexture.jpg (512x512): decode=9.2ms, convert=0.6ms, linear=1.7ms, total=11.5ms
[2026-03-15T09:11:54Z INFO  bif_core::texture] Texture electronics_powerpoint01_BaseColor.1001.jpg (2048x2048): decode=54.3ms, convert=8.9ms, linear=25.6ms, total=88.9ms
[2026-03-15T09:11:54Z INFO  bif_core::texture] UDIM atlas (Ivar): 1 tiles -> 2048x2048 (1x1 grid, tile 2048x2048)
[2026-03-15T09:11:54Z INFO  bif_core::texture] UDIM atlas (Ivar): 1 tiles -> 2048x2048 (1x1 grid, tile 2048x2048)
[2026-03-15T09:11:55Z INFO  bif_core::texture] UDIM atlas (Ivar): 1 tiles -> 2048x2048 (1x1 grid, tile 2048x2048)
[2026-03-15T09:11:55Z INFO  bif_core::texture] Texture vegetation_bonsai_trunk01_proxyTexture.jpg (512x512): decode=11.6ms, convert=0.7ms, linear=1.4ms, total=13.6ms
[2026-03-15T09:11:55Z INFO  bif_core::texture] Texture vegetation_bonsai_trunk01_BaseColor.1001.jpg (2048x2048): decode=65.8ms, convert=9.7ms, linear=22.7ms, total=98.2ms
[2026-03-15T09:11:55Z INFO  bif_core::texture] UDIM atlas (Ivar): 1 tiles -> 2048x2048 (1x1 grid, tile 2048x2048)
[2026-03-15T09:11:55Z INFO  bif_core::texture] Texture vegetation_bonsai_branch01_proxyTexture.jpg (512x512): decode=10.6ms, convert=0.9ms, linear=2.1ms, total=13.6ms
[2026-03-15T09:11:55Z INFO  bif_core::texture] Texture vegetation_bonsai_branch01_BaseColor.1001.jpg (2048x2048): decode=67.1ms, convert=10.1ms, linear=29.5ms, total=106.7ms
[2026-03-15T09:11:55Z INFO  bif_core::texture] UDIM atlas (Ivar): 1 tiles -> 2048x2048 (1x1 grid, tile 2048x2048)
[2026-03-15T09:11:56Z INFO  bif_core::texture] Texture vegetation_bonsai_branch02_proxyTexture.jpg (512x512): decode=11.1ms, convert=0.6ms, linear=1.6ms, total=13.3ms
[2026-03-15T09:11:56Z INFO  bif_core::texture] Texture vegetation_bonsai_branch02_BaseColor.1001.jpg (2048x2048): decode=67.3ms, convert=9.5ms, linear=25.4ms, total=102.1ms
[2026-03-15T09:11:56Z INFO  bif_core::texture] UDIM atlas (Ivar): 1 tiles -> 2048x2048 (1x1 grid, tile 2048x2048)
[2026-03-15T09:11:56Z INFO  bif_core::texture] Texture vegetation_bonsai_branch03_proxyTexture.jpg (512x512): decode=10.0ms, convert=0.8ms, linear=2.2ms, total=13.0ms
[2026-03-15T09:11:56Z INFO  bif_core::texture] Texture vegetation_bonsai_branch03_BaseColor.1001.jpg (2048x2048): decode=64.5ms, convert=11.3ms, linear=23.9ms, total=99.7ms
[2026-03-15T09:11:56Z INFO  bif_core::texture] UDIM atlas (Ivar): 1 tiles -> 2048x2048 (1x1 grid, tile 2048x2048)
[2026-03-15T09:11:57Z INFO  bif_core::texture] Texture vegetation_bonsai_twig01_proxyTexture.jpg (512x512): decode=8.4ms, convert=0.7ms, linear=1.6ms, total=10.8ms
[2026-03-15T09:11:57Z INFO  bif_core::texture] Texture vegetation_bonsai_twig01_BaseColor.1001.jpg (2048x2048): decode=72.5ms, convert=9.5ms, linear=30.5ms, total=112.5ms
[2026-03-15T09:11:57Z INFO  bif_core::texture] Texture vegetation_bonsai_twig02_proxyTexture.jpg (512x512): decode=9.2ms, convert=0.7ms, linear=1.7ms, total=11.6ms
[2026-03-15T09:11:57Z INFO  bif_core::texture] Texture vegetation_bonsai_twig02_BaseColor.1001.jpg (2048x2048): decode=71.1ms, convert=9.9ms, linear=23.8ms, total=104.8ms
[2026-03-15T09:11:57Z INFO  bif_core::texture] Texture vegetation_bonsai_twig03_proxyTexture.jpg (512x512): decode=9.5ms, convert=0.6ms, linear=1.3ms, total=11.4ms
[2026-03-15T09:11:57Z INFO  bif_core::texture] Texture vegetation_bonsai_twig03_BaseColor.1001.jpg (2048x2048): decode=69.9ms, convert=10.2ms, linear=22.9ms, total=103.1ms
[2026-03-15T09:11:57Z INFO  bif_core::texture] Texture test202009demo_ll_leaf01_sm01_proxyTexture.jpg (512x512): decode=6.8ms, convert=0.8ms, linear=2.2ms, total=9.8ms
[2026-03-15T09:11:58Z INFO  bif_core::texture] Texture test202009demo_ll_leaf01_sm01_BaseColor.1001.jpg (2048x2048): decode=45.6ms, convert=11.5ms, linear=31.4ms, total=88.5ms
[2026-03-15T09:11:58Z INFO  bif_core::texture] Texture structure_wall_fibro01_proxyTexture.jpg (512x512): decode=8.2ms, convert=0.8ms, linear=1.5ms, total=10.5ms
[2026-03-15T09:11:58Z INFO  bif_core::texture] Texture structure_wall_fibro01_BaseColor.1001.jpg (2048x2048): decode=46.1ms, convert=9.7ms, linear=22.9ms, total=78.7ms
[2026-03-15T09:11:58Z INFO  bif_core::texture] Texture structure_wall_fibro01_BaseColor.1002.jpg (2048x2048): decode=53.1ms, convert=10.4ms, linear=25.1ms, total=88.6ms
[2026-03-15T09:11:58Z INFO  bif_core::texture] Texture structure_wall_fibro01_BaseColor.1003.jpg (2048x2048): decode=66.6ms, convert=10.0ms, linear=28.4ms, total=105.1ms
[2026-03-15T09:11:58Z INFO  bif_core::texture] Texture structure_wall_fibro01_BaseColor.1011.jpg (2048x2048): decode=50.2ms, convert=8.9ms, linear=26.9ms, total=86.1ms
[2026-03-15T09:11:59Z INFO  bif_core::texture] Texture structure_wall_fibro01_BaseColor.1012.jpg (2048x2048): decode=56.0ms, convert=10.2ms, linear=31.9ms, total=98.1ms
[2026-03-15T09:11:59Z INFO  bif_core::texture] UDIM atlas (Ivar): 5 tiles -> 6144x4096 (3x2 grid, tile 2048x2048)
[2026-03-15T09:11:59Z INFO  bif_core::texture] UDIM atlas (Ivar): 5 tiles -> 6144x4096 (3x2 grid, tile 2048x2048)
[2026-03-15T09:12:00Z INFO  bif_core::texture] UDIM atlas (Ivar): 5 tiles -> 6144x4096 (3x2 grid, tile 2048x2048)
[2026-03-15T09:12:00Z INFO  bif_core::texture] Texture structure_wall_fibro02_proxyTexture.jpg (512x512): decode=7.9ms, convert=0.6ms, linear=2.0ms, total=10.4ms
[2026-03-15T09:12:01Z INFO  bif_core::texture] Texture structure_wall_fibro02_BaseColor.1001.jpg (2048x2048): decode=48.9ms, convert=10.9ms, linear=30.2ms, total=90.0ms
[2026-03-15T09:12:01Z INFO  bif_core::texture] Texture structure_wall_fibro02_BaseColor.1002.jpg (2048x2048): decode=58.7ms, convert=12.3ms, linear=31.4ms, total=102.3ms
[2026-03-15T09:12:01Z INFO  bif_core::texture] Texture structure_wall_fibro02_BaseColor.1003.jpg (2048x2048): decode=70.9ms, convert=8.9ms, linear=24.6ms, total=104.5ms
[2026-03-15T09:12:01Z INFO  bif_core::texture] Texture structure_wall_fibro02_BaseColor.1011.jpg (2048x2048): decode=46.8ms, convert=9.0ms, linear=27.1ms, total=82.9ms
[2026-03-15T09:12:01Z INFO  bif_core::texture] Texture structure_wall_fibro02_BaseColor.1012.jpg (2048x2048): decode=46.0ms, convert=10.4ms, linear=24.1ms, total=80.5ms
[2026-03-15T09:12:01Z INFO  bif_core::texture] UDIM atlas (Ivar): 5 tiles -> 6144x4096 (3x2 grid, tile 2048x2048)
[2026-03-15T09:12:02Z INFO  bif_core::texture] UDIM atlas (Ivar): 5 tiles -> 6144x4096 (3x2 grid, tile 2048x2048)
[2026-03-15T09:12:03Z INFO  bif_core::texture] UDIM atlas (Ivar): 5 tiles -> 6144x4096 (3x2 grid, tile 2048x2048)
[2026-03-15T09:12:03Z INFO  bif_core::texture] Texture structure_wall_fibro03_proxyTexture.jpg (512x512): decode=8.7ms, convert=0.8ms, linear=2.1ms, total=11.6ms
[2026-03-15T09:12:03Z INFO  bif_core::texture] Texture structure_wall_fibro03_BaseColor.1001.jpg (2048x2048): decode=45.0ms, convert=9.8ms, linear=25.8ms, total=80.5ms
[2026-03-15T09:12:03Z INFO  bif_core::texture] Texture structure_wall_fibro03_BaseColor.1002.jpg (2048x2048): decode=51.0ms, convert=10.3ms, linear=26.0ms, total=87.3ms
[2026-03-15T09:12:03Z INFO  bif_core::texture] Texture structure_wall_fibro03_BaseColor.1003.jpg (2048x2048): decode=69.2ms, convert=10.8ms, linear=31.7ms, total=111.7ms
[2026-03-15T09:12:04Z INFO  bif_core::texture] Texture structure_wall_fibro03_BaseColor.1011.jpg (2048x2048): decode=52.2ms, convert=9.5ms, linear=32.2ms, total=93.8ms
[2026-03-15T09:12:04Z INFO  bif_core::texture] Texture structure_wall_fibro03_BaseColor.1012.jpg (2048x2048): decode=45.4ms, convert=10.7ms, linear=26.5ms, total=82.6ms
[2026-03-15T09:12:04Z INFO  bif_core::texture] UDIM atlas (Ivar): 5 tiles -> 6144x4096 (3x2 grid, tile 2048x2048)
[2026-03-15T09:12:05Z INFO  bif_core::texture] UDIM atlas (Ivar): 5 tiles -> 6144x4096 (3x2 grid, tile 2048x2048)
[2026-03-15T09:12:06Z INFO  bif_core::texture] UDIM atlas (Ivar): 5 tiles -> 6144x4096 (3x2 grid, tile 2048x2048)
[2026-03-15T09:12:06Z INFO  bif_viewport::batch_render] Built 132 materials (textures cached: 272)
[2026-03-15T09:12:06Z INFO  bif_viewport::ivar_build] Pre-warmed 132 materials in 115237.33ms
[2026-03-15T09:13:42Z INFO  bif_viewport] USD camera '/root/camera_ztl01_060/GEO/camera_main_srt/camera_M_default_render_cam_srt/camera_M_default_render_cam_srtBuffer/camera_M_render_cam' at frame 1200: pos=Vec3(160.12311, 225.0419, 379.38004), target=Vec3(162.79419, 227.86374, 370.16577), up=Vec3(-2.8833306e-6, 0.9561668, 0.29282254)
[2026-03-15T09:16:10Z INFO  bif_viewport] USD camera '/root/camera_ztl01_160/GEO/camera_main_srt/camera_M_default_render_cam_srt/camera_M_default_render_cam_srtBuffer/camera_M_render_cam' at frame 1200: pos=Vec3(-48.040714, 152.34473, 158.6768), target=Vec3(-48.040714, 152.34471, 148.6768), up=Vec3(0.0, 1.0, -2.2800768e-6)
[2026-03-15T09:16:55Z INFO  bif_viewport] USD camera '/root/camera_ztl01_150/GEO/camera_main_srt/camera_M_default_render_cam_srt/camera_M_default_render_cam_srtBuffer/camera_M_render_cam' at frame 1200: pos=Vec3(145.48636, 117.398384, 50.73795), target=Vec3(148.7247, 117.71753, 41.282196), up=Vec3(6.803639e-7, 0.9994309, 0.033732664)
[2026-03-15T09:16:59Z INFO  bif_viewport::render] Switched to Ivar mode - starting render
[2026-03-15T09:16:59Z INFO  bif_viewport::ivar_build] Starting background Ivar scene build: 914 instances, 2566649 tris/instance
[2026-03-15T09:16:59Z INFO  bif_viewport::ivar_build] Multi-prototype: using identity transform for Ivar (transforms baked into combined mesh)
[2026-03-15T09:16:59Z INFO  bif_viewport::ivar_build] Grabbed pre-warmed materials (132) before build
[2026-03-15T09:16:59Z ERROR bif_viewport::ivar_build] Cannot start Ivar render: no scene
[2026-03-15T09:16:59Z INFO  bif_viewport::ivar_build] Background thread: Building Embree scene (2566649 tris, 1640725 shared verts, 1 instances)...
[2026-03-15T09:16:59Z INFO  bif_viewport::ivar_build] Using cached materials (132 materials)
[2026-03-15T09:16:59Z INFO  bif_renderer::embree] EmbreeScene::from_indexed() timing: total=180.8ms (device=0.0, pad=26.8, bvh=130.7, instances=0.1, hitdata=12.1, normats=0.0) | 2566649 tris, 1 instances, 1640725 shared verts
[2026-03-15T09:16:59Z INFO  bif_viewport::ivar_build] Using Embree (indexed) for hardware-accelerated ray tracing
[2026-03-15T09:16:59Z INFO  bif_viewport::ivar_build] Background thread: Ivar scene built in 181.01ms
[2026-03-15T09:16:59Z INFO  bif_viewport::ivar_build] Scene build completed, received on main thread
[2026-03-15T09:16:59Z INFO  bif_viewport::ivar_build] SHARC radiance cache created
[2026-03-15T09:16:59Z INFO  bif_viewport::ivar_build] Starting Ivar render with built scene
[2026-03-15T09:16:59Z INFO  bif_viewport::ivar_build] Restarting Ivar at 1/1 scale (1522x840)
[2026-03-15T09:16:59Z INFO  bif_renderer::embree] Ray hit #1: t=1.9068654, geom_id=0, prim_id=211524, normal=(2.327823, 0.017918903, 3.452961)
[2026-03-15T09:16:59Z INFO  bif_renderer::embree] Ray hit #2: t=1.2316319, geom_id=0, prim_id=76540, normal=(9.758714, 0.23846944, 14.275982)
[2026-03-15T09:16:59Z INFO  bif_renderer::embree] Ray hit #3: t=1.1587427, geom_id=0, prim_id=76460, normal=(7.291237, 0.11386335, 10.703162)
[2026-03-15T09:16:59Z INFO  bif_renderer::embree] Ray hit #4: t=1.456768, geom_id=0, prim_id=76540, normal=(9.758714, 0.23846944, 14.275982)
[2026-03-15T09:16:59Z INFO  bif_renderer::embree] Ray hit #5: t=1.1639938, geom_id=0, prim_id=49916, normal=(-0.5064707, 0.1675851, 0.3428964)
[2026-03-15T09:16:59Z INFO  bif_viewport::ivar_build] Pass 0 complete (1/16 SPP)
[2026-03-15T09:17:00Z INFO  bif_viewport::ivar_build] Pass 1 complete (2/16 SPP)
[2026-03-15T09:17:00Z INFO  bif_viewport::ivar_build] Pass 2 complete (3/16 SPP)
[2026-03-15T09:17:00Z INFO  bif_viewport::ivar_build] Pass 3 complete (4/16 SPP)
[2026-03-15T09:17:01Z INFO  bif_viewport::ivar_build] Pass 4 complete (5/16 SPP)
[2026-03-15T09:17:01Z INFO  bif_viewport::ivar_build] Pass 5 complete (6/16 SPP)
[2026-03-15T09:17:01Z INFO  bif_viewport::ivar_build] Pass 6 complete (7/16 SPP)
[2026-03-15T09:17:02Z INFO  bif_viewport::ivar_build] Pass 7 complete (8/16 SPP)
[2026-03-15T09:17:02Z INFO  bif_viewport::ivar_build] Pass 8 complete (9/16 SPP)
[2026-03-15T09:17:02Z INFO  bif_viewport::ivar_build] Pass 9 complete (10/16 SPP)
[2026-03-15T09:17:03Z INFO  bif_viewport::ivar_build] Pass 10 complete (11/16 SPP)
[2026-03-15T09:17:03Z INFO  bif_viewport::ivar_build] Pass 11 complete (12/16 SPP)
[2026-03-15T09:17:03Z INFO  bif_viewport::ivar_build] Pass 12 complete (13/16 SPP)
[2026-03-15T09:17:04Z INFO  bif_viewport::ivar_build] Pass 13 complete (14/16 SPP)
[2026-03-15T09:17:04Z INFO  bif_viewport::ivar_build] Pass 14 complete (15/16 SPP)
[2026-03-15T09:17:04Z INFO  bif_viewport::ivar_build] Pass 15 complete (16/16 SPP)
[2026-03-15T09:17:04Z INFO  bif_viewport::ivar_build] Progressive render complete: 16 SPP in 5.12s
[2026-03-15T09:17:11Z INFO  bif_viewer] Close requested
