warning: bif_core@0.1.0: Building USD bridge via CMake...
   Compiling bif_viewport v0.1.0 (D:\__projects\_programming\rust\bif\crates\bif_viewport)
   Compiling bif_viewer v0.1.0 (D:\__projects\_programming\rust\bif\crates\bif_viewer)
    Finished `dev` profile [optimized + debuginfo] target(s) in 1m 39s
     Running `target\debug\bif_viewer.exe`
[2026-03-15T19:36:56Z INFO  bif_viewer] Starting BIF Viewer (default scene)
[2026-03-15T19:36:56Z INFO  bif_viewer] Running event loop
[2026-03-15T19:36:57Z INFO  bif_viewer] Starting with blank scene (load USD via node graph)
[2026-03-15T19:36:57Z WARN  wgpu_hal::vulkan::instance] InstanceFlags::VALIDATION requested, but unable to find layer: VK_LAYER_KHRONOS_validation
[2026-03-15T19:37:04Z WARN  wgpu_hal::vulkan::instance] GENERAL [Loader Message (0x0)]
    	Layer name GalaxyOverlayVkLayer does not conform to naming standard (Policy #LLP_LAYER_3)
[2026-03-15T19:37:04Z WARN  wgpu_hal::vulkan::instance] 	objects: (type: INSTANCE, hndl: 0x22bcb591e70, name: ?)
[2026-03-15T19:37:04Z WARN  wgpu_hal::vulkan::instance] GENERAL [Loader Message (0x0)]
    	Layer name GalaxyOverlayVkLayer_VERBOSE does not conform to naming standard (Policy #LLP_LAYER_3)
[2026-03-15T19:37:04Z WARN  wgpu_hal::vulkan::instance] 	objects: (type: INSTANCE, hndl: 0x22bcb591e70, name: ?)
[2026-03-15T19:37:04Z WARN  wgpu_hal::vulkan::instance] GENERAL [Loader Message (0x0)]
    	Layer name GalaxyOverlayVkLayer_DEBUG does not conform to naming standard (Policy #LLP_LAYER_3)
[2026-03-15T19:37:04Z WARN  wgpu_hal::vulkan::instance] 	objects: (type: INSTANCE, hndl: 0x22bcb591e70, name: ?)
[2026-03-15T19:37:04Z ERROR wgpu_hal::vulkan::instance] GENERAL [Loader Message (0x0)]
    	loader_get_json: Failed to open JSON file C:\Program Files\Rockstar Games\Social Club\SocialClubVulkanLayer.json
[2026-03-15T19:37:04Z ERROR wgpu_hal::vulkan::instance] 	objects: (type: INSTANCE, hndl: 0x22bcb591e70, name: ?)
[2026-03-15T19:37:05Z WARN  wgpu_hal::vulkan::conv] Unrecognized present mode 1000361000
[2026-03-15T19:37:06Z WARN  wgpu_hal::vulkan::conv] Unrecognized present mode 1000361000
[2026-03-15T19:37:06Z WARN  wgpu_hal::vulkan::conv] Unrecognized present mode 1000361000
[2026-03-15T19:37:06Z INFO  bif_viewport] Initializing blank scene (no default geometry)
[2026-03-15T19:37:06Z INFO  bif_viewport] Camera positioned at Vec3(0.0, 10.0, 50.0), looking at Vec3(0.0, 0.0, 0.0)
[2026-03-15T19:37:06Z INFO  bif_viewport] Camera near=0.10, far=1000.00
[2026-03-15T19:37:06Z INFO  bif_viewport] Created dynamic instance buffer (capacity: 100000 instances)
[2026-03-15T19:37:06Z INFO  bif_viewport] Created culling manager
[2026-03-15T19:37:06Z WARN  egui_wgpu::renderer] Detected a linear (sRGBA aware) framebuffer Bgra8UnormSrgb. egui prefers Rgba8Unorm or Bgra8Unorm
[2026-03-15T19:37:06Z INFO  bif_viewport] egui initialized
[2026-03-15T19:37:06Z INFO  bif_viewport] Gnomon initialized
[2026-03-15T19:37:06Z INFO  bif_viewport] Grid initialized
[2026-03-15T19:37:06Z INFO  bif_viewport] Point preview initialized
[2026-03-15T19:37:06Z INFO  bif_viewport] Ivar resources initialized
[2026-03-15T19:37:06Z INFO  bif_viewer] Window and renderer initialized
[2026-03-15T19:37:06Z WARN  wgpu_hal::vulkan::conv] Unrecognized present mode 1000361000
[2026-03-15T19:37:06Z INFO  bif_viewer] Resized to 1904x990
[2026-03-15T19:37:06Z WARN  wgpu_hal::vulkan::conv] Unrecognized present mode 1000361000
[2026-03-15T19:37:06Z INFO  bif_viewer] Resized to 1280x720
[2026-03-15T19:37:06Z WARN  wgpu_hal::vulkan::conv] Unrecognized present mode 1000361000
[2026-03-15T19:37:06Z INFO  bif_viewer] Resized to 1280x720
[2026-03-15T19:37:10Z WARN  wgpu_hal::vulkan::conv] Unrecognized present mode 1000361000
[2026-03-15T19:37:10Z INFO  bif_viewer] Resized to 1281x720
[2026-03-15T19:37:10Z WARN  wgpu_hal::vulkan::conv] Unrecognized present mode 1000361000
[2026-03-15T19:37:10Z INFO  bif_viewer] Resized to 1486x740
[2026-03-15T19:37:10Z WARN  wgpu_hal::vulkan::conv] Unrecognized present mode 1000361000
[2026-03-15T19:37:10Z INFO  bif_viewer] Resized to 1611x752
[2026-03-15T19:37:10Z WARN  wgpu_hal::vulkan::conv] Unrecognized present mode 1000361000
[2026-03-15T19:37:10Z INFO  bif_viewer] Resized to 1847x795
[2026-03-15T19:37:10Z WARN  wgpu_hal::vulkan::conv] Unrecognized present mode 1000361000
[2026-03-15T19:37:10Z INFO  bif_viewer] Resized to 1926x822
[2026-03-15T19:37:10Z WARN  wgpu_hal::vulkan::conv] Unrecognized present mode 1000361000
[2026-03-15T19:37:10Z INFO  bif_viewer] Resized to 1951x834
[2026-03-15T19:37:10Z WARN  wgpu_hal::vulkan::conv] Unrecognized present mode 1000361000
[2026-03-15T19:37:10Z INFO  bif_viewer] Resized to 1969x844
[2026-03-15T19:37:10Z WARN  wgpu_hal::vulkan::conv] Unrecognized present mode 1000361000
[2026-03-15T19:37:10Z INFO  bif_viewer] Resized to 1971x846
[2026-03-15T19:37:10Z WARN  wgpu_hal::vulkan::conv] Unrecognized present mode 1000361000
[2026-03-15T19:37:10Z INFO  bif_viewer] Resized to 1978x853
[2026-03-15T19:37:10Z WARN  wgpu_hal::vulkan::conv] Unrecognized present mode 1000361000
[2026-03-15T19:37:10Z INFO  bif_viewer] Resized to 2015x876
[2026-03-15T19:37:10Z WARN  wgpu_hal::vulkan::conv] Unrecognized present mode 1000361000
[2026-03-15T19:37:10Z INFO  bif_viewer] Resized to 2085x921
[2026-03-15T19:37:10Z WARN  wgpu_hal::vulkan::conv] Unrecognized present mode 1000361000
[2026-03-15T19:37:10Z INFO  bif_viewer] Resized to 2143x951
[2026-03-15T19:37:10Z WARN  wgpu_hal::vulkan::conv] Unrecognized present mode 1000361000
[2026-03-15T19:37:10Z INFO  bif_viewer] Resized to 2158x957
[2026-03-15T19:37:11Z WARN  wgpu_hal::vulkan::conv] Unrecognized present mode 1000361000
[2026-03-15T19:37:11Z INFO  bif_viewer] Resized to 2157x957
[2026-03-15T19:37:22Z INFO  bif_viewport::render] Node graph: Loading USD file: Z:\_houdiniFiles\USD\USD_ALab_0730\entry.usda
[2026-03-15T19:37:22Z INFO  bif_viewport::scene_loader] Loading USD scene: "Z:\\_houdiniFiles\\USD\\USD_ALab_0730\\entry.usda"
Warning: in BindingsAtPrim at line 671 of D:\__projects\_programming\vcpkg\buildtrees\usd\src\v25.11-c5a1a786cc.clean\pxr\usd\usdShade\materialBindingAPI.cpp -- Found material bindings on prim at path (/root/thelab01/workbench_grp/furniture_workbench01_0001/GEO) but MaterialBindingAPI is not applied on the prim
Warning: in BindingsAtPrim at line 671 of D:\__projects\_programming\vcpkg\buildtrees\usd\src\v25.11-c5a1a786cc.clean\pxr\usd\usdShade\materialBindingAPI.cpp -- Found material bindings on prim at path (/root/thelab01/workbench_grp/furniture_workbench01_0001/GEO) but MaterialBindingAPI is not applied on the prim
Warning: in BindingsAtPrim at line 671 of D:\__projects\_programming\vcpkg\buildtrees\usd\src\v25.11-c5a1a786cc.clean\pxr\usd\usdShade\materialBindingAPI.cpp -- Found material bindings on prim at path (/root/thelab01/workbench_grp/furniture_workbench01_0001/GEO) but MaterialBindingAPI is not applied on the prim
Warning: in BindingsAtPrim at line 671 of D:\__projects\_programming\vcpkg\buildtrees\usd\src\v25.11-c5a1a786cc.clean\pxr\usd\usdShade\materialBindingAPI.cpp -- Found material bindings on prim at path (/root/thelab01/workbench_grp/furniture_workbench01_0001/GEO) but MaterialBindingAPI is not applied on the prim
Warning: in BindingsAtPrim at line 671 of D:\__projects\_programming\vcpkg\buildtrees\usd\src\v25.11-c5a1a786cc.clean\pxr\usd\usdShade\materialBindingAPI.cpp -- Found material bindings on prim at path (/root/thelab01/workbench_grp/furniture_workbench01_0001/GEO) but MaterialBindingAPI is not applied on the prim
Warning: in BindingsAtPrim at line 671 of D:\__projects\_programming\vcpkg\buildtrees\usd\src\v25.11-c5a1a786cc.clean\pxr\usd\usdShade\materialBindingAPI.cpp -- Found material bindings on prim at path (/root/thelab01/workbench_grp/furniture_workbench01_0001/GEO) but MaterialBindingAPI is not applied on the prim
Warning: in BindingsAtPrim at line 671 of D:\__projects\_programming\vcpkg\buildtrees\usd\src\v25.11-c5a1a786cc.clean\pxr\usd\usdShade\materialBindingAPI.cpp -- Found material bindings on prim at path (/root/thelab01/workbench_grp/furniture_workbench01_0001/GEO) but MaterialBindingAPI is not applied on the prim
Warning: in BindingsAtPrim at line 671 of D:\__projects\_programming\vcpkg\buildtrees\usd\src\v25.11-c5a1a786cc.clean\pxr\usd\usdShade\materialBindingAPI.cpp -- Found material bindings on prim at path (/root/thelab01/workbench_grp/furniture_workbench01_0001/GEO) but MaterialBindingAPI is not applied on the prim
Warning: in BindingsAtPrim at line 671 of D:\__projects\_programming\vcpkg\buildtrees\usd\src\v25.11-c5a1a786cc.clean\pxr\usd\usdShade\materialBindingAPI.cpp -- Found material bindings on prim at path (/root/thelab01/workbench_grp/furniture_workbench01_0001/GEO) but MaterialBindingAPI is not applied on the prim
Warning: in BindingsAtPrim at line 671 of D:\__projects\_programming\vcpkg\buildtrees\usd\src\v25.11-c5a1a786cc.clean\pxr\usd\usdShade\materialBindingAPI.cpp -- Found material bindings on prim at path (/root/thelab01/workbench_grp/furniture_workbench01_0001/GEO) but MaterialBindingAPI is not applied on the prim
Warning: in BindingsAtPrim at line 671 of D:\__projects\_programming\vcpkg\buildtrees\usd\src\v25.11-c5a1a786cc.clean\pxr\usd\usdShade\materialBindingAPI.cpp -- Found material bindings on prim at path (/root/thelab01/workbench_grp/furniture_workbench01_0001/GEO) but MaterialBindingAPI is not applied on the prim
Warning: in BindingsAtPrim at line 671 of D:\__projects\_programming\vcpkg\buildtrees\usd\src\v25.11-c5a1a786cc.clean\pxr\usd\usdShade\materialBindingAPI.cpp -- Found material bindings on prim at path (/root/thelab01/workbench_grp/furniture_workbench01_0001/GEO) but MaterialBindingAPI is not applied on the prim
Warning: in BindingsAtPrim at line 671 of D:\__projects\_programming\vcpkg\buildtrees\usd\src\v25.11-c5a1a786cc.clean\pxr\usd\usdShade\materialBindingAPI.cpp -- Found material bindings on prim at path (/root/thelab01/workbench_grp/furniture_workbench01_0001/GEO) but MaterialBindingAPI is not applied on the prim
Warning: in BindingsAtPrim at line 671 of D:\__projects\_programming\vcpkg\buildtrees\usd\src\v25.11-c5a1a786cc.clean\pxr\usd\usdShade\materialBindingAPI.cpp -- Found material bindings on prim at path (/root/thelab01/workbench_grp/furniture_workbench01_0001/GEO) but MaterialBindingAPI is not applied on the prim
Warning: in BindingsAtPrim at line 671 of D:\__projects\_programming\vcpkg\buildtrees\usd\src\v25.11-c5a1a786cc.clean\pxr\usd\usdShade\materialBindingAPI.cpp -- Found material bindings on prim at path (/root/thelab01/workbench_grp/furniture_workbench01_0001/GEO) but MaterialBindingAPI is not applied on the prim
Warning: in BindingsAtPrim at line 671 of D:\__projects\_programming\vcpkg\buildtrees\usd\src\v25.11-c5a1a786cc.clean\pxr\usd\usdShade\materialBindingAPI.cpp -- Found material bindings on prim at path (/root/thelab01/workbench_grp/furniture_workbench01_0001/GEO) but MaterialBindingAPI is not applied on the prim
Warning: in BindingsAtPrim at line 671 of D:\__projects\_programming\vcpkg\buildtrees\usd\src\v25.11-c5a1a786cc.clean\pxr\usd\usdShade\materialBindingAPI.cpp -- Found material bindings on prim at path (/root/thelab01/workbench_grp/furniture_workbench01_0001/GEO) but MaterialBindingAPI is not applied on the prim
Warning: in BindingsAtPrim at line 671 of D:\__projects\_programming\vcpkg\buildtrees\usd\src\v25.11-c5a1a786cc.clean\pxr\usd\usdShade\materialBindingAPI.cpp -- Found material bindings on prim at path (/root/thelab01/workbench_grp/furniture_workbench01_0001/GEO) but MaterialBindingAPI is not applied on the prim
Warning: in BindingsAtPrim at line 671 of D:\__projects\_programming\vcpkg\buildtrees\usd\src\v25.11-c5a1a786cc.clean\pxr\usd\usdShade\materialBindingAPI.cpp -- Found material bindings on prim at path (/root/thelab01/workbench_grp/furniture_workbench01_0001/GEO) but MaterialBindingAPI is not applied on the prim
Warning: in BindingsAtPrim at line 671 of D:\__projects\_programming\vcpkg\buildtrees\usd\src\v25.11-c5a1a786cc.clean\pxr\usd\usdShade\materialBindingAPI.cpp -- Found material bindings on prim at path (/root/thelab01/workbench_grp/furniture_workbench01_0001/GEO) but MaterialBindingAPI is not applied on the prim
Warning: in BindingsAtPrim at line 671 of D:\__projects\_programming\vcpkg\buildtrees\usd\src\v25.11-c5a1a786cc.clean\pxr\usd\usdShade\materialBindingAPI.cpp -- Found material bindings on prim at path (/root/thelab01/workbench_grp/furniture_workbench01_0001/GEO) but MaterialBindingAPI is not applied on the prim
Warning: in BindingsAtPrim at line 671 of D:\__projects\_programming\vcpkg\buildtrees\usd\src\v25.11-c5a1a786cc.clean\pxr\usd\usdShade\materialBindingAPI.cpp -- Found material bindings on prim at path (/root/thelab01/workbench_grp/furniture_workbench01_0001/GEO) but MaterialBindingAPI is not applied on the prim
Warning: in BindingsAtPrim at line 671 of D:\__projects\_programming\vcpkg\buildtrees\usd\src\v25.11-c5a1a786cc.clean\pxr\usd\usdShade\materialBindingAPI.cpp -- Found material bindings on prim at path (/root/thelab01/workbench_grp/furniture_workbench01_0001/GEO) but MaterialBindingAPI is not applied on the prim
Warning: in BindingsAtPrim at line 671 of D:\__projects\_programming\vcpkg\buildtrees\usd\src\v25.11-c5a1a786cc.clean\pxr\usd\usdShade\materialBindingAPI.cpp -- Found material bindings on prim at path (/root/thelab01/workbench_grp/furniture_workbench01_0001/GEO) but MaterialBindingAPI is not applied on the prim
Warning: in BindingsAtPrim at line 671 of D:\__projects\_programming\vcpkg\buildtrees\usd\src\v25.11-c5a1a786cc.clean\pxr\usd\usdShade\materialBindingAPI.cpp -- Found material bindings on prim at path (/root/thelab01/workbench_grp/furniture_workbench01_0001/GEO) but MaterialBindingAPI is not applied on the prim
Warning: in BindingsAtPrim at line 671 of D:\__projects\_programming\vcpkg\buildtrees\usd\src\v25.11-c5a1a786cc.clean\pxr\usd\usdShade\materialBindingAPI.cpp -- Found material bindings on prim at path (/root/thelab01/workbench_grp/furniture_workbench01_0001/GEO) but MaterialBindingAPI is not applied on the prim
Warning: in BindingsAtPrim at line 671 of D:\__projects\_programming\vcpkg\buildtrees\usd\src\v25.11-c5a1a786cc.clean\pxr\usd\usdShade\materialBindingAPI.cpp -- Found material bindings on prim at path (/root/thelab01/workbench_grp/furniture_workbench01_0001/GEO) but MaterialBindingAPI is not applied on the prim
Warning: in BindingsAtPrim at line 671 of D:\__projects\_programming\vcpkg\buildtrees\usd\src\v25.11-c5a1a786cc.clean\pxr\usd\usdShade\materialBindingAPI.cpp -- Found material bindings on prim at path (/root/thelab01/workbench_grp/furniture_workbench01_0001/GEO) but MaterialBindingAPI is not applied on the prim
Warning: in BindingsAtPrim at line 671 of D:\__projects\_programming\vcpkg\buildtrees\usd\src\v25.11-c5a1a786cc.clean\pxr\usd\usdShade\materialBindingAPI.cpp -- Found material bindings on prim at path (/root/thelab01/workbench_grp/furniture_workbench01_0001/GEO) but MaterialBindingAPI is not applied on the prim
Warning: in BindingsAtPrim at line 671 of D:\__projects\_programming\vcpkg\buildtrees\usd\src\v25.11-c5a1a786cc.clean\pxr\usd\usdShade\materialBindingAPI.cpp -- Found material bindings on prim at path (/root/thelab01/workbench_grp/furniture_workbench01_0001/GEO) but MaterialBindingAPI is not applied on the prim
Warning: in BindingsAtPrim at line 671 of D:\__projects\_programming\vcpkg\buildtrees\usd\src\v25.11-c5a1a786cc.clean\pxr\usd\usdShade\materialBindingAPI.cpp -- Found material bindings on prim at path (/root/thelab01/workbench_grp/furniture_workbench01_0001/GEO) but MaterialBindingAPI is not applied on the prim
Warning: in BindingsAtPrim at line 671 of D:\__projects\_programming\vcpkg\buildtrees\usd\src\v25.11-c5a1a786cc.clean\pxr\usd\usdShade\materialBindingAPI.cpp -- Found material bindings on prim at path (/root/thelab01/workbench_grp/furniture_workbench01_0001/GEO) but MaterialBindingAPI is not applied on the prim
Warning: in BindingsAtPrim at line 671 of D:\__projects\_programming\vcpkg\buildtrees\usd\src\v25.11-c5a1a786cc.clean\pxr\usd\usdShade\materialBindingAPI.cpp -- Found material bindings on prim at path (/root/thelab01/workbench_grp/furniture_workbench01_0001/GEO) but MaterialBindingAPI is not applied on the prim
Warning: in BindingsAtPrim at line 671 of D:\__projects\_programming\vcpkg\buildtrees\usd\src\v25.11-c5a1a786cc.clean\pxr\usd\usdShade\materialBindingAPI.cpp -- Found material bindings on prim at path (/root/thelab01/workbench_grp/furniture_workbench01_0001/GEO) but MaterialBindingAPI is not applied on the prim
Warning: in BindingsAtPrim at line 671 of D:\__projects\_programming\vcpkg\buildtrees\usd\src\v25.11-c5a1a786cc.clean\pxr\usd\usdShade\materialBindingAPI.cpp -- Found material bindings on prim at path (/root/thelab01/workbench_grp/furniture_workbench01_0001/GEO) but MaterialBindingAPI is not applied on the prim
Warning: in BindingsAtPrim at line 671 of D:\__projects\_programming\vcpkg\buildtrees\usd\src\v25.11-c5a1a786cc.clean\pxr\usd\usdShade\materialBindingAPI.cpp -- Found material bindings on prim at path (/root/thelab01/workbench_grp/furniture_workbench01_0001/GEO) but MaterialBindingAPI is not applied on the prim
Warning: in BindingsAtPrim at line 671 of D:\__projects\_programming\vcpkg\buildtrees\usd\src\v25.11-c5a1a786cc.clean\pxr\usd\usdShade\materialBindingAPI.cpp -- Found material bindings on prim at path (/root/thelab01/workbench_grp/furniture_workbench01_0001/GEO) but MaterialBindingAPI is not applied on the prim
Warning: in BindingsAtPrim at line 671 of D:\__projects\_programming\vcpkg\buildtrees\usd\src\v25.11-c5a1a786cc.clean\pxr\usd\usdShade\materialBindingAPI.cpp -- Found material bindings on prim at path (/root/thelab01/workbench_grp/furniture_workbench01_0001/GEO) but MaterialBindingAPI is not applied on the prim
Warning: in BindingsAtPrim at line 671 of D:\__projects\_programming\vcpkg\buildtrees\usd\src\v25.11-c5a1a786cc.clean\pxr\usd\usdShade\materialBindingAPI.cpp -- Found material bindings on prim at path (/root/thelab01/workbench_grp/furniture_workbench01_0001/GEO) but MaterialBindingAPI is not applied on the prim
Warning: in BindingsAtPrim at line 671 of D:\__projects\_programming\vcpkg\buildtrees\usd\src\v25.11-c5a1a786cc.clean\pxr\usd\usdShade\materialBindingAPI.cpp -- Found material bindings on prim at path (/root/thelab01/workbench_grp/furniture_workbench01_0001/GEO) but MaterialBindingAPI is not applied on the prim
Warning: in BindingsAtPrim at line 671 of D:\__projects\_programming\vcpkg\buildtrees\usd\src\v25.11-c5a1a786cc.clean\pxr\usd\usdShade\materialBindingAPI.cpp -- Found material bindings on prim at path (/root/thelab01/workbench_grp/furniture_workbench01_0001/GEO) but MaterialBindingAPI is not applied on the prim
Warning: in BindingsAtPrim at line 671 of D:\__projects\_programming\vcpkg\buildtrees\usd\src\v25.11-c5a1a786cc.clean\pxr\usd\usdShade\materialBindingAPI.cpp -- Found material bindings on prim at path (/root/thelab01/workbench_grp/furniture_workbench01_0001/GEO) but MaterialBindingAPI is not applied on the prim
Warning: in BindingsAtPrim at line 671 of D:\__projects\_programming\vcpkg\buildtrees\usd\src\v25.11-c5a1a786cc.clean\pxr\usd\usdShade\materialBindingAPI.cpp -- Found material bindings on prim at path (/root/thelab01/workbench_grp/furniture_workbench01_0001/GEO) but MaterialBindingAPI is not applied on the prim
Warning: in BindingsAtPrim at line 671 of D:\__projects\_programming\vcpkg\buildtrees\usd\src\v25.11-c5a1a786cc.clean\pxr\usd\usdShade\materialBindingAPI.cpp -- Found material bindings on prim at path (/root/thelab01/workbench_grp/furniture_workbench01_0001/GEO) but MaterialBindingAPI is not applied on the prim
Warning: in BindingsAtPrim at line 671 of D:\__projects\_programming\vcpkg\buildtrees\usd\src\v25.11-c5a1a786cc.clean\pxr\usd\usdShade\materialBindingAPI.cpp -- Found material bindings on prim at path (/root/thelab01/workbench_grp/furniture_workbench01_0001/GEO) but MaterialBindingAPI is not applied on the prim
Warning: in BindingsAtPrim at line 671 of D:\__projects\_programming\vcpkg\buildtrees\usd\src\v25.11-c5a1a786cc.clean\pxr\usd\usdShade\materialBindingAPI.cpp -- Found material bindings on prim at path (/root/thelab01/workbench_grp/furniture_workbench01_0001/GEO) but MaterialBindingAPI is not applied on the prim
Warning: in BindingsAtPrim at line 671 of D:\__projects\_programming\vcpkg\buildtrees\usd\src\v25.11-c5a1a786cc.clean\pxr\usd\usdShade\materialBindingAPI.cpp -- Found material bindings on prim at path (/root/thelab01/workbench_grp/furniture_workbench01_0001/GEO) but MaterialBindingAPI is not applied on the prim
Warning: in BindingsAtPrim at line 671 of D:\__projects\_programming\vcpkg\buildtrees\usd\src\v25.11-c5a1a786cc.clean\pxr\usd\usdShade\materialBindingAPI.cpp -- Found material bindings on prim at path (/root/thelab01/workbench_grp/furniture_workbench01_0001/GEO) but MaterialBindingAPI is not applied on the prim
Warning: in BindingsAtPrim at line 671 of D:\__projects\_programming\vcpkg\buildtrees\usd\src\v25.11-c5a1a786cc.clean\pxr\usd\usdShade\materialBindingAPI.cpp -- Found material bindings on prim at path (/root/thelab01/workbench_grp/furniture_workbench01_0001/GEO) but MaterialBindingAPI is not applied on the prim
Warning: in BindingsAtPrim at line 671 of D:\__projects\_programming\vcpkg\buildtrees\usd\src\v25.11-c5a1a786cc.clean\pxr\usd\usdShade\materialBindingAPI.cpp -- Found material bindings on prim at path (/root/thelab01/workbench_grp/furniture_workbench01_0001/GEO) but MaterialBindingAPI is not applied on the prim
Warning: in BindingsAtPrim at line 671 of D:\__projects\_programming\vcpkg\buildtrees\usd\src\v25.11-c5a1a786cc.clean\pxr\usd\usdShade\materialBindingAPI.cpp -- Found material bindings on prim at path (/root/thelab01/workbench_grp/furniture_workbench01_0001/GEO) but MaterialBindingAPI is not applied on the prim
Warning: in BindingsAtPrim at line 671 of D:\__projects\_programming\vcpkg\buildtrees\usd\src\v25.11-c5a1a786cc.clean\pxr\usd\usdShade\materialBindingAPI.cpp -- Found material bindings on prim at path (/root/thelab01/workbench_grp/furniture_workbench01_0001/GEO) but MaterialBindingAPI is not applied on the prim
Warning: in BindingsAtPrim at line 671 of D:\__projects\_programming\vcpkg\buildtrees\usd\src\v25.11-c5a1a786cc.clean\pxr\usd\usdShade\materialBindingAPI.cpp -- Found material bindings on prim at path (/root/thelab01/workbench_grp/furniture_workbench01_0001/GEO) but MaterialBindingAPI is not applied on the prim
Warning: in BindingsAtPrim at line 671 of D:\__projects\_programming\vcpkg\buildtrees\usd\src\v25.11-c5a1a786cc.clean\pxr\usd\usdShade\materialBindingAPI.cpp -- Found material bindings on prim at path (/root/thelab01/workbench_grp/furniture_workbench01_0001/GEO) but MaterialBindingAPI is not applied on the prim
Warning: in BindingsAtPrim at line 671 of D:\__projects\_programming\vcpkg\buildtrees\usd\src\v25.11-c5a1a786cc.clean\pxr\usd\usdShade\materialBindingAPI.cpp -- Found material bindings on prim at path (/root/thelab01/workbench_grp/furniture_workbench01_0001/GEO) but MaterialBindingAPI is not applied on the prim
Warning: in BindingsAtPrim at line 671 of D:\__projects\_programming\vcpkg\buildtrees\usd\src\v25.11-c5a1a786cc.clean\pxr\usd\usdShade\materialBindingAPI.cpp -- Found material bindings on prim at path (/root/thelab01/workbench_grp/furniture_workbench01_0001/GEO) but MaterialBindingAPI is not applied on the prim
Warning: in BindingsAtPrim at line 671 of D:\__projects\_programming\vcpkg\buildtrees\usd\src\v25.11-c5a1a786cc.clean\pxr\usd\usdShade\materialBindingAPI.cpp -- Found material bindings on prim at path (/root/thelab01/workbench_grp/furniture_workbench01_0001/GEO) but MaterialBindingAPI is not applied on the prim
Warning: in BindingsAtPrim at line 671 of D:\__projects\_programming\vcpkg\buildtrees\usd\src\v25.11-c5a1a786cc.clean\pxr\usd\usdShade\materialBindingAPI.cpp -- Found material bindings on prim at path (/root/thelab01/workbench_grp/furniture_workbench01_0001/GEO) but MaterialBindingAPI is not applied on the prim
Warning: in BindingsAtPrim at line 671 of D:\__projects\_programming\vcpkg\buildtrees\usd\src\v25.11-c5a1a786cc.clean\pxr\usd\usdShade\materialBindingAPI.cpp -- Found material bindings on prim at path (/root/thelab01/workbench_grp/furniture_workbench01_0001/GEO) but MaterialBindingAPI is not applied on the prim
Warning: in BindingsAtPrim at line 671 of D:\__projects\_programming\vcpkg\buildtrees\usd\src\v25.11-c5a1a786cc.clean\pxr\usd\usdShade\materialBindingAPI.cpp -- Found material bindings on prim at path (/root/thelab01/workbench_grp/furniture_workbench01_0001/GEO) but MaterialBindingAPI is not applied on the prim
Warning: in BindingsAtPrim at line 671 of D:\__projects\_programming\vcpkg\buildtrees\usd\src\v25.11-c5a1a786cc.clean\pxr\usd\usdShade\materialBindingAPI.cpp -- Found material bindings on prim at path (/root/thelab01/workbench_grp/furniture_workbench01_0001/GEO) but MaterialBindingAPI is not applied on the prim
Warning: in BindingsAtPrim at line 671 of D:\__projects\_programming\vcpkg\buildtrees\usd\src\v25.11-c5a1a786cc.clean\pxr\usd\usdShade\materialBindingAPI.cpp -- Found material bindings on prim at path (/root/thelab01/workbench_grp/furniture_workbench01_0001/GEO) but MaterialBindingAPI is not applied on the prim
Warning: in BindingsAtPrim at line 671 of D:\__projects\_programming\vcpkg\buildtrees\usd\src\v25.11-c5a1a786cc.clean\pxr\usd\usdShade\materialBindingAPI.cpp -- Found material bindings on prim at path (/root/thelab01/workbench_grp/electronics_oscilloscope01_0001/GEO) but MaterialBindingAPI is not applied on the prim
Warning: in BindingsAtPrim at line 671 of D:\__projects\_programming\vcpkg\buildtrees\usd\src\v25.11-c5a1a786cc.clean\pxr\usd\usdShade\materialBindingAPI.cpp -- Found material bindings on prim at path (/root/thelab01/workbench_grp/electronics_oscilloscope01_0001/GEO) but MaterialBindingAPI is not applied on the prim
Warning: in BindingsAtPrim at line 671 of D:\__projects\_programming\vcpkg\buildtrees\usd\src\v25.11-c5a1a786cc.clean\pxr\usd\usdShade\materialBindingAPI.cpp -- Found material bindings on prim at path (/root/thelab01/workbench_grp/electronics_oscilloscope01_0001/GEO) but MaterialBindingAPI is not applied on the prim
Warning: in BindingsAtPrim at line 671 of D:\__projects\_programming\vcpkg\buildtrees\usd\src\v25.11-c5a1a786cc.clean\pxr\usd\usdShade\materialBindingAPI.cpp -- Found material bindings on prim at path (/root/thelab01/workbench_grp/electronics_oscilloscope01_0001/GEO) but MaterialBindingAPI is not applied on the prim
Warning: in BindingsAtPrim at line 671 of D:\__projects\_programming\vcpkg\buildtrees\usd\src\v25.11-c5a1a786cc.clean\pxr\usd\usdShade\materialBindingAPI.cpp -- Found material bindings on prim at path (/root/thelab01/workbench_grp/electronics_oscilloscope01_0001/GEO) but MaterialBindingAPI is not applied on the prim
Warning: in BindingsAtPrim at line 671 of D:\__projects\_programming\vcpkg\buildtrees\usd\src\v25.11-c5a1a786cc.clean\pxr\usd\usdShade\materialBindingAPI.cpp -- Found material bindings on prim at path (/root/thelab01/workbench_grp/electronics_oscilloscope01_0001/GEO) but MaterialBindingAPI is not applied on the prim
Warning: in BindingsAtPrim at line 671 of D:\__projects\_programming\vcpkg\buildtrees\usd\src\v25.11-c5a1a786cc.clean\pxr\usd\usdShade\materialBindingAPI.cpp -- Found material bindings on prim at path (/root/thelab01/workbench_grp/electronics_oscilloscope01_0001/GEO) but MaterialBindingAPI is not applied on the prim
Warning: in BindingsAtPrim at line 671 of D:\__projects\_programming\vcpkg\buildtrees\usd\src\v25.11-c5a1a786cc.clean\pxr\usd\usdShade\materialBindingAPI.cpp -- Found material bindings on prim at path (/root/thelab01/workbench_grp/electronics_oscilloscope01_0001/GEO) but MaterialBindingAPI is not applied on the prim
Warning: in BindingsAtPrim at line 671 of D:\__projects\_programming\vcpkg\buildtrees\usd\src\v25.11-c5a1a786cc.clean\pxr\usd\usdShade\materialBindingAPI.cpp -- Found material bindings on prim at path (/root/thelab01/workbench_grp/electronics_oscilloscope01_0001/GEO) but MaterialBindingAPI is not applied on the prim
Warning: in BindingsAtPrim at line 671 of D:\__projects\_programming\vcpkg\buildtrees\usd\src\v25.11-c5a1a786cc.clean\pxr\usd\usdShade\materialBindingAPI.cpp -- Found material bindings on prim at path (/root/thelab01/workbench_grp/electronics_oscilloscope01_0001/GEO) but MaterialBindingAPI is not applied on the prim
Warning: in BindingsAtPrim at line 671 of D:\__projects\_programming\vcpkg\buildtrees\usd\src\v25.11-c5a1a786cc.clean\pxr\usd\usdShade\materialBindingAPI.cpp -- Found material bindings on prim at path (/root/thelab01/workbench_grp/electronics_oscilloscope01_0001/GEO) but MaterialBindingAPI is not applied on the prim
Warning: in BindingsAtPrim at line 671 of D:\__projects\_programming\vcpkg\buildtrees\usd\src\v25.11-c5a1a786cc.clean\pxr\usd\usdShade\materialBindingAPI.cpp -- Found material bindings on prim at path (/root/thelab01/workbench_grp/electronics_oscilloscope01_0001/GEO) but MaterialBindingAPI is not applied on the prim
Warning: in BindingsAtPrim at line 671 of D:\__projects\_programming\vcpkg\buildtrees\usd\src\v25.11-c5a1a786cc.clean\pxr\usd\usdShade\materialBindingAPI.cpp -- Found material bindings on prim at path (/root/thelab01/workbench_grp/electronics_oscilloscope01_0001/GEO) but MaterialBindingAPI is not applied on the prim
Warning: in BindingsAtPrim at line 671 of D:\__projects\_programming\vcpkg\buildtrees\usd\src\v25.11-c5a1a786cc.clean\pxr\usd\usdShade\materialBindingAPI.cpp -- Found material bindings on prim at path (/root/thelab01/workbench_grp/electronics_oscilloscope01_0001/GEO) but MaterialBindingAPI is not applied on the prim
Warning: in BindingsAtPrim at line 671 of D:\__projects\_programming\vcpkg\buildtrees\usd\src\v25.11-c5a1a786cc.clean\pxr\usd\usdShade\materialBindingAPI.cpp -- Found material bindings on prim at path (/root/thelab01/workbench_grp/electronics_oscilloscope01_0001/GEO) but MaterialBindingAPI is not applied on the prim
Warning: in BindingsAtPrim at line 671 of D:\__projects\_programming\vcpkg\buildtrees\usd\src\v25.11-c5a1a786cc.clean\pxr\usd\usdShade\materialBindingAPI.cpp -- Found material bindings on prim at path (/root/thelab01/workbench_grp/electronics_oscilloscope01_0001/GEO) but MaterialBindingAPI is not applied on the prim
Warning: in BindingsAtPrim at line 671 of D:\__projects\_programming\vcpkg\buildtrees\usd\src\v25.11-c5a1a786cc.clean\pxr\usd\usdShade\materialBindingAPI.cpp -- Found material bindings on prim at path (/root/thelab01/workbench_grp/electronics_oscilloscope01_0001/GEO) but MaterialBindingAPI is not applied on the prim
Warning: in BindingsAtPrim at line 671 of D:\__projects\_programming\vcpkg\buildtrees\usd\src\v25.11-c5a1a786cc.clean\pxr\usd\usdShade\materialBindingAPI.cpp -- Found material bindings on prim at path (/root/thelab01/workbench_grp/electronics_oscilloscope01_0001/GEO) but MaterialBindingAPI is not applied on the prim
Warning: in BindingsAtPrim at line 671 of D:\__projects\_programming\vcpkg\buildtrees\usd\src\v25.11-c5a1a786cc.clean\pxr\usd\usdShade\materialBindingAPI.cpp -- Found material bindings on prim at path (/root/thelab01/workbench_grp/electronics_oscilloscope01_0001/GEO) but MaterialBindingAPI is not applied on the prim
Warning: in BindingsAtPrim at line 671 of D:\__projects\_programming\vcpkg\buildtrees\usd\src\v25.11-c5a1a786cc.clean\pxr\usd\usdShade\materialBindingAPI.cpp -- Found material bindings on prim at path (/root/thelab01/workbench_grp/electronics_oscilloscope01_0001/GEO) but MaterialBindingAPI is not applied on the prim
Warning: in BindingsAtPrim at line 671 of D:\__projects\_programming\vcpkg\buildtrees\usd\src\v25.11-c5a1a786cc.clean\pxr\usd\usdShade\materialBindingAPI.cpp -- Found material bindings on prim at path (/root/thelab01/workbench_grp/electronics_oscilloscope01_0001/GEO) but MaterialBindingAPI is not applied on the prim
Warning: in BindingsAtPrim at line 671 of D:\__projects\_programming\vcpkg\buildtrees\usd\src\v25.11-c5a1a786cc.clean\pxr\usd\usdShade\materialBindingAPI.cpp -- Found material bindings on prim at path (/root/thelab01/workbench_grp/electronics_oscilloscope01_0001/GEO) but MaterialBindingAPI is not applied on the prim
Warning: in BindingsAtPrim at line 671 of D:\__projects\_programming\vcpkg\buildtrees\usd\src\v25.11-c5a1a786cc.clean\pxr\usd\usdShade\materialBindingAPI.cpp -- Found material bindings on prim at path (/root/thelab01/workbench_grp/electronics_oscilloscope01_0001/GEO) but MaterialBindingAPI is not applied on the prim
Warning: in BindingsAtPrim at line 671 of D:\__projects\_programming\vcpkg\buildtrees\usd\src\v25.11-c5a1a786cc.clean\pxr\usd\usdShade\materialBindingAPI.cpp -- Found material bindings on prim at path (/root/thelab01/workbench_grp/electronics_oscilloscope01_0001/GEO) but MaterialBindingAPI is not applied on the prim
Warning: in BindingsAtPrim at line 671 of D:\__projects\_programming\vcpkg\buildtrees\usd\src\v25.11-c5a1a786cc.clean\pxr\usd\usdShade\materialBindingAPI.cpp -- Found material bindings on prim at path (/root/thelab01/workbench_grp/electronics_oscilloscope01_0001/GEO) but MaterialBindingAPI is not applied on the prim
Warning: in BindingsAtPrim at line 671 of D:\__projects\_programming\vcpkg\buildtrees\usd\src\v25.11-c5a1a786cc.clean\pxr\usd\usdShade\materialBindingAPI.cpp -- Found material bindings on prim at path (/root/thelab01/workbench_grp/electronics_oscilloscope01_0001/GEO) but MaterialBindingAPI is not applied on the prim
Warning: in BindingsAtPrim at line 671 of D:\__projects\_programming\vcpkg\buildtrees\usd\src\v25.11-c5a1a786cc.clean\pxr\usd\usdShade\materialBindingAPI.cpp -- Found material bindings on prim at path (/root/thelab01/workbench_grp/electronics_oscilloscope01_0001/GEO) but MaterialBindingAPI is not applied on the prim
Warning: in BindingsAtPrim at line 671 of D:\__projects\_programming\vcpkg\buildtrees\usd\src\v25.11-c5a1a786cc.clean\pxr\usd\usdShade\materialBindingAPI.cpp -- Found material bindings on prim at path (/root/thelab01/workbench_grp/electronics_oscilloscope01_0001/GEO) but MaterialBindingAPI is not applied on the prim
Warning: in BindingsAtPrim at line 671 of D:\__projects\_programming\vcpkg\buildtrees\usd\src\v25.11-c5a1a786cc.clean\pxr\usd\usdShade\materialBindingAPI.cpp -- Found material bindings on prim at path (/root/thelab01/workbench_grp/electronics_oscilloscope01_0001/GEO) but MaterialBindingAPI is not applied on the prim
Warning: in BindingsAtPrim at line 671 of D:\__projects\_programming\vcpkg\buildtrees\usd\src\v25.11-c5a1a786cc.clean\pxr\usd\usdShade\materialBindingAPI.cpp -- Found material bindings on prim at path (/root/thelab01/workbench_grp/electronics_oscilloscope01_0001/GEO) but MaterialBindingAPI is not applied on the prim
Warning: in BindingsAtPrim at line 671 of D:\__projects\_programming\vcpkg\buildtrees\usd\src\v25.11-c5a1a786cc.clean\pxr\usd\usdShade\materialBindingAPI.cpp -- Found material bindings on prim at path (/root/thelab01/workbench_grp/electronics_portable_tv01_0001/GEO) but MaterialBindingAPI is not applied on the prim
Warning: in BindingsAtPrim at line 671 of D:\__projects\_programming\vcpkg\buildtrees\usd\src\v25.11-c5a1a786cc.clean\pxr\usd\usdShade\materialBindingAPI.cpp -- Found material bindings on prim at path (/root/thelab01/workbench_grp/electronics_portable_tv01_0001/GEO) but MaterialBindingAPI is not applied on the prim
Warning: in BindingsAtPrim at line 671 of D:\__projects\_programming\vcpkg\buildtrees\usd\src\v25.11-c5a1a786cc.clean\pxr\usd\usdShade\materialBindingAPI.cpp -- Found material bindings on prim at path (/root/thelab01/workbench_grp/electronics_portable_tv01_0001/GEO) but MaterialBindingAPI is not applied on the prim
Warning: in BindingsAtPrim at line 671 of D:\__projects\_programming\vcpkg\buildtrees\usd\src\v25.11-c5a1a786cc.clean\pxr\usd\usdShade\materialBindingAPI.cpp -- Found material bindings on prim at path (/root/thelab01/workbench_grp/electronics_portable_tv01_0001/GEO) but MaterialBindingAPI is not applied on the prim
Warning: in BindingsAtPrim at line 671 of D:\__projects\_programming\vcpkg\buildtrees\usd\src\v25.11-c5a1a786cc.clean\pxr\usd\usdShade\materialBindingAPI.cpp -- Found material bindings on prim at path (/root/thelab01/workbench_grp/electronics_portable_tv01_0001/GEO) but MaterialBindingAPI is not applied on the prim
Warning: in BindingsAtPrim at line 671 of D:\__projects\_programming\vcpkg\buildtrees\usd\src\v25.11-c5a1a786cc.clean\pxr\usd\usdShade\materialBindingAPI.cpp -- Found material bindings on prim at path (/root/thelab01/workbench_grp/electronics_portable_tv01_0001/GEO) but MaterialBindingAPI is not applied on the prim
Warning: in BindingsAtPrim at line 671 of D:\__projects\_programming\vcpkg\buildtrees\usd\src\v25.11-c5a1a786cc.clean\pxr\usd\usdShade\materialBindingAPI.cpp -- Found material bindings on prim at path (/root/thelab01/workbench_grp/electronics_portable_tv01_0001/GEO) but MaterialBindingAPI is not applied on the prim
Warning: in BindingsAtPrim at line 671 of D:\__projects\_programming\vcpkg\buildtrees\usd\src\v25.11-c5a1a786cc.clean\pxr\usd\usdShade\materialBindingAPI.cpp -- Found material bindings on prim at path (/root/thelab01/workbench_grp/electronics_portable_tv01_0001/GEO) but MaterialBindingAPI is not applied on the prim
Warning: in BindingsAtPrim at line 671 of D:\__projects\_programming\vcpkg\buildtrees\usd\src\v25.11-c5a1a786cc.clean\pxr\usd\usdShade\materialBindingAPI.cpp -- Found material bindings on prim at path (/root/thelab01/workbench_grp/electronics_portable_tv01_0001/GEO) but MaterialBindingAPI is not applied on the prim
Warning: in BindingsAtPrim at line 671 of D:\__projects\_programming\vcpkg\buildtrees\usd\src\v25.11-c5a1a786cc.clean\pxr\usd\usdShade\materialBindingAPI.cpp -- Found material bindings on prim at path (/root/thelab01/workbench_grp/electronics_portable_tv01_0001/GEO) but MaterialBindingAPI is not applied on the prim
Warning: in BindingsAtPrim at line 671 of D:\__projects\_programming\vcpkg\buildtrees\usd\src\v25.11-c5a1a786cc.clean\pxr\usd\usdShade\materialBindingAPI.cpp -- Found material bindings on prim at path (/root/thelab01/workbench_grp/electronics_portable_tv01_0001/GEO) but MaterialBindingAPI is not applied on the prim
Warning: in BindingsAtPrim at line 671 of D:\__projects\_programming\vcpkg\buildtrees\usd\src\v25.11-c5a1a786cc.clean\pxr\usd\usdShade\materialBindingAPI.cpp -- Found material bindings on prim at path (/root/thelab01/workbench_grp/electronics_portable_tv01_0001/GEO) but MaterialBindingAPI is not applied on the prim
Warning: in BindingsAtPrim at line 671 of D:\__projects\_programming\vcpkg\buildtrees\usd\src\v25.11-c5a1a786cc.clean\pxr\usd\usdShade\materialBindingAPI.cpp -- Found material bindings on prim at path (/root/thelab01/workbench_grp/electronics_portable_tv01_0001/GEO) but MaterialBindingAPI is not applied on the prim
Warning: in BindingsAtPrim at line 671 of D:\__projects\_programming\vcpkg\buildtrees\usd\src\v25.11-c5a1a786cc.clean\pxr\usd\usdShade\materialBindingAPI.cpp -- Found material bindings on prim at path (/root/thelab01/workbench_grp/electronics_portable_tv01_0001/GEO) but MaterialBindingAPI is not applied on the prim
Warning: in BindingsAtPrim at line 671 of D:\__projects\_programming\vcpkg\buildtrees\usd\src\v25.11-c5a1a786cc.clean\pxr\usd\usdShade\materialBindingAPI.cpp -- Found material bindings on prim at path (/root/thelab01/workbench_grp/electronics_portable_tv01_0001/GEO) but MaterialBindingAPI is not applied on the prim
Warning: in BindingsAtPrim at line 671 of D:\__projects\_programming\vcpkg\buildtrees\usd\src\v25.11-c5a1a786cc.clean\pxr\usd\usdShade\materialBindingAPI.cpp -- Found material bindings on prim at path (/root/thelab01/workbench_grp/electronics_portable_tv01_0001/GEO) but MaterialBindingAPI is not applied on the prim
Warning: in BindingsAtPrim at line 671 of D:\__projects\_programming\vcpkg\buildtrees\usd\src\v25.11-c5a1a786cc.clean\pxr\usd\usdShade\materialBindingAPI.cpp -- Found material bindings on prim at path (/root/thelab01/workbench_grp/electronics_portable_tv01_0001/GEO) but MaterialBindingAPI is not applied on the prim
Warning: in BindingsAtPrim at line 671 of D:\__projects\_programming\vcpkg\buildtrees\usd\src\v25.11-c5a1a786cc.clean\pxr\usd\usdShade\materialBindingAPI.cpp -- Found material bindings on prim at path (/root/thelab01/workbench_grp/stationary_pencil01_0002/GEO) but MaterialBindingAPI is not applied on the prim
Warning: in BindingsAtPrim at line 671 of D:\__projects\_programming\vcpkg\buildtrees\usd\src\v25.11-c5a1a786cc.clean\pxr\usd\usdShade\materialBindingAPI.cpp -- Found material bindings on prim at path (/root/thelab01/workbench_grp/stationary_pencil02_0001/GEO) but MaterialBindingAPI is not applied on the prim
Warning: in BindingsAtPrim at line 671 of D:\__projects\_programming\vcpkg\buildtrees\usd\src\v25.11-c5a1a786cc.clean\pxr\usd\usdShade\materialBindingAPI.cpp -- Found material bindings on prim at path (/root/thelab01/workbench_grp/stationary_pencil03_0001/GEO) but MaterialBindingAPI is not applied on the prim
Warning: in BindingsAtPrim at line 671 of D:\__projects\_programming\vcpkg\buildtrees\usd\src\v25.11-c5a1a786cc.clean\pxr\usd\usdShade\materialBindingAPI.cpp -- Found material bindings on prim at path (/root/thelab01/workbench_grp/books_magazines01_0001/GEO) but MaterialBindingAPI is not applied on the prim
Warning: in BindingsAtPrim at line 671 of D:\__projects\_programming\vcpkg\buildtrees\usd\src\v25.11-c5a1a786cc.clean\pxr\usd\usdShade\materialBindingAPI.cpp -- Found material bindings on prim at path (/root/thelab01/workbench_grp/books_magazines01_0001/GEO) but MaterialBindingAPI is not applied on the prim
Warning: in BindingsAtPrim at line 671 of D:\__projects\_programming\vcpkg\buildtrees\usd\src\v25.11-c5a1a786cc.clean\pxr\usd\usdShade\materialBindingAPI.cpp -- Found material bindings on prim at path (/root/thelab01/workbench_grp/books_magazines01_0001/GEO) but MaterialBindingAPI is not applied on the prim
Warning: in BindingsAtPrim at line 671 of D:\__projects\_programming\vcpkg\buildtrees\usd\src\v25.11-c5a1a786cc.clean\pxr\usd\usdShade\materialBindingAPI.cpp -- Found material bindings on prim at path (/root/thelab01/workbench_grp/books_magazines01_0001/GEO) but MaterialBindingAPI is not applied on the prim
Warning: in BindingsAtPrim at line 671 of D:\__projects\_programming\vcpkg\buildtrees\usd\src\v25.11-c5a1a786cc.clean\pxr\usd\usdShade\materialBindingAPI.cpp -- Found material bindings on prim at path (/root/thelab01/workbench_grp/books_magazines01_0001/GEO) but MaterialBindingAPI is not applied on the prim
Warning: in BindingsAtPrim at line 671 of D:\__projects\_programming\vcpkg\buildtrees\usd\src\v25.11-c5a1a786cc.clean\pxr\usd\usdShade\materialBindingAPI.cpp -- Found material bindings on prim at path (/root/thelab01/workbench_grp/books_magazines01_0001/GEO) but MaterialBindingAPI is not applied on the prim
Warning: in BindingsAtPrim at line 671 of D:\__projects\_programming\vcpkg\buildtrees\usd\src\v25.11-c5a1a786cc.clean\pxr\usd\usdShade\materialBindingAPI.cpp -- Found material bindings on prim at path (/root/thelab01/workbench_grp/books_magazines01_0001/GEO) but MaterialBindingAPI is not applied on the prim
Warning: in BindingsAtPrim at line 671 of D:\__projects\_programming\vcpkg\buildtrees\usd\src\v25.11-c5a1a786cc.clean\pxr\usd\usdShade\materialBindingAPI.cpp -- Found material bindings on prim at path (/root/thelab01/workbench_grp/books_magazines01_0001/GEO) but MaterialBindingAPI is not applied on the prim
Warning: in BindingsAtPrim at line 671 of D:\__projects\_programming\vcpkg\buildtrees\usd\src\v25.11-c5a1a786cc.clean\pxr\usd\usdShade\materialBindingAPI.cpp -- Found material bindings on prim at path (/root/thelab01/workbench_grp/books_magazines01_0001/GEO) but MaterialBindingAPI is not applied on the prim
Warning: in BindingsAtPrim at line 671 of D:\__projects\_programming\vcpkg\buildtrees\usd\src\v25.11-c5a1a786cc.clean\pxr\usd\usdShade\materialBindingAPI.cpp -- Found material bindings on prim at path (/root/thelab01/workbench_grp/books_magazines01_0001/GEO) but MaterialBindingAPI is not applied on the prim
Warning: in BindingsAtPrim at line 671 of D:\__projects\_programming\vcpkg\buildtrees\usd\src\v25.11-c5a1a786cc.clean\pxr\usd\usdShade\materialBindingAPI.cpp -- Found material bindings on prim at path (/root/thelab01/workbench_grp/books_magazines01_0001/GEO) but MaterialBindingAPI is not applied on the prim
Warning: in BindingsAtPrim at line 671 of D:\__projects\_programming\vcpkg\buildtrees\usd\src\v25.11-c5a1a786cc.clean\pxr\usd\usdShade\materialBindingAPI.cpp -- Found material bindings on prim at path (/root/thelab01/workbench_grp/books_magazines01_0001/GEO) but MaterialBindingAPI is not applied on the prim
Warning: in BindingsAtPrim at line 671 of D:\__projects\_programming\vcpkg\buildtrees\usd\src\v25.11-c5a1a786cc.clean\pxr\usd\usdShade\materialBindingAPI.cpp -- Found material bindings on prim at path (/root/thelab01/workbench_grp/books_magazines01_0001/GEO) but MaterialBindingAPI is not applied on the prim
Warning: in BindingsAtPrim at line 671 of D:\__projects\_programming\vcpkg\buildtrees\usd\src\v25.11-c5a1a786cc.clean\pxr\usd\usdShade\materialBindingAPI.cpp -- Found material bindings on prim at path (/root/thelab01/workbench_grp/books_magazines01_0001/GEO) but MaterialBindingAPI is not applied on the prim
Warning: in BindingsAtPrim at line 671 of D:\__projects\_programming\vcpkg\buildtrees\usd\src\v25.11-c5a1a786cc.clean\pxr\usd\usdShade\materialBindingAPI.cpp -- Found material bindings on prim at path (/root/thelab01/workbench_grp/books_magazines01_0001/GEO) but MaterialBindingAPI is not applied on the prim
Warning: in BindingsAtPrim at line 671 of D:\__projects\_programming\vcpkg\buildtrees\usd\src\v25.11-c5a1a786cc.clean\pxr\usd\usdShade\materialBindingAPI.cpp -- Found material bindings on prim at path (/root/thelab01/workbench_grp/books_magazines01_0001/GEO) but MaterialBindingAPI is not applied on the prim
Warning: in BindingsAtPrim at line 671 of D:\__projects\_programming\vcpkg\buildtrees\usd\src\v25.11-c5a1a786cc.clean\pxr\usd\usdShade\materialBindingAPI.cpp -- Found material bindings on prim at path (/root/thelab01/workbench_grp/books_magazines01_0001/GEO) but MaterialBindingAPI is not applied on the prim
Warning: in BindingsAtPrim at line 671 of D:\__projects\_programming\vcpkg\buildtrees\usd\src\v25.11-c5a1a786cc.clean\pxr\usd\usdShade\materialBindingAPI.cpp -- Found material bindings on prim at path (/root/thelab01/workbench_grp/books_magazines01_0001/GEO) but MaterialBindingAPI is not applied on the prim
Warning: in BindingsAtPrim at line 671 of D:\__projects\_programming\vcpkg\buildtrees\usd\src\v25.11-c5a1a786cc.clean\pxr\usd\usdShade\materialBindingAPI.cpp -- Found material bindings on prim at path (/root/thelab01/workbench_grp/books_magazines01_0001/GEO) but MaterialBindingAPI is not applied on the prim
Warning: in BindingsAtPrim at line 671 of D:\__projects\_programming\vcpkg\buildtrees\usd\src\v25.11-c5a1a786cc.clean\pxr\usd\usdShade\materialBindingAPI.cpp -- Found material bindings on prim at path (/root/thelab01/workbench_grp/books_magazines01_0001/GEO) but MaterialBindingAPI is not applied on the prim
Warning: in BindingsAtPrim at line 671 of D:\__projects\_programming\vcpkg\buildtrees\usd\src\v25.11-c5a1a786cc.clean\pxr\usd\usdShade\materialBindingAPI.cpp -- Found material bindings on prim at path (/root/thelab01/workbench_grp/books_magazines01_0001/GEO) but MaterialBindingAPI is not applied on the prim
Warning: in BindingsAtPrim at line 671 of D:\__projects\_programming\vcpkg\buildtrees\usd\src\v25.11-c5a1a786cc.clean\pxr\usd\usdShade\materialBindingAPI.cpp -- Found material bindings on prim at path (/root/thelab01/workbench_grp/books_magazines01_0001/GEO) but MaterialBindingAPI is not applied on the prim
Warning: in BindingsAtPrim at line 671 of D:\__projects\_programming\vcpkg\buildtrees\usd\src\v25.11-c5a1a786cc.clean\pxr\usd\usdShade\materialBindingAPI.cpp -- Found material bindings on prim at path (/root/thelab01/workbench_grp/books_magazines01_0001/GEO) but MaterialBindingAPI is not applied on the prim
Warning: in BindingsAtPrim at line 671 of D:\__projects\_programming\vcpkg\buildtrees\usd\src\v25.11-c5a1a786cc.clean\pxr\usd\usdShade\materialBindingAPI.cpp -- Found material bindings on prim at path (/root/thelab01/workbench_grp/books_magazines01_0001/GEO) but MaterialBindingAPI is not applied on the prim
Warning: in BindingsAtPrim at line 671 of D:\__projects\_programming\vcpkg\buildtrees\usd\src\v25.11-c5a1a786cc.clean\pxr\usd\usdShade\materialBindingAPI.cpp -- Found material bindings on prim at path (/root/thelab01/workbench_grp/books_magazines01_0001/GEO) but MaterialBindingAPI is not applied on the prim
Warning: in BindingsAtPrim at line 671 of D:\__projects\_programming\vcpkg\buildtrees\usd\src\v25.11-c5a1a786cc.clean\pxr\usd\usdShade\materialBindingAPI.cpp -- Found material bindings on prim at path (/root/thelab01/workbench_grp/books_magazines01_0001/GEO) but MaterialBindingAPI is not applied on the prim
Warning: in BindingsAtPrim at line 671 of D:\__projects\_programming\vcpkg\buildtrees\usd\src\v25.11-c5a1a786cc.clean\pxr\usd\usdShade\materialBindingAPI.cpp -- Found material bindings on prim at path (/root/thelab01/workbench_grp/books_magazines01_0001/GEO) but MaterialBindingAPI is not applied on the prim
Warning: in BindingsAtPrim at line 671 of D:\__projects\_programming\vcpkg\buildtrees\usd\src\v25.11-c5a1a786cc.clean\pxr\usd\usdShade\materialBindingAPI.cpp -- Found material bindings on prim at path (/root/thelab01/workbench_grp/books_magazines01_0001/GEO) but MaterialBindingAPI is not applied on the prim
Warning: in BindingsAtPrim at line 671 of D:\__projects\_programming\vcpkg\buildtrees\usd\src\v25.11-c5a1a786cc.clean\pxr\usd\usdShade\materialBindingAPI.cpp -- Found material bindings on prim at path (/root/thelab01/workbench_grp/books_magazines01_0001/GEO) but MaterialBindingAPI is not applied on the prim
Warning: in BindingsAtPrim at line 671 of D:\__projects\_programming\vcpkg\buildtrees\usd\src\v25.11-c5a1a786cc.clean\pxr\usd\usdShade\materialBindingAPI.cpp -- Found material bindings on prim at path (/root/thelab01/workbench_grp/books_magazines01_0001/GEO) but MaterialBindingAPI is not applied on the prim
Warning: in BindingsAtPrim at line 671 of D:\__projects\_programming\vcpkg\buildtrees\usd\src\v25.11-c5a1a786cc.clean\pxr\usd\usdShade\materialBindingAPI.cpp -- Found material bindings on prim at path (/root/thelab01/workbench_grp/books_magazines01_0001/GEO) but MaterialBindingAPI is not applied on the prim
Warning: in BindingsAtPrim at line 671 of D:\__projects\_programming\vcpkg\buildtrees\usd\src\v25.11-c5a1a786cc.clean\pxr\usd\usdShade\materialBindingAPI.cpp -- Found material bindings on prim at path (/root/thelab01/workbench_grp/books_magazines01_0001/GEO) but MaterialBindingAPI is not applied on the prim
Warning: in BindingsAtPrim at line 671 of D:\__projects\_programming\vcpkg\buildtrees\usd\src\v25.11-c5a1a786cc.clean\pxr\usd\usdShade\materialBindingAPI.cpp -- Found material bindings on prim at path (/root/thelab01/workbench_grp/books_magazines01_0001/GEO) but MaterialBindingAPI is not applied on the prim
Warning: in BindingsAtPrim at line 671 of D:\__projects\_programming\vcpkg\buildtrees\usd\src\v25.11-c5a1a786cc.clean\pxr\usd\usdShade\materialBindingAPI.cpp -- Found material bindings on prim at path (/root/thelab01/workbench_grp/books_magazines01_0001/GEO) but MaterialBindingAPI is not applied on the prim
Warning: in BindingsAtPrim at line 671 of D:\__projects\_programming\vcpkg\buildtrees\usd\src\v25.11-c5a1a786cc.clean\pxr\usd\usdShade\materialBindingAPI.cpp -- Found material bindings on prim at path (/root/thelab01/workbench_grp/chemistry_beaker01_0001/GEO) but MaterialBindingAPI is not applied on the prim
Warning: in BindingsAtPrim at line 671 of D:\__projects\_programming\vcpkg\buildtrees\usd\src\v25.11-c5a1a786cc.clean\pxr\usd\usdShade\materialBindingAPI.cpp -- Found material bindings on prim at path (/root/thelab01/workbench_grp/chemistry_beaker02_0001/GEO) but MaterialBindingAPI is not applied on the prim
Warning: in BindingsAtPrim at line 671 of D:\__projects\_programming\vcpkg\buildtrees\usd\src\v25.11-c5a1a786cc.clean\pxr\usd\usdShade\materialBindingAPI.cpp -- Found material bindings on prim at path (/root/thelab01/workbench_grp/chemistry_beaker03_0001/GEO) but MaterialBindingAPI is not applied on the prim
Warning: in BindingsAtPrim at line 671 of D:\__projects\_programming\vcpkg\buildtrees\usd\src\v25.11-c5a1a786cc.clean\pxr\usd\usdShade\materialBindingAPI.cpp -- Found material bindings on prim at path (/root/thelab01/workbench_grp/chemistry_beaker_rack01_0001/GEO) but MaterialBindingAPI is not applied on the prim
Warning: in BindingsAtPrim at line 671 of D:\__projects\_programming\vcpkg\buildtrees\usd\src\v25.11-c5a1a786cc.clean\pxr\usd\usdShade\materialBindingAPI.cpp -- Found material bindings on prim at path (/root/thelab01/workbench_grp/chemistry_beaker_rack01_0001/GEO) but MaterialBindingAPI is not applied on the prim
Warning: in BindingsAtPrim at line 671 of D:\__projects\_programming\vcpkg\buildtrees\usd\src\v25.11-c5a1a786cc.clean\pxr\usd\usdShade\materialBindingAPI.cpp -- Found material bindings on prim at path (/root/thelab01/workbench_grp/chemistry_beaker_stand01_0001/GEO) but MaterialBindingAPI is not applied on the prim
Warning: in BindingsAtPrim at line 671 of D:\__projects\_programming\vcpkg\buildtrees\usd\src\v25.11-c5a1a786cc.clean\pxr\usd\usdShade\materialBindingAPI.cpp -- Found material bindings on prim at path (/root/thelab01/workbench_grp/chemistry_beaker_stand01_0001/GEO) but MaterialBindingAPI is not applied on the prim
Warning: in BindingsAtPrim at line 671 of D:\__projects\_programming\vcpkg\buildtrees\usd\src\v25.11-c5a1a786cc.clean\pxr\usd\usdShade\materialBindingAPI.cpp -- Found material bindings on prim at path (/root/thelab01/workbench_grp/chemistry_beaker_stand01_0001/GEO) but MaterialBindingAPI is not applied on the prim
Warning: in BindingsAtPrim at line 671 of D:\__projects\_programming\vcpkg\buildtrees\usd\src\v25.11-c5a1a786cc.clean\pxr\usd\usdShade\materialBindingAPI.cpp -- Found material bindings on prim at path (/root/thelab01/workbench_grp/chemistry_beaker_stand01_0001/GEO) but MaterialBindingAPI is not applied on the prim
Warning: in BindingsAtPrim at line 671 of D:\__projects\_programming\vcpkg\buildtrees\usd\src\v25.11-c5a1a786cc.clean\pxr\usd\usdShade\materialBindingAPI.cpp -- Found material bindings on prim at path (/root/thelab01/workbench_grp/chemistry_bottle01_0001/GEO) but MaterialBindingAPI is not applied on the prim
Warning: in BindingsAtPrim at line 671 of D:\__projects\_programming\vcpkg\buildtrees\usd\src\v25.11-c5a1a786cc.clean\pxr\usd\usdShade\materialBindingAPI.cpp -- Found material bindings on prim at path (/root/thelab01/workbench_grp/chemistry_bottle02_0001/GEO) but MaterialBindingAPI is not applied on the prim
Warning: in BindingsAtPrim at line 671 of D:\__projects\_programming\vcpkg\buildtrees\usd\src\v25.11-c5a1a786cc.clean\pxr\usd\usdShade\materialBindingAPI.cpp -- Found material bindings on prim at path (/root/thelab01/workbench_grp/chemistry_bottle03_0001/GEO) but MaterialBindingAPI is not applied on the prim
Warning: in BindingsAtPrim at line 671 of D:\__projects\_programming\vcpkg\buildtrees\usd\src\v25.11-c5a1a786cc.clean\pxr\usd\usdShade\materialBindingAPI.cpp -- Found material bindings on prim at path (/root/thelab01/workbench_grp/chemistry_flask_stand01_0001/GEO) but MaterialBindingAPI is not applied on the prim
Warning: in BindingsAtPrim at line 671 of D:\__projects\_programming\vcpkg\buildtrees\usd\src\v25.11-c5a1a786cc.clean\pxr\usd\usdShade\materialBindingAPI.cpp -- Found material bindings on prim at path (/root/thelab01/workbench_grp/chemistry_flask_stand01_0001/GEO) but MaterialBindingAPI is not applied on the prim
Warning: in BindingsAtPrim at line 671 of D:\__projects\_programming\vcpkg\buildtrees\usd\src\v25.11-c5a1a786cc.clean\pxr\usd\usdShade\materialBindingAPI.cpp -- Found material bindings on prim at path (/root/thelab01/workbench_grp/chemistry_flask_stand01_0001/GEO) but MaterialBindingAPI is not applied on the prim
Warning: in BindingsAtPrim at line 671 of D:\__projects\_programming\vcpkg\buildtrees\usd\src\v25.11-c5a1a786cc.clean\pxr\usd\usdShade\materialBindingAPI.cpp -- Found material bindings on prim at path (/root/thelab01/workbench_grp/chemistry_flask_stand01_0001/GEO) but MaterialBindingAPI is not applied on the prim
Warning: in BindingsAtPrim at line 671 of D:\__projects\_programming\vcpkg\buildtrees\usd\src\v25.11-c5a1a786cc.clean\pxr\usd\usdShade\materialBindingAPI.cpp -- Found material bindings on prim at path (/root/thelab01/workbench_grp/chemistry_flask_stand01_0001/GEO) but MaterialBindingAPI is not applied on the prim
Warning: in BindingsAtPrim at line 671 of D:\__projects\_programming\vcpkg\buildtrees\usd\src\v25.11-c5a1a786cc.clean\pxr\usd\usdShade\materialBindingAPI.cpp -- Found material bindings on prim at path (/root/thelab01/workbench_grp/chemistry_flask_stand01_0001/GEO) but MaterialBindingAPI is not applied on the prim
Warning: in BindingsAtPrim at line 671 of D:\__projects\_programming\vcpkg\buildtrees\usd\src\v25.11-c5a1a786cc.clean\pxr\usd\usdShade\materialBindingAPI.cpp -- Found material bindings on prim at path (/root/thelab01/workbench_grp/chemistry_flask_stand01_0001/GEO) but MaterialBindingAPI is not applied on the prim
Warning: in BindingsAtPrim at line 671 of D:\__projects\_programming\vcpkg\buildtrees\usd\src\v25.11-c5a1a786cc.clean\pxr\usd\usdShade\materialBindingAPI.cpp -- Found material bindings on prim at path (/root/thelab01/workbench_grp/chemistry_flask_stand01_0001/GEO) but MaterialBindingAPI is not applied on the prim
Warning: in BindingsAtPrim at line 671 of D:\__projects\_programming\vcpkg\buildtrees\usd\src\v25.11-c5a1a786cc.clean\pxr\usd\usdShade\materialBindingAPI.cpp -- Found material bindings on prim at path (/root/thelab01/workbench_grp/chemistry_flask_stand01_0001/GEO) but MaterialBindingAPI is not applied on the prim
Warning: in BindingsAtPrim at line 671 of D:\__projects\_programming\vcpkg\buildtrees\usd\src\v25.11-c5a1a786cc.clean\pxr\usd\usdShade\materialBindingAPI.cpp -- Found material bindings on prim at path (/root/thelab01/workbench_grp/chemistry_flask_stand01_0001/GEO) but MaterialBindingAPI is not applied on the prim
Warning: in BindingsAtPrim at line 671 of D:\__projects\_programming\vcpkg\buildtrees\usd\src\v25.11-c5a1a786cc.clean\pxr\usd\usdShade\materialBindingAPI.cpp -- Found material bindings on prim at path (/root/thelab01/workbench_grp/chemistry_kipps_apparatus01_0001/GEO) but MaterialBindingAPI is not applied on the prim
Warning: in BindingsAtPrim at line 671 of D:\__projects\_programming\vcpkg\buildtrees\usd\src\v25.11-c5a1a786cc.clean\pxr\usd\usdShade\materialBindingAPI.cpp -- Found material bindings on prim at path (/root/thelab01/workbench_grp/chemistry_kipps_apparatus01_0001/GEO) but MaterialBindingAPI is not applied on the prim
Warning: in BindingsAtPrim at line 671 of D:\__projects\_programming\vcpkg\buildtrees\usd\src\v25.11-c5a1a786cc.clean\pxr\usd\usdShade\materialBindingAPI.cpp -- Found material bindings on prim at path (/root/thelab01/workbench_grp/chemistry_kipps_apparatus01_0001/GEO) but MaterialBindingAPI is not applied on the prim
Warning: in BindingsAtPrim at line 671 of D:\__projects\_programming\vcpkg\buildtrees\usd\src\v25.11-c5a1a786cc.clean\pxr\usd\usdShade\materialBindingAPI.cpp -- Found material bindings on prim at path (/root/thelab01/workbench_grp/chemistry_kipps_apparatus01_0001/GEO) but MaterialBindingAPI is not applied on the prim
Warning: in BindingsAtPrim at line 671 of D:\__projects\_programming\vcpkg\buildtrees\usd\src\v25.11-c5a1a786cc.clean\pxr\usd\usdShade\materialBindingAPI.cpp -- Found material bindings on prim at path (/root/thelab01/workbench_grp/chemistry_kipps_apparatus01_0001/GEO) but MaterialBindingAPI is not applied on the prim
Warning: in BindingsAtPrim at line 671 of D:\__projects\_programming\vcpkg\buildtrees\usd\src\v25.11-c5a1a786cc.clean\pxr\usd\usdShade\materialBindingAPI.cpp -- Found material bindings on prim at path (/root/thelab01/workbench_grp/chemistry_kipps_apparatus01_0001/GEO) but MaterialBindingAPI is not applied on the prim
Warning: in BindingsAtPrim at line 671 of D:\__projects\_programming\vcpkg\buildtrees\usd\src\v25.11-c5a1a786cc.clean\pxr\usd\usdShade\materialBindingAPI.cpp -- Found material bindings on prim at path (/root/thelab01/workbench_grp/chemistry_kipps_apparatus01_0001/GEO) but MaterialBindingAPI is not applied on the prim
Warning: in BindingsAtPrim at line 671 of D:\__projects\_programming\vcpkg\buildtrees\usd\src\v25.11-c5a1a786cc.clean\pxr\usd\usdShade\materialBindingAPI.cpp -- Found material bindings on prim at path (/root/thelab01/workbench_grp/chemistry_kipps_apparatus01_0001/GEO) but MaterialBindingAPI is not applied on the prim
Warning: in BindingsAtPrim at line 671 of D:\__projects\_programming\vcpkg\buildtrees\usd\src\v25.11-c5a1a786cc.clean\pxr\usd\usdShade\materialBindingAPI.cpp -- Found material bindings on prim at path (/root/thelab01/workbench_grp/chemistry_kipps_apparatus01_0001/GEO) but MaterialBindingAPI is not applied on the prim
Warning: in BindingsAtPrim at line 671 of D:\__projects\_programming\vcpkg\buildtrees\usd\src\v25.11-c5a1a786cc.clean\pxr\usd\usdShade\materialBindingAPI.cpp -- Found material bindings on prim at path (/root/thelab01/workbench_grp/chemistry_microscope01_0001/GEO) but MaterialBindingAPI is not applied on the prim
Warning: in BindingsAtPrim at line 671 of D:\__projects\_programming\vcpkg\buildtrees\usd\src\v25.11-c5a1a786cc.clean\pxr\usd\usdShade\materialBindingAPI.cpp -- Found material bindings on prim at path (/root/thelab01/workbench_grp/chemistry_microscope01_0001/GEO) but MaterialBindingAPI is not applied on the prim
Warning: in BindingsAtPrim at line 671 of D:\__projects\_programming\vcpkg\buildtrees\usd\src\v25.11-c5a1a786cc.clean\pxr\usd\usdShade\materialBindingAPI.cpp -- Found material bindings on prim at path (/root/thelab01/workbench_grp/chemistry_microscope01_0001/GEO) but MaterialBindingAPI is not applied on the prim
Warning: in BindingsAtPrim at line 671 of D:\__projects\_programming\vcpkg\buildtrees\usd\src\v25.11-c5a1a786cc.clean\pxr\usd\usdShade\materialBindingAPI.cpp -- Found material bindings on prim at path (/root/thelab01/workbench_grp/chemistry_microscope01_0001/GEO) but MaterialBindingAPI is not applied on the prim
Warning: in BindingsAtPrim at line 671 of D:\__projects\_programming\vcpkg\buildtrees\usd\src\v25.11-c5a1a786cc.clean\pxr\usd\usdShade\materialBindingAPI.cpp -- Found material bindings on prim at path (/root/thelab01/workbench_grp/chemistry_microscope01_0001/GEO) but MaterialBindingAPI is not applied on the prim
Warning: in BindingsAtPrim at line 671 of D:\__projects\_programming\vcpkg\buildtrees\usd\src\v25.11-c5a1a786cc.clean\pxr\usd\usdShade\materialBindingAPI.cpp -- Found material bindings on prim at path (/root/thelab01/workbench_grp/chemistry_microscope01_0001/GEO) but MaterialBindingAPI is not applied on the prim
Warning: in BindingsAtPrim at line 671 of D:\__projects\_programming\vcpkg\buildtrees\usd\src\v25.11-c5a1a786cc.clean\pxr\usd\usdShade\materialBindingAPI.cpp -- Found material bindings on prim at path (/root/thelab01/workbench_grp/chemistry_microscope01_0001/GEO) but MaterialBindingAPI is not applied on the prim
Warning: in BindingsAtPrim at line 671 of D:\__projects\_programming\vcpkg\buildtrees\usd\src\v25.11-c5a1a786cc.clean\pxr\usd\usdShade\materialBindingAPI.cpp -- Found material bindings on prim at path (/root/thelab01/workbench_grp/chemistry_microscope01_0001/GEO) but MaterialBindingAPI is not applied on the prim
Warning: in BindingsAtPrim at line 671 of D:\__projects\_programming\vcpkg\buildtrees\usd\src\v25.11-c5a1a786cc.clean\pxr\usd\usdShade\materialBindingAPI.cpp -- Found material bindings on prim at path (/root/thelab01/workbench_grp/chemistry_microscope01_0001/GEO) but MaterialBindingAPI is not applied on the prim
Warning: in BindingsAtPrim at line 671 of D:\__projects\_programming\vcpkg\buildtrees\usd\src\v25.11-c5a1a786cc.clean\pxr\usd\usdShade\materialBindingAPI.cpp -- Found material bindings on prim at path (/root/thelab01/workbench_grp/chemistry_microscope01_0001/GEO) but MaterialBindingAPI is not applied on the prim
Warning: in BindingsAtPrim at line 671 of D:\__projects\_programming\vcpkg\buildtrees\usd\src\v25.11-c5a1a786cc.clean\pxr\usd\usdShade\materialBindingAPI.cpp -- Found material bindings on prim at path (/root/thelab01/workbench_grp/chemistry_microscope01_0001/GEO) but MaterialBindingAPI is not applied on the prim
Warning: in BindingsAtPrim at line 671 of D:\__projects\_programming\vcpkg\buildtrees\usd\src\v25.11-c5a1a786cc.clean\pxr\usd\usdShade\materialBindingAPI.cpp -- Found material bindings on prim at path (/root/thelab01/workbench_grp/chemistry_microscope01_0001/GEO) but MaterialBindingAPI is not applied on the prim
Warning: in BindingsAtPrim at line 671 of D:\__projects\_programming\vcpkg\buildtrees\usd\src\v25.11-c5a1a786cc.clean\pxr\usd\usdShade\materialBindingAPI.cpp -- Found material bindings on prim at path (/root/thelab01/workbench_grp/chemistry_microscope01_0001/GEO) but MaterialBindingAPI is not applied on the prim
Warning: in BindingsAtPrim at line 671 of D:\__projects\_programming\vcpkg\buildtrees\usd\src\v25.11-c5a1a786cc.clean\pxr\usd\usdShade\materialBindingAPI.cpp -- Found material bindings on prim at path (/root/thelab01/workbench_grp/chemistry_microscope01_0001/GEO) but MaterialBindingAPI is not applied on the prim
Warning: in BindingsAtPrim at line 671 of D:\__projects\_programming\vcpkg\buildtrees\usd\src\v25.11-c5a1a786cc.clean\pxr\usd\usdShade\materialBindingAPI.cpp -- Found material bindings on prim at path (/root/thelab01/workbench_grp/chemistry_microscope01_0001/GEO) but MaterialBindingAPI is not applied on the prim
Warning: in BindingsAtPrim at line 671 of D:\__projects\_programming\vcpkg\buildtrees\usd\src\v25.11-c5a1a786cc.clean\pxr\usd\usdShade\materialBindingAPI.cpp -- Found material bindings on prim at path (/root/thelab01/workbench_grp/chemistry_microscope01_0001/GEO) but MaterialBindingAPI is not applied on the prim
Warning: in BindingsAtPrim at line 671 of D:\__projects\_programming\vcpkg\buildtrees\usd\src\v25.11-c5a1a786cc.clean\pxr\usd\usdShade\materialBindingAPI.cpp -- Found material bindings on prim at path (/root/thelab01/workbench_grp/chemistry_microscope01_0001/GEO) but MaterialBindingAPI is not applied on the prim
Warning: in BindingsAtPrim at line 671 of D:\__projects\_programming\vcpkg\buildtrees\usd\src\v25.11-c5a1a786cc.clean\pxr\usd\usdShade\materialBindingAPI.cpp -- Found material bindings on prim at path (/root/thelab01/workbench_grp/chemistry_microscope01_0001/GEO) but MaterialBindingAPI is not applied on the prim
Warning: in BindingsAtPrim at line 671 of D:\__projects\_programming\vcpkg\buildtrees\usd\src\v25.11-c5a1a786cc.clean\pxr\usd\usdShade\materialBindingAPI.cpp -- Found material bindings on prim at path (/root/thelab01/workbench_grp/chemistry_microscope01_0001/GEO) but MaterialBindingAPI is not applied on the prim
Warning: in BindingsAtPrim at line 671 of D:\__projects\_programming\vcpkg\buildtrees\usd\src\v25.11-c5a1a786cc.clean\pxr\usd\usdShade\materialBindingAPI.cpp -- Found material bindings on prim at path (/root/thelab01/workbench_grp/chemistry_microscope01_0001/GEO) but MaterialBindingAPI is not applied on the prim
Warning: in BindingsAtPrim at line 671 of D:\__projects\_programming\vcpkg\buildtrees\usd\src\v25.11-c5a1a786cc.clean\pxr\usd\usdShade\materialBindingAPI.cpp -- Found material bindings on prim at path (/root/thelab01/workbench_grp/decor_foam_hand01_0001/GEO) but MaterialBindingAPI is not applied on the prim
Warning: in BindingsAtPrim at line 671 of D:\__projects\_programming\vcpkg\buildtrees\usd\src\v25.11-c5a1a786cc.clean\pxr\usd\usdShade\materialBindingAPI.cpp -- Found material bindings on prim at path (/root/thelab01/workbench_grp/decor_foam_hand01_0001/GEO) but MaterialBindingAPI is not applied on the prim
Warning: in BindingsAtPrim at line 671 of D:\__projects\_programming\vcpkg\buildtrees\usd\src\v25.11-c5a1a786cc.clean\pxr\usd\usdShade\materialBindingAPI.cpp -- Found material bindings on prim at path (/root/thelab01/workbench_grp/decor_helmet_head01_0001/GEO) but MaterialBindingAPI is not applied on the prim
Warning: in BindingsAtPrim at line 671 of D:\__projects\_programming\vcpkg\buildtrees\usd\src\v25.11-c5a1a786cc.clean\pxr\usd\usdShade\materialBindingAPI.cpp -- Found material bindings on prim at path (/root/thelab01/workbench_grp/decor_helmet_head01_0001/GEO) but MaterialBindingAPI is not applied on the prim
Warning: in BindingsAtPrim at line 671 of D:\__projects\_programming\vcpkg\buildtrees\usd\src\v25.11-c5a1a786cc.clean\pxr\usd\usdShade\materialBindingAPI.cpp -- Found material bindings on prim at path (/root/thelab01/workbench_grp/decor_helmet_head01_0001/GEO) but MaterialBindingAPI is not applied on the prim
Warning: in BindingsAtPrim at line 671 of D:\__projects\_programming\vcpkg\buildtrees\usd\src\v25.11-c5a1a786cc.clean\pxr\usd\usdShade\materialBindingAPI.cpp -- Found material bindings on prim at path (/root/thelab01/workbench_grp/decor_helmet_head01_0001/GEO) but MaterialBindingAPI is not applied on the prim
Warning: in BindingsAtPrim at line 671 of D:\__projects\_programming\vcpkg\buildtrees\usd\src\v25.11-c5a1a786cc.clean\pxr\usd\usdShade\materialBindingAPI.cpp -- Found material bindings on prim at path (/root/thelab01/workbench_grp/decor_wooden_box01_0001/GEO) but MaterialBindingAPI is not applied on the prim
Warning: in BindingsAtPrim at line 671 of D:\__projects\_programming\vcpkg\buildtrees\usd\src\v25.11-c5a1a786cc.clean\pxr\usd\usdShade\materialBindingAPI.cpp -- Found material bindings on prim at path (/root/thelab01/workbench_grp/decor_wooden_box01_0001/GEO) but MaterialBindingAPI is not applied on the prim
Warning: in BindingsAtPrim at line 671 of D:\__projects\_programming\vcpkg\buildtrees\usd\src\v25.11-c5a1a786cc.clean\pxr\usd\usdShade\materialBindingAPI.cpp -- Found material bindings on prim at path (/root/thelab01/workbench_grp/decor_wooden_box01_0001/GEO) but MaterialBindingAPI is not applied on the prim
Warning: in BindingsAtPrim at line 671 of D:\__projects\_programming\vcpkg\buildtrees\usd\src\v25.11-c5a1a786cc.clean\pxr\usd\usdShade\materialBindingAPI.cpp -- Found material bindings on prim at path (/root/thelab01/workbench_grp/decor_wooden_box01_0001/GEO) but MaterialBindingAPI is not applied on the prim
Warning: in BindingsAtPrim at line 671 of D:\__projects\_programming\vcpkg\buildtrees\usd\src\v25.11-c5a1a786cc.clean\pxr\usd\usdShade\materialBindingAPI.cpp -- Found material bindings on prim at path (/root/thelab01/workbench_grp/decor_wooden_box01_0001/GEO) but MaterialBindingAPI is not applied on the prim
Warning: in BindingsAtPrim at line 671 of D:\__projects\_programming\vcpkg\buildtrees\usd\src\v25.11-c5a1a786cc.clean\pxr\usd\usdShade\materialBindingAPI.cpp -- Found material bindings on prim at path (/root/thelab01/workbench_grp/decor_wooden_box01_0001/GEO) but MaterialBindingAPI is not applied on the prim
Warning: in BindingsAtPrim at line 671 of D:\__projects\_programming\vcpkg\buildtrees\usd\src\v25.11-c5a1a786cc.clean\pxr\usd\usdShade\materialBindingAPI.cpp -- Found material bindings on prim at path (/root/thelab01/workbench_grp/decor_wooden_box01_0001/GEO) but MaterialBindingAPI is not applied on the prim
Warning: in BindingsAtPrim at line 671 of D:\__projects\_programming\vcpkg\buildtrees\usd\src\v25.11-c5a1a786cc.clean\pxr\usd\usdShade\materialBindingAPI.cpp -- Found material bindings on prim at path (/root/thelab01/workbench_grp/decor_wooden_box01_0001/GEO) but MaterialBindingAPI is not applied on the prim
Warning: in BindingsAtPrim at line 671 of D:\__projects\_programming\vcpkg\buildtrees\usd\src\v25.11-c5a1a786cc.clean\pxr\usd\usdShade\materialBindingAPI.cpp -- Found material bindings on prim at path (/root/thelab01/workbench_grp/decor_wooden_box01_0001/GEO) but MaterialBindingAPI is not applied on the prim
Warning: in BindingsAtPrim at line 671 of D:\__projects\_programming\vcpkg\buildtrees\usd\src\v25.11-c5a1a786cc.clean\pxr\usd\usdShade\materialBindingAPI.cpp -- Found material bindings on prim at path (/root/thelab01/workbench_grp/decor_wooden_box01_0001/GEO) but MaterialBindingAPI is not applied on the prim
Warning: in BindingsAtPrim at line 671 of D:\__projects\_programming\vcpkg\buildtrees\usd\src\v25.11-c5a1a786cc.clean\pxr\usd\usdShade\materialBindingAPI.cpp -- Found material bindings on prim at path (/root/thelab01/workbench_grp/decor_wooden_box01_0001/GEO) but MaterialBindingAPI is not applied on the prim
Warning: in BindingsAtPrim at line 671 of D:\__projects\_programming\vcpkg\buildtrees\usd\src\v25.11-c5a1a786cc.clean\pxr\usd\usdShade\materialBindingAPI.cpp -- Found material bindings on prim at path (/root/thelab01/workbench_grp/decor_wooden_box01_0001/GEO) but MaterialBindingAPI is not applied on the prim
Warning: in BindingsAtPrim at line 671 of D:\__projects\_programming\vcpkg\buildtrees\usd\src\v25.11-c5a1a786cc.clean\pxr\usd\usdShade\materialBindingAPI.cpp -- Found material bindings on prim at path (/root/thelab01/workbench_grp/decor_wooden_box01_0001/GEO) but MaterialBindingAPI is not applied on the prim
Warning: in BindingsAtPrim at line 671 of D:\__projects\_programming\vcpkg\buildtrees\usd\src\v25.11-c5a1a786cc.clean\pxr\usd\usdShade\materialBindingAPI.cpp -- Found material bindings on prim at path (/root/thelab01/workbench_grp/decor_wooden_box01_0001/GEO) but MaterialBindingAPI is not applied on the prim
Warning: in BindingsAtPrim at line 671 of D:\__projects\_programming\vcpkg\buildtrees\usd\src\v25.11-c5a1a786cc.clean\pxr\usd\usdShade\materialBindingAPI.cpp -- Found material bindings on prim at path (/root/thelab01/workbench_grp/decor_wooden_box01_0001/GEO) but MaterialBindingAPI is not applied on the prim
Warning: in BindingsAtPrim at line 671 of D:\__projects\_programming\vcpkg\buildtrees\usd\src\v25.11-c5a1a786cc.clean\pxr\usd\usdShade\materialBindingAPI.cpp -- Found material bindings on prim at path (/root/thelab01/workbench_grp/decor_wooden_box01_0001/GEO) but MaterialBindingAPI is not applied on the prim
Warning: in BindingsAtPrim at line 671 of D:\__projects\_programming\vcpkg\buildtrees\usd\src\v25.11-c5a1a786cc.clean\pxr\usd\usdShade\materialBindingAPI.cpp -- Found material bindings on prim at path (/root/thelab01/workbench_grp/decor_wooden_box01_0001/GEO) but MaterialBindingAPI is not applied on the prim
Warning: in BindingsAtPrim at line 671 of D:\__projects\_programming\vcpkg\buildtrees\usd\src\v25.11-c5a1a786cc.clean\pxr\usd\usdShade\materialBindingAPI.cpp -- Found material bindings on prim at path (/root/thelab01/workbench_grp/decor_wooden_box01_0001/GEO) but MaterialBindingAPI is not applied on the prim
Warning: in BindingsAtPrim at line 671 of D:\__projects\_programming\vcpkg\buildtrees\usd\src\v25.11-c5a1a786cc.clean\pxr\usd\usdShade\materialBindingAPI.cpp -- Found material bindings on prim at path (/root/thelab01/workbench_grp/decor_wooden_box01_0001/GEO) but MaterialBindingAPI is not applied on the prim
Warning: in BindingsAtPrim at line 671 of D:\__projects\_programming\vcpkg\buildtrees\usd\src\v25.11-c5a1a786cc.clean\pxr\usd\usdShade\materialBindingAPI.cpp -- Found material bindings on prim at path (/root/thelab01/workbench_grp/decor_wooden_box01_0001/GEO) but MaterialBindingAPI is not applied on the prim
Warning: in BindingsAtPrim at line 671 of D:\__projects\_programming\vcpkg\buildtrees\usd\src\v25.11-c5a1a786cc.clean\pxr\usd\usdShade\materialBindingAPI.cpp -- Found material bindings on prim at path (/root/thelab01/workbench_grp/decor_wooden_box01_0001/GEO) but MaterialBindingAPI is not applied on the prim
Warning: in BindingsAtPrim at line 671 of D:\__projects\_programming\vcpkg\buildtrees\usd\src\v25.11-c5a1a786cc.clean\pxr\usd\usdShade\materialBindingAPI.cpp -- Found material bindings on prim at path (/root/thelab01/workbench_grp/decor_wooden_box01_0001/GEO) but MaterialBindingAPI is not applied on the prim
Warning: in BindingsAtPrim at line 671 of D:\__projects\_programming\vcpkg\buildtrees\usd\src\v25.11-c5a1a786cc.clean\pxr\usd\usdShade\materialBindingAPI.cpp -- Found material bindings on prim at path (/root/thelab01/workbench_grp/decor_wooden_box01_0001/GEO) but MaterialBindingAPI is not applied on the prim
Warning: in BindingsAtPrim at line 671 of D:\__projects\_programming\vcpkg\buildtrees\usd\src\v25.11-c5a1a786cc.clean\pxr\usd\usdShade\materialBindingAPI.cpp -- Found material bindings on prim at path (/root/thelab01/workbench_grp/decor_wooden_box01_0001/GEO) but MaterialBindingAPI is not applied on the prim
Warning: in BindingsAtPrim at line 671 of D:\__projects\_programming\vcpkg\buildtrees\usd\src\v25.11-c5a1a786cc.clean\pxr\usd\usdShade\materialBindingAPI.cpp -- Found material bindings on prim at path (/root/thelab01/workbench_grp/decor_wooden_box01_0001/GEO) but MaterialBindingAPI is not applied on the prim
Warning: in BindingsAtPrim at line 671 of D:\__projects\_programming\vcpkg\buildtrees\usd\src\v25.11-c5a1a786cc.clean\pxr\usd\usdShade\materialBindingAPI.cpp -- Found material bindings on prim at path (/root/thelab01/workbench_grp/decor_wooden_box01_0001/GEO) but MaterialBindingAPI is not applied on the prim
Warning: in BindingsAtPrim at line 671 of D:\__projects\_programming\vcpkg\buildtrees\usd\src\v25.11-c5a1a786cc.clean\pxr\usd\usdShade\materialBindingAPI.cpp -- Found material bindings on prim at path (/root/thelab01/workbench_grp/decor_wooden_box01_0001/GEO) but MaterialBindingAPI is not applied on the prim
Warning: in BindingsAtPrim at line 671 of D:\__projects\_programming\vcpkg\buildtrees\usd\src\v25.11-c5a1a786cc.clean\pxr\usd\usdShade\materialBindingAPI.cpp -- Found material bindings on prim at path (/root/thelab01/workbench_grp/decor_wooden_box01_0001/GEO) but MaterialBindingAPI is not applied on the prim
Warning: in BindingsAtPrim at line 671 of D:\__projects\_programming\vcpkg\buildtrees\usd\src\v25.11-c5a1a786cc.clean\pxr\usd\usdShade\materialBindingAPI.cpp -- Found material bindings on prim at path (/root/thelab01/workbench_grp/decor_wooden_box01_0001/GEO) but MaterialBindingAPI is not applied on the prim
Warning: in BindingsAtPrim at line 671 of D:\__projects\_programming\vcpkg\buildtrees\usd\src\v25.11-c5a1a786cc.clean\pxr\usd\usdShade\materialBindingAPI.cpp -- Found material bindings on prim at path (/root/thelab01/workbench_grp/decor_wooden_box01_0001/GEO) but MaterialBindingAPI is not applied on the prim
Warning: in BindingsAtPrim at line 671 of D:\__projects\_programming\vcpkg\buildtrees\usd\src\v25.11-c5a1a786cc.clean\pxr\usd\usdShade\materialBindingAPI.cpp -- Found material bindings on prim at path (/root/thelab01/workbench_grp/electronics_audio_generator01_0001/GEO) but MaterialBindingAPI is not applied on the prim
Warning: in BindingsAtPrim at line 671 of D:\__projects\_programming\vcpkg\buildtrees\usd\src\v25.11-c5a1a786cc.clean\pxr\usd\usdShade\materialBindingAPI.cpp -- Found material bindings on prim at path (/root/thelab01/workbench_grp/electronics_audio_generator01_0001/GEO) but MaterialBindingAPI is not applied on the prim
Warning: in BindingsAtPrim at line 671 of D:\__projects\_programming\vcpkg\buildtrees\usd\src\v25.11-c5a1a786cc.clean\pxr\usd\usdShade\materialBindingAPI.cpp -- Found material bindings on prim at path (/root/thelab01/workbench_grp/electronics_audio_generator01_0001/GEO) but MaterialBindingAPI is not applied on the prim
Warning: in BindingsAtPrim at line 671 of D:\__projects\_programming\vcpkg\buildtrees\usd\src\v25.11-c5a1a786cc.clean\pxr\usd\usdShade\materialBindingAPI.cpp -- Found material bindings on prim at path (/root/thelab01/workbench_grp/electronics_audio_generator01_0001/GEO) but MaterialBindingAPI is not applied on the prim
Warning: in BindingsAtPrim at line 671 of D:\__projects\_programming\vcpkg\buildtrees\usd\src\v25.11-c5a1a786cc.clean\pxr\usd\usdShade\materialBindingAPI.cpp -- Found material bindings on prim at path (/root/thelab01/workbench_grp/electronics_audio_generator01_0001/GEO) but MaterialBindingAPI is not applied on the prim
Warning: in BindingsAtPrim at line 671 of D:\__projects\_programming\vcpkg\buildtrees\usd\src\v25.11-c5a1a786cc.clean\pxr\usd\usdShade\materialBindingAPI.cpp -- Found material bindings on prim at path (/root/thelab01/workbench_grp/electronics_audio_generator01_0001/GEO) but MaterialBindingAPI is not applied on the prim
Warning: in BindingsAtPrim at line 671 of D:\__projects\_programming\vcpkg\buildtrees\usd\src\v25.11-c5a1a786cc.clean\pxr\usd\usdShade\materialBindingAPI.cpp -- Found material bindings on prim at path (/root/thelab01/workbench_grp/electronics_audio_generator01_0001/GEO) but MaterialBindingAPI is not applied on the prim
Warning: in BindingsAtPrim at line 671 of D:\__projects\_programming\vcpkg\buildtrees\usd\src\v25.11-c5a1a786cc.clean\pxr\usd\usdShade\materialBindingAPI.cpp -- Found material bindings on prim at path (/root/thelab01/workbench_grp/electronics_audio_generator01_0001/GEO) but MaterialBindingAPI is not applied on the prim
Warning: in BindingsAtPrim at line 671 of D:\__projects\_programming\vcpkg\buildtrees\usd\src\v25.11-c5a1a786cc.clean\pxr\usd\usdShade\materialBindingAPI.cpp -- Found material bindings on prim at path (/root/thelab01/workbench_grp/electronics_audio_generator01_0001/GEO) but MaterialBindingAPI is not applied on the prim
Warning: in BindingsAtPrim at line 671 of D:\__projects\_programming\vcpkg\buildtrees\usd\src\v25.11-c5a1a786cc.clean\pxr\usd\usdShade\materialBindingAPI.cpp -- Found material bindings on prim at path (/root/thelab01/workbench_grp/electronics_audio_generator01_0001/GEO) but MaterialBindingAPI is not applied on the prim
Warning: in BindingsAtPrim at line 671 of D:\__projects\_programming\vcpkg\buildtrees\usd\src\v25.11-c5a1a786cc.clean\pxr\usd\usdShade\materialBindingAPI.cpp -- Found material bindings on prim at path (/root/thelab01/workbench_grp/electronics_audio_generator01_0001/GEO) but MaterialBindingAPI is not applied on the prim
Warning: in BindingsAtPrim at line 671 of D:\__projects\_programming\vcpkg\buildtrees\usd\src\v25.11-c5a1a786cc.clean\pxr\usd\usdShade\materialBindingAPI.cpp -- Found material bindings on prim at path (/root/thelab01/workbench_grp/electronics_audio_generator01_0001/GEO) but MaterialBindingAPI is not applied on the prim
Warning: in BindingsAtPrim at line 671 of D:\__projects\_programming\vcpkg\buildtrees\usd\src\v25.11-c5a1a786cc.clean\pxr\usd\usdShade\materialBindingAPI.cpp -- Found material bindings on prim at path (/root/thelab01/workbench_grp/electronics_audio_generator01_0001/GEO) but MaterialBindingAPI is not applied on the prim
Warning: in BindingsAtPrim at line 671 of D:\__projects\_programming\vcpkg\buildtrees\usd\src\v25.11-c5a1a786cc.clean\pxr\usd\usdShade\materialBindingAPI.cpp -- Found material bindings on prim at path (/root/thelab01/workbench_grp/electronics_audio_generator01_0001/GEO) but MaterialBindingAPI is not applied on the prim
Warning: in BindingsAtPrim at line 671 of D:\__projects\_programming\vcpkg\buildtrees\usd\src\v25.11-c5a1a786cc.clean\pxr\usd\usdShade\materialBindingAPI.cpp -- Found material bindings on prim at path (/root/thelab01/workbench_grp/electronics_audio_generator01_0001/GEO) but MaterialBindingAPI is not applied on the prim
Warning: in BindingsAtPrim at line 671 of D:\__projects\_programming\vcpkg\buildtrees\usd\src\v25.11-c5a1a786cc.clean\pxr\usd\usdShade\materialBindingAPI.cpp -- Found material bindings on prim at path (/root/thelab01/workbench_grp/electronics_audio_generator01_0001/GEO) but MaterialBindingAPI is not applied on the prim
Warning: in BindingsAtPrim at line 671 of D:\__projects\_programming\vcpkg\buildtrees\usd\src\v25.11-c5a1a786cc.clean\pxr\usd\usdShade\materialBindingAPI.cpp -- Found material bindings on prim at path (/root/thelab01/workbench_grp/electronics_audio_generator01_0001/GEO) but MaterialBindingAPI is not applied on the prim
Warning: in BindingsAtPrim at line 671 of D:\__projects\_programming\vcpkg\buildtrees\usd\src\v25.11-c5a1a786cc.clean\pxr\usd\usdShade\materialBindingAPI.cpp -- Found material bindings on prim at path (/root/thelab01/workbench_grp/electronics_audio_generator01_0001/GEO) but MaterialBindingAPI is not applied on the prim
Warning: in BindingsAtPrim at line 671 of D:\__projects\_programming\vcpkg\buildtrees\usd\src\v25.11-c5a1a786cc.clean\pxr\usd\usdShade\materialBindingAPI.cpp -- Found material bindings on prim at path (/root/thelab01/workbench_grp/electronics_audio_generator01_0001/GEO) but MaterialBindingAPI is not applied on the prim
Warning: in BindingsAtPrim at line 671 of D:\__projects\_programming\vcpkg\buildtrees\usd\src\v25.11-c5a1a786cc.clean\pxr\usd\usdShade\materialBindingAPI.cpp -- Found material bindings on prim at path (/root/thelab01/workbench_grp/electronics_audio_generator01_0001/GEO) but MaterialBindingAPI is not applied on the prim
Warning: in BindingsAtPrim at line 671 of D:\__projects\_programming\vcpkg\buildtrees\usd\src\v25.11-c5a1a786cc.clean\pxr\usd\usdShade\materialBindingAPI.cpp -- Found material bindings on prim at path (/root/thelab01/workbench_grp/electronics_audio_generator01_0001/GEO) but MaterialBindingAPI is not applied on the prim
Warning: in BindingsAtPrim at line 671 of D:\__projects\_programming\vcpkg\buildtrees\usd\src\v25.11-c5a1a786cc.clean\pxr\usd\usdShade\materialBindingAPI.cpp -- Found material bindings on prim at path (/root/thelab01/workbench_grp/electronics_audio_generator01_0001/GEO) but MaterialBindingAPI is not applied on the prim
Warning: in BindingsAtPrim at line 671 of D:\__projects\_programming\vcpkg\buildtrees\usd\src\v25.11-c5a1a786cc.clean\pxr\usd\usdShade\materialBindingAPI.cpp -- Found material bindings on prim at path (/root/thelab01/workbench_grp/electronics_audio_generator01_0001/GEO) but MaterialBindingAPI is not applied on the prim
Warning: in BindingsAtPrim at line 671 of D:\__projects\_programming\vcpkg\buildtrees\usd\src\v25.11-c5a1a786cc.clean\pxr\usd\usdShade\materialBindingAPI.cpp -- Found material bindings on prim at path (/root/thelab01/workbench_grp/electronics_tesla_coil01_0001/GEO) but MaterialBindingAPI is not applied on the prim
Warning: in BindingsAtPrim at line 671 of D:\__projects\_programming\vcpkg\buildtrees\usd\src\v25.11-c5a1a786cc.clean\pxr\usd\usdShade\materialBindingAPI.cpp -- Found material bindings on prim at path (/root/thelab01/workbench_grp/electronics_tesla_coil01_0001/GEO) but MaterialBindingAPI is not applied on the prim
Warning: in BindingsAtPrim at line 671 of D:\__projects\_programming\vcpkg\buildtrees\usd\src\v25.11-c5a1a786cc.clean\pxr\usd\usdShade\materialBindingAPI.cpp -- Found material bindings on prim at path (/root/thelab01/workbench_grp/electronics_tesla_coil01_0001/GEO) but MaterialBindingAPI is not applied on the prim
Warning: in BindingsAtPrim at line 671 of D:\__projects\_programming\vcpkg\buildtrees\usd\src\v25.11-c5a1a786cc.clean\pxr\usd\usdShade\materialBindingAPI.cpp -- Found material bindings on prim at path (/root/thelab01/workbench_grp/electronics_tesla_coil01_0001/GEO) but MaterialBindingAPI is not applied on the prim
Warning: in BindingsAtPrim at line 671 of D:\__projects\_programming\vcpkg\buildtrees\usd\src\v25.11-c5a1a786cc.clean\pxr\usd\usdShade\materialBindingAPI.cpp -- Found material bindings on prim at path (/root/thelab01/workbench_grp/electronics_tesla_coil01_0001/GEO) but MaterialBindingAPI is not applied on the prim
Warning: in BindingsAtPrim at line 671 of D:\__projects\_programming\vcpkg\buildtrees\usd\src\v25.11-c5a1a786cc.clean\pxr\usd\usdShade\materialBindingAPI.cpp -- Found material bindings on prim at path (/root/thelab01/workbench_grp/electronics_tesla_coil01_0001/GEO) but MaterialBindingAPI is not applied on the prim
Warning: in BindingsAtPrim at line 671 of D:\__projects\_programming\vcpkg\buildtrees\usd\src\v25.11-c5a1a786cc.clean\pxr\usd\usdShade\materialBindingAPI.cpp -- Found material bindings on prim at path (/root/thelab01/workbench_grp/electronics_tesla_coil01_0001/GEO) but MaterialBindingAPI is not applied on the prim
Warning: in BindingsAtPrim at line 671 of D:\__projects\_programming\vcpkg\buildtrees\usd\src\v25.11-c5a1a786cc.clean\pxr\usd\usdShade\materialBindingAPI.cpp -- Found material bindings on prim at path (/root/thelab01/workbench_grp/electronics_tesla_coil01_0001/GEO) but MaterialBindingAPI is not applied on the prim
Warning: in BindingsAtPrim at line 671 of D:\__projects\_programming\vcpkg\buildtrees\usd\src\v25.11-c5a1a786cc.clean\pxr\usd\usdShade\materialBindingAPI.cpp -- Found material bindings on prim at path (/root/thelab01/workbench_grp/electronics_tesla_coil01_0001/GEO) but MaterialBindingAPI is not applied on the prim
Warning: in BindingsAtPrim at line 671 of D:\__projects\_programming\vcpkg\buildtrees\usd\src\v25.11-c5a1a786cc.clean\pxr\usd\usdShade\materialBindingAPI.cpp -- Found material bindings on prim at path (/root/thelab01/workbench_grp/electronics_tesla_coil01_0001/GEO) but MaterialBindingAPI is not applied on the prim
Warning: in BindingsAtPrim at line 671 of D:\__projects\_programming\vcpkg\buildtrees\usd\src\v25.11-c5a1a786cc.clean\pxr\usd\usdShade\materialBindingAPI.cpp -- Found material bindings on prim at path (/root/thelab01/workbench_grp/electronics_tesla_coil01_0001/GEO) but MaterialBindingAPI is not applied on the prim
Warning: in BindingsAtPrim at line 671 of D:\__projects\_programming\vcpkg\buildtrees\usd\src\v25.11-c5a1a786cc.clean\pxr\usd\usdShade\materialBindingAPI.cpp -- Found material bindings on prim at path (/root/thelab01/workbench_grp/electronics_tesla_coil01_0001/GEO) but MaterialBindingAPI is not applied on the prim
Warning: in BindingsAtPrim at line 671 of D:\__projects\_programming\vcpkg\buildtrees\usd\src\v25.11-c5a1a786cc.clean\pxr\usd\usdShade\materialBindingAPI.cpp -- Found material bindings on prim at path (/root/thelab01/workbench_grp/electronics_tesla_coil01_0001/GEO) but MaterialBindingAPI is not applied on the prim
Warning: in BindingsAtPrim at line 671 of D:\__projects\_programming\vcpkg\buildtrees\usd\src\v25.11-c5a1a786cc.clean\pxr\usd\usdShade\materialBindingAPI.cpp -- Found material bindings on prim at path (/root/thelab01/workbench_grp/electronics_tesla_coil01_0001/GEO) but MaterialBindingAPI is not applied on the prim
Warning: in BindingsAtPrim at line 671 of D:\__projects\_programming\vcpkg\buildtrees\usd\src\v25.11-c5a1a786cc.clean\pxr\usd\usdShade\materialBindingAPI.cpp -- Found material bindings on prim at path (/root/thelab01/workbench_grp/electronics_tesla_coil01_0001/GEO) but MaterialBindingAPI is not applied on the prim
Warning: in BindingsAtPrim at line 671 of D:\__projects\_programming\vcpkg\buildtrees\usd\src\v25.11-c5a1a786cc.clean\pxr\usd\usdShade\materialBindingAPI.cpp -- Found material bindings on prim at path (/root/thelab01/workbench_grp/electronics_tesla_coil01_0001/GEO) but MaterialBindingAPI is not applied on the prim
Warning: in BindingsAtPrim at line 671 of D:\__projects\_programming\vcpkg\buildtrees\usd\src\v25.11-c5a1a786cc.clean\pxr\usd\usdShade\materialBindingAPI.cpp -- Found material bindings on prim at path (/root/thelab01/workbench_grp/electronics_tesla_coil01_0001/GEO) but MaterialBindingAPI is not applied on the prim
Warning: in BindingsAtPrim at line 671 of D:\__projects\_programming\vcpkg\buildtrees\usd\src\v25.11-c5a1a786cc.clean\pxr\usd\usdShade\materialBindingAPI.cpp -- Found material bindings on prim at path (/root/thelab01/workbench_grp/electronics_tesla_coil01_0001/GEO) but MaterialBindingAPI is not applied on the prim
Warning: in BindingsAtPrim at line 671 of D:\__projects\_programming\vcpkg\buildtrees\usd\src\v25.11-c5a1a786cc.clean\pxr\usd\usdShade\materialBindingAPI.cpp -- Found material bindings on prim at path (/root/thelab01/workbench_grp/electronics_tesla_coil01_0001/GEO) but MaterialBindingAPI is not applied on the prim
Warning: in BindingsAtPrim at line 671 of D:\__projects\_programming\vcpkg\buildtrees\usd\src\v25.11-c5a1a786cc.clean\pxr\usd\usdShade\materialBindingAPI.cpp -- Found material bindings on prim at path (/root/thelab01/workbench_grp/electronics_tesla_coil01_0001/GEO) but MaterialBindingAPI is not applied on the prim
Warning: in BindingsAtPrim at line 671 of D:\__projects\_programming\vcpkg\buildtrees\usd\src\v25.11-c5a1a786cc.clean\pxr\usd\usdShade\materialBindingAPI.cpp -- Found material bindings on prim at path (/root/thelab01/workbench_grp/electronics_tesla_coil01_0001/GEO) but MaterialBindingAPI is not applied on the prim
Warning: in BindingsAtPrim at line 671 of D:\__projects\_programming\vcpkg\buildtrees\usd\src\v25.11-c5a1a786cc.clean\pxr\usd\usdShade\materialBindingAPI.cpp -- Found material bindings on prim at path (/root/thelab01/workbench_grp/electronics_tesla_coil01_0001/GEO) but MaterialBindingAPI is not applied on the prim
Warning: in BindingsAtPrim at line 671 of D:\__projects\_programming\vcpkg\buildtrees\usd\src\v25.11-c5a1a786cc.clean\pxr\usd\usdShade\materialBindingAPI.cpp -- Found material bindings on prim at path (/root/thelab01/workbench_grp/electronics_tesla_coil01_0001/GEO) but MaterialBindingAPI is not applied on the prim
Warning: in BindingsAtPrim at line 671 of D:\__projects\_programming\vcpkg\buildtrees\usd\src\v25.11-c5a1a786cc.clean\pxr\usd\usdShade\materialBindingAPI.cpp -- Found material bindings on prim at path (/root/thelab01/workbench_grp/electronics_tesla_coil01_0001/GEO) but MaterialBindingAPI is not applied on the prim
Warning: in BindingsAtPrim at line 671 of D:\__projects\_programming\vcpkg\buildtrees\usd\src\v25.11-c5a1a786cc.clean\pxr\usd\usdShade\materialBindingAPI.cpp -- Found material bindings on prim at path (/root/thelab01/workbench_grp/electronics_turntable01_0001/GEO) but MaterialBindingAPI is not applied on the prim
Warning: in BindingsAtPrim at line 671 of D:\__projects\_programming\vcpkg\buildtrees\usd\src\v25.11-c5a1a786cc.clean\pxr\usd\usdShade\materialBindingAPI.cpp -- Found material bindings on prim at path (/root/thelab01/workbench_grp/electronics_turntable01_0001/GEO) but MaterialBindingAPI is not applied on the prim
Warning: in BindingsAtPrim at line 671 of D:\__projects\_programming\vcpkg\buildtrees\usd\src\v25.11-c5a1a786cc.clean\pxr\usd\usdShade\materialBindingAPI.cpp -- Found material bindings on prim at path (/root/thelab01/workbench_grp/electronics_turntable01_0001/GEO) but MaterialBindingAPI is not applied on the prim
Warning: in BindingsAtPrim at line 671 of D:\__projects\_programming\vcpkg\buildtrees\usd\src\v25.11-c5a1a786cc.clean\pxr\usd\usdShade\materialBindingAPI.cpp -- Found material bindings on prim at path (/root/thelab01/workbench_grp/electronics_turntable01_0001/GEO) but MaterialBindingAPI is not applied on the prim
Warning: in BindingsAtPrim at line 671 of D:\__projects\_programming\vcpkg\buildtrees\usd\src\v25.11-c5a1a786cc.clean\pxr\usd\usdShade\materialBindingAPI.cpp -- Found material bindings on prim at path (/root/thelab01/workbench_grp/electronics_turntable01_0001/GEO) but MaterialBindingAPI is not applied on the prim
Warning: in BindingsAtPrim at line 671 of D:\__projects\_programming\vcpkg\buildtrees\usd\src\v25.11-c5a1a786cc.clean\pxr\usd\usdShade\materialBindingAPI.cpp -- Found material bindings on prim at path (/root/thelab01/workbench_grp/electronics_turntable01_0001/GEO) but MaterialBindingAPI is not applied on the prim
Warning: in BindingsAtPrim at line 671 of D:\__projects\_programming\vcpkg\buildtrees\usd\src\v25.11-c5a1a786cc.clean\pxr\usd\usdShade\materialBindingAPI.cpp -- Found material bindings on prim at path (/root/thelab01/workbench_grp/electronics_turntable01_0001/GEO) but MaterialBindingAPI is not applied on the prim
Warning: in BindingsAtPrim at line 671 of D:\__projects\_programming\vcpkg\buildtrees\usd\src\v25.11-c5a1a786cc.clean\pxr\usd\usdShade\materialBindingAPI.cpp -- Found material bindings on prim at path (/root/thelab01/workbench_grp/electronics_turntable01_0001/GEO) but MaterialBindingAPI is not applied on the prim
Warning: in BindingsAtPrim at line 671 of D:\__projects\_programming\vcpkg\buildtrees\usd\src\v25.11-c5a1a786cc.clean\pxr\usd\usdShade\materialBindingAPI.cpp -- Found material bindings on prim at path (/root/thelab01/workbench_grp/electronics_turntable01_0001/GEO) but MaterialBindingAPI is not applied on the prim
Warning: in BindingsAtPrim at line 671 of D:\__projects\_programming\vcpkg\buildtrees\usd\src\v25.11-c5a1a786cc.clean\pxr\usd\usdShade\materialBindingAPI.cpp -- Found material bindings on prim at path (/root/thelab01/workbench_grp/electronics_turntable01_0001/GEO) but MaterialBindingAPI is not applied on the prim
Warning: in BindingsAtPrim at line 671 of D:\__projects\_programming\vcpkg\buildtrees\usd\src\v25.11-c5a1a786cc.clean\pxr\usd\usdShade\materialBindingAPI.cpp -- Found material bindings on prim at path (/root/thelab01/workbench_grp/electronics_turntable01_0001/GEO) but MaterialBindingAPI is not applied on the prim
Warning: in BindingsAtPrim at line 671 of D:\__projects\_programming\vcpkg\buildtrees\usd\src\v25.11-c5a1a786cc.clean\pxr\usd\usdShade\materialBindingAPI.cpp -- Found material bindings on prim at path (/root/thelab01/workbench_grp/electronics_turntable01_0001/GEO) but MaterialBindingAPI is not applied on the prim
Warning: in BindingsAtPrim at line 671 of D:\__projects\_programming\vcpkg\buildtrees\usd\src\v25.11-c5a1a786cc.clean\pxr\usd\usdShade\materialBindingAPI.cpp -- Found material bindings on prim at path (/root/thelab01/workbench_grp/electronics_turntable01_0001/GEO) but MaterialBindingAPI is not applied on the prim
Warning: in BindingsAtPrim at line 671 of D:\__projects\_programming\vcpkg\buildtrees\usd\src\v25.11-c5a1a786cc.clean\pxr\usd\usdShade\materialBindingAPI.cpp -- Found material bindings on prim at path (/root/thelab01/workbench_grp/electronics_turntable01_0001/GEO) but MaterialBindingAPI is not applied on the prim
Warning: in BindingsAtPrim at line 671 of D:\__projects\_programming\vcpkg\buildtrees\usd\src\v25.11-c5a1a786cc.clean\pxr\usd\usdShade\materialBindingAPI.cpp -- Found material bindings on prim at path (/root/thelab01/workbench_grp/electronics_turntable01_0001/GEO) but MaterialBindingAPI is not applied on the prim
Warning: in BindingsAtPrim at line 671 of D:\__projects\_programming\vcpkg\buildtrees\usd\src\v25.11-c5a1a786cc.clean\pxr\usd\usdShade\materialBindingAPI.cpp -- Found material bindings on prim at path (/root/thelab01/workbench_grp/electronics_turntable01_0001/GEO) but MaterialBindingAPI is not applied on the prim
Warning: in BindingsAtPrim at line 671 of D:\__projects\_programming\vcpkg\buildtrees\usd\src\v25.11-c5a1a786cc.clean\pxr\usd\usdShade\materialBindingAPI.cpp -- Found material bindings on prim at path (/root/thelab01/workbench_grp/electronics_turntable01_0001/GEO) but MaterialBindingAPI is not applied on the prim
Warning: in BindingsAtPrim at line 671 of D:\__projects\_programming\vcpkg\buildtrees\usd\src\v25.11-c5a1a786cc.clean\pxr\usd\usdShade\materialBindingAPI.cpp -- Found material bindings on prim at path (/root/thelab01/workbench_grp/electronics_turntable01_0001/GEO) but MaterialBindingAPI is not applied on the prim
Warning: in BindingsAtPrim at line 671 of D:\__projects\_programming\vcpkg\buildtrees\usd\src\v25.11-c5a1a786cc.clean\pxr\usd\usdShade\materialBindingAPI.cpp -- Found material bindings on prim at path (/root/thelab01/workbench_grp/electronics_wire_spool01_0001/GEO) but MaterialBindingAPI is not applied on the prim
Warning: in BindingsAtPrim at line 671 of D:\__projects\_programming\vcpkg\buildtrees\usd\src\v25.11-c5a1a786cc.clean\pxr\usd\usdShade\materialBindingAPI.cpp -- Found material bindings on prim at path (/root/thelab01/workbench_grp/electronics_wire_spool01_0001/GEO) but MaterialBindingAPI is not applied on the prim
Warning: in BindingsAtPrim at line 671 of D:\__projects\_programming\vcpkg\buildtrees\usd\src\v25.11-c5a1a786cc.clean\pxr\usd\usdShade\materialBindingAPI.cpp -- Found material bindings on prim at path (/root/thelab01/workbench_grp/electronics_wire_spool01_0001/GEO) but MaterialBindingAPI is not applied on the prim
Warning: in BindingsAtPrim at line 671 of D:\__projects\_programming\vcpkg\buildtrees\usd\src\v25.11-c5a1a786cc.clean\pxr\usd\usdShade\materialBindingAPI.cpp -- Found material bindings on prim at path (/root/thelab01/workbench_grp/furniture_blackboard01_0001/GEO) but MaterialBindingAPI is not applied on the prim
Warning: in BindingsAtPrim at line 671 of D:\__projects\_programming\vcpkg\buildtrees\usd\src\v25.11-c5a1a786cc.clean\pxr\usd\usdShade\materialBindingAPI.cpp -- Found material bindings on prim at path (/root/thelab01/workbench_grp/furniture_blackboard01_0001/GEO) but MaterialBindingAPI is not applied on the prim
Warning: in BindingsAtPrim at line 671 of D:\__projects\_programming\vcpkg\buildtrees\usd\src\v25.11-c5a1a786cc.clean\pxr\usd\usdShade\materialBindingAPI.cpp -- Found material bindings on prim at path (/root/thelab01/workbench_grp/furniture_blackboard01_0001/GEO) but MaterialBindingAPI is not applied on the prim
Warning: in BindingsAtPrim at line 671 of D:\__projects\_programming\vcpkg\buildtrees\usd\src\v25.11-c5a1a786cc.clean\pxr\usd\usdShade\materialBindingAPI.cpp -- Found material bindings on prim at path (/root/thelab01/workbench_grp/furniture_blackboard01_0001/GEO) but MaterialBindingAPI is not applied on the prim
Warning: in BindingsAtPrim at line 671 of D:\__projects\_programming\vcpkg\buildtrees\usd\src\v25.11-c5a1a786cc.clean\pxr\usd\usdShade\materialBindingAPI.cpp -- Found material bindings on prim at path (/root/thelab01/workbench_grp/furniture_shelving01_0001/GEO) but MaterialBindingAPI is not applied on the prim
Warning: in BindingsAtPrim at line 671 of D:\__projects\_programming\vcpkg\buildtrees\usd\src\v25.11-c5a1a786cc.clean\pxr\usd\usdShade\materialBindingAPI.cpp -- Found material bindings on prim at path (/root/thelab01/workbench_grp/furniture_shelving01_0001/GEO) but MaterialBindingAPI is not applied on the prim
Warning: in BindingsAtPrim at line 671 of D:\__projects\_programming\vcpkg\buildtrees\usd\src\v25.11-c5a1a786cc.clean\pxr\usd\usdShade\materialBindingAPI.cpp -- Found material bindings on prim at path (/root/thelab01/workbench_grp/furniture_shelving01_0001/GEO) but MaterialBindingAPI is not applied on the prim
Warning: in BindingsAtPrim at line 671 of D:\__projects\_programming\vcpkg\buildtrees\usd\src\v25.11-c5a1a786cc.clean\pxr\usd\usdShade\materialBindingAPI.cpp -- Found material bindings on prim at path (/root/thelab01/workbench_grp/stationary_crayon_box01_0001/GEO) but MaterialBindingAPI is not applied on the prim
Warning: in BindingsAtPrim at line 671 of D:\__projects\_programming\vcpkg\buildtrees\usd\src\v25.11-c5a1a786cc.clean\pxr\usd\usdShade\materialBindingAPI.cpp -- Found material bindings on prim at path (/root/thelab01/workbench_grp/stationary_notepad01_0001/GEO) but MaterialBindingAPI is not applied on the prim
Warning: in BindingsAtPrim at line 671 of D:\__projects\_programming\vcpkg\buildtrees\usd\src\v25.11-c5a1a786cc.clean\pxr\usd\usdShade\materialBindingAPI.cpp -- Found material bindings on prim at path (/root/thelab01/workbench_grp/stationary_notepad01_0001/GEO) but MaterialBindingAPI is not applied on the prim
Warning: in BindingsAtPrim at line 671 of D:\__projects\_programming\vcpkg\buildtrees\usd\src\v25.11-c5a1a786cc.clean\pxr\usd\usdShade\materialBindingAPI.cpp -- Found material bindings on prim at path (/root/thelab01/workbench_grp/stationary_notepad01_0001/GEO) but MaterialBindingAPI is not applied on the prim
Warning: in BindingsAtPrim at line 671 of D:\__projects\_programming\vcpkg\buildtrees\usd\src\v25.11-c5a1a786cc.clean\pxr\usd\usdShade\materialBindingAPI.cpp -- Found material bindings on prim at path (/root/thelab01/workbench_grp/stationary_notepad01_0001/GEO) but MaterialBindingAPI is not applied on the prim
Warning: in BindingsAtPrim at line 671 of D:\__projects\_programming\vcpkg\buildtrees\usd\src\v25.11-c5a1a786cc.clean\pxr\usd\usdShade\materialBindingAPI.cpp -- Found material bindings on prim at path (/root/thelab01/workbench_grp/stationary_paper01_0001/GEO) but MaterialBindingAPI is not applied on the prim
Warning: in BindingsAtPrim at line 671 of D:\__projects\_programming\vcpkg\buildtrees\usd\src\v25.11-c5a1a786cc.clean\pxr\usd\usdShade\materialBindingAPI.cpp -- Found material bindings on prim at path (/root/thelab01/workbench_grp/stationary_paper02_0001/GEO) but MaterialBindingAPI is not applied on the prim
Warning: in BindingsAtPrim at line 671 of D:\__projects\_programming\vcpkg\buildtrees\usd\src\v25.11-c5a1a786cc.clean\pxr\usd\usdShade\materialBindingAPI.cpp -- Found material bindings on prim at path (/root/thelab01/workbench_grp/stationary_protractor_box01_0001/GEO) but MaterialBindingAPI is not applied on the prim
Warning: in BindingsAtPrim at line 671 of D:\__projects\_programming\vcpkg\buildtrees\usd\src\v25.11-c5a1a786cc.clean\pxr\usd\usdShade\materialBindingAPI.cpp -- Found material bindings on prim at path (/root/thelab01/workbench_grp/stationary_protractor_box01_0001/GEO) but MaterialBindingAPI is not applied on the prim
Warning: in BindingsAtPrim at line 671 of D:\__projects\_programming\vcpkg\buildtrees\usd\src\v25.11-c5a1a786cc.clean\pxr\usd\usdShade\materialBindingAPI.cpp -- Found material bindings on prim at path (/root/thelab01/workbench_grp/stationary_set_square01_0001/GEO) but MaterialBindingAPI is not applied on the prim
Warning: in BindingsAtPrim at line 671 of D:\__projects\_programming\vcpkg\buildtrees\usd\src\v25.11-c5a1a786cc.clean\pxr\usd\usdShade\materialBindingAPI.cpp -- Found material bindings on prim at path (/root/thelab01/workbench_grp/stationary_set_square02_0001/GEO) but MaterialBindingAPI is not applied on the prim
Warning: in BindingsAtPrim at line 671 of D:\__projects\_programming\vcpkg\buildtrees\usd\src\v25.11-c5a1a786cc.clean\pxr\usd\usdShade\materialBindingAPI.cpp -- Found material bindings on prim at path (/root/thelab01/workbench_grp/stationary_slide_rule01_0001/GEO) but MaterialBindingAPI is not applied on the prim
Warning: in BindingsAtPrim at line 671 of D:\__projects\_programming\vcpkg\buildtrees\usd\src\v25.11-c5a1a786cc.clean\pxr\usd\usdShade\materialBindingAPI.cpp -- Found material bindings on prim at path (/root/thelab01/workbench_grp/stationary_slide_rule01_0001/GEO) but MaterialBindingAPI is not applied on the prim
Warning: in BindingsAtPrim at line 671 of D:\__projects\_programming\vcpkg\buildtrees\usd\src\v25.11-c5a1a786cc.clean\pxr\usd\usdShade\materialBindingAPI.cpp -- Found material bindings on prim at path (/root/thelab01/workbench_grp/stationary_slide_rule01_0001/GEO) but MaterialBindingAPI is not applied on the prim
Warning: in BindingsAtPrim at line 671 of D:\__projects\_programming\vcpkg\buildtrees\usd\src\v25.11-c5a1a786cc.clean\pxr\usd\usdShade\materialBindingAPI.cpp -- Found material bindings on prim at path (/root/thelab01/workbench_grp/stationary_slide_rule01_0001/GEO) but MaterialBindingAPI is not applied on the prim
Warning: in BindingsAtPrim at line 671 of D:\__projects\_programming\vcpkg\buildtrees\usd\src\v25.11-c5a1a786cc.clean\pxr\usd\usdShade\materialBindingAPI.cpp -- Found material bindings on prim at path (/root/thelab01/workbench_grp/toy_box01_0001/GEO) but MaterialBindingAPI is not applied on the prim
Warning: in BindingsAtPrim at line 671 of D:\__projects\_programming\vcpkg\buildtrees\usd\src\v25.11-c5a1a786cc.clean\pxr\usd\usdShade\materialBindingAPI.cpp -- Found material bindings on prim at path (/root/thelab01/workbench_grp/toy_box02_0001/GEO) but MaterialBindingAPI is not applied on the prim
Warning: in BindingsAtPrim at line 671 of D:\__projects\_programming\vcpkg\buildtrees\usd\src\v25.11-c5a1a786cc.clean\pxr\usd\usdShade\materialBindingAPI.cpp -- Found material bindings on prim at path (/root/thelab01/workbench_grp/toy_box02_0001/GEO) but MaterialBindingAPI is not applied on the prim
Warning: in BindingsAtPrim at line 671 of D:\__projects\_programming\vcpkg\buildtrees\usd\src\v25.11-c5a1a786cc.clean\pxr\usd\usdShade\materialBindingAPI.cpp -- Found material bindings on prim at path (/root/thelab01/workbench_grp/toy_box04_0001/GEO) but MaterialBindingAPI is not applied on the prim
Warning: in BindingsAtPrim at line 671 of D:\__projects\_programming\vcpkg\buildtrees\usd\src\v25.11-c5a1a786cc.clean\pxr\usd\usdShade\materialBindingAPI.cpp -- Found material bindings on prim at path (/root/thelab01/workbench_grp/furniture_shelving01_0002/GEO) but MaterialBindingAPI is not applied on the prim
Warning: in BindingsAtPrim at line 671 of D:\__projects\_programming\vcpkg\buildtrees\usd\src\v25.11-c5a1a786cc.clean\pxr\usd\usdShade\materialBindingAPI.cpp -- Found material bindings on prim at path (/root/thelab01/workbench_grp/furniture_shelving01_0002/GEO) but MaterialBindingAPI is not applied on the prim
Warning: in BindingsAtPrim at line 671 of D:\__projects\_programming\vcpkg\buildtrees\usd\src\v25.11-c5a1a786cc.clean\pxr\usd\usdShade\materialBindingAPI.cpp -- Found material bindings on prim at path (/root/thelab01/workbench_grp/furniture_shelving01_0002/GEO) but MaterialBindingAPI is not applied on the prim
Warning: in BindingsAtPrim at line 671 of D:\__projects\_programming\vcpkg\buildtrees\usd\src\v25.11-c5a1a786cc.clean\pxr\usd\usdShade\materialBindingAPI.cpp -- Found material bindings on prim at path (/root/thelab01/workbench_grp/furniture_shelving01_0003/GEO) but MaterialBindingAPI is not applied on the prim
Warning: in BindingsAtPrim at line 671 of D:\__projects\_programming\vcpkg\buildtrees\usd\src\v25.11-c5a1a786cc.clean\pxr\usd\usdShade\materialBindingAPI.cpp -- Found material bindings on prim at path (/root/thelab01/workbench_grp/furniture_shelving01_0003/GEO) but MaterialBindingAPI is not applied on the prim
Warning: in BindingsAtPrim at line 671 of D:\__projects\_programming\vcpkg\buildtrees\usd\src\v25.11-c5a1a786cc.clean\pxr\usd\usdShade\materialBindingAPI.cpp -- Found material bindings on prim at path (/root/thelab01/workbench_grp/furniture_shelving01_0003/GEO) but MaterialBindingAPI is not applied on the prim
Warning: in BindingsAtPrim at line 671 of D:\__projects\_programming\vcpkg\buildtrees\usd\src\v25.11-c5a1a786cc.clean\pxr\usd\usdShade\materialBindingAPI.cpp -- Found material bindings on prim at path (/root/thelab01/workbench_grp/furniture_shelving01_0004/GEO) but MaterialBindingAPI is not applied on the prim
Warning: in BindingsAtPrim at line 671 of D:\__projects\_programming\vcpkg\buildtrees\usd\src\v25.11-c5a1a786cc.clean\pxr\usd\usdShade\materialBindingAPI.cpp -- Found material bindings on prim at path (/root/thelab01/workbench_grp/furniture_shelving01_0004/GEO) but MaterialBindingAPI is not applied on the prim
Warning: in BindingsAtPrim at line 671 of D:\__projects\_programming\vcpkg\buildtrees\usd\src\v25.11-c5a1a786cc.clean\pxr\usd\usdShade\materialBindingAPI.cpp -- Found material bindings on prim at path (/root/thelab01/workbench_grp/furniture_shelving01_0004/GEO) but MaterialBindingAPI is not applied on the prim
Warning: in BindingsAtPrim at line 671 of D:\__projects\_programming\vcpkg\buildtrees\usd\src\v25.11-c5a1a786cc.clean\pxr\usd\usdShade\materialBindingAPI.cpp -- Found material bindings on prim at path (/root/thelab01/workbench_grp/chemistry_flask_stand01_0002/GEO) but MaterialBindingAPI is not applied on the prim
Warning: in BindingsAtPrim at line 671 of D:\__projects\_programming\vcpkg\buildtrees\usd\src\v25.11-c5a1a786cc.clean\pxr\usd\usdShade\materialBindingAPI.cpp -- Found material bindings on prim at path (/root/thelab01/workbench_grp/chemistry_flask_stand01_0002/GEO) but MaterialBindingAPI is not applied on the prim
Warning: in BindingsAtPrim at line 671 of D:\__projects\_programming\vcpkg\buildtrees\usd\src\v25.11-c5a1a786cc.clean\pxr\usd\usdShade\materialBindingAPI.cpp -- Found material bindings on prim at path (/root/thelab01/workbench_grp/chemistry_flask_stand01_0002/GEO) but MaterialBindingAPI is not applied on the prim
Warning: in BindingsAtPrim at line 671 of D:\__projects\_programming\vcpkg\buildtrees\usd\src\v25.11-c5a1a786cc.clean\pxr\usd\usdShade\materialBindingAPI.cpp -- Found material bindings on prim at path (/root/thelab01/workbench_grp/chemistry_flask_stand01_0002/GEO) but MaterialBindingAPI is not applied on the prim
Warning: in BindingsAtPrim at line 671 of D:\__projects\_programming\vcpkg\buildtrees\usd\src\v25.11-c5a1a786cc.clean\pxr\usd\usdShade\materialBindingAPI.cpp -- Found material bindings on prim at path (/root/thelab01/workbench_grp/chemistry_flask_stand01_0002/GEO) but MaterialBindingAPI is not applied on the prim
Warning: in BindingsAtPrim at line 671 of D:\__projects\_programming\vcpkg\buildtrees\usd\src\v25.11-c5a1a786cc.clean\pxr\usd\usdShade\materialBindingAPI.cpp -- Found material bindings on prim at path (/root/thelab01/workbench_grp/chemistry_flask_stand01_0002/GEO) but MaterialBindingAPI is not applied on the prim
Warning: in BindingsAtPrim at line 671 of D:\__projects\_programming\vcpkg\buildtrees\usd\src\v25.11-c5a1a786cc.clean\pxr\usd\usdShade\materialBindingAPI.cpp -- Found material bindings on prim at path (/root/thelab01/workbench_grp/chemistry_flask_stand01_0002/GEO) but MaterialBindingAPI is not applied on the prim
Warning: in BindingsAtPrim at line 671 of D:\__projects\_programming\vcpkg\buildtrees\usd\src\v25.11-c5a1a786cc.clean\pxr\usd\usdShade\materialBindingAPI.cpp -- Found material bindings on prim at path (/root/thelab01/workbench_grp/chemistry_flask_stand01_0002/GEO) but MaterialBindingAPI is not applied on the prim
Warning: in BindingsAtPrim at line 671 of D:\__projects\_programming\vcpkg\buildtrees\usd\src\v25.11-c5a1a786cc.clean\pxr\usd\usdShade\materialBindingAPI.cpp -- Found material bindings on prim at path (/root/thelab01/workbench_grp/chemistry_flask_stand01_0002/GEO) but MaterialBindingAPI is not applied on the prim
Warning: in BindingsAtPrim at line 671 of D:\__projects\_programming\vcpkg\buildtrees\usd\src\v25.11-c5a1a786cc.clean\pxr\usd\usdShade\materialBindingAPI.cpp -- Found material bindings on prim at path (/root/thelab01/workbench_grp/chemistry_flask_stand01_0002/GEO) but MaterialBindingAPI is not applied on the prim
Warning: in BindingsAtPrim at line 671 of D:\__projects\_programming\vcpkg\buildtrees\usd\src\v25.11-c5a1a786cc.clean\pxr\usd\usdShade\materialBindingAPI.cpp -- Found material bindings on prim at path (/root/thelab01/workbench_grp/toy_box04_0002/GEO) but MaterialBindingAPI is not applied on the prim
Warning: in BindingsAtPrim at line 671 of D:\__projects\_programming\vcpkg\buildtrees\usd\src\v25.11-c5a1a786cc.clean\pxr\usd\usdShade\materialBindingAPI.cpp -- Found material bindings on prim at path (/root/thelab01/workbench_grp/electronics_audio_generator01_0002/GEO) but MaterialBindingAPI is not applied on the prim
Warning: in BindingsAtPrim at line 671 of D:\__projects\_programming\vcpkg\buildtrees\usd\src\v25.11-c5a1a786cc.clean\pxr\usd\usdShade\materialBindingAPI.cpp -- Found material bindings on prim at path (/root/thelab01/workbench_grp/electronics_audio_generator01_0002/GEO) but MaterialBindingAPI is not applied on the prim
Warning: in BindingsAtPrim at line 671 of D:\__projects\_programming\vcpkg\buildtrees\usd\src\v25.11-c5a1a786cc.clean\pxr\usd\usdShade\materialBindingAPI.cpp -- Found material bindings on prim at path (/root/thelab01/workbench_grp/electronics_audio_generator01_0002/GEO) but MaterialBindingAPI is not applied on the prim
Warning: in BindingsAtPrim at line 671 of D:\__projects\_programming\vcpkg\buildtrees\usd\src\v25.11-c5a1a786cc.clean\pxr\usd\usdShade\materialBindingAPI.cpp -- Found material bindings on prim at path (/root/thelab01/workbench_grp/electronics_audio_generator01_0002/GEO) but MaterialBindingAPI is not applied on the prim
Warning: in BindingsAtPrim at line 671 of D:\__projects\_programming\vcpkg\buildtrees\usd\src\v25.11-c5a1a786cc.clean\pxr\usd\usdShade\materialBindingAPI.cpp -- Found material bindings on prim at path (/root/thelab01/workbench_grp/electronics_audio_generator01_0002/GEO) but MaterialBindingAPI is not applied on the prim
Warning: in BindingsAtPrim at line 671 of D:\__projects\_programming\vcpkg\buildtrees\usd\src\v25.11-c5a1a786cc.clean\pxr\usd\usdShade\materialBindingAPI.cpp -- Found material bindings on prim at path (/root/thelab01/workbench_grp/electronics_audio_generator01_0002/GEO) but MaterialBindingAPI is not applied on the prim
Warning: in BindingsAtPrim at line 671 of D:\__projects\_programming\vcpkg\buildtrees\usd\src\v25.11-c5a1a786cc.clean\pxr\usd\usdShade\materialBindingAPI.cpp -- Found material bindings on prim at path (/root/thelab01/workbench_grp/electronics_audio_generator01_0002/GEO) but MaterialBindingAPI is not applied on the prim
Warning: in BindingsAtPrim at line 671 of D:\__projects\_programming\vcpkg\buildtrees\usd\src\v25.11-c5a1a786cc.clean\pxr\usd\usdShade\materialBindingAPI.cpp -- Found material bindings on prim at path (/root/thelab01/workbench_grp/electronics_audio_generator01_0002/GEO) but MaterialBindingAPI is not applied on the prim
Warning: in BindingsAtPrim at line 671 of D:\__projects\_programming\vcpkg\buildtrees\usd\src\v25.11-c5a1a786cc.clean\pxr\usd\usdShade\materialBindingAPI.cpp -- Found material bindings on prim at path (/root/thelab01/workbench_grp/electronics_audio_generator01_0002/GEO) but MaterialBindingAPI is not applied on the prim
Warning: in BindingsAtPrim at line 671 of D:\__projects\_programming\vcpkg\buildtrees\usd\src\v25.11-c5a1a786cc.clean\pxr\usd\usdShade\materialBindingAPI.cpp -- Found material bindings on prim at path (/root/thelab01/workbench_grp/electronics_audio_generator01_0002/GEO) but MaterialBindingAPI is not applied on the prim
Warning: in BindingsAtPrim at line 671 of D:\__projects\_programming\vcpkg\buildtrees\usd\src\v25.11-c5a1a786cc.clean\pxr\usd\usdShade\materialBindingAPI.cpp -- Found material bindings on prim at path (/root/thelab01/workbench_grp/electronics_audio_generator01_0002/GEO) but MaterialBindingAPI is not applied on the prim
Warning: in BindingsAtPrim at line 671 of D:\__projects\_programming\vcpkg\buildtrees\usd\src\v25.11-c5a1a786cc.clean\pxr\usd\usdShade\materialBindingAPI.cpp -- Found material bindings on prim at path (/root/thelab01/workbench_grp/electronics_audio_generator01_0002/GEO) but MaterialBindingAPI is not applied on the prim
Warning: in BindingsAtPrim at line 671 of D:\__projects\_programming\vcpkg\buildtrees\usd\src\v25.11-c5a1a786cc.clean\pxr\usd\usdShade\materialBindingAPI.cpp -- Found material bindings on prim at path (/root/thelab01/workbench_grp/electronics_audio_generator01_0002/GEO) but MaterialBindingAPI is not applied on the prim
Warning: in BindingsAtPrim at line 671 of D:\__projects\_programming\vcpkg\buildtrees\usd\src\v25.11-c5a1a786cc.clean\pxr\usd\usdShade\materialBindingAPI.cpp -- Found material bindings on prim at path (/root/thelab01/workbench_grp/electronics_audio_generator01_0002/GEO) but MaterialBindingAPI is not applied on the prim
Warning: in BindingsAtPrim at line 671 of D:\__projects\_programming\vcpkg\buildtrees\usd\src\v25.11-c5a1a786cc.clean\pxr\usd\usdShade\materialBindingAPI.cpp -- Found material bindings on prim at path (/root/thelab01/workbench_grp/electronics_audio_generator01_0002/GEO) but MaterialBindingAPI is not applied on the prim
Warning: in BindingsAtPrim at line 671 of D:\__projects\_programming\vcpkg\buildtrees\usd\src\v25.11-c5a1a786cc.clean\pxr\usd\usdShade\materialBindingAPI.cpp -- Found material bindings on prim at path (/root/thelab01/workbench_grp/electronics_audio_generator01_0002/GEO) but MaterialBindingAPI is not applied on the prim
Warning: in BindingsAtPrim at line 671 of D:\__projects\_programming\vcpkg\buildtrees\usd\src\v25.11-c5a1a786cc.clean\pxr\usd\usdShade\materialBindingAPI.cpp -- Found material bindings on prim at path (/root/thelab01/workbench_grp/electronics_audio_generator01_0002/GEO) but MaterialBindingAPI is not applied on the prim
Warning: in BindingsAtPrim at line 671 of D:\__projects\_programming\vcpkg\buildtrees\usd\src\v25.11-c5a1a786cc.clean\pxr\usd\usdShade\materialBindingAPI.cpp -- Found material bindings on prim at path (/root/thelab01/workbench_grp/electronics_audio_generator01_0002/GEO) but MaterialBindingAPI is not applied on the prim
Warning: in BindingsAtPrim at line 671 of D:\__projects\_programming\vcpkg\buildtrees\usd\src\v25.11-c5a1a786cc.clean\pxr\usd\usdShade\materialBindingAPI.cpp -- Found material bindings on prim at path (/root/thelab01/workbench_grp/electronics_audio_generator01_0002/GEO) but MaterialBindingAPI is not applied on the prim
Warning: in BindingsAtPrim at line 671 of D:\__projects\_programming\vcpkg\buildtrees\usd\src\v25.11-c5a1a786cc.clean\pxr\usd\usdShade\materialBindingAPI.cpp -- Found material bindings on prim at path (/root/thelab01/workbench_grp/electronics_audio_generator01_0002/GEO) but MaterialBindingAPI is not applied on the prim
Warning: in BindingsAtPrim at line 671 of D:\__projects\_programming\vcpkg\buildtrees\usd\src\v25.11-c5a1a786cc.clean\pxr\usd\usdShade\materialBindingAPI.cpp -- Found material bindings on prim at path (/root/thelab01/workbench_grp/electronics_audio_generator01_0002/GEO) but MaterialBindingAPI is not applied on the prim
Warning: in BindingsAtPrim at line 671 of D:\__projects\_programming\vcpkg\buildtrees\usd\src\v25.11-c5a1a786cc.clean\pxr\usd\usdShade\materialBindingAPI.cpp -- Found material bindings on prim at path (/root/thelab01/workbench_grp/electronics_audio_generator01_0002/GEO) but MaterialBindingAPI is not applied on the prim
Warning: in BindingsAtPrim at line 671 of D:\__projects\_programming\vcpkg\buildtrees\usd\src\v25.11-c5a1a786cc.clean\pxr\usd\usdShade\materialBindingAPI.cpp -- Found material bindings on prim at path (/root/thelab01/workbench_grp/electronics_audio_generator01_0002/GEO) but MaterialBindingAPI is not applied on the prim
Warning: in BindingsAtPrim at line 671 of D:\__projects\_programming\vcpkg\buildtrees\usd\src\v25.11-c5a1a786cc.clean\pxr\usd\usdShade\materialBindingAPI.cpp -- Found material bindings on prim at path (/root/thelab01/workbench_grp/electronics_oscilloscope01_0002/GEO) but MaterialBindingAPI is not applied on the prim
Warning: in BindingsAtPrim at line 671 of D:\__projects\_programming\vcpkg\buildtrees\usd\src\v25.11-c5a1a786cc.clean\pxr\usd\usdShade\materialBindingAPI.cpp -- Found material bindings on prim at path (/root/thelab01/workbench_grp/electronics_oscilloscope01_0002/GEO) but MaterialBindingAPI is not applied on the prim
Warning: in BindingsAtPrim at line 671 of D:\__projects\_programming\vcpkg\buildtrees\usd\src\v25.11-c5a1a786cc.clean\pxr\usd\usdShade\materialBindingAPI.cpp -- Found material bindings on prim at path (/root/thelab01/workbench_grp/electronics_oscilloscope01_0002/GEO) but MaterialBindingAPI is not applied on the prim
Warning: in BindingsAtPrim at line 671 of D:\__projects\_programming\vcpkg\buildtrees\usd\src\v25.11-c5a1a786cc.clean\pxr\usd\usdShade\materialBindingAPI.cpp -- Found material bindings on prim at path (/root/thelab01/workbench_grp/electronics_oscilloscope01_0002/GEO) but MaterialBindingAPI is not applied on the prim
Warning: in BindingsAtPrim at line 671 of D:\__projects\_programming\vcpkg\buildtrees\usd\src\v25.11-c5a1a786cc.clean\pxr\usd\usdShade\materialBindingAPI.cpp -- Found material bindings on prim at path (/root/thelab01/workbench_grp/electronics_oscilloscope01_0002/GEO) but MaterialBindingAPI is not applied on the prim
Warning: in BindingsAtPrim at line 671 of D:\__projects\_programming\vcpkg\buildtrees\usd\src\v25.11-c5a1a786cc.clean\pxr\usd\usdShade\materialBindingAPI.cpp -- Found material bindings on prim at path (/root/thelab01/workbench_grp/electronics_oscilloscope01_0002/GEO) but MaterialBindingAPI is not applied on the prim
Warning: in BindingsAtPrim at line 671 of D:\__projects\_programming\vcpkg\buildtrees\usd\src\v25.11-c5a1a786cc.clean\pxr\usd\usdShade\materialBindingAPI.cpp -- Found material bindings on prim at path (/root/thelab01/workbench_grp/electronics_oscilloscope01_0002/GEO) but MaterialBindingAPI is not applied on the prim
Warning: in BindingsAtPrim at line 671 of D:\__projects\_programming\vcpkg\buildtrees\usd\src\v25.11-c5a1a786cc.clean\pxr\usd\usdShade\materialBindingAPI.cpp -- Found material bindings on prim at path (/root/thelab01/workbench_grp/electronics_oscilloscope01_0002/GEO) but MaterialBindingAPI is not applied on the prim
Warning: in BindingsAtPrim at line 671 of D:\__projects\_programming\vcpkg\buildtrees\usd\src\v25.11-c5a1a786cc.clean\pxr\usd\usdShade\materialBindingAPI.cpp -- Found material bindings on prim at path (/root/thelab01/workbench_grp/electronics_oscilloscope01_0002/GEO) but MaterialBindingAPI is not applied on the prim
Warning: in BindingsAtPrim at line 671 of D:\__projects\_programming\vcpkg\buildtrees\usd\src\v25.11-c5a1a786cc.clean\pxr\usd\usdShade\materialBindingAPI.cpp -- Found material bindings on prim at path (/root/thelab01/workbench_grp/electronics_oscilloscope01_0002/GEO) but MaterialBindingAPI is not applied on the prim
Warning: in BindingsAtPrim at line 671 of D:\__projects\_programming\vcpkg\buildtrees\usd\src\v25.11-c5a1a786cc.clean\pxr\usd\usdShade\materialBindingAPI.cpp -- Found material bindings on prim at path (/root/thelab01/workbench_grp/electronics_oscilloscope01_0002/GEO) but MaterialBindingAPI is not applied on the prim
Warning: in BindingsAtPrim at line 671 of D:\__projects\_programming\vcpkg\buildtrees\usd\src\v25.11-c5a1a786cc.clean\pxr\usd\usdShade\materialBindingAPI.cpp -- Found material bindings on prim at path (/root/thelab01/workbench_grp/electronics_oscilloscope01_0002/GEO) but MaterialBindingAPI is not applied on the prim
Warning: in BindingsAtPrim at line 671 of D:\__projects\_programming\vcpkg\buildtrees\usd\src\v25.11-c5a1a786cc.clean\pxr\usd\usdShade\materialBindingAPI.cpp -- Found material bindings on prim at path (/root/thelab01/workbench_grp/electronics_oscilloscope01_0002/GEO) but MaterialBindingAPI is not applied on the prim
Warning: in BindingsAtPrim at line 671 of D:\__projects\_programming\vcpkg\buildtrees\usd\src\v25.11-c5a1a786cc.clean\pxr\usd\usdShade\materialBindingAPI.cpp -- Found material bindings on prim at path (/root/thelab01/workbench_grp/electronics_oscilloscope01_0002/GEO) but MaterialBindingAPI is not applied on the prim
Warning: in BindingsAtPrim at line 671 of D:\__projects\_programming\vcpkg\buildtrees\usd\src\v25.11-c5a1a786cc.clean\pxr\usd\usdShade\materialBindingAPI.cpp -- Found material bindings on prim at path (/root/thelab01/workbench_grp/electronics_oscilloscope01_0002/GEO) but MaterialBindingAPI is not applied on the prim
Warning: in BindingsAtPrim at line 671 of D:\__projects\_programming\vcpkg\buildtrees\usd\src\v25.11-c5a1a786cc.clean\pxr\usd\usdShade\materialBindingAPI.cpp -- Found material bindings on prim at path (/root/thelab01/workbench_grp/electronics_oscilloscope01_0002/GEO) but MaterialBindingAPI is not applied on the prim
Warning: in BindingsAtPrim at line 671 of D:\__projects\_programming\vcpkg\buildtrees\usd\src\v25.11-c5a1a786cc.clean\pxr\usd\usdShade\materialBindingAPI.cpp -- Found material bindings on prim at path (/root/thelab01/workbench_grp/electronics_oscilloscope01_0002/GEO) but MaterialBindingAPI is not applied on the prim
Warning: in BindingsAtPrim at line 671 of D:\__projects\_programming\vcpkg\buildtrees\usd\src\v25.11-c5a1a786cc.clean\pxr\usd\usdShade\materialBindingAPI.cpp -- Found material bindings on prim at path (/root/thelab01/workbench_grp/electronics_oscilloscope01_0002/GEO) but MaterialBindingAPI is not applied on the prim
Warning: in BindingsAtPrim at line 671 of D:\__projects\_programming\vcpkg\buildtrees\usd\src\v25.11-c5a1a786cc.clean\pxr\usd\usdShade\materialBindingAPI.cpp -- Found material bindings on prim at path (/root/thelab01/workbench_grp/electronics_oscilloscope01_0002/GEO) but MaterialBindingAPI is not applied on the prim
Warning: in BindingsAtPrim at line 671 of D:\__projects\_programming\vcpkg\buildtrees\usd\src\v25.11-c5a1a786cc.clean\pxr\usd\usdShade\materialBindingAPI.cpp -- Found material bindings on prim at path (/root/thelab01/workbench_grp/electronics_oscilloscope01_0002/GEO) but MaterialBindingAPI is not applied on the prim
Warning: in BindingsAtPrim at line 671 of D:\__projects\_programming\vcpkg\buildtrees\usd\src\v25.11-c5a1a786cc.clean\pxr\usd\usdShade\materialBindingAPI.cpp -- Found material bindings on prim at path (/root/thelab01/workbench_grp/electronics_oscilloscope01_0002/GEO) but MaterialBindingAPI is not applied on the prim
Warning: in BindingsAtPrim at line 671 of D:\__projects\_programming\vcpkg\buildtrees\usd\src\v25.11-c5a1a786cc.clean\pxr\usd\usdShade\materialBindingAPI.cpp -- Found material bindings on prim at path (/root/thelab01/workbench_grp/electronics_oscilloscope01_0002/GEO) but MaterialBindingAPI is not applied on the prim
Warning: in BindingsAtPrim at line 671 of D:\__projects\_programming\vcpkg\buildtrees\usd\src\v25.11-c5a1a786cc.clean\pxr\usd\usdShade\materialBindingAPI.cpp -- Found material bindings on prim at path (/root/thelab01/workbench_grp/electronics_oscilloscope01_0002/GEO) but MaterialBindingAPI is not applied on the prim
Warning: in BindingsAtPrim at line 671 of D:\__projects\_programming\vcpkg\buildtrees\usd\src\v25.11-c5a1a786cc.clean\pxr\usd\usdShade\materialBindingAPI.cpp -- Found material bindings on prim at path (/root/thelab01/workbench_grp/electronics_oscilloscope01_0002/GEO) but MaterialBindingAPI is not applied on the prim
Warning: in BindingsAtPrim at line 671 of D:\__projects\_programming\vcpkg\buildtrees\usd\src\v25.11-c5a1a786cc.clean\pxr\usd\usdShade\materialBindingAPI.cpp -- Found material bindings on prim at path (/root/thelab01/workbench_grp/electronics_oscilloscope01_0002/GEO) but MaterialBindingAPI is not applied on the prim
Warning: in BindingsAtPrim at line 671 of D:\__projects\_programming\vcpkg\buildtrees\usd\src\v25.11-c5a1a786cc.clean\pxr\usd\usdShade\materialBindingAPI.cpp -- Found material bindings on prim at path (/root/thelab01/workbench_grp/electronics_oscilloscope01_0002/GEO) but MaterialBindingAPI is not applied on the prim
Warning: in BindingsAtPrim at line 671 of D:\__projects\_programming\vcpkg\buildtrees\usd\src\v25.11-c5a1a786cc.clean\pxr\usd\usdShade\materialBindingAPI.cpp -- Found material bindings on prim at path (/root/thelab01/workbench_grp/electronics_oscilloscope01_0002/GEO) but MaterialBindingAPI is not applied on the prim
Warning: in BindingsAtPrim at line 671 of D:\__projects\_programming\vcpkg\buildtrees\usd\src\v25.11-c5a1a786cc.clean\pxr\usd\usdShade\materialBindingAPI.cpp -- Found material bindings on prim at path (/root/thelab01/workbench_grp/electronics_oscilloscope01_0002/GEO) but MaterialBindingAPI is not applied on the prim
Warning: in BindingsAtPrim at line 671 of D:\__projects\_programming\vcpkg\buildtrees\usd\src\v25.11-c5a1a786cc.clean\pxr\usd\usdShade\materialBindingAPI.cpp -- Found material bindings on prim at path (/root/thelab01/workbench_grp/electronics_oscilloscope01_0002/GEO) but MaterialBindingAPI is not applied on the prim
Warning: in BindingsAtPrim at line 671 of D:\__projects\_programming\vcpkg\buildtrees\usd\src\v25.11-c5a1a786cc.clean\pxr\usd\usdShade\materialBindingAPI.cpp -- Found material bindings on prim at path (/root/thelab01/workbench_grp/electronics_oscilloscope01_0002/GEO) but MaterialBindingAPI is not applied on the prim
Warning: in BindingsAtPrim at line 671 of D:\__projects\_programming\vcpkg\buildtrees\usd\src\v25.11-c5a1a786cc.clean\pxr\usd\usdShade\materialBindingAPI.cpp -- Found material bindings on prim at path (/root/thelab01/workbench_grp/toy_box04_0003/GEO) but MaterialBindingAPI is not applied on the prim
Warning: in BindingsAtPrim at line 671 of D:\__projects\_programming\vcpkg\buildtrees\usd\src\v25.11-c5a1a786cc.clean\pxr\usd\usdShade\materialBindingAPI.cpp -- Found material bindings on prim at path (/root/thelab01/workbench_grp/chemistry_beaker_stand01_0002/GEO) but MaterialBindingAPI is not applied on the prim
Warning: in BindingsAtPrim at line 671 of D:\__projects\_programming\vcpkg\buildtrees\usd\src\v25.11-c5a1a786cc.clean\pxr\usd\usdShade\materialBindingAPI.cpp -- Found material bindings on prim at path (/root/thelab01/workbench_grp/chemistry_beaker_stand01_0002/GEO) but MaterialBindingAPI is not applied on the prim
Warning: in BindingsAtPrim at line 671 of D:\__projects\_programming\vcpkg\buildtrees\usd\src\v25.11-c5a1a786cc.clean\pxr\usd\usdShade\materialBindingAPI.cpp -- Found material bindings on prim at path (/root/thelab01/workbench_grp/chemistry_beaker_stand01_0002/GEO) but MaterialBindingAPI is not applied on the prim
Warning: in BindingsAtPrim at line 671 of D:\__projects\_programming\vcpkg\buildtrees\usd\src\v25.11-c5a1a786cc.clean\pxr\usd\usdShade\materialBindingAPI.cpp -- Found material bindings on prim at path (/root/thelab01/workbench_grp/chemistry_beaker_stand01_0002/GEO) but MaterialBindingAPI is not applied on the prim
Warning: in BindingsAtPrim at line 671 of D:\__projects\_programming\vcpkg\buildtrees\usd\src\v25.11-c5a1a786cc.clean\pxr\usd\usdShade\materialBindingAPI.cpp -- Found material bindings on prim at path (/root/thelab01/workbench_grp/chemistry_beaker01_0002/GEO) but MaterialBindingAPI is not applied on the prim
Warning: in BindingsAtPrim at line 671 of D:\__projects\_programming\vcpkg\buildtrees\usd\src\v25.11-c5a1a786cc.clean\pxr\usd\usdShade\materialBindingAPI.cpp -- Found material bindings on prim at path (/root/thelab01/workbench_grp/chemistry_beaker03_0002/GEO) but MaterialBindingAPI is not applied on the prim
Warning: in BindingsAtPrim at line 671 of D:\__projects\_programming\vcpkg\buildtrees\usd\src\v25.11-c5a1a786cc.clean\pxr\usd\usdShade\materialBindingAPI.cpp -- Found material bindings on prim at path (/root/thelab01/workbench_grp/chemistry_beaker03_0003/GEO) but MaterialBindingAPI is not applied on the prim
Warning: in BindingsAtPrim at line 671 of D:\__projects\_programming\vcpkg\buildtrees\usd\src\v25.11-c5a1a786cc.clean\pxr\usd\usdShade\materialBindingAPI.cpp -- Found material bindings on prim at path (/root/thelab01/workbench_grp/chemistry_beaker03_0004/GEO) but MaterialBindingAPI is not applied on the prim
Warning: in BindingsAtPrim at line 671 of D:\__projects\_programming\vcpkg\buildtrees\usd\src\v25.11-c5a1a786cc.clean\pxr\usd\usdShade\materialBindingAPI.cpp -- Found material bindings on prim at path (/root/thelab01/workbench_grp/chemistry_beaker02_0002/GEO) but MaterialBindingAPI is not applied on the prim
Warning: in BindingsAtPrim at line 671 of D:\__projects\_programming\vcpkg\buildtrees\usd\src\v25.11-c5a1a786cc.clean\pxr\usd\usdShade\materialBindingAPI.cpp -- Found material bindings on prim at path (/root/thelab01/workbench_grp/stationary_pencil03_0003/GEO) but MaterialBindingAPI is not applied on the prim
Warning: in BindingsAtPrim at line 671 of D:\__projects\_programming\vcpkg\buildtrees\usd\src\v25.11-c5a1a786cc.clean\pxr\usd\usdShade\materialBindingAPI.cpp -- Found material bindings on prim at path (/root/thelab01/workbench_grp/chemistry_beaker02_0003/GEO) but MaterialBindingAPI is not applied on the prim
Warning: in BindingsAtPrim at line 671 of D:\__projects\_programming\vcpkg\buildtrees\usd\src\v25.11-c5a1a786cc.clean\pxr\usd\usdShade\materialBindingAPI.cpp -- Found material bindings on prim at path (/root/thelab01/workbench_grp/electronics_portable_tv01_0002/GEO) but MaterialBindingAPI is not applied on the prim
Warning: in BindingsAtPrim at line 671 of D:\__projects\_programming\vcpkg\buildtrees\usd\src\v25.11-c5a1a786cc.clean\pxr\usd\usdShade\materialBindingAPI.cpp -- Found material bindings on prim at path (/root/thelab01/workbench_grp/electronics_portable_tv01_0002/GEO) but MaterialBindingAPI is not applied on the prim
Warning: in BindingsAtPrim at line 671 of D:\__projects\_programming\vcpkg\buildtrees\usd\src\v25.11-c5a1a786cc.clean\pxr\usd\usdShade\materialBindingAPI.cpp -- Found material bindings on prim at path (/root/thelab01/workbench_grp/electronics_portable_tv01_0002/GEO) but MaterialBindingAPI is not applied on the prim
Warning: in BindingsAtPrim at line 671 of D:\__projects\_programming\vcpkg\buildtrees\usd\src\v25.11-c5a1a786cc.clean\pxr\usd\usdShade\materialBindingAPI.cpp -- Found material bindings on prim at path (/root/thelab01/workbench_grp/electronics_portable_tv01_0002/GEO) but MaterialBindingAPI is not applied on the prim
Warning: in BindingsAtPrim at line 671 of D:\__projects\_programming\vcpkg\buildtrees\usd\src\v25.11-c5a1a786cc.clean\pxr\usd\usdShade\materialBindingAPI.cpp -- Found material bindings on prim at path (/root/thelab01/workbench_grp/electronics_portable_tv01_0002/GEO) but MaterialBindingAPI is not applied on the prim
Warning: in BindingsAtPrim at line 671 of D:\__projects\_programming\vcpkg\buildtrees\usd\src\v25.11-c5a1a786cc.clean\pxr\usd\usdShade\materialBindingAPI.cpp -- Found material bindings on prim at path (/root/thelab01/workbench_grp/electronics_portable_tv01_0002/GEO) but MaterialBindingAPI is not applied on the prim
Warning: in BindingsAtPrim at line 671 of D:\__projects\_programming\vcpkg\buildtrees\usd\src\v25.11-c5a1a786cc.clean\pxr\usd\usdShade\materialBindingAPI.cpp -- Found material bindings on prim at path (/root/thelab01/workbench_grp/electronics_portable_tv01_0002/GEO) but MaterialBindingAPI is not applied on the prim
Warning: in BindingsAtPrim at line 671 of D:\__projects\_programming\vcpkg\buildtrees\usd\src\v25.11-c5a1a786cc.clean\pxr\usd\usdShade\materialBindingAPI.cpp -- Found material bindings on prim at path (/root/thelab01/workbench_grp/electronics_portable_tv01_0002/GEO) but MaterialBindingAPI is not applied on the prim
Warning: in BindingsAtPrim at line 671 of D:\__projects\_programming\vcpkg\buildtrees\usd\src\v25.11-c5a1a786cc.clean\pxr\usd\usdShade\materialBindingAPI.cpp -- Found material bindings on prim at path (/root/thelab01/workbench_grp/electronics_portable_tv01_0002/GEO) but MaterialBindingAPI is not applied on the prim
Warning: in BindingsAtPrim at line 671 of D:\__projects\_programming\vcpkg\buildtrees\usd\src\v25.11-c5a1a786cc.clean\pxr\usd\usdShade\materialBindingAPI.cpp -- Found material bindings on prim at path (/root/thelab01/workbench_grp/electronics_portable_tv01_0002/GEO) but MaterialBindingAPI is not applied on the prim
Warning: in BindingsAtPrim at line 671 of D:\__projects\_programming\vcpkg\buildtrees\usd\src\v25.11-c5a1a786cc.clean\pxr\usd\usdShade\materialBindingAPI.cpp -- Found material bindings on prim at path (/root/thelab01/workbench_grp/electronics_portable_tv01_0002/GEO) but MaterialBindingAPI is not applied on the prim
Warning: in BindingsAtPrim at line 671 of D:\__projects\_programming\vcpkg\buildtrees\usd\src\v25.11-c5a1a786cc.clean\pxr\usd\usdShade\materialBindingAPI.cpp -- Found material bindings on prim at path (/root/thelab01/workbench_grp/electronics_portable_tv01_0002/GEO) but MaterialBindingAPI is not applied on the prim
Warning: in BindingsAtPrim at line 671 of D:\__projects\_programming\vcpkg\buildtrees\usd\src\v25.11-c5a1a786cc.clean\pxr\usd\usdShade\materialBindingAPI.cpp -- Found material bindings on prim at path (/root/thelab01/workbench_grp/electronics_portable_tv01_0002/GEO) but MaterialBindingAPI is not applied on the prim
Warning: in BindingsAtPrim at line 671 of D:\__projects\_programming\vcpkg\buildtrees\usd\src\v25.11-c5a1a786cc.clean\pxr\usd\usdShade\materialBindingAPI.cpp -- Found material bindings on prim at path (/root/thelab01/workbench_grp/electronics_portable_tv01_0002/GEO) but MaterialBindingAPI is not applied on the prim
Warning: in BindingsAtPrim at line 671 of D:\__projects\_programming\vcpkg\buildtrees\usd\src\v25.11-c5a1a786cc.clean\pxr\usd\usdShade\materialBindingAPI.cpp -- Found material bindings on prim at path (/root/thelab01/workbench_grp/electronics_portable_tv01_0002/GEO) but MaterialBindingAPI is not applied on the prim
Warning: in BindingsAtPrim at line 671 of D:\__projects\_programming\vcpkg\buildtrees\usd\src\v25.11-c5a1a786cc.clean\pxr\usd\usdShade\materialBindingAPI.cpp -- Found material bindings on prim at path (/root/thelab01/workbench_grp/electronics_portable_tv01_0002/GEO) but MaterialBindingAPI is not applied on the prim
Warning: in BindingsAtPrim at line 671 of D:\__projects\_programming\vcpkg\buildtrees\usd\src\v25.11-c5a1a786cc.clean\pxr\usd\usdShade\materialBindingAPI.cpp -- Found material bindings on prim at path (/root/thelab01/workbench_grp/electronics_portable_tv01_0002/GEO) but MaterialBindingAPI is not applied on the prim
Warning: in BindingsAtPrim at line 671 of D:\__projects\_programming\vcpkg\buildtrees\usd\src\v25.11-c5a1a786cc.clean\pxr\usd\usdShade\materialBindingAPI.cpp -- Found material bindings on prim at path (/root/thelab01/workbench_grp/books_encyclopedias01_0003/GEO) but MaterialBindingAPI is not applied on the prim
Warning: in BindingsAtPrim at line 671 of D:\__projects\_programming\vcpkg\buildtrees\usd\src\v25.11-c5a1a786cc.clean\pxr\usd\usdShade\materialBindingAPI.cpp -- Found material bindings on prim at path (/root/thelab01/workbench_grp/books_encyclopedias01_0003/GEO) but MaterialBindingAPI is not applied on the prim
Warning: in BindingsAtPrim at line 671 of D:\__projects\_programming\vcpkg\buildtrees\usd\src\v25.11-c5a1a786cc.clean\pxr\usd\usdShade\materialBindingAPI.cpp -- Found material bindings on prim at path (/root/thelab01/workbench_grp/books_encyclopedias01_0003/GEO) but MaterialBindingAPI is not applied on the prim
Warning: in BindingsAtPrim at line 671 of D:\__projects\_programming\vcpkg\buildtrees\usd\src\v25.11-c5a1a786cc.clean\pxr\usd\usdShade\materialBindingAPI.cpp -- Found material bindings on prim at path (/root/thelab01/workbench_grp/books_encyclopedias01_0003/GEO) but MaterialBindingAPI is not applied on the prim
Warning: in BindingsAtPrim at line 671 of D:\__projects\_programming\vcpkg\buildtrees\usd\src\v25.11-c5a1a786cc.clean\pxr\usd\usdShade\materialBindingAPI.cpp -- Found material bindings on prim at path (/root/thelab01/workbench_grp/books_encyclopedias01_0003/GEO) but MaterialBindingAPI is not applied on the prim
Warning: in BindingsAtPrim at line 671 of D:\__projects\_programming\vcpkg\buildtrees\usd\src\v25.11-c5a1a786cc.clean\pxr\usd\usdShade\materialBindingAPI.cpp -- Found material bindings on prim at path (/root/thelab01/workbench_grp/books_encyclopedias01_0003/GEO) but MaterialBindingAPI is not applied on the prim
Warning: in BindingsAtPrim at line 671 of D:\__projects\_programming\vcpkg\buildtrees\usd\src\v25.11-c5a1a786cc.clean\pxr\usd\usdShade\materialBindingAPI.cpp -- Found material bindings on prim at path (/root/thelab01/workbench_grp/books_encyclopedias01_0003/GEO) but MaterialBindingAPI is not applied on the prim
Warning: in BindingsAtPrim at line 671 of D:\__projects\_programming\vcpkg\buildtrees\usd\src\v25.11-c5a1a786cc.clean\pxr\usd\usdShade\materialBindingAPI.cpp -- Found material bindings on prim at path (/root/thelab01/workbench_grp/books_encyclopedias01_0003/GEO) but MaterialBindingAPI is not applied on the prim
Warning: in BindingsAtPrim at line 671 of D:\__projects\_programming\vcpkg\buildtrees\usd\src\v25.11-c5a1a786cc.clean\pxr\usd\usdShade\materialBindingAPI.cpp -- Found material bindings on prim at path (/root/thelab01/workbench_grp/books_encyclopedias01_0003/GEO) but MaterialBindingAPI is not applied on the prim
Warning: in BindingsAtPrim at line 671 of D:\__projects\_programming\vcpkg\buildtrees\usd\src\v25.11-c5a1a786cc.clean\pxr\usd\usdShade\materialBindingAPI.cpp -- Found material bindings on prim at path (/root/thelab01/workbench_grp/books_encyclopedias01_0003/GEO) but MaterialBindingAPI is not applied on the prim
Warning: in BindingsAtPrim at line 671 of D:\__projects\_programming\vcpkg\buildtrees\usd\src\v25.11-c5a1a786cc.clean\pxr\usd\usdShade\materialBindingAPI.cpp -- Found material bindings on prim at path (/root/thelab01/workbench_grp/books_encyclopedias01_0003/GEO) but MaterialBindingAPI is not applied on the prim
Warning: in BindingsAtPrim at line 671 of D:\__projects\_programming\vcpkg\buildtrees\usd\src\v25.11-c5a1a786cc.clean\pxr\usd\usdShade\materialBindingAPI.cpp -- Found material bindings on prim at path (/root/thelab01/workbench_grp/books_encyclopedias01_0003/GEO) but MaterialBindingAPI is not applied on the prim
Warning: in BindingsAtPrim at line 671 of D:\__projects\_programming\vcpkg\buildtrees\usd\src\v25.11-c5a1a786cc.clean\pxr\usd\usdShade\materialBindingAPI.cpp -- Found material bindings on prim at path (/root/thelab01/workbench_grp/books_encyclopedias01_0003/GEO) but MaterialBindingAPI is not applied on the prim
Warning: in BindingsAtPrim at line 671 of D:\__projects\_programming\vcpkg\buildtrees\usd\src\v25.11-c5a1a786cc.clean\pxr\usd\usdShade\materialBindingAPI.cpp -- Found material bindings on prim at path (/root/thelab01/workbench_grp/books_encyclopedias01_0003/GEO) but MaterialBindingAPI is not applied on the prim
Warning: in BindingsAtPrim at line 671 of D:\__projects\_programming\vcpkg\buildtrees\usd\src\v25.11-c5a1a786cc.clean\pxr\usd\usdShade\materialBindingAPI.cpp -- Found material bindings on prim at path (/root/thelab01/workbench_grp/books_encyclopedias01_0003/GEO) but MaterialBindingAPI is not applied on the prim
Warning: in BindingsAtPrim at line 671 of D:\__projects\_programming\vcpkg\buildtrees\usd\src\v25.11-c5a1a786cc.clean\pxr\usd\usdShade\materialBindingAPI.cpp -- Found material bindings on prim at path (/root/thelab01/workbench_grp/books_encyclopedias01_0003/GEO) but MaterialBindingAPI is not applied on the prim
Warning: in BindingsAtPrim at line 671 of D:\__projects\_programming\vcpkg\buildtrees\usd\src\v25.11-c5a1a786cc.clean\pxr\usd\usdShade\materialBindingAPI.cpp -- Found material bindings on prim at path (/root/thelab01/workbench_grp/books_encyclopedias01_0003/GEO) but MaterialBindingAPI is not applied on the prim
Warning: in BindingsAtPrim at line 671 of D:\__projects\_programming\vcpkg\buildtrees\usd\src\v25.11-c5a1a786cc.clean\pxr\usd\usdShade\materialBindingAPI.cpp -- Found material bindings on prim at path (/root/thelab01/workbench_grp/books_encyclopedias01_0003/GEO) but MaterialBindingAPI is not applied on the prim
Warning: in BindingsAtPrim at line 671 of D:\__projects\_programming\vcpkg\buildtrees\usd\src\v25.11-c5a1a786cc.clean\pxr\usd\usdShade\materialBindingAPI.cpp -- Found material bindings on prim at path (/root/thelab01/workbench_grp/books_encyclopedias01_0004/GEO) but MaterialBindingAPI is not applied on the prim
Warning: in BindingsAtPrim at line 671 of D:\__projects\_programming\vcpkg\buildtrees\usd\src\v25.11-c5a1a786cc.clean\pxr\usd\usdShade\materialBindingAPI.cpp -- Found material bindings on prim at path (/root/thelab01/workbench_grp/books_encyclopedias01_0004/GEO) but MaterialBindingAPI is not applied on the prim
Warning: in BindingsAtPrim at line 671 of D:\__projects\_programming\vcpkg\buildtrees\usd\src\v25.11-c5a1a786cc.clean\pxr\usd\usdShade\materialBindingAPI.cpp -- Found material bindings on prim at path (/root/thelab01/workbench_grp/books_encyclopedias01_0004/GEO) but MaterialBindingAPI is not applied on the prim
Warning: in BindingsAtPrim at line 671 of D:\__projects\_programming\vcpkg\buildtrees\usd\src\v25.11-c5a1a786cc.clean\pxr\usd\usdShade\materialBindingAPI.cpp -- Found material bindings on prim at path (/root/thelab01/workbench_grp/books_encyclopedias01_0004/GEO) but MaterialBindingAPI is not applied on the prim
Warning: in BindingsAtPrim at line 671 of D:\__projects\_programming\vcpkg\buildtrees\usd\src\v25.11-c5a1a786cc.clean\pxr\usd\usdShade\materialBindingAPI.cpp -- Found material bindings on prim at path (/root/thelab01/workbench_grp/books_encyclopedias01_0004/GEO) but MaterialBindingAPI is not applied on the prim
Warning: in BindingsAtPrim at line 671 of D:\__projects\_programming\vcpkg\buildtrees\usd\src\v25.11-c5a1a786cc.clean\pxr\usd\usdShade\materialBindingAPI.cpp -- Found material bindings on prim at path (/root/thelab01/workbench_grp/books_encyclopedias01_0004/GEO) but MaterialBindingAPI is not applied on the prim
Warning: in BindingsAtPrim at line 671 of D:\__projects\_programming\vcpkg\buildtrees\usd\src\v25.11-c5a1a786cc.clean\pxr\usd\usdShade\materialBindingAPI.cpp -- Found material bindings on prim at path (/root/thelab01/workbench_grp/books_encyclopedias01_0004/GEO) but MaterialBindingAPI is not applied on the prim
Warning: in BindingsAtPrim at line 671 of D:\__projects\_programming\vcpkg\buildtrees\usd\src\v25.11-c5a1a786cc.clean\pxr\usd\usdShade\materialBindingAPI.cpp -- Found material bindings on prim at path (/root/thelab01/workbench_grp/books_encyclopedias01_0004/GEO) but MaterialBindingAPI is not applied on the prim
Warning: in BindingsAtPrim at line 671 of D:\__projects\_programming\vcpkg\buildtrees\usd\src\v25.11-c5a1a786cc.clean\pxr\usd\usdShade\materialBindingAPI.cpp -- Found material bindings on prim at path (/root/thelab01/workbench_grp/books_encyclopedias01_0004/GEO) but MaterialBindingAPI is not applied on the prim
Warning: in BindingsAtPrim at line 671 of D:\__projects\_programming\vcpkg\buildtrees\usd\src\v25.11-c5a1a786cc.clean\pxr\usd\usdShade\materialBindingAPI.cpp -- Found material bindings on prim at path (/root/thelab01/workbench_grp/books_encyclopedias01_0004/GEO) but MaterialBindingAPI is not applied on the prim
Warning: in BindingsAtPrim at line 671 of D:\__projects\_programming\vcpkg\buildtrees\usd\src\v25.11-c5a1a786cc.clean\pxr\usd\usdShade\materialBindingAPI.cpp -- Found material bindings on prim at path (/root/thelab01/workbench_grp/books_encyclopedias01_0004/GEO) but MaterialBindingAPI is not applied on the prim
Warning: in BindingsAtPrim at line 671 of D:\__projects\_programming\vcpkg\buildtrees\usd\src\v25.11-c5a1a786cc.clean\pxr\usd\usdShade\materialBindingAPI.cpp -- Found material bindings on prim at path (/root/thelab01/workbench_grp/books_encyclopedias01_0004/GEO) but MaterialBindingAPI is not applied on the prim
Warning: in BindingsAtPrim at line 671 of D:\__projects\_programming\vcpkg\buildtrees\usd\src\v25.11-c5a1a786cc.clean\pxr\usd\usdShade\materialBindingAPI.cpp -- Found material bindings on prim at path (/root/thelab01/workbench_grp/books_encyclopedias01_0004/GEO) but MaterialBindingAPI is not applied on the prim
Warning: in BindingsAtPrim at line 671 of D:\__projects\_programming\vcpkg\buildtrees\usd\src\v25.11-c5a1a786cc.clean\pxr\usd\usdShade\materialBindingAPI.cpp -- Found material bindings on prim at path (/root/thelab01/workbench_grp/books_encyclopedias01_0004/GEO) but MaterialBindingAPI is not applied on the prim
Warning: in BindingsAtPrim at line 671 of D:\__projects\_programming\vcpkg\buildtrees\usd\src\v25.11-c5a1a786cc.clean\pxr\usd\usdShade\materialBindingAPI.cpp -- Found material bindings on prim at path (/root/thelab01/workbench_grp/books_encyclopedias01_0004/GEO) but MaterialBindingAPI is not applied on the prim
Warning: in BindingsAtPrim at line 671 of D:\__projects\_programming\vcpkg\buildtrees\usd\src\v25.11-c5a1a786cc.clean\pxr\usd\usdShade\materialBindingAPI.cpp -- Found material bindings on prim at path (/root/thelab01/workbench_grp/books_encyclopedias01_0004/GEO) but MaterialBindingAPI is not applied on the prim
Warning: in BindingsAtPrim at line 671 of D:\__projects\_programming\vcpkg\buildtrees\usd\src\v25.11-c5a1a786cc.clean\pxr\usd\usdShade\materialBindingAPI.cpp -- Found material bindings on prim at path (/root/thelab01/workbench_grp/books_encyclopedias01_0004/GEO) but MaterialBindingAPI is not applied on the prim
Warning: in BindingsAtPrim at line 671 of D:\__projects\_programming\vcpkg\buildtrees\usd\src\v25.11-c5a1a786cc.clean\pxr\usd\usdShade\materialBindingAPI.cpp -- Found material bindings on prim at path (/root/thelab01/workbench_grp/books_encyclopedias01_0004/GEO) but MaterialBindingAPI is not applied on the prim
Warning: in BindingsAtPrim at line 671 of D:\__projects\_programming\vcpkg\buildtrees\usd\src\v25.11-c5a1a786cc.clean\pxr\usd\usdShade\materialBindingAPI.cpp -- Found material bindings on prim at path (/root/thelab01/workbench_grp/chemistry_bottle03_0002/GEO) but MaterialBindingAPI is not applied on the prim
Warning: in BindingsAtPrim at line 671 of D:\__projects\_programming\vcpkg\buildtrees\usd\src\v25.11-c5a1a786cc.clean\pxr\usd\usdShade\materialBindingAPI.cpp -- Found material bindings on prim at path (/root/thelab01/workbench_grp/chemistry_bottle03_0003/GEO) but MaterialBindingAPI is not applied on the prim
Warning: in BindingsAtPrim at line 671 of D:\__projects\_programming\vcpkg\buildtrees\usd\src\v25.11-c5a1a786cc.clean\pxr\usd\usdShade\materialBindingAPI.cpp -- Found material bindings on prim at path (/root/thelab01/workbench_grp/chemistry_bottle02_0002/GEO) but MaterialBindingAPI is not applied on the prim
Warning: in BindingsAtPrim at line 671 of D:\__projects\_programming\vcpkg\buildtrees\usd\src\v25.11-c5a1a786cc.clean\pxr\usd\usdShade\materialBindingAPI.cpp -- Found material bindings on prim at path (/root/thelab01/workbench_grp/chemistry_bottle02_0003/GEO) but MaterialBindingAPI is not applied on the prim
Warning: in BindingsAtPrim at line 671 of D:\__projects\_programming\vcpkg\buildtrees\usd\src\v25.11-c5a1a786cc.clean\pxr\usd\usdShade\materialBindingAPI.cpp -- Found material bindings on prim at path (/root/thelab01/workbench_grp/chemistry_bottle01_0002/GEO) but MaterialBindingAPI is not applied on the prim
Warning: in BindingsAtPrim at line 671 of D:\__projects\_programming\vcpkg\buildtrees\usd\src\v25.11-c5a1a786cc.clean\pxr\usd\usdShade\materialBindingAPI.cpp -- Found material bindings on prim at path (/root/thelab01/workbench_grp/chemistry_bottle01_0004/GEO) but MaterialBindingAPI is not applied on the prim
Warning: in BindingsAtPrim at line 671 of D:\__projects\_programming\vcpkg\buildtrees\usd\src\v25.11-c5a1a786cc.clean\pxr\usd\usdShade\materialBindingAPI.cpp -- Found material bindings on prim at path (/root/thelab01/workbench_grp/chemistry_beaker_stand01_0003/GEO) but MaterialBindingAPI is not applied on the prim
Warning: in BindingsAtPrim at line 671 of D:\__projects\_programming\vcpkg\buildtrees\usd\src\v25.11-c5a1a786cc.clean\pxr\usd\usdShade\materialBindingAPI.cpp -- Found material bindings on prim at path (/root/thelab01/workbench_grp/chemistry_beaker_stand01_0003/GEO) but MaterialBindingAPI is not applied on the prim
Warning: in BindingsAtPrim at line 671 of D:\__projects\_programming\vcpkg\buildtrees\usd\src\v25.11-c5a1a786cc.clean\pxr\usd\usdShade\materialBindingAPI.cpp -- Found material bindings on prim at path (/root/thelab01/workbench_grp/chemistry_beaker_stand01_0003/GEO) but MaterialBindingAPI is not applied on the prim
Warning: in BindingsAtPrim at line 671 of D:\__projects\_programming\vcpkg\buildtrees\usd\src\v25.11-c5a1a786cc.clean\pxr\usd\usdShade\materialBindingAPI.cpp -- Found material bindings on prim at path (/root/thelab01/workbench_grp/chemistry_beaker_stand01_0003/GEO) but MaterialBindingAPI is not applied on the prim
Warning: in BindingsAtPrim at line 671 of D:\__projects\_programming\vcpkg\buildtrees\usd\src\v25.11-c5a1a786cc.clean\pxr\usd\usdShade\materialBindingAPI.cpp -- Found material bindings on prim at path (/root/thelab01/workbench_grp/chemistry_beaker02_0004/GEO) but MaterialBindingAPI is not applied on the prim
Warning: in BindingsAtPrim at line 671 of D:\__projects\_programming\vcpkg\buildtrees\usd\src\v25.11-c5a1a786cc.clean\pxr\usd\usdShade\materialBindingAPI.cpp -- Found material bindings on prim at path (/root/thelab01/workbench_grp/toy_box03_0002/GEO) but MaterialBindingAPI is not applied on the prim
Warning: in BindingsAtPrim at line 671 of D:\__projects\_programming\vcpkg\buildtrees\usd\src\v25.11-c5a1a786cc.clean\pxr\usd\usdShade\materialBindingAPI.cpp -- Found material bindings on prim at path (/root/thelab01/workbench_grp/toy_box03_0002/GEO) but MaterialBindingAPI is not applied on the prim
Warning: in BindingsAtPrim at line 671 of D:\__projects\_programming\vcpkg\buildtrees\usd\src\v25.11-c5a1a786cc.clean\pxr\usd\usdShade\materialBindingAPI.cpp -- Found material bindings on prim at path (/root/thelab01/workbench_grp/toy_box03_0002/GEO) but MaterialBindingAPI is not applied on the prim
Warning: in BindingsAtPrim at line 671 of D:\__projects\_programming\vcpkg\buildtrees\usd\src\v25.11-c5a1a786cc.clean\pxr\usd\usdShade\materialBindingAPI.cpp -- Found material bindings on prim at path (/root/thelab01/workbench_grp/books_encyclopedias01_0005/GEO) but MaterialBindingAPI is not applied on the prim
Warning: in BindingsAtPrim at line 671 of D:\__projects\_programming\vcpkg\buildtrees\usd\src\v25.11-c5a1a786cc.clean\pxr\usd\usdShade\materialBindingAPI.cpp -- Found material bindings on prim at path (/root/thelab01/workbench_grp/books_encyclopedias01_0005/GEO) but MaterialBindingAPI is not applied on the prim
Warning: in BindingsAtPrim at line 671 of D:\__projects\_programming\vcpkg\buildtrees\usd\src\v25.11-c5a1a786cc.clean\pxr\usd\usdShade\materialBindingAPI.cpp -- Found material bindings on prim at path (/root/thelab01/workbench_grp/books_encyclopedias01_0005/GEO) but MaterialBindingAPI is not applied on the prim
Warning: in BindingsAtPrim at line 671 of D:\__projects\_programming\vcpkg\buildtrees\usd\src\v25.11-c5a1a786cc.clean\pxr\usd\usdShade\materialBindingAPI.cpp -- Found material bindings on prim at path (/root/thelab01/workbench_grp/books_encyclopedias01_0005/GEO) but MaterialBindingAPI is not applied on the prim
Warning: in BindingsAtPrim at line 671 of D:\__projects\_programming\vcpkg\buildtrees\usd\src\v25.11-c5a1a786cc.clean\pxr\usd\usdShade\materialBindingAPI.cpp -- Found material bindings on prim at path (/root/thelab01/workbench_grp/books_encyclopedias01_0005/GEO) but MaterialBindingAPI is not applied on the prim
Warning: in BindingsAtPrim at line 671 of D:\__projects\_programming\vcpkg\buildtrees\usd\src\v25.11-c5a1a786cc.clean\pxr\usd\usdShade\materialBindingAPI.cpp -- Found material bindings on prim at path (/root/thelab01/workbench_grp/books_encyclopedias01_0005/GEO) but MaterialBindingAPI is not applied on the prim
Warning: in BindingsAtPrim at line 671 of D:\__projects\_programming\vcpkg\buildtrees\usd\src\v25.11-c5a1a786cc.clean\pxr\usd\usdShade\materialBindingAPI.cpp -- Found material bindings on prim at path (/root/thelab01/workbench_grp/books_encyclopedias01_0005/GEO) but MaterialBindingAPI is not applied on the prim
Warning: in BindingsAtPrim at line 671 of D:\__projects\_programming\vcpkg\buildtrees\usd\src\v25.11-c5a1a786cc.clean\pxr\usd\usdShade\materialBindingAPI.cpp -- Found material bindings on prim at path (/root/thelab01/workbench_grp/books_encyclopedias01_0005/GEO) but MaterialBindingAPI is not applied on the prim
Warning: in BindingsAtPrim at line 671 of D:\__projects\_programming\vcpkg\buildtrees\usd\src\v25.11-c5a1a786cc.clean\pxr\usd\usdShade\materialBindingAPI.cpp -- Found material bindings on prim at path (/root/thelab01/workbench_grp/books_encyclopedias01_0005/GEO) but MaterialBindingAPI is not applied on the prim
Warning: in BindingsAtPrim at line 671 of D:\__projects\_programming\vcpkg\buildtrees\usd\src\v25.11-c5a1a786cc.clean\pxr\usd\usdShade\materialBindingAPI.cpp -- Found material bindings on prim at path (/root/thelab01/workbench_grp/books_encyclopedias01_0005/GEO) but MaterialBindingAPI is not applied on the prim
Warning: in BindingsAtPrim at line 671 of D:\__projects\_programming\vcpkg\buildtrees\usd\src\v25.11-c5a1a786cc.clean\pxr\usd\usdShade\materialBindingAPI.cpp -- Found material bindings on prim at path (/root/thelab01/workbench_grp/books_encyclopedias01_0005/GEO) but MaterialBindingAPI is not applied on the prim
Warning: in BindingsAtPrim at line 671 of D:\__projects\_programming\vcpkg\buildtrees\usd\src\v25.11-c5a1a786cc.clean\pxr\usd\usdShade\materialBindingAPI.cpp -- Found material bindings on prim at path (/root/thelab01/workbench_grp/books_encyclopedias01_0005/GEO) but MaterialBindingAPI is not applied on the prim
Warning: in BindingsAtPrim at line 671 of D:\__projects\_programming\vcpkg\buildtrees\usd\src\v25.11-c5a1a786cc.clean\pxr\usd\usdShade\materialBindingAPI.cpp -- Found material bindings on prim at path (/root/thelab01/workbench_grp/books_encyclopedias01_0005/GEO) but MaterialBindingAPI is not applied on the prim
Warning: in BindingsAtPrim at line 671 of D:\__projects\_programming\vcpkg\buildtrees\usd\src\v25.11-c5a1a786cc.clean\pxr\usd\usdShade\materialBindingAPI.cpp -- Found material bindings on prim at path (/root/thelab01/workbench_grp/books_encyclopedias01_0005/GEO) but MaterialBindingAPI is not applied on the prim
Warning: in BindingsAtPrim at line 671 of D:\__projects\_programming\vcpkg\buildtrees\usd\src\v25.11-c5a1a786cc.clean\pxr\usd\usdShade\materialBindingAPI.cpp -- Found material bindings on prim at path (/root/thelab01/workbench_grp/books_encyclopedias01_0005/GEO) but MaterialBindingAPI is not applied on the prim
Warning: in BindingsAtPrim at line 671 of D:\__projects\_programming\vcpkg\buildtrees\usd\src\v25.11-c5a1a786cc.clean\pxr\usd\usdShade\materialBindingAPI.cpp -- Found material bindings on prim at path (/root/thelab01/workbench_grp/books_encyclopedias01_0005/GEO) but MaterialBindingAPI is not applied on the prim
Warning: in BindingsAtPrim at line 671 of D:\__projects\_programming\vcpkg\buildtrees\usd\src\v25.11-c5a1a786cc.clean\pxr\usd\usdShade\materialBindingAPI.cpp -- Found material bindings on prim at path (/root/thelab01/workbench_grp/books_encyclopedias01_0005/GEO) but MaterialBindingAPI is not applied on the prim
Warning: in BindingsAtPrim at line 671 of D:\__projects\_programming\vcpkg\buildtrees\usd\src\v25.11-c5a1a786cc.clean\pxr\usd\usdShade\materialBindingAPI.cpp -- Found material bindings on prim at path (/root/thelab01/workbench_grp/books_encyclopedias01_0005/GEO) but MaterialBindingAPI is not applied on the prim
Warning: in BindingsAtPrim at line 671 of D:\__projects\_programming\vcpkg\buildtrees\usd\src\v25.11-c5a1a786cc.clean\pxr\usd\usdShade\materialBindingAPI.cpp -- Found material bindings on prim at path (/root/thelab01/workbench_grp/books_encyclopedias01_0007/GEO) but MaterialBindingAPI is not applied on the prim
Warning: in BindingsAtPrim at line 671 of D:\__projects\_programming\vcpkg\buildtrees\usd\src\v25.11-c5a1a786cc.clean\pxr\usd\usdShade\materialBindingAPI.cpp -- Found material bindings on prim at path (/root/thelab01/workbench_grp/books_encyclopedias01_0007/GEO) but MaterialBindingAPI is not applied on the prim
Warning: in BindingsAtPrim at line 671 of D:\__projects\_programming\vcpkg\buildtrees\usd\src\v25.11-c5a1a786cc.clean\pxr\usd\usdShade\materialBindingAPI.cpp -- Found material bindings on prim at path (/root/thelab01/workbench_grp/books_encyclopedias01_0007/GEO) but MaterialBindingAPI is not applied on the prim
Warning: in BindingsAtPrim at line 671 of D:\__projects\_programming\vcpkg\buildtrees\usd\src\v25.11-c5a1a786cc.clean\pxr\usd\usdShade\materialBindingAPI.cpp -- Found material bindings on prim at path (/root/thelab01/workbench_grp/books_encyclopedias01_0007/GEO) but MaterialBindingAPI is not applied on the prim
Warning: in BindingsAtPrim at line 671 of D:\__projects\_programming\vcpkg\buildtrees\usd\src\v25.11-c5a1a786cc.clean\pxr\usd\usdShade\materialBindingAPI.cpp -- Found material bindings on prim at path (/root/thelab01/workbench_grp/books_encyclopedias01_0007/GEO) but MaterialBindingAPI is not applied on the prim
Warning: in BindingsAtPrim at line 671 of D:\__projects\_programming\vcpkg\buildtrees\usd\src\v25.11-c5a1a786cc.clean\pxr\usd\usdShade\materialBindingAPI.cpp -- Found material bindings on prim at path (/root/thelab01/workbench_grp/books_encyclopedias01_0007/GEO) but MaterialBindingAPI is not applied on the prim
Warning: in BindingsAtPrim at line 671 of D:\__projects\_programming\vcpkg\buildtrees\usd\src\v25.11-c5a1a786cc.clean\pxr\usd\usdShade\materialBindingAPI.cpp -- Found material bindings on prim at path (/root/thelab01/workbench_grp/books_encyclopedias01_0007/GEO) but MaterialBindingAPI is not applied on the prim
Warning: in BindingsAtPrim at line 671 of D:\__projects\_programming\vcpkg\buildtrees\usd\src\v25.11-c5a1a786cc.clean\pxr\usd\usdShade\materialBindingAPI.cpp -- Found material bindings on prim at path (/root/thelab01/workbench_grp/books_encyclopedias01_0007/GEO) but MaterialBindingAPI is not applied on the prim
Warning: in BindingsAtPrim at line 671 of D:\__projects\_programming\vcpkg\buildtrees\usd\src\v25.11-c5a1a786cc.clean\pxr\usd\usdShade\materialBindingAPI.cpp -- Found material bindings on prim at path (/root/thelab01/workbench_grp/books_encyclopedias01_0007/GEO) but MaterialBindingAPI is not applied on the prim
Warning: in BindingsAtPrim at line 671 of D:\__projects\_programming\vcpkg\buildtrees\usd\src\v25.11-c5a1a786cc.clean\pxr\usd\usdShade\materialBindingAPI.cpp -- Found material bindings on prim at path (/root/thelab01/workbench_grp/books_encyclopedias01_0007/GEO) but MaterialBindingAPI is not applied on the prim
Warning: in BindingsAtPrim at line 671 of D:\__projects\_programming\vcpkg\buildtrees\usd\src\v25.11-c5a1a786cc.clean\pxr\usd\usdShade\materialBindingAPI.cpp -- Found material bindings on prim at path (/root/thelab01/workbench_grp/books_encyclopedias01_0007/GEO) but MaterialBindingAPI is not applied on the prim
Warning: in BindingsAtPrim at line 671 of D:\__projects\_programming\vcpkg\buildtrees\usd\src\v25.11-c5a1a786cc.clean\pxr\usd\usdShade\materialBindingAPI.cpp -- Found material bindings on prim at path (/root/thelab01/workbench_grp/books_encyclopedias01_0007/GEO) but MaterialBindingAPI is not applied on the prim
Warning: in BindingsAtPrim at line 671 of D:\__projects\_programming\vcpkg\buildtrees\usd\src\v25.11-c5a1a786cc.clean\pxr\usd\usdShade\materialBindingAPI.cpp -- Found material bindings on prim at path (/root/thelab01/workbench_grp/books_encyclopedias01_0007/GEO) but MaterialBindingAPI is not applied on the prim
Warning: in BindingsAtPrim at line 671 of D:\__projects\_programming\vcpkg\buildtrees\usd\src\v25.11-c5a1a786cc.clean\pxr\usd\usdShade\materialBindingAPI.cpp -- Found material bindings on prim at path (/root/thelab01/workbench_grp/books_encyclopedias01_0007/GEO) but MaterialBindingAPI is not applied on the prim
Warning: in BindingsAtPrim at line 671 of D:\__projects\_programming\vcpkg\buildtrees\usd\src\v25.11-c5a1a786cc.clean\pxr\usd\usdShade\materialBindingAPI.cpp -- Found material bindings on prim at path (/root/thelab01/workbench_grp/books_encyclopedias01_0007/GEO) but MaterialBindingAPI is not applied on the prim
Warning: in BindingsAtPrim at line 671 of D:\__projects\_programming\vcpkg\buildtrees\usd\src\v25.11-c5a1a786cc.clean\pxr\usd\usdShade\materialBindingAPI.cpp -- Found material bindings on prim at path (/root/thelab01/workbench_grp/books_encyclopedias01_0007/GEO) but MaterialBindingAPI is not applied on the prim
Warning: in BindingsAtPrim at line 671 of D:\__projects\_programming\vcpkg\buildtrees\usd\src\v25.11-c5a1a786cc.clean\pxr\usd\usdShade\materialBindingAPI.cpp -- Found material bindings on prim at path (/root/thelab01/workbench_grp/books_encyclopedias01_0007/GEO) but MaterialBindingAPI is not applied on the prim
Warning: in BindingsAtPrim at line 671 of D:\__projects\_programming\vcpkg\buildtrees\usd\src\v25.11-c5a1a786cc.clean\pxr\usd\usdShade\materialBindingAPI.cpp -- Found material bindings on prim at path (/root/thelab01/workbench_grp/books_encyclopedias01_0007/GEO) but MaterialBindingAPI is not applied on the prim
Warning: in BindingsAtPrim at line 671 of D:\__projects\_programming\vcpkg\buildtrees\usd\src\v25.11-c5a1a786cc.clean\pxr\usd\usdShade\materialBindingAPI.cpp -- Found material bindings on prim at path (/root/thelab01/workbench_grp/electronics_wire_spool01_0006/GEO) but MaterialBindingAPI is not applied on the prim
Warning: in BindingsAtPrim at line 671 of D:\__projects\_programming\vcpkg\buildtrees\usd\src\v25.11-c5a1a786cc.clean\pxr\usd\usdShade\materialBindingAPI.cpp -- Found material bindings on prim at path (/root/thelab01/workbench_grp/electronics_wire_spool01_0006/GEO) but MaterialBindingAPI is not applied on the prim
Warning: in BindingsAtPrim at line 671 of D:\__projects\_programming\vcpkg\buildtrees\usd\src\v25.11-c5a1a786cc.clean\pxr\usd\usdShade\materialBindingAPI.cpp -- Found material bindings on prim at path (/root/thelab01/workbench_grp/electronics_wire_spool01_0006/GEO) but MaterialBindingAPI is not applied on the prim
Warning: in BindingsAtPrim at line 671 of D:\__projects\_programming\vcpkg\buildtrees\usd\src\v25.11-c5a1a786cc.clean\pxr\usd\usdShade\materialBindingAPI.cpp -- Found material bindings on prim at path (/root/thelab01/workbench_grp/stationary_paper02_0002/GEO) but MaterialBindingAPI is not applied on the prim
Warning: in BindingsAtPrim at line 671 of D:\__projects\_programming\vcpkg\buildtrees\usd\src\v25.11-c5a1a786cc.clean\pxr\usd\usdShade\materialBindingAPI.cpp -- Found material bindings on prim at path (/root/thelab01/workbench_grp/chemistry_magnetic_stirrer01_0001/GEO) but MaterialBindingAPI is not applied on the prim
Warning: in BindingsAtPrim at line 671 of D:\__projects\_programming\vcpkg\buildtrees\usd\src\v25.11-c5a1a786cc.clean\pxr\usd\usdShade\materialBindingAPI.cpp -- Found material bindings on prim at path (/root/thelab01/workbench_grp/chemistry_magnetic_stirrer01_0001/GEO) but MaterialBindingAPI is not applied on the prim
Warning: in BindingsAtPrim at line 671 of D:\__projects\_programming\vcpkg\buildtrees\usd\src\v25.11-c5a1a786cc.clean\pxr\usd\usdShade\materialBindingAPI.cpp -- Found material bindings on prim at path (/root/thelab01/workbench_grp/chemistry_magnetic_stirrer01_0001/GEO) but MaterialBindingAPI is not applied on the prim
Warning: in BindingsAtPrim at line 671 of D:\__projects\_programming\vcpkg\buildtrees\usd\src\v25.11-c5a1a786cc.clean\pxr\usd\usdShade\materialBindingAPI.cpp -- Found material bindings on prim at path (/root/thelab01/workbench_grp/chemistry_magnetic_stirrer01_0001/GEO) but MaterialBindingAPI is not applied on the prim
Warning: in BindingsAtPrim at line 671 of D:\__projects\_programming\vcpkg\buildtrees\usd\src\v25.11-c5a1a786cc.clean\pxr\usd\usdShade\materialBindingAPI.cpp -- Found material bindings on prim at path (/root/thelab01/workbench_grp/chemistry_magnetic_stirrer01_0001/GEO) but MaterialBindingAPI is not applied on the prim
Warning: in BindingsAtPrim at line 671 of D:\__projects\_programming\vcpkg\buildtrees\usd\src\v25.11-c5a1a786cc.clean\pxr\usd\usdShade\materialBindingAPI.cpp -- Found material bindings on prim at path (/root/thelab01/workbench_grp/chemistry_magnetic_stirrer01_0001/GEO) but MaterialBindingAPI is not applied on the prim
Warning: in BindingsAtPrim at line 671 of D:\__projects\_programming\vcpkg\buildtrees\usd\src\v25.11-c5a1a786cc.clean\pxr\usd\usdShade\materialBindingAPI.cpp -- Found material bindings on prim at path (/root/thelab01/workbench_grp/chemistry_magnetic_stirrer01_0001/GEO) but MaterialBindingAPI is not applied on the prim
Warning: in BindingsAtPrim at line 671 of D:\__projects\_programming\vcpkg\buildtrees\usd\src\v25.11-c5a1a786cc.clean\pxr\usd\usdShade\materialBindingAPI.cpp -- Found material bindings on prim at path (/root/thelab01/workbench_grp/chemistry_magnetic_stirrer01_0001/GEO) but MaterialBindingAPI is not applied on the prim
Warning: in BindingsAtPrim at line 671 of D:\__projects\_programming\vcpkg\buildtrees\usd\src\v25.11-c5a1a786cc.clean\pxr\usd\usdShade\materialBindingAPI.cpp -- Found material bindings on prim at path (/root/thelab01/workbench_grp/chemistry_magnetic_stirrer01_0001/GEO) but MaterialBindingAPI is not applied on the prim
Warning: in BindingsAtPrim at line 671 of D:\__projects\_programming\vcpkg\buildtrees\usd\src\v25.11-c5a1a786cc.clean\pxr\usd\usdShade\materialBindingAPI.cpp -- Found material bindings on prim at path (/root/thelab01/workbench_grp/chemistry_magnetic_stirrer01_0001/GEO) but MaterialBindingAPI is not applied on the prim
Warning: in BindingsAtPrim at line 671 of D:\__projects\_programming\vcpkg\buildtrees\usd\src\v25.11-c5a1a786cc.clean\pxr\usd\usdShade\materialBindingAPI.cpp -- Found material bindings on prim at path (/root/thelab01/workbench_grp/chemistry_magnetic_stirrer01_0001/GEO) but MaterialBindingAPI is not applied on the prim
Warning: in BindingsAtPrim at line 671 of D:\__projects\_programming\vcpkg\buildtrees\usd\src\v25.11-c5a1a786cc.clean\pxr\usd\usdShade\materialBindingAPI.cpp -- Found material bindings on prim at path (/root/thelab01/workbench_grp/chemistry_magnetic_stirrer01_0001/GEO) but MaterialBindingAPI is not applied on the prim
Warning: in BindingsAtPrim at line 671 of D:\__projects\_programming\vcpkg\buildtrees\usd\src\v25.11-c5a1a786cc.clean\pxr\usd\usdShade\materialBindingAPI.cpp -- Found material bindings on prim at path (/root/thelab01/workbench_grp/chemistry_magnetic_stirrer01_0001/GEO) but MaterialBindingAPI is not applied on the prim
Warning: in BindingsAtPrim at line 671 of D:\__projects\_programming\vcpkg\buildtrees\usd\src\v25.11-c5a1a786cc.clean\pxr\usd\usdShade\materialBindingAPI.cpp -- Found material bindings on prim at path (/root/thelab01/workbench_grp/chemistry_magnetic_stirrer01_0001/GEO) but MaterialBindingAPI is not applied on the prim
Warning: in BindingsAtPrim at line 671 of D:\__projects\_programming\vcpkg\buildtrees\usd\src\v25.11-c5a1a786cc.clean\pxr\usd\usdShade\materialBindingAPI.cpp -- Found material bindings on prim at path (/root/thelab01/workbench_grp/chemistry_magnetic_stirrer01_0001/GEO) but MaterialBindingAPI is not applied on the prim
Warning: in BindingsAtPrim at line 671 of D:\__projects\_programming\vcpkg\buildtrees\usd\src\v25.11-c5a1a786cc.clean\pxr\usd\usdShade\materialBindingAPI.cpp -- Found material bindings on prim at path (/root/thelab01/workbench_grp/chemistry_magnetic_stirrer01_0001/GEO) but MaterialBindingAPI is not applied on the prim
Warning: in BindingsAtPrim at line 671 of D:\__projects\_programming\vcpkg\buildtrees\usd\src\v25.11-c5a1a786cc.clean\pxr\usd\usdShade\materialBindingAPI.cpp -- Found material bindings on prim at path (/root/thelab01/workbench_grp/chemistry_magnetic_stirrer01_0001/GEO) but MaterialBindingAPI is not applied on the prim
Warning: in BindingsAtPrim at line 671 of D:\__projects\_programming\vcpkg\buildtrees\usd\src\v25.11-c5a1a786cc.clean\pxr\usd\usdShade\materialBindingAPI.cpp -- Found material bindings on prim at path (/root/thelab01/workbench_grp/chemistry_magnetic_stirrer01_0001/GEO) but MaterialBindingAPI is not applied on the prim
Warning: in BindingsAtPrim at line 671 of D:\__projects\_programming\vcpkg\buildtrees\usd\src\v25.11-c5a1a786cc.clean\pxr\usd\usdShade\materialBindingAPI.cpp -- Found material bindings on prim at path (/root/thelab01/workbench_grp/chemistry_magnetic_stirrer01_0001/GEO) but MaterialBindingAPI is not applied on the prim
Warning: in BindingsAtPrim at line 671 of D:\__projects\_programming\vcpkg\buildtrees\usd\src\v25.11-c5a1a786cc.clean\pxr\usd\usdShade\materialBindingAPI.cpp -- Found material bindings on prim at path (/root/thelab01/workbench_grp/chemistry_magnetic_stirrer01_0001/GEO) but MaterialBindingAPI is not applied on the prim
Warning: in BindingsAtPrim at line 671 of D:\__projects\_programming\vcpkg\buildtrees\usd\src\v25.11-c5a1a786cc.clean\pxr\usd\usdShade\materialBindingAPI.cpp -- Found material bindings on prim at path (/root/thelab01/workbench_grp/chemistry_test_tube01_0001/GEO) but MaterialBindingAPI is not applied on the prim
Warning: in BindingsAtPrim at line 671 of D:\__projects\_programming\vcpkg\buildtrees\usd\src\v25.11-c5a1a786cc.clean\pxr\usd\usdShade\materialBindingAPI.cpp -- Found material bindings on prim at path (/root/thelab01/workbench_grp/chemistry_test_tube01_0001/GEO) but MaterialBindingAPI is not applied on the prim
Warning: in BindingsAtPrim at line 671 of D:\__projects\_programming\vcpkg\buildtrees\usd\src\v25.11-c5a1a786cc.clean\pxr\usd\usdShade\materialBindingAPI.cpp -- Found material bindings on prim at path (/root/thelab01/workbench_grp/chemistry_test_tube02_0001/GEO) but MaterialBindingAPI is not applied on the prim
Warning: in BindingsAtPrim at line 671 of D:\__projects\_programming\vcpkg\buildtrees\usd\src\v25.11-c5a1a786cc.clean\pxr\usd\usdShade\materialBindingAPI.cpp -- Found material bindings on prim at path (/root/thelab01/workbench_grp/chemistry_test_tube02_0001/GEO) but MaterialBindingAPI is not applied on the prim
Warning: in BindingsAtPrim at line 671 of D:\__projects\_programming\vcpkg\buildtrees\usd\src\v25.11-c5a1a786cc.clean\pxr\usd\usdShade\materialBindingAPI.cpp -- Found material bindings on prim at path (/root/thelab01/workbench_grp/chemistry_test_tube03_0001/GEO) but MaterialBindingAPI is not applied on the prim
Warning: in BindingsAtPrim at line 671 of D:\__projects\_programming\vcpkg\buildtrees\usd\src\v25.11-c5a1a786cc.clean\pxr\usd\usdShade\materialBindingAPI.cpp -- Found material bindings on prim at path (/root/thelab01/workbench_grp/chemistry_test_tube03_0001/GEO) but MaterialBindingAPI is not applied on the prim
Warning: in BindingsAtPrim at line 671 of D:\__projects\_programming\vcpkg\buildtrees\usd\src\v25.11-c5a1a786cc.clean\pxr\usd\usdShade\materialBindingAPI.cpp -- Found material bindings on prim at path (/root/thelab01/workbench_grp/chemistry_test_tube03_0002/GEO) but MaterialBindingAPI is not applied on the prim
Warning: in BindingsAtPrim at line 671 of D:\__projects\_programming\vcpkg\buildtrees\usd\src\v25.11-c5a1a786cc.clean\pxr\usd\usdShade\materialBindingAPI.cpp -- Found material bindings on prim at path (/root/thelab01/workbench_grp/chemistry_test_tube03_0002/GEO) but MaterialBindingAPI is not applied on the prim
Warning: in BindingsAtPrim at line 671 of D:\__projects\_programming\vcpkg\buildtrees\usd\src\v25.11-c5a1a786cc.clean\pxr\usd\usdShade\materialBindingAPI.cpp -- Found material bindings on prim at path (/root/thelab01/workbench_grp/chemistry_test_tube02_0002/GEO) but MaterialBindingAPI is not applied on the prim
Warning: in BindingsAtPrim at line 671 of D:\__projects\_programming\vcpkg\buildtrees\usd\src\v25.11-c5a1a786cc.clean\pxr\usd\usdShade\materialBindingAPI.cpp -- Found material bindings on prim at path (/root/thelab01/workbench_grp/chemistry_test_tube02_0002/GEO) but MaterialBindingAPI is not applied on the prim
Warning: in BindingsAtPrim at line 671 of D:\__projects\_programming\vcpkg\buildtrees\usd\src\v25.11-c5a1a786cc.clean\pxr\usd\usdShade\materialBindingAPI.cpp -- Found material bindings on prim at path (/root/thelab01/workbench_grp/chemistry_test_tube01_0002/GEO) but MaterialBindingAPI is not applied on the prim
Warning: in BindingsAtPrim at line 671 of D:\__projects\_programming\vcpkg\buildtrees\usd\src\v25.11-c5a1a786cc.clean\pxr\usd\usdShade\materialBindingAPI.cpp -- Found material bindings on prim at path (/root/thelab01/workbench_grp/chemistry_test_tube01_0002/GEO) but MaterialBindingAPI is not applied on the prim
Warning: in BindingsAtPrim at line 671 of D:\__projects\_programming\vcpkg\buildtrees\usd\src\v25.11-c5a1a786cc.clean\pxr\usd\usdShade\materialBindingAPI.cpp -- Found material bindings on prim at path (/root/thelab01/workbench_grp/chemistry_test_tube03_0003/GEO) but MaterialBindingAPI is not applied on the prim
Warning: in BindingsAtPrim at line 671 of D:\__projects\_programming\vcpkg\buildtrees\usd\src\v25.11-c5a1a786cc.clean\pxr\usd\usdShade\materialBindingAPI.cpp -- Found material bindings on prim at path (/root/thelab01/workbench_grp/chemistry_test_tube03_0003/GEO) but MaterialBindingAPI is not applied on the prim
Warning: in BindingsAtPrim at line 671 of D:\__projects\_programming\vcpkg\buildtrees\usd\src\v25.11-c5a1a786cc.clean\pxr\usd\usdShade\materialBindingAPI.cpp -- Found material bindings on prim at path (/root/thelab01/workbench_grp/electronics_spoolrack_0001/GEO) but MaterialBindingAPI is not applied on the prim
Warning: in BindingsAtPrim at line 671 of D:\__projects\_programming\vcpkg\buildtrees\usd\src\v25.11-c5a1a786cc.clean\pxr\usd\usdShade\materialBindingAPI.cpp -- Found material bindings on prim at path (/root/thelab01/workbench_grp/electronics_spoolrack_0001/GEO) but MaterialBindingAPI is not applied on the prim
Warning: in BindingsAtPrim at line 671 of D:\__projects\_programming\vcpkg\buildtrees\usd\src\v25.11-c5a1a786cc.clean\pxr\usd\usdShade\materialBindingAPI.cpp -- Found material bindings on prim at path (/root/thelab01/workbench_grp/electronics_spoolrack_0001/GEO) but MaterialBindingAPI is not applied on the prim
Warning: in BindingsAtPrim at line 671 of D:\__projects\_programming\vcpkg\buildtrees\usd\src\v25.11-c5a1a786cc.clean\pxr\usd\usdShade\materialBindingAPI.cpp -- Found material bindings on prim at path (/root/thelab01/workbench_grp/chemistry_beaker_rack01_0002/GEO) but MaterialBindingAPI is not applied on the prim
Warning: in BindingsAtPrim at line 671 of D:\__projects\_programming\vcpkg\buildtrees\usd\src\v25.11-c5a1a786cc.clean\pxr\usd\usdShade\materialBindingAPI.cpp -- Found material bindings on prim at path (/root/thelab01/workbench_grp/chemistry_beaker_rack01_0002/GEO) but MaterialBindingAPI is not applied on the prim
Warning: in BindingsAtPrim at line 671 of D:\__projects\_programming\vcpkg\buildtrees\usd\src\v25.11-c5a1a786cc.clean\pxr\usd\usdShade\materialBindingAPI.cpp -- Found material bindings on prim at path (/root/thelab01/workbench_grp/chemistry_test_tube01_0003/GEO) but MaterialBindingAPI is not applied on the prim
Warning: in BindingsAtPrim at line 671 of D:\__projects\_programming\vcpkg\buildtrees\usd\src\v25.11-c5a1a786cc.clean\pxr\usd\usdShade\materialBindingAPI.cpp -- Found material bindings on prim at path (/root/thelab01/workbench_grp/chemistry_test_tube01_0003/GEO) but MaterialBindingAPI is not applied on the prim
Warning: in BindingsAtPrim at line 671 of D:\__projects\_programming\vcpkg\buildtrees\usd\src\v25.11-c5a1a786cc.clean\pxr\usd\usdShade\materialBindingAPI.cpp -- Found material bindings on prim at path (/root/thelab01/workbench_grp/chemistry_test_tube01_0004/GEO) but MaterialBindingAPI is not applied on the prim
Warning: in BindingsAtPrim at line 671 of D:\__projects\_programming\vcpkg\buildtrees\usd\src\v25.11-c5a1a786cc.clean\pxr\usd\usdShade\materialBindingAPI.cpp -- Found material bindings on prim at path (/root/thelab01/workbench_grp/chemistry_test_tube01_0004/GEO) but MaterialBindingAPI is not applied on the prim
Warning: in BindingsAtPrim at line 671 of D:\__projects\_programming\vcpkg\buildtrees\usd\src\v25.11-c5a1a786cc.clean\pxr\usd\usdShade\materialBindingAPI.cpp -- Found material bindings on prim at path (/root/thelab01/workbench_grp/chemistry_test_tube02_0004/GEO) but MaterialBindingAPI is not applied on the prim
Warning: in BindingsAtPrim at line 671 of D:\__projects\_programming\vcpkg\buildtrees\usd\src\v25.11-c5a1a786cc.clean\pxr\usd\usdShade\materialBindingAPI.cpp -- Found material bindings on prim at path (/root/thelab01/workbench_grp/chemistry_test_tube02_0004/GEO) but MaterialBindingAPI is not applied on the prim
Warning: in BindingsAtPrim at line 671 of D:\__projects\_programming\vcpkg\buildtrees\usd\src\v25.11-c5a1a786cc.clean\pxr\usd\usdShade\materialBindingAPI.cpp -- Found material bindings on prim at path (/root/thelab01/workbench_grp/chemistry_test_tube03_0004/GEO) but MaterialBindingAPI is not applied on the prim
Warning: in BindingsAtPrim at line 671 of D:\__projects\_programming\vcpkg\buildtrees\usd\src\v25.11-c5a1a786cc.clean\pxr\usd\usdShade\materialBindingAPI.cpp -- Found material bindings on prim at path (/root/thelab01/workbench_grp/chemistry_test_tube03_0004/GEO) but MaterialBindingAPI is not applied on the prim
Warning: in BindingsAtPrim at line 671 of D:\__projects\_programming\vcpkg\buildtrees\usd\src\v25.11-c5a1a786cc.clean\pxr\usd\usdShade\materialBindingAPI.cpp -- Found material bindings on prim at path (/root/thelab01/workbench_grp/chemistry_test_tube03_0005/GEO) but MaterialBindingAPI is not applied on the prim
Warning: in BindingsAtPrim at line 671 of D:\__projects\_programming\vcpkg\buildtrees\usd\src\v25.11-c5a1a786cc.clean\pxr\usd\usdShade\materialBindingAPI.cpp -- Found material bindings on prim at path (/root/thelab01/workbench_grp/chemistry_test_tube03_0005/GEO) but MaterialBindingAPI is not applied on the prim
Warning: in BindingsAtPrim at line 671 of D:\__projects\_programming\vcpkg\buildtrees\usd\src\v25.11-c5a1a786cc.clean\pxr\usd\usdShade\materialBindingAPI.cpp -- Found material bindings on prim at path (/root/thelab01/workbench_grp/chemistry_test_tube03_0006/GEO) but MaterialBindingAPI is not applied on the prim
Warning: in BindingsAtPrim at line 671 of D:\__projects\_programming\vcpkg\buildtrees\usd\src\v25.11-c5a1a786cc.clean\pxr\usd\usdShade\materialBindingAPI.cpp -- Found material bindings on prim at path (/root/thelab01/workbench_grp/chemistry_test_tube03_0006/GEO) but MaterialBindingAPI is not applied on the prim
Warning: in BindingsAtPrim at line 671 of D:\__projects\_programming\vcpkg\buildtrees\usd\src\v25.11-c5a1a786cc.clean\pxr\usd\usdShade\materialBindingAPI.cpp -- Found material bindings on prim at path (/root/thelab01/workbench_grp/chemistry_test_tube02_0005/GEO) but MaterialBindingAPI is not applied on the prim
Warning: in BindingsAtPrim at line 671 of D:\__projects\_programming\vcpkg\buildtrees\usd\src\v25.11-c5a1a786cc.clean\pxr\usd\usdShade\materialBindingAPI.cpp -- Found material bindings on prim at path (/root/thelab01/workbench_grp/chemistry_test_tube02_0005/GEO) but MaterialBindingAPI is not applied on the prim
Warning: in BindingsAtPrim at line 671 of D:\__projects\_programming\vcpkg\buildtrees\usd\src\v25.11-c5a1a786cc.clean\pxr\usd\usdShade\materialBindingAPI.cpp -- Found material bindings on prim at path (/root/thelab01/workbench_grp/chemistry_test_tube02_0006/GEO) but MaterialBindingAPI is not applied on the prim
Warning: in BindingsAtPrim at line 671 of D:\__projects\_programming\vcpkg\buildtrees\usd\src\v25.11-c5a1a786cc.clean\pxr\usd\usdShade\materialBindingAPI.cpp -- Found material bindings on prim at path (/root/thelab01/workbench_grp/chemistry_test_tube02_0006/GEO) but MaterialBindingAPI is not applied on the prim
Warning: in BindingsAtPrim at line 671 of D:\__projects\_programming\vcpkg\buildtrees\usd\src\v25.11-c5a1a786cc.clean\pxr\usd\usdShade\materialBindingAPI.cpp -- Found material bindings on prim at path (/root/thelab01/workbench_grp/chemistry_test_tube02_0007/GEO) but MaterialBindingAPI is not applied on the prim
Warning: in BindingsAtPrim at line 671 of D:\__projects\_programming\vcpkg\buildtrees\usd\src\v25.11-c5a1a786cc.clean\pxr\usd\usdShade\materialBindingAPI.cpp -- Found material bindings on prim at path (/root/thelab01/workbench_grp/chemistry_test_tube02_0007/GEO) but MaterialBindingAPI is not applied on the prim
Warning: in BindingsAtPrim at line 671 of D:\__projects\_programming\vcpkg\buildtrees\usd\src\v25.11-c5a1a786cc.clean\pxr\usd\usdShade\materialBindingAPI.cpp -- Found material bindings on prim at path (/root/thelab01/workbench_grp/chemistry_test_tube02_0008/GEO) but MaterialBindingAPI is not applied on the prim
Warning: in BindingsAtPrim at line 671 of D:\__projects\_programming\vcpkg\buildtrees\usd\src\v25.11-c5a1a786cc.clean\pxr\usd\usdShade\materialBindingAPI.cpp -- Found material bindings on prim at path (/root/thelab01/workbench_grp/chemistry_test_tube02_0008/GEO) but MaterialBindingAPI is not applied on the prim
Warning: in BindingsAtPrim at line 671 of D:\__projects\_programming\vcpkg\buildtrees\usd\src\v25.11-c5a1a786cc.clean\pxr\usd\usdShade\materialBindingAPI.cpp -- Found material bindings on prim at path (/root/thelab01/workbench_grp/chemistry_test_tube03_0007/GEO) but MaterialBindingAPI is not applied on the prim
Warning: in BindingsAtPrim at line 671 of D:\__projects\_programming\vcpkg\buildtrees\usd\src\v25.11-c5a1a786cc.clean\pxr\usd\usdShade\materialBindingAPI.cpp -- Found material bindings on prim at path (/root/thelab01/workbench_grp/chemistry_test_tube03_0007/GEO) but MaterialBindingAPI is not applied on the prim
Warning: in BindingsAtPrim at line 671 of D:\__projects\_programming\vcpkg\buildtrees\usd\src\v25.11-c5a1a786cc.clean\pxr\usd\usdShade\materialBindingAPI.cpp -- Found material bindings on prim at path (/root/thelab01/workbench_grp/chemistry_beaker_rack01_0003/GEO) but MaterialBindingAPI is not applied on the prim
Warning: in BindingsAtPrim at line 671 of D:\__projects\_programming\vcpkg\buildtrees\usd\src\v25.11-c5a1a786cc.clean\pxr\usd\usdShade\materialBindingAPI.cpp -- Found material bindings on prim at path (/root/thelab01/workbench_grp/chemistry_beaker_rack01_0003/GEO) but MaterialBindingAPI is not applied on the prim
Warning: in BindingsAtPrim at line 671 of D:\__projects\_programming\vcpkg\buildtrees\usd\src\v25.11-c5a1a786cc.clean\pxr\usd\usdShade\materialBindingAPI.cpp -- Found material bindings on prim at path (/root/thelab01/workbench_grp/chemistry_test_tube01_0005/GEO) but MaterialBindingAPI is not applied on the prim
Warning: in BindingsAtPrim at line 671 of D:\__projects\_programming\vcpkg\buildtrees\usd\src\v25.11-c5a1a786cc.clean\pxr\usd\usdShade\materialBindingAPI.cpp -- Found material bindings on prim at path (/root/thelab01/workbench_grp/chemistry_test_tube01_0005/GEO) but MaterialBindingAPI is not applied on the prim
Warning: in BindingsAtPrim at line 671 of D:\__projects\_programming\vcpkg\buildtrees\usd\src\v25.11-c5a1a786cc.clean\pxr\usd\usdShade\materialBindingAPI.cpp -- Found material bindings on prim at path (/root/thelab01/workbench_grp/chemistry_test_tube01_0006/GEO) but MaterialBindingAPI is not applied on the prim
Warning: in BindingsAtPrim at line 671 of D:\__projects\_programming\vcpkg\buildtrees\usd\src\v25.11-c5a1a786cc.clean\pxr\usd\usdShade\materialBindingAPI.cpp -- Found material bindings on prim at path (/root/thelab01/workbench_grp/chemistry_test_tube01_0006/GEO) but MaterialBindingAPI is not applied on the prim
Warning: in BindingsAtPrim at line 671 of D:\__projects\_programming\vcpkg\buildtrees\usd\src\v25.11-c5a1a786cc.clean\pxr\usd\usdShade\materialBindingAPI.cpp -- Found material bindings on prim at path (/root/thelab01/workbench_grp/chemistry_test_tube03_0008/GEO) but MaterialBindingAPI is not applied on the prim
Warning: in BindingsAtPrim at line 671 of D:\__projects\_programming\vcpkg\buildtrees\usd\src\v25.11-c5a1a786cc.clean\pxr\usd\usdShade\materialBindingAPI.cpp -- Found material bindings on prim at path (/root/thelab01/workbench_grp/chemistry_test_tube03_0008/GEO) but MaterialBindingAPI is not applied on the prim
Warning: in BindingsAtPrim at line 671 of D:\__projects\_programming\vcpkg\buildtrees\usd\src\v25.11-c5a1a786cc.clean\pxr\usd\usdShade\materialBindingAPI.cpp -- Found material bindings on prim at path (/root/thelab01/workbench_grp/chemistry_test_tube03_0009/GEO) but MaterialBindingAPI is not applied on the prim
Warning: in BindingsAtPrim at line 671 of D:\__projects\_programming\vcpkg\buildtrees\usd\src\v25.11-c5a1a786cc.clean\pxr\usd\usdShade\materialBindingAPI.cpp -- Found material bindings on prim at path (/root/thelab01/workbench_grp/chemistry_test_tube03_0009/GEO) but MaterialBindingAPI is not applied on the prim
Warning: in BindingsAtPrim at line 671 of D:\__projects\_programming\vcpkg\buildtrees\usd\src\v25.11-c5a1a786cc.clean\pxr\usd\usdShade\materialBindingAPI.cpp -- Found material bindings on prim at path (/root/thelab01/workbench_grp/chemistry_beaker_rack01_0004/GEO) but MaterialBindingAPI is not applied on the prim
Warning: in BindingsAtPrim at line 671 of D:\__projects\_programming\vcpkg\buildtrees\usd\src\v25.11-c5a1a786cc.clean\pxr\usd\usdShade\materialBindingAPI.cpp -- Found material bindings on prim at path (/root/thelab01/workbench_grp/chemistry_beaker_rack01_0004/GEO) but MaterialBindingAPI is not applied on the prim
Warning: in BindingsAtPrim at line 671 of D:\__projects\_programming\vcpkg\buildtrees\usd\src\v25.11-c5a1a786cc.clean\pxr\usd\usdShade\materialBindingAPI.cpp -- Found material bindings on prim at path (/root/thelab01/workbench_grp/chemistry_test_tube01_0007/GEO) but MaterialBindingAPI is not applied on the prim
Warning: in BindingsAtPrim at line 671 of D:\__projects\_programming\vcpkg\buildtrees\usd\src\v25.11-c5a1a786cc.clean\pxr\usd\usdShade\materialBindingAPI.cpp -- Found material bindings on prim at path (/root/thelab01/workbench_grp/chemistry_test_tube01_0007/GEO) but MaterialBindingAPI is not applied on the prim
Warning: in BindingsAtPrim at line 671 of D:\__projects\_programming\vcpkg\buildtrees\usd\src\v25.11-c5a1a786cc.clean\pxr\usd\usdShade\materialBindingAPI.cpp -- Found material bindings on prim at path (/root/thelab01/workbench_grp/chemistry_test_tube01_0008/GEO) but MaterialBindingAPI is not applied on the prim
Warning: in BindingsAtPrim at line 671 of D:\__projects\_programming\vcpkg\buildtrees\usd\src\v25.11-c5a1a786cc.clean\pxr\usd\usdShade\materialBindingAPI.cpp -- Found material bindings on prim at path (/root/thelab01/workbench_grp/chemistry_test_tube01_0008/GEO) but MaterialBindingAPI is not applied on the prim
Warning: in BindingsAtPrim at line 671 of D:\__projects\_programming\vcpkg\buildtrees\usd\src\v25.11-c5a1a786cc.clean\pxr\usd\usdShade\materialBindingAPI.cpp -- Found material bindings on prim at path (/root/thelab01/workbench_grp/chemistry_test_tube02_0009/GEO) but MaterialBindingAPI is not applied on the prim
Warning: in BindingsAtPrim at line 671 of D:\__projects\_programming\vcpkg\buildtrees\usd\src\v25.11-c5a1a786cc.clean\pxr\usd\usdShade\materialBindingAPI.cpp -- Found material bindings on prim at path (/root/thelab01/workbench_grp/chemistry_test_tube02_0009/GEO) but MaterialBindingAPI is not applied on the prim
Warning: in BindingsAtPrim at line 671 of D:\__projects\_programming\vcpkg\buildtrees\usd\src\v25.11-c5a1a786cc.clean\pxr\usd\usdShade\materialBindingAPI.cpp -- Found material bindings on prim at path (/root/thelab01/workbench_grp/chemistry_test_tube02_0010/GEO) but MaterialBindingAPI is not applied on the prim
Warning: in BindingsAtPrim at line 671 of D:\__projects\_programming\vcpkg\buildtrees\usd\src\v25.11-c5a1a786cc.clean\pxr\usd\usdShade\materialBindingAPI.cpp -- Found material bindings on prim at path (/root/thelab01/workbench_grp/chemistry_test_tube02_0010/GEO) but MaterialBindingAPI is not applied on the prim
Warning: in BindingsAtPrim at line 671 of D:\__projects\_programming\vcpkg\buildtrees\usd\src\v25.11-c5a1a786cc.clean\pxr\usd\usdShade\materialBindingAPI.cpp -- Found material bindings on prim at path (/root/thelab01/workbench_grp/chemistry_test_tube03_0010/GEO) but MaterialBindingAPI is not applied on the prim
Warning: in BindingsAtPrim at line 671 of D:\__projects\_programming\vcpkg\buildtrees\usd\src\v25.11-c5a1a786cc.clean\pxr\usd\usdShade\materialBindingAPI.cpp -- Found material bindings on prim at path (/root/thelab01/workbench_grp/chemistry_test_tube03_0010/GEO) but MaterialBindingAPI is not applied on the prim
Warning: in BindingsAtPrim at line 671 of D:\__projects\_programming\vcpkg\buildtrees\usd\src\v25.11-c5a1a786cc.clean\pxr\usd\usdShade\materialBindingAPI.cpp -- Found material bindings on prim at path (/root/thelab01/workbench_grp/chemistry_test_tube03_0011/GEO) but MaterialBindingAPI is not applied on the prim
Warning: in BindingsAtPrim at line 671 of D:\__projects\_programming\vcpkg\buildtrees\usd\src\v25.11-c5a1a786cc.clean\pxr\usd\usdShade\materialBindingAPI.cpp -- Found material bindings on prim at path (/root/thelab01/workbench_grp/chemistry_test_tube03_0011/GEO) but MaterialBindingAPI is not applied on the prim
Warning: in BindingsAtPrim at line 671 of D:\__projects\_programming\vcpkg\buildtrees\usd\src\v25.11-c5a1a786cc.clean\pxr\usd\usdShade\materialBindingAPI.cpp -- Found material bindings on prim at path (/root/thelab01/workbench_grp/chemistry_test_tube03_0012/GEO) but MaterialBindingAPI is not applied on the prim
Warning: in BindingsAtPrim at line 671 of D:\__projects\_programming\vcpkg\buildtrees\usd\src\v25.11-c5a1a786cc.clean\pxr\usd\usdShade\materialBindingAPI.cpp -- Found material bindings on prim at path (/root/thelab01/workbench_grp/chemistry_test_tube03_0012/GEO) but MaterialBindingAPI is not applied on the prim
Warning: in BindingsAtPrim at line 671 of D:\__projects\_programming\vcpkg\buildtrees\usd\src\v25.11-c5a1a786cc.clean\pxr\usd\usdShade\materialBindingAPI.cpp -- Found material bindings on prim at path (/root/thelab01/workbench_grp/books_encyclopedias01_0008/GEO) but MaterialBindingAPI is not applied on the prim
Warning: in BindingsAtPrim at line 671 of D:\__projects\_programming\vcpkg\buildtrees\usd\src\v25.11-c5a1a786cc.clean\pxr\usd\usdShade\materialBindingAPI.cpp -- Found material bindings on prim at path (/root/thelab01/workbench_grp/books_encyclopedias01_0008/GEO) but MaterialBindingAPI is not applied on the prim
Warning: in BindingsAtPrim at line 671 of D:\__projects\_programming\vcpkg\buildtrees\usd\src\v25.11-c5a1a786cc.clean\pxr\usd\usdShade\materialBindingAPI.cpp -- Found material bindings on prim at path (/root/thelab01/workbench_grp/books_encyclopedias01_0008/GEO) but MaterialBindingAPI is not applied on the prim
Warning: in BindingsAtPrim at line 671 of D:\__projects\_programming\vcpkg\buildtrees\usd\src\v25.11-c5a1a786cc.clean\pxr\usd\usdShade\materialBindingAPI.cpp -- Found material bindings on prim at path (/root/thelab01/workbench_grp/books_encyclopedias01_0008/GEO) but MaterialBindingAPI is not applied on the prim
Warning: in BindingsAtPrim at line 671 of D:\__projects\_programming\vcpkg\buildtrees\usd\src\v25.11-c5a1a786cc.clean\pxr\usd\usdShade\materialBindingAPI.cpp -- Found material bindings on prim at path (/root/thelab01/workbench_grp/books_encyclopedias01_0008/GEO) but MaterialBindingAPI is not applied on the prim
Warning: in BindingsAtPrim at line 671 of D:\__projects\_programming\vcpkg\buildtrees\usd\src\v25.11-c5a1a786cc.clean\pxr\usd\usdShade\materialBindingAPI.cpp -- Found material bindings on prim at path (/root/thelab01/workbench_grp/books_encyclopedias01_0008/GEO) but MaterialBindingAPI is not applied on the prim
Warning: in BindingsAtPrim at line 671 of D:\__projects\_programming\vcpkg\buildtrees\usd\src\v25.11-c5a1a786cc.clean\pxr\usd\usdShade\materialBindingAPI.cpp -- Found material bindings on prim at path (/root/thelab01/workbench_grp/books_encyclopedias01_0008/GEO) but MaterialBindingAPI is not applied on the prim
Warning: in BindingsAtPrim at line 671 of D:\__projects\_programming\vcpkg\buildtrees\usd\src\v25.11-c5a1a786cc.clean\pxr\usd\usdShade\materialBindingAPI.cpp -- Found material bindings on prim at path (/root/thelab01/workbench_grp/books_encyclopedias01_0008/GEO) but MaterialBindingAPI is not applied on the prim
Warning: in BindingsAtPrim at line 671 of D:\__projects\_programming\vcpkg\buildtrees\usd\src\v25.11-c5a1a786cc.clean\pxr\usd\usdShade\materialBindingAPI.cpp -- Found material bindings on prim at path (/root/thelab01/workbench_grp/books_encyclopedias01_0008/GEO) but MaterialBindingAPI is not applied on the prim
Warning: in BindingsAtPrim at line 671 of D:\__projects\_programming\vcpkg\buildtrees\usd\src\v25.11-c5a1a786cc.clean\pxr\usd\usdShade\materialBindingAPI.cpp -- Found material bindings on prim at path (/root/thelab01/workbench_grp/books_encyclopedias01_0008/GEO) but MaterialBindingAPI is not applied on the prim
Warning: in BindingsAtPrim at line 671 of D:\__projects\_programming\vcpkg\buildtrees\usd\src\v25.11-c5a1a786cc.clean\pxr\usd\usdShade\materialBindingAPI.cpp -- Found material bindings on prim at path (/root/thelab01/workbench_grp/books_encyclopedias01_0008/GEO) but MaterialBindingAPI is not applied on the prim
Warning: in BindingsAtPrim at line 671 of D:\__projects\_programming\vcpkg\buildtrees\usd\src\v25.11-c5a1a786cc.clean\pxr\usd\usdShade\materialBindingAPI.cpp -- Found material bindings on prim at path (/root/thelab01/workbench_grp/books_encyclopedias01_0008/GEO) but MaterialBindingAPI is not applied on the prim
Warning: in BindingsAtPrim at line 671 of D:\__projects\_programming\vcpkg\buildtrees\usd\src\v25.11-c5a1a786cc.clean\pxr\usd\usdShade\materialBindingAPI.cpp -- Found material bindings on prim at path (/root/thelab01/workbench_grp/books_encyclopedias01_0008/GEO) but MaterialBindingAPI is not applied on the prim
Warning: in BindingsAtPrim at line 671 of D:\__projects\_programming\vcpkg\buildtrees\usd\src\v25.11-c5a1a786cc.clean\pxr\usd\usdShade\materialBindingAPI.cpp -- Found material bindings on prim at path (/root/thelab01/workbench_grp/books_encyclopedias01_0008/GEO) but MaterialBindingAPI is not applied on the prim
Warning: in BindingsAtPrim at line 671 of D:\__projects\_programming\vcpkg\buildtrees\usd\src\v25.11-c5a1a786cc.clean\pxr\usd\usdShade\materialBindingAPI.cpp -- Found material bindings on prim at path (/root/thelab01/workbench_grp/books_encyclopedias01_0008/GEO) but MaterialBindingAPI is not applied on the prim
Warning: in BindingsAtPrim at line 671 of D:\__projects\_programming\vcpkg\buildtrees\usd\src\v25.11-c5a1a786cc.clean\pxr\usd\usdShade\materialBindingAPI.cpp -- Found material bindings on prim at path (/root/thelab01/workbench_grp/books_encyclopedias01_0008/GEO) but MaterialBindingAPI is not applied on the prim
Warning: in BindingsAtPrim at line 671 of D:\__projects\_programming\vcpkg\buildtrees\usd\src\v25.11-c5a1a786cc.clean\pxr\usd\usdShade\materialBindingAPI.cpp -- Found material bindings on prim at path (/root/thelab01/workbench_grp/books_encyclopedias01_0008/GEO) but MaterialBindingAPI is not applied on the prim
Warning: in BindingsAtPrim at line 671 of D:\__projects\_programming\vcpkg\buildtrees\usd\src\v25.11-c5a1a786cc.clean\pxr\usd\usdShade\materialBindingAPI.cpp -- Found material bindings on prim at path (/root/thelab01/workbench_grp/books_encyclopedias01_0008/GEO) but MaterialBindingAPI is not applied on the prim
Warning: in BindingsAtPrim at line 671 of D:\__projects\_programming\vcpkg\buildtrees\usd\src\v25.11-c5a1a786cc.clean\pxr\usd\usdShade\materialBindingAPI.cpp -- Found material bindings on prim at path (/root/thelab01/workbench_grp/toy_box02_0002/GEO) but MaterialBindingAPI is not applied on the prim
Warning: in BindingsAtPrim at line 671 of D:\__projects\_programming\vcpkg\buildtrees\usd\src\v25.11-c5a1a786cc.clean\pxr\usd\usdShade\materialBindingAPI.cpp -- Found material bindings on prim at path (/root/thelab01/workbench_grp/toy_box02_0002/GEO) but MaterialBindingAPI is not applied on the prim
Warning: in BindingsAtPrim at line 671 of D:\__projects\_programming\vcpkg\buildtrees\usd\src\v25.11-c5a1a786cc.clean\pxr\usd\usdShade\materialBindingAPI.cpp -- Found material bindings on prim at path (/root/thelab01/workbench_grp/toy_box02_0003/GEO) but MaterialBindingAPI is not applied on the prim
Warning: in BindingsAtPrim at line 671 of D:\__projects\_programming\vcpkg\buildtrees\usd\src\v25.11-c5a1a786cc.clean\pxr\usd\usdShade\materialBindingAPI.cpp -- Found material bindings on prim at path (/root/thelab01/workbench_grp/toy_box02_0003/GEO) but MaterialBindingAPI is not applied on the prim
Warning: in BindingsAtPrim at line 671 of D:\__projects\_programming\vcpkg\buildtrees\usd\src\v25.11-c5a1a786cc.clean\pxr\usd\usdShade\materialBindingAPI.cpp -- Found material bindings on prim at path (/root/thelab01/workbench_grp/toy_box03_0003/GEO) but MaterialBindingAPI is not applied on the prim
Warning: in BindingsAtPrim at line 671 of D:\__projects\_programming\vcpkg\buildtrees\usd\src\v25.11-c5a1a786cc.clean\pxr\usd\usdShade\materialBindingAPI.cpp -- Found material bindings on prim at path (/root/thelab01/workbench_grp/toy_box03_0003/GEO) but MaterialBindingAPI is not applied on the prim
Warning: in BindingsAtPrim at line 671 of D:\__projects\_programming\vcpkg\buildtrees\usd\src\v25.11-c5a1a786cc.clean\pxr\usd\usdShade\materialBindingAPI.cpp -- Found material bindings on prim at path (/root/thelab01/workbench_grp/toy_box03_0003/GEO) but MaterialBindingAPI is not applied on the prim
Warning: in BindingsAtPrim at line 671 of D:\__projects\_programming\vcpkg\buildtrees\usd\src\v25.11-c5a1a786cc.clean\pxr\usd\usdShade\materialBindingAPI.cpp -- Found material bindings on prim at path (/root/thelab01/workbench_grp/books_magazines01_0002/GEO) but MaterialBindingAPI is not applied on the prim
Warning: in BindingsAtPrim at line 671 of D:\__projects\_programming\vcpkg\buildtrees\usd\src\v25.11-c5a1a786cc.clean\pxr\usd\usdShade\materialBindingAPI.cpp -- Found material bindings on prim at path (/root/thelab01/workbench_grp/books_magazines01_0002/GEO) but MaterialBindingAPI is not applied on the prim
Warning: in BindingsAtPrim at line 671 of D:\__projects\_programming\vcpkg\buildtrees\usd\src\v25.11-c5a1a786cc.clean\pxr\usd\usdShade\materialBindingAPI.cpp -- Found material bindings on prim at path (/root/thelab01/workbench_grp/books_magazines01_0002/GEO) but MaterialBindingAPI is not applied on the prim
Warning: in BindingsAtPrim at line 671 of D:\__projects\_programming\vcpkg\buildtrees\usd\src\v25.11-c5a1a786cc.clean\pxr\usd\usdShade\materialBindingAPI.cpp -- Found material bindings on prim at path (/root/thelab01/workbench_grp/books_magazines01_0002/GEO) but MaterialBindingAPI is not applied on the prim
Warning: in BindingsAtPrim at line 671 of D:\__projects\_programming\vcpkg\buildtrees\usd\src\v25.11-c5a1a786cc.clean\pxr\usd\usdShade\materialBindingAPI.cpp -- Found material bindings on prim at path (/root/thelab01/workbench_grp/books_magazines01_0002/GEO) but MaterialBindingAPI is not applied on the prim
Warning: in BindingsAtPrim at line 671 of D:\__projects\_programming\vcpkg\buildtrees\usd\src\v25.11-c5a1a786cc.clean\pxr\usd\usdShade\materialBindingAPI.cpp -- Found material bindings on prim at path (/root/thelab01/workbench_grp/books_magazines01_0002/GEO) but MaterialBindingAPI is not applied on the prim
Warning: in BindingsAtPrim at line 671 of D:\__projects\_programming\vcpkg\buildtrees\usd\src\v25.11-c5a1a786cc.clean\pxr\usd\usdShade\materialBindingAPI.cpp -- Found material bindings on prim at path (/root/thelab01/workbench_grp/books_magazines01_0002/GEO) but MaterialBindingAPI is not applied on the prim
Warning: in BindingsAtPrim at line 671 of D:\__projects\_programming\vcpkg\buildtrees\usd\src\v25.11-c5a1a786cc.clean\pxr\usd\usdShade\materialBindingAPI.cpp -- Found material bindings on prim at path (/root/thelab01/workbench_grp/books_magazines01_0002/GEO) but MaterialBindingAPI is not applied on the prim
Warning: in BindingsAtPrim at line 671 of D:\__projects\_programming\vcpkg\buildtrees\usd\src\v25.11-c5a1a786cc.clean\pxr\usd\usdShade\materialBindingAPI.cpp -- Found material bindings on prim at path (/root/thelab01/workbench_grp/books_magazines01_0002/GEO) but MaterialBindingAPI is not applied on the prim
Warning: in BindingsAtPrim at line 671 of D:\__projects\_programming\vcpkg\buildtrees\usd\src\v25.11-c5a1a786cc.clean\pxr\usd\usdShade\materialBindingAPI.cpp -- Found material bindings on prim at path (/root/thelab01/workbench_grp/books_magazines01_0002/GEO) but MaterialBindingAPI is not applied on the prim
Warning: in BindingsAtPrim at line 671 of D:\__projects\_programming\vcpkg\buildtrees\usd\src\v25.11-c5a1a786cc.clean\pxr\usd\usdShade\materialBindingAPI.cpp -- Found material bindings on prim at path (/root/thelab01/workbench_grp/books_magazines01_0002/GEO) but MaterialBindingAPI is not applied on the prim
Warning: in BindingsAtPrim at line 671 of D:\__projects\_programming\vcpkg\buildtrees\usd\src\v25.11-c5a1a786cc.clean\pxr\usd\usdShade\materialBindingAPI.cpp -- Found material bindings on prim at path (/root/thelab01/workbench_grp/books_magazines01_0002/GEO) but MaterialBindingAPI is not applied on the prim
Warning: in BindingsAtPrim at line 671 of D:\__projects\_programming\vcpkg\buildtrees\usd\src\v25.11-c5a1a786cc.clean\pxr\usd\usdShade\materialBindingAPI.cpp -- Found material bindings on prim at path (/root/thelab01/workbench_grp/books_magazines01_0002/GEO) but MaterialBindingAPI is not applied on the prim
Warning: in BindingsAtPrim at line 671 of D:\__projects\_programming\vcpkg\buildtrees\usd\src\v25.11-c5a1a786cc.clean\pxr\usd\usdShade\materialBindingAPI.cpp -- Found material bindings on prim at path (/root/thelab01/workbench_grp/books_magazines01_0002/GEO) but MaterialBindingAPI is not applied on the prim
Warning: in BindingsAtPrim at line 671 of D:\__projects\_programming\vcpkg\buildtrees\usd\src\v25.11-c5a1a786cc.clean\pxr\usd\usdShade\materialBindingAPI.cpp -- Found material bindings on prim at path (/root/thelab01/workbench_grp/books_magazines01_0002/GEO) but MaterialBindingAPI is not applied on the prim
Warning: in BindingsAtPrim at line 671 of D:\__projects\_programming\vcpkg\buildtrees\usd\src\v25.11-c5a1a786cc.clean\pxr\usd\usdShade\materialBindingAPI.cpp -- Found material bindings on prim at path (/root/thelab01/workbench_grp/books_magazines01_0002/GEO) but MaterialBindingAPI is not applied on the prim
Warning: in BindingsAtPrim at line 671 of D:\__projects\_programming\vcpkg\buildtrees\usd\src\v25.11-c5a1a786cc.clean\pxr\usd\usdShade\materialBindingAPI.cpp -- Found material bindings on prim at path (/root/thelab01/workbench_grp/books_magazines01_0002/GEO) but MaterialBindingAPI is not applied on the prim
Warning: in BindingsAtPrim at line 671 of D:\__projects\_programming\vcpkg\buildtrees\usd\src\v25.11-c5a1a786cc.clean\pxr\usd\usdShade\materialBindingAPI.cpp -- Found material bindings on prim at path (/root/thelab01/workbench_grp/books_magazines01_0002/GEO) but MaterialBindingAPI is not applied on the prim
Warning: in BindingsAtPrim at line 671 of D:\__projects\_programming\vcpkg\buildtrees\usd\src\v25.11-c5a1a786cc.clean\pxr\usd\usdShade\materialBindingAPI.cpp -- Found material bindings on prim at path (/root/thelab01/workbench_grp/books_magazines01_0002/GEO) but MaterialBindingAPI is not applied on the prim
Warning: in BindingsAtPrim at line 671 of D:\__projects\_programming\vcpkg\buildtrees\usd\src\v25.11-c5a1a786cc.clean\pxr\usd\usdShade\materialBindingAPI.cpp -- Found material bindings on prim at path (/root/thelab01/workbench_grp/books_magazines01_0002/GEO) but MaterialBindingAPI is not applied on the prim
Warning: in BindingsAtPrim at line 671 of D:\__projects\_programming\vcpkg\buildtrees\usd\src\v25.11-c5a1a786cc.clean\pxr\usd\usdShade\materialBindingAPI.cpp -- Found material bindings on prim at path (/root/thelab01/workbench_grp/books_magazines01_0002/GEO) but MaterialBindingAPI is not applied on the prim
Warning: in BindingsAtPrim at line 671 of D:\__projects\_programming\vcpkg\buildtrees\usd\src\v25.11-c5a1a786cc.clean\pxr\usd\usdShade\materialBindingAPI.cpp -- Found material bindings on prim at path (/root/thelab01/workbench_grp/books_magazines01_0002/GEO) but MaterialBindingAPI is not applied on the prim
Warning: in BindingsAtPrim at line 671 of D:\__projects\_programming\vcpkg\buildtrees\usd\src\v25.11-c5a1a786cc.clean\pxr\usd\usdShade\materialBindingAPI.cpp -- Found material bindings on prim at path (/root/thelab01/workbench_grp/books_magazines01_0002/GEO) but MaterialBindingAPI is not applied on the prim
Warning: in BindingsAtPrim at line 671 of D:\__projects\_programming\vcpkg\buildtrees\usd\src\v25.11-c5a1a786cc.clean\pxr\usd\usdShade\materialBindingAPI.cpp -- Found material bindings on prim at path (/root/thelab01/workbench_grp/books_magazines01_0002/GEO) but MaterialBindingAPI is not applied on the prim
Warning: in BindingsAtPrim at line 671 of D:\__projects\_programming\vcpkg\buildtrees\usd\src\v25.11-c5a1a786cc.clean\pxr\usd\usdShade\materialBindingAPI.cpp -- Found material bindings on prim at path (/root/thelab01/workbench_grp/books_magazines01_0002/GEO) but MaterialBindingAPI is not applied on the prim
Warning: in BindingsAtPrim at line 671 of D:\__projects\_programming\vcpkg\buildtrees\usd\src\v25.11-c5a1a786cc.clean\pxr\usd\usdShade\materialBindingAPI.cpp -- Found material bindings on prim at path (/root/thelab01/workbench_grp/books_magazines01_0002/GEO) but MaterialBindingAPI is not applied on the prim
Warning: in BindingsAtPrim at line 671 of D:\__projects\_programming\vcpkg\buildtrees\usd\src\v25.11-c5a1a786cc.clean\pxr\usd\usdShade\materialBindingAPI.cpp -- Found material bindings on prim at path (/root/thelab01/workbench_grp/books_magazines01_0002/GEO) but MaterialBindingAPI is not applied on the prim
Warning: in BindingsAtPrim at line 671 of D:\__projects\_programming\vcpkg\buildtrees\usd\src\v25.11-c5a1a786cc.clean\pxr\usd\usdShade\materialBindingAPI.cpp -- Found material bindings on prim at path (/root/thelab01/workbench_grp/books_magazines01_0002/GEO) but MaterialBindingAPI is not applied on the prim
Warning: in BindingsAtPrim at line 671 of D:\__projects\_programming\vcpkg\buildtrees\usd\src\v25.11-c5a1a786cc.clean\pxr\usd\usdShade\materialBindingAPI.cpp -- Found material bindings on prim at path (/root/thelab01/workbench_grp/books_magazines01_0002/GEO) but MaterialBindingAPI is not applied on the prim
Warning: in BindingsAtPrim at line 671 of D:\__projects\_programming\vcpkg\buildtrees\usd\src\v25.11-c5a1a786cc.clean\pxr\usd\usdShade\materialBindingAPI.cpp -- Found material bindings on prim at path (/root/thelab01/workbench_grp/books_magazines01_0002/GEO) but MaterialBindingAPI is not applied on the prim
Warning: in BindingsAtPrim at line 671 of D:\__projects\_programming\vcpkg\buildtrees\usd\src\v25.11-c5a1a786cc.clean\pxr\usd\usdShade\materialBindingAPI.cpp -- Found material bindings on prim at path (/root/thelab01/workbench_grp/books_magazines01_0002/GEO) but MaterialBindingAPI is not applied on the prim
Warning: in BindingsAtPrim at line 671 of D:\__projects\_programming\vcpkg\buildtrees\usd\src\v25.11-c5a1a786cc.clean\pxr\usd\usdShade\materialBindingAPI.cpp -- Found material bindings on prim at path (/root/thelab01/workbench_grp/books_magazines01_0002/GEO) but MaterialBindingAPI is not applied on the prim
Warning: in BindingsAtPrim at line 671 of D:\__projects\_programming\vcpkg\buildtrees\usd\src\v25.11-c5a1a786cc.clean\pxr\usd\usdShade\materialBindingAPI.cpp -- Found material bindings on prim at path (/root/thelab01/workbench_grp/books_magazines01_0002/GEO) but MaterialBindingAPI is not applied on the prim
Warning: in BindingsAtPrim at line 671 of D:\__projects\_programming\vcpkg\buildtrees\usd\src\v25.11-c5a1a786cc.clean\pxr\usd\usdShade\materialBindingAPI.cpp -- Found material bindings on prim at path (/root/thelab01/workbench_grp/books_magazines01_0002/GEO) but MaterialBindingAPI is not applied on the prim
Warning: in BindingsAtPrim at line 671 of D:\__projects\_programming\vcpkg\buildtrees\usd\src\v25.11-c5a1a786cc.clean\pxr\usd\usdShade\materialBindingAPI.cpp -- Found material bindings on prim at path (/root/thelab01/workbench_grp/books_magazines01_0003/GEO) but MaterialBindingAPI is not applied on the prim
Warning: in BindingsAtPrim at line 671 of D:\__projects\_programming\vcpkg\buildtrees\usd\src\v25.11-c5a1a786cc.clean\pxr\usd\usdShade\materialBindingAPI.cpp -- Found material bindings on prim at path (/root/thelab01/workbench_grp/books_magazines01_0003/GEO) but MaterialBindingAPI is not applied on the prim
Warning: in BindingsAtPrim at line 671 of D:\__projects\_programming\vcpkg\buildtrees\usd\src\v25.11-c5a1a786cc.clean\pxr\usd\usdShade\materialBindingAPI.cpp -- Found material bindings on prim at path (/root/thelab01/workbench_grp/books_magazines01_0003/GEO) but MaterialBindingAPI is not applied on the prim
Warning: in BindingsAtPrim at line 671 of D:\__projects\_programming\vcpkg\buildtrees\usd\src\v25.11-c5a1a786cc.clean\pxr\usd\usdShade\materialBindingAPI.cpp -- Found material bindings on prim at path (/root/thelab01/workbench_grp/books_magazines01_0003/GEO) but MaterialBindingAPI is not applied on the prim
Warning: in BindingsAtPrim at line 671 of D:\__projects\_programming\vcpkg\buildtrees\usd\src\v25.11-c5a1a786cc.clean\pxr\usd\usdShade\materialBindingAPI.cpp -- Found material bindings on prim at path (/root/thelab01/workbench_grp/books_magazines01_0003/GEO) but MaterialBindingAPI is not applied on the prim
Warning: in BindingsAtPrim at line 671 of D:\__projects\_programming\vcpkg\buildtrees\usd\src\v25.11-c5a1a786cc.clean\pxr\usd\usdShade\materialBindingAPI.cpp -- Found material bindings on prim at path (/root/thelab01/workbench_grp/books_magazines01_0003/GEO) but MaterialBindingAPI is not applied on the prim
Warning: in BindingsAtPrim at line 671 of D:\__projects\_programming\vcpkg\buildtrees\usd\src\v25.11-c5a1a786cc.clean\pxr\usd\usdShade\materialBindingAPI.cpp -- Found material bindings on prim at path (/root/thelab01/workbench_grp/books_magazines01_0003/GEO) but MaterialBindingAPI is not applied on the prim
Warning: in BindingsAtPrim at line 671 of D:\__projects\_programming\vcpkg\buildtrees\usd\src\v25.11-c5a1a786cc.clean\pxr\usd\usdShade\materialBindingAPI.cpp -- Found material bindings on prim at path (/root/thelab01/workbench_grp/books_magazines01_0003/GEO) but MaterialBindingAPI is not applied on the prim
Warning: in BindingsAtPrim at line 671 of D:\__projects\_programming\vcpkg\buildtrees\usd\src\v25.11-c5a1a786cc.clean\pxr\usd\usdShade\materialBindingAPI.cpp -- Found material bindings on prim at path (/root/thelab01/workbench_grp/books_magazines01_0003/GEO) but MaterialBindingAPI is not applied on the prim
Warning: in BindingsAtPrim at line 671 of D:\__projects\_programming\vcpkg\buildtrees\usd\src\v25.11-c5a1a786cc.clean\pxr\usd\usdShade\materialBindingAPI.cpp -- Found material bindings on prim at path (/root/thelab01/workbench_grp/books_magazines01_0003/GEO) but MaterialBindingAPI is not applied on the prim
Warning: in BindingsAtPrim at line 671 of D:\__projects\_programming\vcpkg\buildtrees\usd\src\v25.11-c5a1a786cc.clean\pxr\usd\usdShade\materialBindingAPI.cpp -- Found material bindings on prim at path (/root/thelab01/workbench_grp/books_magazines01_0003/GEO) but MaterialBindingAPI is not applied on the prim
Warning: in BindingsAtPrim at line 671 of D:\__projects\_programming\vcpkg\buildtrees\usd\src\v25.11-c5a1a786cc.clean\pxr\usd\usdShade\materialBindingAPI.cpp -- Found material bindings on prim at path (/root/thelab01/workbench_grp/books_magazines01_0003/GEO) but MaterialBindingAPI is not applied on the prim
Warning: in BindingsAtPrim at line 671 of D:\__projects\_programming\vcpkg\buildtrees\usd\src\v25.11-c5a1a786cc.clean\pxr\usd\usdShade\materialBindingAPI.cpp -- Found material bindings on prim at path (/root/thelab01/workbench_grp/books_magazines01_0003/GEO) but MaterialBindingAPI is not applied on the prim
Warning: in BindingsAtPrim at line 671 of D:\__projects\_programming\vcpkg\buildtrees\usd\src\v25.11-c5a1a786cc.clean\pxr\usd\usdShade\materialBindingAPI.cpp -- Found material bindings on prim at path (/root/thelab01/workbench_grp/books_magazines01_0003/GEO) but MaterialBindingAPI is not applied on the prim
Warning: in BindingsAtPrim at line 671 of D:\__projects\_programming\vcpkg\buildtrees\usd\src\v25.11-c5a1a786cc.clean\pxr\usd\usdShade\materialBindingAPI.cpp -- Found material bindings on prim at path (/root/thelab01/workbench_grp/books_magazines01_0003/GEO) but MaterialBindingAPI is not applied on the prim
Warning: in BindingsAtPrim at line 671 of D:\__projects\_programming\vcpkg\buildtrees\usd\src\v25.11-c5a1a786cc.clean\pxr\usd\usdShade\materialBindingAPI.cpp -- Found material bindings on prim at path (/root/thelab01/workbench_grp/books_magazines01_0003/GEO) but MaterialBindingAPI is not applied on the prim
Warning: in BindingsAtPrim at line 671 of D:\__projects\_programming\vcpkg\buildtrees\usd\src\v25.11-c5a1a786cc.clean\pxr\usd\usdShade\materialBindingAPI.cpp -- Found material bindings on prim at path (/root/thelab01/workbench_grp/books_magazines01_0003/GEO) but MaterialBindingAPI is not applied on the prim
Warning: in BindingsAtPrim at line 671 of D:\__projects\_programming\vcpkg\buildtrees\usd\src\v25.11-c5a1a786cc.clean\pxr\usd\usdShade\materialBindingAPI.cpp -- Found material bindings on prim at path (/root/thelab01/workbench_grp/books_magazines01_0003/GEO) but MaterialBindingAPI is not applied on the prim
Warning: in BindingsAtPrim at line 671 of D:\__projects\_programming\vcpkg\buildtrees\usd\src\v25.11-c5a1a786cc.clean\pxr\usd\usdShade\materialBindingAPI.cpp -- Found material bindings on prim at path (/root/thelab01/workbench_grp/books_magazines01_0003/GEO) but MaterialBindingAPI is not applied on the prim
Warning: in BindingsAtPrim at line 671 of D:\__projects\_programming\vcpkg\buildtrees\usd\src\v25.11-c5a1a786cc.clean\pxr\usd\usdShade\materialBindingAPI.cpp -- Found material bindings on prim at path (/root/thelab01/workbench_grp/books_magazines01_0003/GEO) but MaterialBindingAPI is not applied on the prim
Warning: in BindingsAtPrim at line 671 of D:\__projects\_programming\vcpkg\buildtrees\usd\src\v25.11-c5a1a786cc.clean\pxr\usd\usdShade\materialBindingAPI.cpp -- Found material bindings on prim at path (/root/thelab01/workbench_grp/books_magazines01_0003/GEO) but MaterialBindingAPI is not applied on the prim
Warning: in BindingsAtPrim at line 671 of D:\__projects\_programming\vcpkg\buildtrees\usd\src\v25.11-c5a1a786cc.clean\pxr\usd\usdShade\materialBindingAPI.cpp -- Found material bindings on prim at path (/root/thelab01/workbench_grp/books_magazines01_0003/GEO) but MaterialBindingAPI is not applied on the prim
Warning: in BindingsAtPrim at line 671 of D:\__projects\_programming\vcpkg\buildtrees\usd\src\v25.11-c5a1a786cc.clean\pxr\usd\usdShade\materialBindingAPI.cpp -- Found material bindings on prim at path (/root/thelab01/workbench_grp/books_magazines01_0003/GEO) but MaterialBindingAPI is not applied on the prim
Warning: in BindingsAtPrim at line 671 of D:\__projects\_programming\vcpkg\buildtrees\usd\src\v25.11-c5a1a786cc.clean\pxr\usd\usdShade\materialBindingAPI.cpp -- Found material bindings on prim at path (/root/thelab01/workbench_grp/books_magazines01_0003/GEO) but MaterialBindingAPI is not applied on the prim
Warning: in BindingsAtPrim at line 671 of D:\__projects\_programming\vcpkg\buildtrees\usd\src\v25.11-c5a1a786cc.clean\pxr\usd\usdShade\materialBindingAPI.cpp -- Found material bindings on prim at path (/root/thelab01/workbench_grp/books_magazines01_0003/GEO) but MaterialBindingAPI is not applied on the prim
Warning: in BindingsAtPrim at line 671 of D:\__projects\_programming\vcpkg\buildtrees\usd\src\v25.11-c5a1a786cc.clean\pxr\usd\usdShade\materialBindingAPI.cpp -- Found material bindings on prim at path (/root/thelab01/workbench_grp/books_magazines01_0003/GEO) but MaterialBindingAPI is not applied on the prim
Warning: in BindingsAtPrim at line 671 of D:\__projects\_programming\vcpkg\buildtrees\usd\src\v25.11-c5a1a786cc.clean\pxr\usd\usdShade\materialBindingAPI.cpp -- Found material bindings on prim at path (/root/thelab01/workbench_grp/books_magazines01_0003/GEO) but MaterialBindingAPI is not applied on the prim
Warning: in BindingsAtPrim at line 671 of D:\__projects\_programming\vcpkg\buildtrees\usd\src\v25.11-c5a1a786cc.clean\pxr\usd\usdShade\materialBindingAPI.cpp -- Found material bindings on prim at path (/root/thelab01/workbench_grp/books_magazines01_0003/GEO) but MaterialBindingAPI is not applied on the prim
Warning: in BindingsAtPrim at line 671 of D:\__projects\_programming\vcpkg\buildtrees\usd\src\v25.11-c5a1a786cc.clean\pxr\usd\usdShade\materialBindingAPI.cpp -- Found material bindings on prim at path (/root/thelab01/workbench_grp/books_magazines01_0003/GEO) but MaterialBindingAPI is not applied on the prim
Warning: in BindingsAtPrim at line 671 of D:\__projects\_programming\vcpkg\buildtrees\usd\src\v25.11-c5a1a786cc.clean\pxr\usd\usdShade\materialBindingAPI.cpp -- Found material bindings on prim at path (/root/thelab01/workbench_grp/books_magazines01_0003/GEO) but MaterialBindingAPI is not applied on the prim
Warning: in BindingsAtPrim at line 671 of D:\__projects\_programming\vcpkg\buildtrees\usd\src\v25.11-c5a1a786cc.clean\pxr\usd\usdShade\materialBindingAPI.cpp -- Found material bindings on prim at path (/root/thelab01/workbench_grp/books_magazines01_0003/GEO) but MaterialBindingAPI is not applied on the prim
Warning: in BindingsAtPrim at line 671 of D:\__projects\_programming\vcpkg\buildtrees\usd\src\v25.11-c5a1a786cc.clean\pxr\usd\usdShade\materialBindingAPI.cpp -- Found material bindings on prim at path (/root/thelab01/workbench_grp/books_magazines01_0003/GEO) but MaterialBindingAPI is not applied on the prim
Warning: in BindingsAtPrim at line 671 of D:\__projects\_programming\vcpkg\buildtrees\usd\src\v25.11-c5a1a786cc.clean\pxr\usd\usdShade\materialBindingAPI.cpp -- Found material bindings on prim at path (/root/thelab01/workbench_grp/books_magazines01_0003/GEO) but MaterialBindingAPI is not applied on the prim
Warning: in BindingsAtPrim at line 671 of D:\__projects\_programming\vcpkg\buildtrees\usd\src\v25.11-c5a1a786cc.clean\pxr\usd\usdShade\materialBindingAPI.cpp -- Found material bindings on prim at path (/root/thelab01/workbench_grp/books_magazines01_0003/GEO) but MaterialBindingAPI is not applied on the prim
Warning: in BindingsAtPrim at line 671 of D:\__projects\_programming\vcpkg\buildtrees\usd\src\v25.11-c5a1a786cc.clean\pxr\usd\usdShade\materialBindingAPI.cpp -- Found material bindings on prim at path (/root/thelab01/workbench_grp/chemistry_bottle01_0005/GEO) but MaterialBindingAPI is not applied on the prim
Warning: in BindingsAtPrim at line 671 of D:\__projects\_programming\vcpkg\buildtrees\usd\src\v25.11-c5a1a786cc.clean\pxr\usd\usdShade\materialBindingAPI.cpp -- Found material bindings on prim at path (/root/thelab01/workbench_grp/chemistry_bottle02_0004/GEO) but MaterialBindingAPI is not applied on the prim
Warning: in BindingsAtPrim at line 671 of D:\__projects\_programming\vcpkg\buildtrees\usd\src\v25.11-c5a1a786cc.clean\pxr\usd\usdShade\materialBindingAPI.cpp -- Found material bindings on prim at path (/root/thelab01/workbench_grp/chemistry_bottle03_0004/GEO) but MaterialBindingAPI is not applied on the prim
Warning: in BindingsAtPrim at line 671 of D:\__projects\_programming\vcpkg\buildtrees\usd\src\v25.11-c5a1a786cc.clean\pxr\usd\usdShade\materialBindingAPI.cpp -- Found material bindings on prim at path (/root/thelab01/workbench_grp/chemistry_bottle03_0005/GEO) but MaterialBindingAPI is not applied on the prim
Warning: in BindingsAtPrim at line 671 of D:\__projects\_programming\vcpkg\buildtrees\usd\src\v25.11-c5a1a786cc.clean\pxr\usd\usdShade\materialBindingAPI.cpp -- Found material bindings on prim at path (/root/thelab01/workbench_grp/chemistry_bottle02_0005/GEO) but MaterialBindingAPI is not applied on the prim
Warning: in BindingsAtPrim at line 671 of D:\__projects\_programming\vcpkg\buildtrees\usd\src\v25.11-c5a1a786cc.clean\pxr\usd\usdShade\materialBindingAPI.cpp -- Found material bindings on prim at path (/root/thelab01/workbench_grp/chemistry_bottle01_0006/GEO) but MaterialBindingAPI is not applied on the prim
Warning: in BindingsAtPrim at line 671 of D:\__projects\_programming\vcpkg\buildtrees\usd\src\v25.11-c5a1a786cc.clean\pxr\usd\usdShade\materialBindingAPI.cpp -- Found material bindings on prim at path (/root/thelab01/workbench_grp/chemistry_bottle03_0006/GEO) but MaterialBindingAPI is not applied on the prim
Warning: in BindingsAtPrim at line 671 of D:\__projects\_programming\vcpkg\buildtrees\usd\src\v25.11-c5a1a786cc.clean\pxr\usd\usdShade\materialBindingAPI.cpp -- Found material bindings on prim at path (/root/thelab01/workbench_grp/chemistry_bottle01_0007/GEO) but MaterialBindingAPI is not applied on the prim
Warning: in BindingsAtPrim at line 671 of D:\__projects\_programming\vcpkg\buildtrees\usd\src\v25.11-c5a1a786cc.clean\pxr\usd\usdShade\materialBindingAPI.cpp -- Found material bindings on prim at path (/root/thelab01/workbench_grp/chemistry_bottle01_0008/GEO) but MaterialBindingAPI is not applied on the prim
Warning: in BindingsAtPrim at line 671 of D:\__projects\_programming\vcpkg\buildtrees\usd\src\v25.11-c5a1a786cc.clean\pxr\usd\usdShade\materialBindingAPI.cpp -- Found material bindings on prim at path (/root/thelab01/workbench_grp/chemistry_bottle02_0006/GEO) but MaterialBindingAPI is not applied on the prim
Warning: in BindingsAtPrim at line 671 of D:\__projects\_programming\vcpkg\buildtrees\usd\src\v25.11-c5a1a786cc.clean\pxr\usd\usdShade\materialBindingAPI.cpp -- Found material bindings on prim at path (/root/thelab01/workbench_grp/chemistry_bottle02_0007/GEO) but MaterialBindingAPI is not applied on the prim
Warning: in BindingsAtPrim at line 671 of D:\__projects\_programming\vcpkg\buildtrees\usd\src\v25.11-c5a1a786cc.clean\pxr\usd\usdShade\materialBindingAPI.cpp -- Found material bindings on prim at path (/root/thelab01/workbench_grp/chemistry_bottle03_0007/GEO) but MaterialBindingAPI is not applied on the prim
Warning: in BindingsAtPrim at line 671 of D:\__projects\_programming\vcpkg\buildtrees\usd\src\v25.11-c5a1a786cc.clean\pxr\usd\usdShade\materialBindingAPI.cpp -- Found material bindings on prim at path (/root/thelab01/workbench_grp/chemistry_bottle03_0008/GEO) but MaterialBindingAPI is not applied on the prim
Warning: in BindingsAtPrim at line 671 of D:\__projects\_programming\vcpkg\buildtrees\usd\src\v25.11-c5a1a786cc.clean\pxr\usd\usdShade\materialBindingAPI.cpp -- Found material bindings on prim at path (/root/thelab01/workbench_grp/chemistry_bottle03_0009/GEO) but MaterialBindingAPI is not applied on the prim
Warning: in BindingsAtPrim at line 671 of D:\__projects\_programming\vcpkg\buildtrees\usd\src\v25.11-c5a1a786cc.clean\pxr\usd\usdShade\materialBindingAPI.cpp -- Found material bindings on prim at path (/root/thelab01/workbench_grp/chemistry_bottle03_0010/GEO) but MaterialBindingAPI is not applied on the prim
Warning: in BindingsAtPrim at line 671 of D:\__projects\_programming\vcpkg\buildtrees\usd\src\v25.11-c5a1a786cc.clean\pxr\usd\usdShade\materialBindingAPI.cpp -- Found material bindings on prim at path (/root/thelab01/workbench_grp/toy_box01_0002/GEO) but MaterialBindingAPI is not applied on the prim
Warning: in BindingsAtPrim at line 671 of D:\__projects\_programming\vcpkg\buildtrees\usd\src\v25.11-c5a1a786cc.clean\pxr\usd\usdShade\materialBindingAPI.cpp -- Found material bindings on prim at path (/root/thelab01/workbench_grp/electronics_wire_spool02_0002/GEO) but MaterialBindingAPI is not applied on the prim
Warning: in BindingsAtPrim at line 671 of D:\__projects\_programming\vcpkg\buildtrees\usd\src\v25.11-c5a1a786cc.clean\pxr\usd\usdShade\materialBindingAPI.cpp -- Found material bindings on prim at path (/root/thelab01/workbench_grp/electronics_wire_spool02_0002/GEO) but MaterialBindingAPI is not applied on the prim
Warning: in BindingsAtPrim at line 671 of D:\__projects\_programming\vcpkg\buildtrees\usd\src\v25.11-c5a1a786cc.clean\pxr\usd\usdShade\materialBindingAPI.cpp -- Found material bindings on prim at path (/root/thelab01/workbench_grp/electronics_wire_spool02_0002/GEO) but MaterialBindingAPI is not applied on the prim
Warning: in BindingsAtPrim at line 671 of D:\__projects\_programming\vcpkg\buildtrees\usd\src\v25.11-c5a1a786cc.clean\pxr\usd\usdShade\materialBindingAPI.cpp -- Found material bindings on prim at path (/root/thelab01/workbench_grp/stationary_paper01_0002/GEO) but MaterialBindingAPI is not applied on the prim
Warning: in BindingsAtPrim at line 671 of D:\__projects\_programming\vcpkg\buildtrees\usd\src\v25.11-c5a1a786cc.clean\pxr\usd\usdShade\materialBindingAPI.cpp -- Found material bindings on prim at path (/root/thelab01/workbench_grp/stationary_paper01_0003/GEO) but MaterialBindingAPI is not applied on the prim
Warning: in BindingsAtPrim at line 671 of D:\__projects\_programming\vcpkg\buildtrees\usd\src\v25.11-c5a1a786cc.clean\pxr\usd\usdShade\materialBindingAPI.cpp -- Found material bindings on prim at path (/root/thelab01/workbench_grp/stationary_paper01_0004/GEO) but MaterialBindingAPI is not applied on the prim
Warning: in BindingsAtPrim at line 671 of D:\__projects\_programming\vcpkg\buildtrees\usd\src\v25.11-c5a1a786cc.clean\pxr\usd\usdShade\materialBindingAPI.cpp -- Found material bindings on prim at path (/root/thelab01/workbench_grp/chemistry_beaker_rack01_0005/GEO) but MaterialBindingAPI is not applied on the prim
Warning: in BindingsAtPrim at line 671 of D:\__projects\_programming\vcpkg\buildtrees\usd\src\v25.11-c5a1a786cc.clean\pxr\usd\usdShade\materialBindingAPI.cpp -- Found material bindings on prim at path (/root/thelab01/workbench_grp/chemistry_beaker_rack01_0005/GEO) but MaterialBindingAPI is not applied on the prim
Warning: in BindingsAtPrim at line 671 of D:\__projects\_programming\vcpkg\buildtrees\usd\src\v25.11-c5a1a786cc.clean\pxr\usd\usdShade\materialBindingAPI.cpp -- Found material bindings on prim at path (/root/thelab01/workbench_grp/chemistry_beaker_rack01_0006/GEO) but MaterialBindingAPI is not applied on the prim
Warning: in BindingsAtPrim at line 671 of D:\__projects\_programming\vcpkg\buildtrees\usd\src\v25.11-c5a1a786cc.clean\pxr\usd\usdShade\materialBindingAPI.cpp -- Found material bindings on prim at path (/root/thelab01/workbench_grp/chemistry_beaker_rack01_0006/GEO) but MaterialBindingAPI is not applied on the prim
Warning: in BindingsAtPrim at line 671 of D:\__projects\_programming\vcpkg\buildtrees\usd\src\v25.11-c5a1a786cc.clean\pxr\usd\usdShade\materialBindingAPI.cpp -- Found material bindings on prim at path (/root/thelab01/workbench_grp/chemistry_beaker_rack01_0010/GEO) but MaterialBindingAPI is not applied on the prim
Warning: in BindingsAtPrim at line 671 of D:\__projects\_programming\vcpkg\buildtrees\usd\src\v25.11-c5a1a786cc.clean\pxr\usd\usdShade\materialBindingAPI.cpp -- Found material bindings on prim at path (/root/thelab01/workbench_grp/chemistry_beaker_rack01_0010/GEO) but MaterialBindingAPI is not applied on the prim
Warning: in BindingsAtPrim at line 671 of D:\__projects\_programming\vcpkg\buildtrees\usd\src\v25.11-c5a1a786cc.clean\pxr\usd\usdShade\materialBindingAPI.cpp -- Found material bindings on prim at path (/root/thelab01/workbench_grp/decor_wooden_box01_0002/GEO) but MaterialBindingAPI is not applied on the prim
Warning: in BindingsAtPrim at line 671 of D:\__projects\_programming\vcpkg\buildtrees\usd\src\v25.11-c5a1a786cc.clean\pxr\usd\usdShade\materialBindingAPI.cpp -- Found material bindings on prim at path (/root/thelab01/workbench_grp/decor_wooden_box01_0002/GEO) but MaterialBindingAPI is not applied on the prim
Warning: in BindingsAtPrim at line 671 of D:\__projects\_programming\vcpkg\buildtrees\usd\src\v25.11-c5a1a786cc.clean\pxr\usd\usdShade\materialBindingAPI.cpp -- Found material bindings on prim at path (/root/thelab01/workbench_grp/decor_wooden_box01_0002/GEO) but MaterialBindingAPI is not applied on the prim
Warning: in BindingsAtPrim at line 671 of D:\__projects\_programming\vcpkg\buildtrees\usd\src\v25.11-c5a1a786cc.clean\pxr\usd\usdShade\materialBindingAPI.cpp -- Found material bindings on prim at path (/root/thelab01/workbench_grp/decor_wooden_box01_0002/GEO) but MaterialBindingAPI is not applied on the prim
Warning: in BindingsAtPrim at line 671 of D:\__projects\_programming\vcpkg\buildtrees\usd\src\v25.11-c5a1a786cc.clean\pxr\usd\usdShade\materialBindingAPI.cpp -- Found material bindings on prim at path (/root/thelab01/workbench_grp/decor_wooden_box01_0002/GEO) but MaterialBindingAPI is not applied on the prim
Warning: in BindingsAtPrim at line 671 of D:\__projects\_programming\vcpkg\buildtrees\usd\src\v25.11-c5a1a786cc.clean\pxr\usd\usdShade\materialBindingAPI.cpp -- Found material bindings on prim at path (/root/thelab01/workbench_grp/decor_wooden_box01_0002/GEO) but MaterialBindingAPI is not applied on the prim
Warning: in BindingsAtPrim at line 671 of D:\__projects\_programming\vcpkg\buildtrees\usd\src\v25.11-c5a1a786cc.clean\pxr\usd\usdShade\materialBindingAPI.cpp -- Found material bindings on prim at path (/root/thelab01/workbench_grp/decor_wooden_box01_0002/GEO) but MaterialBindingAPI is not applied on the prim
Warning: in BindingsAtPrim at line 671 of D:\__projects\_programming\vcpkg\buildtrees\usd\src\v25.11-c5a1a786cc.clean\pxr\usd\usdShade\materialBindingAPI.cpp -- Found material bindings on prim at path (/root/thelab01/workbench_grp/decor_wooden_box01_0002/GEO) but MaterialBindingAPI is not applied on the prim
Warning: in BindingsAtPrim at line 671 of D:\__projects\_programming\vcpkg\buildtrees\usd\src\v25.11-c5a1a786cc.clean\pxr\usd\usdShade\materialBindingAPI.cpp -- Found material bindings on prim at path (/root/thelab01/workbench_grp/decor_wooden_box01_0002/GEO) but MaterialBindingAPI is not applied on the prim
Warning: in BindingsAtPrim at line 671 of D:\__projects\_programming\vcpkg\buildtrees\usd\src\v25.11-c5a1a786cc.clean\pxr\usd\usdShade\materialBindingAPI.cpp -- Found material bindings on prim at path (/root/thelab01/workbench_grp/decor_wooden_box01_0002/GEO) but MaterialBindingAPI is not applied on the prim
Warning: in BindingsAtPrim at line 671 of D:\__projects\_programming\vcpkg\buildtrees\usd\src\v25.11-c5a1a786cc.clean\pxr\usd\usdShade\materialBindingAPI.cpp -- Found material bindings on prim at path (/root/thelab01/workbench_grp/decor_wooden_box01_0002/GEO) but MaterialBindingAPI is not applied on the prim
Warning: in BindingsAtPrim at line 671 of D:\__projects\_programming\vcpkg\buildtrees\usd\src\v25.11-c5a1a786cc.clean\pxr\usd\usdShade\materialBindingAPI.cpp -- Found material bindings on prim at path (/root/thelab01/workbench_grp/decor_wooden_box01_0002/GEO) but MaterialBindingAPI is not applied on the prim
Warning: in BindingsAtPrim at line 671 of D:\__projects\_programming\vcpkg\buildtrees\usd\src\v25.11-c5a1a786cc.clean\pxr\usd\usdShade\materialBindingAPI.cpp -- Found material bindings on prim at path (/root/thelab01/workbench_grp/decor_wooden_box01_0002/GEO) but MaterialBindingAPI is not applied on the prim
Warning: in BindingsAtPrim at line 671 of D:\__projects\_programming\vcpkg\buildtrees\usd\src\v25.11-c5a1a786cc.clean\pxr\usd\usdShade\materialBindingAPI.cpp -- Found material bindings on prim at path (/root/thelab01/workbench_grp/decor_wooden_box01_0002/GEO) but MaterialBindingAPI is not applied on the prim
Warning: in BindingsAtPrim at line 671 of D:\__projects\_programming\vcpkg\buildtrees\usd\src\v25.11-c5a1a786cc.clean\pxr\usd\usdShade\materialBindingAPI.cpp -- Found material bindings on prim at path (/root/thelab01/workbench_grp/decor_wooden_box01_0002/GEO) but MaterialBindingAPI is not applied on the prim
Warning: in BindingsAtPrim at line 671 of D:\__projects\_programming\vcpkg\buildtrees\usd\src\v25.11-c5a1a786cc.clean\pxr\usd\usdShade\materialBindingAPI.cpp -- Found material bindings on prim at path (/root/thelab01/workbench_grp/decor_wooden_box01_0002/GEO) but MaterialBindingAPI is not applied on the prim
Warning: in BindingsAtPrim at line 671 of D:\__projects\_programming\vcpkg\buildtrees\usd\src\v25.11-c5a1a786cc.clean\pxr\usd\usdShade\materialBindingAPI.cpp -- Found material bindings on prim at path (/root/thelab01/workbench_grp/decor_wooden_box01_0002/GEO) but MaterialBindingAPI is not applied on the prim
Warning: in BindingsAtPrim at line 671 of D:\__projects\_programming\vcpkg\buildtrees\usd\src\v25.11-c5a1a786cc.clean\pxr\usd\usdShade\materialBindingAPI.cpp -- Found material bindings on prim at path (/root/thelab01/workbench_grp/decor_wooden_box01_0002/GEO) but MaterialBindingAPI is not applied on the prim
Warning: in BindingsAtPrim at line 671 of D:\__projects\_programming\vcpkg\buildtrees\usd\src\v25.11-c5a1a786cc.clean\pxr\usd\usdShade\materialBindingAPI.cpp -- Found material bindings on prim at path (/root/thelab01/workbench_grp/decor_wooden_box01_0002/GEO) but MaterialBindingAPI is not applied on the prim
Warning: in BindingsAtPrim at line 671 of D:\__projects\_programming\vcpkg\buildtrees\usd\src\v25.11-c5a1a786cc.clean\pxr\usd\usdShade\materialBindingAPI.cpp -- Found material bindings on prim at path (/root/thelab01/workbench_grp/decor_wooden_box01_0002/GEO) but MaterialBindingAPI is not applied on the prim
Warning: in BindingsAtPrim at line 671 of D:\__projects\_programming\vcpkg\buildtrees\usd\src\v25.11-c5a1a786cc.clean\pxr\usd\usdShade\materialBindingAPI.cpp -- Found material bindings on prim at path (/root/thelab01/workbench_grp/decor_wooden_box01_0002/GEO) but MaterialBindingAPI is not applied on the prim
Warning: in BindingsAtPrim at line 671 of D:\__projects\_programming\vcpkg\buildtrees\usd\src\v25.11-c5a1a786cc.clean\pxr\usd\usdShade\materialBindingAPI.cpp -- Found material bindings on prim at path (/root/thelab01/workbench_grp/decor_wooden_box01_0002/GEO) but MaterialBindingAPI is not applied on the prim
Warning: in BindingsAtPrim at line 671 of D:\__projects\_programming\vcpkg\buildtrees\usd\src\v25.11-c5a1a786cc.clean\pxr\usd\usdShade\materialBindingAPI.cpp -- Found material bindings on prim at path (/root/thelab01/workbench_grp/decor_wooden_box01_0002/GEO) but MaterialBindingAPI is not applied on the prim
Warning: in BindingsAtPrim at line 671 of D:\__projects\_programming\vcpkg\buildtrees\usd\src\v25.11-c5a1a786cc.clean\pxr\usd\usdShade\materialBindingAPI.cpp -- Found material bindings on prim at path (/root/thelab01/workbench_grp/decor_wooden_box01_0002/GEO) but MaterialBindingAPI is not applied on the prim
Warning: in BindingsAtPrim at line 671 of D:\__projects\_programming\vcpkg\buildtrees\usd\src\v25.11-c5a1a786cc.clean\pxr\usd\usdShade\materialBindingAPI.cpp -- Found material bindings on prim at path (/root/thelab01/workbench_grp/decor_wooden_box01_0002/GEO) but MaterialBindingAPI is not applied on the prim
Warning: in BindingsAtPrim at line 671 of D:\__projects\_programming\vcpkg\buildtrees\usd\src\v25.11-c5a1a786cc.clean\pxr\usd\usdShade\materialBindingAPI.cpp -- Found material bindings on prim at path (/root/thelab01/workbench_grp/decor_wooden_box01_0002/GEO) but MaterialBindingAPI is not applied on the prim
Warning: in BindingsAtPrim at line 671 of D:\__projects\_programming\vcpkg\buildtrees\usd\src\v25.11-c5a1a786cc.clean\pxr\usd\usdShade\materialBindingAPI.cpp -- Found material bindings on prim at path (/root/thelab01/workbench_grp/decor_wooden_box01_0002/GEO) but MaterialBindingAPI is not applied on the prim
Warning: in BindingsAtPrim at line 671 of D:\__projects\_programming\vcpkg\buildtrees\usd\src\v25.11-c5a1a786cc.clean\pxr\usd\usdShade\materialBindingAPI.cpp -- Found material bindings on prim at path (/root/thelab01/workbench_grp/decor_wooden_box01_0002/GEO) but MaterialBindingAPI is not applied on the prim
Warning: in BindingsAtPrim at line 671 of D:\__projects\_programming\vcpkg\buildtrees\usd\src\v25.11-c5a1a786cc.clean\pxr\usd\usdShade\materialBindingAPI.cpp -- Found material bindings on prim at path (/root/thelab01/workbench_grp/decor_wooden_box01_0002/GEO) but MaterialBindingAPI is not applied on the prim
Warning: in BindingsAtPrim at line 671 of D:\__projects\_programming\vcpkg\buildtrees\usd\src\v25.11-c5a1a786cc.clean\pxr\usd\usdShade\materialBindingAPI.cpp -- Found material bindings on prim at path (/root/thelab01/workbench_grp/decor_wooden_box01_0002/GEO) but MaterialBindingAPI is not applied on the prim
Warning: in BindingsAtPrim at line 671 of D:\__projects\_programming\vcpkg\buildtrees\usd\src\v25.11-c5a1a786cc.clean\pxr\usd\usdShade\materialBindingAPI.cpp -- Found material bindings on prim at path (/root/thelab01/workbench_grp/chemistry_beaker_rack01_0011/GEO) but MaterialBindingAPI is not applied on the prim
Warning: in BindingsAtPrim at line 671 of D:\__projects\_programming\vcpkg\buildtrees\usd\src\v25.11-c5a1a786cc.clean\pxr\usd\usdShade\materialBindingAPI.cpp -- Found material bindings on prim at path (/root/thelab01/workbench_grp/chemistry_beaker_rack01_0011/GEO) but MaterialBindingAPI is not applied on the prim
Warning: in BindingsAtPrim at line 671 of D:\__projects\_programming\vcpkg\buildtrees\usd\src\v25.11-c5a1a786cc.clean\pxr\usd\usdShade\materialBindingAPI.cpp -- Found material bindings on prim at path (/root/thelab01/workbench_grp/toy_fun_coil_0001/GEO) but MaterialBindingAPI is not applied on the prim
Warning: in BindingsAtPrim at line 671 of D:\__projects\_programming\vcpkg\buildtrees\usd\src\v25.11-c5a1a786cc.clean\pxr\usd\usdShade\materialBindingAPI.cpp -- Found material bindings on prim at path (/root/thelab01/workbench_grp/toy_curly_surgery_0001/GEO) but MaterialBindingAPI is not applied on the prim
Warning: in BindingsAtPrim at line 671 of D:\__projects\_programming\vcpkg\buildtrees\usd\src\v25.11-c5a1a786cc.clean\pxr\usd\usdShade\materialBindingAPI.cpp -- Found material bindings on prim at path (/root/thelab01/workbench_grp/toy_curly_surgery_0001/GEO) but MaterialBindingAPI is not applied on the prim
Warning: in BindingsAtPrim at line 671 of D:\__projects\_programming\vcpkg\buildtrees\usd\src\v25.11-c5a1a786cc.clean\pxr\usd\usdShade\materialBindingAPI.cpp -- Found material bindings on prim at path (/root/thelab01/workbench_grp/toy_curly_surgery_0001/GEO) but MaterialBindingAPI is not applied on the prim
Warning: in BindingsAtPrim at line 671 of D:\__projects\_programming\vcpkg\buildtrees\usd\src\v25.11-c5a1a786cc.clean\pxr\usd\usdShade\materialBindingAPI.cpp -- Found material bindings on prim at path (/root/thelab01/workbench_grp/toy_curly_surgery_0001/GEO) but MaterialBindingAPI is not applied on the prim
Warning: in BindingsAtPrim at line 671 of D:\__projects\_programming\vcpkg\buildtrees\usd\src\v25.11-c5a1a786cc.clean\pxr\usd\usdShade\materialBindingAPI.cpp -- Found material bindings on prim at path (/root/thelab01/workbench_grp/toy_curly_surgery_0001/GEO) but MaterialBindingAPI is not applied on the prim
Warning: in BindingsAtPrim at line 671 of D:\__projects\_programming\vcpkg\buildtrees\usd\src\v25.11-c5a1a786cc.clean\pxr\usd\usdShade\materialBindingAPI.cpp -- Found material bindings on prim at path (/root/thelab01/workbench_grp/toy_curly_surgery_0001/GEO) but MaterialBindingAPI is not applied on the prim
Warning: in BindingsAtPrim at line 671 of D:\__projects\_programming\vcpkg\buildtrees\usd\src\v25.11-c5a1a786cc.clean\pxr\usd\usdShade\materialBindingAPI.cpp -- Found material bindings on prim at path (/root/thelab01/workbench_grp/toy_curly_surgery_0001/GEO) but MaterialBindingAPI is not applied on the prim
Warning: in BindingsAtPrim at line 671 of D:\__projects\_programming\vcpkg\buildtrees\usd\src\v25.11-c5a1a786cc.clean\pxr\usd\usdShade\materialBindingAPI.cpp -- Found material bindings on prim at path (/root/thelab01/workbench_grp/toy_curly_surgery_0001/GEO) but MaterialBindingAPI is not applied on the prim
Warning: in BindingsAtPrim at line 671 of D:\__projects\_programming\vcpkg\buildtrees\usd\src\v25.11-c5a1a786cc.clean\pxr\usd\usdShade\materialBindingAPI.cpp -- Found material bindings on prim at path (/root/thelab01/workbench_grp/toy_curly_surgery_0001/GEO) but MaterialBindingAPI is not applied on the prim
Warning: in BindingsAtPrim at line 671 of D:\__projects\_programming\vcpkg\buildtrees\usd\src\v25.11-c5a1a786cc.clean\pxr\usd\usdShade\materialBindingAPI.cpp -- Found material bindings on prim at path (/root/thelab01/workbench_grp/decor_bonsai_jar01_0001/GEO) but MaterialBindingAPI is not applied on the prim
Warning: in BindingsAtPrim at line 671 of D:\__projects\_programming\vcpkg\buildtrees\usd\src\v25.11-c5a1a786cc.clean\pxr\usd\usdShade\materialBindingAPI.cpp -- Found material bindings on prim at path (/root/thelab01/workbench_grp/decor_bonsai_jar01_0001/GEO) but MaterialBindingAPI is not applied on the prim
Warning: in BindingsAtPrim at line 671 of D:\__projects\_programming\vcpkg\buildtrees\usd\src\v25.11-c5a1a786cc.clean\pxr\usd\usdShade\materialBindingAPI.cpp -- Found material bindings on prim at path (/root/thelab01/workbench_grp/decor_bonsai_jar01_0001/GEO) but MaterialBindingAPI is not applied on the prim
Warning: in BindingsAtPrim at line 671 of D:\__projects\_programming\vcpkg\buildtrees\usd\src\v25.11-c5a1a786cc.clean\pxr\usd\usdShade\materialBindingAPI.cpp -- Found material bindings on prim at path (/root/thelab01/workbench_grp/electronics_wire_spool06_0001/GEO) but MaterialBindingAPI is not applied on the prim
Warning: in BindingsAtPrim at line 671 of D:\__projects\_programming\vcpkg\buildtrees\usd\src\v25.11-c5a1a786cc.clean\pxr\usd\usdShade\materialBindingAPI.cpp -- Found material bindings on prim at path (/root/thelab01/workbench_grp/electronics_wire_spool06_0001/GEO) but MaterialBindingAPI is not applied on the prim
Warning: in BindingsAtPrim at line 671 of D:\__projects\_programming\vcpkg\buildtrees\usd\src\v25.11-c5a1a786cc.clean\pxr\usd\usdShade\materialBindingAPI.cpp -- Found material bindings on prim at path (/root/thelab01/workbench_grp/electronics_wire_spool06_0001/GEO) but MaterialBindingAPI is not applied on the prim
Warning: in BindingsAtPrim at line 671 of D:\__projects\_programming\vcpkg\buildtrees\usd\src\v25.11-c5a1a786cc.clean\pxr\usd\usdShade\materialBindingAPI.cpp -- Found material bindings on prim at path (/root/thelab01/workbench_grp/electronics_powerpoint01_0001/GEO) but MaterialBindingAPI is not applied on the prim
Warning: in BindingsAtPrim at line 671 of D:\__projects\_programming\vcpkg\buildtrees\usd\src\v25.11-c5a1a786cc.clean\pxr\usd\usdShade\materialBindingAPI.cpp -- Found material bindings on prim at path (/root/thelab01/workbench_grp/electronics_powerpoint01_0001/GEO) but MaterialBindingAPI is not applied on the prim
Warning: in BindingsAtPrim at line 671 of D:\__projects\_programming\vcpkg\buildtrees\usd\src\v25.11-c5a1a786cc.clean\pxr\usd\usdShade\materialBindingAPI.cpp -- Found material bindings on prim at path (/root/thelab01/workbench_grp/electronics_powerpoint01_0001/GEO) but MaterialBindingAPI is not applied on the prim
Warning: in BindingsAtPrim at line 671 of D:\__projects\_programming\vcpkg\buildtrees\usd\src\v25.11-c5a1a786cc.clean\pxr\usd\usdShade\materialBindingAPI.cpp -- Found material bindings on prim at path (/root/thelab01/workbench_grp/electronics_powerpoint01_0002/GEO) but MaterialBindingAPI is not applied on the prim
Warning: in BindingsAtPrim at line 671 of D:\__projects\_programming\vcpkg\buildtrees\usd\src\v25.11-c5a1a786cc.clean\pxr\usd\usdShade\materialBindingAPI.cpp -- Found material bindings on prim at path (/root/thelab01/workbench_grp/electronics_powerpoint01_0002/GEO) but MaterialBindingAPI is not applied on the prim
Warning: in BindingsAtPrim at line 671 of D:\__projects\_programming\vcpkg\buildtrees\usd\src\v25.11-c5a1a786cc.clean\pxr\usd\usdShade\materialBindingAPI.cpp -- Found material bindings on prim at path (/root/thelab01/workbench_grp/electronics_powerpoint01_0002/GEO) but MaterialBindingAPI is not applied on the prim
Warning: in BindingsAtPrim at line 671 of D:\__projects\_programming\vcpkg\buildtrees\usd\src\v25.11-c5a1a786cc.clean\pxr\usd\usdShade\materialBindingAPI.cpp -- Found material bindings on prim at path (/root/thelab01/workbench_grp/electronics_powerpoint01_0003/GEO) but MaterialBindingAPI is not applied on the prim
Warning: in BindingsAtPrim at line 671 of D:\__projects\_programming\vcpkg\buildtrees\usd\src\v25.11-c5a1a786cc.clean\pxr\usd\usdShade\materialBindingAPI.cpp -- Found material bindings on prim at path (/root/thelab01/workbench_grp/electronics_powerpoint01_0003/GEO) but MaterialBindingAPI is not applied on the prim
Warning: in BindingsAtPrim at line 671 of D:\__projects\_programming\vcpkg\buildtrees\usd\src\v25.11-c5a1a786cc.clean\pxr\usd\usdShade\materialBindingAPI.cpp -- Found material bindings on prim at path (/root/thelab01/workbench_grp/electronics_powerpoint01_0003/GEO) but MaterialBindingAPI is not applied on the prim
Warning: in BindingsAtPrim at line 671 of D:\__projects\_programming\vcpkg\buildtrees\usd\src\v25.11-c5a1a786cc.clean\pxr\usd\usdShade\materialBindingAPI.cpp -- Found material bindings on prim at path (/root/thelab01/workbench_grp/electronics_powerpoint01_0004/GEO) but MaterialBindingAPI is not applied on the prim
Warning: in BindingsAtPrim at line 671 of D:\__projects\_programming\vcpkg\buildtrees\usd\src\v25.11-c5a1a786cc.clean\pxr\usd\usdShade\materialBindingAPI.cpp -- Found material bindings on prim at path (/root/thelab01/workbench_grp/electronics_powerpoint01_0004/GEO) but MaterialBindingAPI is not applied on the prim
Warning: in BindingsAtPrim at line 671 of D:\__projects\_programming\vcpkg\buildtrees\usd\src\v25.11-c5a1a786cc.clean\pxr\usd\usdShade\materialBindingAPI.cpp -- Found material bindings on prim at path (/root/thelab01/workbench_grp/electronics_powerpoint01_0004/GEO) but MaterialBindingAPI is not applied on the prim
Warning: in BindingsAtPrim at line 671 of D:\__projects\_programming\vcpkg\buildtrees\usd\src\v25.11-c5a1a786cc.clean\pxr\usd\usdShade\materialBindingAPI.cpp -- Found material bindings on prim at path (/root/thelab01/workbench_grp/electronics_powerpoint01_0005/GEO) but MaterialBindingAPI is not applied on the prim
Warning: in BindingsAtPrim at line 671 of D:\__projects\_programming\vcpkg\buildtrees\usd\src\v25.11-c5a1a786cc.clean\pxr\usd\usdShade\materialBindingAPI.cpp -- Found material bindings on prim at path (/root/thelab01/workbench_grp/electronics_powerpoint01_0005/GEO) but MaterialBindingAPI is not applied on the prim
Warning: in BindingsAtPrim at line 671 of D:\__projects\_programming\vcpkg\buildtrees\usd\src\v25.11-c5a1a786cc.clean\pxr\usd\usdShade\materialBindingAPI.cpp -- Found material bindings on prim at path (/root/thelab01/workbench_grp/electronics_powerpoint01_0005/GEO) but MaterialBindingAPI is not applied on the prim
Warning: in BindingsAtPrim at line 671 of D:\__projects\_programming\vcpkg\buildtrees\usd\src\v25.11-c5a1a786cc.clean\pxr\usd\usdShade\materialBindingAPI.cpp -- Found material bindings on prim at path (/root/thelab01/workbench_grp/electronics_powerpoint01_0006/GEO) but MaterialBindingAPI is not applied on the prim
Warning: in BindingsAtPrim at line 671 of D:\__projects\_programming\vcpkg\buildtrees\usd\src\v25.11-c5a1a786cc.clean\pxr\usd\usdShade\materialBindingAPI.cpp -- Found material bindings on prim at path (/root/thelab01/workbench_grp/electronics_powerpoint01_0006/GEO) but MaterialBindingAPI is not applied on the prim
Warning: in BindingsAtPrim at line 671 of D:\__projects\_programming\vcpkg\buildtrees\usd\src\v25.11-c5a1a786cc.clean\pxr\usd\usdShade\materialBindingAPI.cpp -- Found material bindings on prim at path (/root/thelab01/workbench_grp/electronics_powerpoint01_0006/GEO) but MaterialBindingAPI is not applied on the prim
Warning: in BindingsAtPrim at line 671 of D:\__projects\_programming\vcpkg\buildtrees\usd\src\v25.11-c5a1a786cc.clean\pxr\usd\usdShade\materialBindingAPI.cpp -- Found material bindings on prim at path (/root/thelab01/workbench_grp/electronics_powerpoint01_0007/GEO) but MaterialBindingAPI is not applied on the prim
Warning: in BindingsAtPrim at line 671 of D:\__projects\_programming\vcpkg\buildtrees\usd\src\v25.11-c5a1a786cc.clean\pxr\usd\usdShade\materialBindingAPI.cpp -- Found material bindings on prim at path (/root/thelab01/workbench_grp/electronics_powerpoint01_0007/GEO) but MaterialBindingAPI is not applied on the prim
Warning: in BindingsAtPrim at line 671 of D:\__projects\_programming\vcpkg\buildtrees\usd\src\v25.11-c5a1a786cc.clean\pxr\usd\usdShade\materialBindingAPI.cpp -- Found material bindings on prim at path (/root/thelab01/workbench_grp/electronics_powerpoint01_0007/GEO) but MaterialBindingAPI is not applied on the prim
Warning: in BindingsAtPrim at line 671 of D:\__projects\_programming\vcpkg\buildtrees\usd\src\v25.11-c5a1a786cc.clean\pxr\usd\usdShade\materialBindingAPI.cpp -- Found material bindings on prim at path (/root/thelab01/workbench_grp/chemistry_test_tube01_0009/GEO) but MaterialBindingAPI is not applied on the prim
Warning: in BindingsAtPrim at line 671 of D:\__projects\_programming\vcpkg\buildtrees\usd\src\v25.11-c5a1a786cc.clean\pxr\usd\usdShade\materialBindingAPI.cpp -- Found material bindings on prim at path (/root/thelab01/workbench_grp/chemistry_test_tube01_0009/GEO) but MaterialBindingAPI is not applied on the prim
Warning: in BindingsAtPrim at line 671 of D:\__projects\_programming\vcpkg\buildtrees\usd\src\v25.11-c5a1a786cc.clean\pxr\usd\usdShade\materialBindingAPI.cpp -- Found material bindings on prim at path (/root/thelab01/workbench_grp/chemistry_test_tube03_0013/GEO) but MaterialBindingAPI is not applied on the prim
Warning: in BindingsAtPrim at line 671 of D:\__projects\_programming\vcpkg\buildtrees\usd\src\v25.11-c5a1a786cc.clean\pxr\usd\usdShade\materialBindingAPI.cpp -- Found material bindings on prim at path (/root/thelab01/workbench_grp/chemistry_test_tube03_0013/GEO) but MaterialBindingAPI is not applied on the prim
Warning: in BindingsAtPrim at line 671 of D:\__projects\_programming\vcpkg\buildtrees\usd\src\v25.11-c5a1a786cc.clean\pxr\usd\usdShade\materialBindingAPI.cpp -- Found material bindings on prim at path (/root/thelab01/workbench_grp/chemistry_test_tube02_0011/GEO) but MaterialBindingAPI is not applied on the prim
Warning: in BindingsAtPrim at line 671 of D:\__projects\_programming\vcpkg\buildtrees\usd\src\v25.11-c5a1a786cc.clean\pxr\usd\usdShade\materialBindingAPI.cpp -- Found material bindings on prim at path (/root/thelab01/workbench_grp/chemistry_test_tube02_0011/GEO) but MaterialBindingAPI is not applied on the prim
Warning: in BindingsAtPrim at line 671 of D:\__projects\_programming\vcpkg\buildtrees\usd\src\v25.11-c5a1a786cc.clean\pxr\usd\usdShade\materialBindingAPI.cpp -- Found material bindings on prim at path (/root/thelab01/workbench_grp/chemistry_test_tube01_0010/GEO) but MaterialBindingAPI is not applied on the prim
Warning: in BindingsAtPrim at line 671 of D:\__projects\_programming\vcpkg\buildtrees\usd\src\v25.11-c5a1a786cc.clean\pxr\usd\usdShade\materialBindingAPI.cpp -- Found material bindings on prim at path (/root/thelab01/workbench_grp/chemistry_test_tube01_0010/GEO) but MaterialBindingAPI is not applied on the prim
Warning: in BindingsAtPrim at line 671 of D:\__projects\_programming\vcpkg\buildtrees\usd\src\v25.11-c5a1a786cc.clean\pxr\usd\usdShade\materialBindingAPI.cpp -- Found material bindings on prim at path (/root/thelab01/workbench_grp/chemistry_test_tube02_0012/GEO) but MaterialBindingAPI is not applied on the prim
Warning: in BindingsAtPrim at line 671 of D:\__projects\_programming\vcpkg\buildtrees\usd\src\v25.11-c5a1a786cc.clean\pxr\usd\usdShade\materialBindingAPI.cpp -- Found material bindings on prim at path (/root/thelab01/workbench_grp/chemistry_test_tube02_0012/GEO) but MaterialBindingAPI is not applied on the prim
Warning: in BindingsAtPrim at line 671 of D:\__projects\_programming\vcpkg\buildtrees\usd\src\v25.11-c5a1a786cc.clean\pxr\usd\usdShade\materialBindingAPI.cpp -- Found material bindings on prim at path (/root/thelab01/workbench_grp/chemistry_test_tube03_0014/GEO) but MaterialBindingAPI is not applied on the prim
Warning: in BindingsAtPrim at line 671 of D:\__projects\_programming\vcpkg\buildtrees\usd\src\v25.11-c5a1a786cc.clean\pxr\usd\usdShade\materialBindingAPI.cpp -- Found material bindings on prim at path (/root/thelab01/workbench_grp/chemistry_test_tube03_0014/GEO) but MaterialBindingAPI is not applied on the prim
Warning: in BindingsAtPrim at line 671 of D:\__projects\_programming\vcpkg\buildtrees\usd\src\v25.11-c5a1a786cc.clean\pxr\usd\usdShade\materialBindingAPI.cpp -- Found material bindings on prim at path (/root/thelab01/workbench_grp/chemistry_test_tube01_0011/GEO) but MaterialBindingAPI is not applied on the prim
Warning: in BindingsAtPrim at line 671 of D:\__projects\_programming\vcpkg\buildtrees\usd\src\v25.11-c5a1a786cc.clean\pxr\usd\usdShade\materialBindingAPI.cpp -- Found material bindings on prim at path (/root/thelab01/workbench_grp/chemistry_test_tube01_0011/GEO) but MaterialBindingAPI is not applied on the prim
Warning: in BindingsAtPrim at line 671 of D:\__projects\_programming\vcpkg\buildtrees\usd\src\v25.11-c5a1a786cc.clean\pxr\usd\usdShade\materialBindingAPI.cpp -- Found material bindings on prim at path (/root/thelab01/workbench_grp/chemistry_test_tube01_0012/GEO) but MaterialBindingAPI is not applied on the prim
Warning: in BindingsAtPrim at line 671 of D:\__projects\_programming\vcpkg\buildtrees\usd\src\v25.11-c5a1a786cc.clean\pxr\usd\usdShade\materialBindingAPI.cpp -- Found material bindings on prim at path (/root/thelab01/workbench_grp/chemistry_test_tube01_0012/GEO) but MaterialBindingAPI is not applied on the prim
Warning: in BindingsAtPrim at line 671 of D:\__projects\_programming\vcpkg\buildtrees\usd\src\v25.11-c5a1a786cc.clean\pxr\usd\usdShade\materialBindingAPI.cpp -- Found material bindings on prim at path (/root/thelab01/workbench_grp/chemistry_test_tube02_0013/GEO) but MaterialBindingAPI is not applied on the prim
Warning: in BindingsAtPrim at line 671 of D:\__projects\_programming\vcpkg\buildtrees\usd\src\v25.11-c5a1a786cc.clean\pxr\usd\usdShade\materialBindingAPI.cpp -- Found material bindings on prim at path (/root/thelab01/workbench_grp/chemistry_test_tube02_0013/GEO) but MaterialBindingAPI is not applied on the prim
Warning: in BindingsAtPrim at line 671 of D:\__projects\_programming\vcpkg\buildtrees\usd\src\v25.11-c5a1a786cc.clean\pxr\usd\usdShade\materialBindingAPI.cpp -- Found material bindings on prim at path (/root/thelab01/workbench_grp/chemistry_test_tube02_0014/GEO) but MaterialBindingAPI is not applied on the prim
Warning: in BindingsAtPrim at line 671 of D:\__projects\_programming\vcpkg\buildtrees\usd\src\v25.11-c5a1a786cc.clean\pxr\usd\usdShade\materialBindingAPI.cpp -- Found material bindings on prim at path (/root/thelab01/workbench_grp/chemistry_test_tube02_0014/GEO) but MaterialBindingAPI is not applied on the prim
Warning: in BindingsAtPrim at line 671 of D:\__projects\_programming\vcpkg\buildtrees\usd\src\v25.11-c5a1a786cc.clean\pxr\usd\usdShade\materialBindingAPI.cpp -- Found material bindings on prim at path (/root/thelab01/workbench_grp/chemistry_test_tube03_0015/GEO) but MaterialBindingAPI is not applied on the prim
Warning: in BindingsAtPrim at line 671 of D:\__projects\_programming\vcpkg\buildtrees\usd\src\v25.11-c5a1a786cc.clean\pxr\usd\usdShade\materialBindingAPI.cpp -- Found material bindings on prim at path (/root/thelab01/workbench_grp/chemistry_test_tube03_0015/GEO) but MaterialBindingAPI is not applied on the prim
Warning: in BindingsAtPrim at line 671 of D:\__projects\_programming\vcpkg\buildtrees\usd\src\v25.11-c5a1a786cc.clean\pxr\usd\usdShade\materialBindingAPI.cpp -- Found material bindings on prim at path (/root/thelab01/workbench_grp/chemistry_test_tube03_0016/GEO) but MaterialBindingAPI is not applied on the prim
Warning: in BindingsAtPrim at line 671 of D:\__projects\_programming\vcpkg\buildtrees\usd\src\v25.11-c5a1a786cc.clean\pxr\usd\usdShade\materialBindingAPI.cpp -- Found material bindings on prim at path (/root/thelab01/workbench_grp/chemistry_test_tube03_0016/GEO) but MaterialBindingAPI is not applied on the prim
Warning: in BindingsAtPrim at line 671 of D:\__projects\_programming\vcpkg\buildtrees\usd\src\v25.11-c5a1a786cc.clean\pxr\usd\usdShade\materialBindingAPI.cpp -- Found material bindings on prim at path (/root/thelab01/workbench_grp/chemistry_test_tube01_0013/GEO) but MaterialBindingAPI is not applied on the prim
Warning: in BindingsAtPrim at line 671 of D:\__projects\_programming\vcpkg\buildtrees\usd\src\v25.11-c5a1a786cc.clean\pxr\usd\usdShade\materialBindingAPI.cpp -- Found material bindings on prim at path (/root/thelab01/workbench_grp/chemistry_test_tube01_0013/GEO) but MaterialBindingAPI is not applied on the prim
Warning: in BindingsAtPrim at line 671 of D:\__projects\_programming\vcpkg\buildtrees\usd\src\v25.11-c5a1a786cc.clean\pxr\usd\usdShade\materialBindingAPI.cpp -- Found material bindings on prim at path (/root/thelab01/workbench_grp/chemistry_test_tube01_0014/GEO) but MaterialBindingAPI is not applied on the prim
Warning: in BindingsAtPrim at line 671 of D:\__projects\_programming\vcpkg\buildtrees\usd\src\v25.11-c5a1a786cc.clean\pxr\usd\usdShade\materialBindingAPI.cpp -- Found material bindings on prim at path (/root/thelab01/workbench_grp/chemistry_test_tube01_0014/GEO) but MaterialBindingAPI is not applied on the prim
Warning: in BindingsAtPrim at line 671 of D:\__projects\_programming\vcpkg\buildtrees\usd\src\v25.11-c5a1a786cc.clean\pxr\usd\usdShade\materialBindingAPI.cpp -- Found material bindings on prim at path (/root/thelab01/workbench_grp/chemistry_test_tube01_0015/GEO) but MaterialBindingAPI is not applied on the prim
Warning: in BindingsAtPrim at line 671 of D:\__projects\_programming\vcpkg\buildtrees\usd\src\v25.11-c5a1a786cc.clean\pxr\usd\usdShade\materialBindingAPI.cpp -- Found material bindings on prim at path (/root/thelab01/workbench_grp/chemistry_test_tube01_0015/GEO) but MaterialBindingAPI is not applied on the prim
Warning: in BindingsAtPrim at line 671 of D:\__projects\_programming\vcpkg\buildtrees\usd\src\v25.11-c5a1a786cc.clean\pxr\usd\usdShade\materialBindingAPI.cpp -- Found material bindings on prim at path (/root/thelab01/workbench_grp/chemistry_test_tube01_0016/GEO) but MaterialBindingAPI is not applied on the prim
Warning: in BindingsAtPrim at line 671 of D:\__projects\_programming\vcpkg\buildtrees\usd\src\v25.11-c5a1a786cc.clean\pxr\usd\usdShade\materialBindingAPI.cpp -- Found material bindings on prim at path (/root/thelab01/workbench_grp/chemistry_test_tube01_0016/GEO) but MaterialBindingAPI is not applied on the prim
Warning: in BindingsAtPrim at line 671 of D:\__projects\_programming\vcpkg\buildtrees\usd\src\v25.11-c5a1a786cc.clean\pxr\usd\usdShade\materialBindingAPI.cpp -- Found material bindings on prim at path (/root/thelab01/workbench_grp/chemistry_test_tube02_0015/GEO) but MaterialBindingAPI is not applied on the prim
Warning: in BindingsAtPrim at line 671 of D:\__projects\_programming\vcpkg\buildtrees\usd\src\v25.11-c5a1a786cc.clean\pxr\usd\usdShade\materialBindingAPI.cpp -- Found material bindings on prim at path (/root/thelab01/workbench_grp/chemistry_test_tube02_0015/GEO) but MaterialBindingAPI is not applied on the prim
Warning: in BindingsAtPrim at line 671 of D:\__projects\_programming\vcpkg\buildtrees\usd\src\v25.11-c5a1a786cc.clean\pxr\usd\usdShade\materialBindingAPI.cpp -- Found material bindings on prim at path (/root/thelab01/workbench_grp/chemistry_test_tube02_0016/GEO) but MaterialBindingAPI is not applied on the prim
Warning: in BindingsAtPrim at line 671 of D:\__projects\_programming\vcpkg\buildtrees\usd\src\v25.11-c5a1a786cc.clean\pxr\usd\usdShade\materialBindingAPI.cpp -- Found material bindings on prim at path (/root/thelab01/workbench_grp/chemistry_test_tube02_0016/GEO) but MaterialBindingAPI is not applied on the prim
Warning: in BindingsAtPrim at line 671 of D:\__projects\_programming\vcpkg\buildtrees\usd\src\v25.11-c5a1a786cc.clean\pxr\usd\usdShade\materialBindingAPI.cpp -- Found material bindings on prim at path (/root/thelab01/workbench_grp/chemistry_test_tube02_0017/GEO) but MaterialBindingAPI is not applied on the prim
Warning: in BindingsAtPrim at line 671 of D:\__projects\_programming\vcpkg\buildtrees\usd\src\v25.11-c5a1a786cc.clean\pxr\usd\usdShade\materialBindingAPI.cpp -- Found material bindings on prim at path (/root/thelab01/workbench_grp/chemistry_test_tube02_0017/GEO) but MaterialBindingAPI is not applied on the prim
Warning: in BindingsAtPrim at line 671 of D:\__projects\_programming\vcpkg\buildtrees\usd\src\v25.11-c5a1a786cc.clean\pxr\usd\usdShade\materialBindingAPI.cpp -- Found material bindings on prim at path (/root/thelab01/workbench_grp/chemistry_test_tube02_0018/GEO) but MaterialBindingAPI is not applied on the prim
Warning: in BindingsAtPrim at line 671 of D:\__projects\_programming\vcpkg\buildtrees\usd\src\v25.11-c5a1a786cc.clean\pxr\usd\usdShade\materialBindingAPI.cpp -- Found material bindings on prim at path (/root/thelab01/workbench_grp/chemistry_test_tube02_0018/GEO) but MaterialBindingAPI is not applied on the prim
Warning: in BindingsAtPrim at line 671 of D:\__projects\_programming\vcpkg\buildtrees\usd\src\v25.11-c5a1a786cc.clean\pxr\usd\usdShade\materialBindingAPI.cpp -- Found material bindings on prim at path (/root/thelab01/workbench_grp/chemistry_test_tube03_0017/GEO) but MaterialBindingAPI is not applied on the prim
Warning: in BindingsAtPrim at line 671 of D:\__projects\_programming\vcpkg\buildtrees\usd\src\v25.11-c5a1a786cc.clean\pxr\usd\usdShade\materialBindingAPI.cpp -- Found material bindings on prim at path (/root/thelab01/workbench_grp/chemistry_test_tube03_0017/GEO) but MaterialBindingAPI is not applied on the prim
Warning: in BindingsAtPrim at line 671 of D:\__projects\_programming\vcpkg\buildtrees\usd\src\v25.11-c5a1a786cc.clean\pxr\usd\usdShade\materialBindingAPI.cpp -- Found material bindings on prim at path (/root/thelab01/workbench_grp/chemistry_test_tube03_0018/GEO) but MaterialBindingAPI is not applied on the prim
Warning: in BindingsAtPrim at line 671 of D:\__projects\_programming\vcpkg\buildtrees\usd\src\v25.11-c5a1a786cc.clean\pxr\usd\usdShade\materialBindingAPI.cpp -- Found material bindings on prim at path (/root/thelab01/workbench_grp/chemistry_test_tube03_0018/GEO) but MaterialBindingAPI is not applied on the prim
Warning: in BindingsAtPrim at line 671 of D:\__projects\_programming\vcpkg\buildtrees\usd\src\v25.11-c5a1a786cc.clean\pxr\usd\usdShade\materialBindingAPI.cpp -- Found material bindings on prim at path (/root/thelab01/workbench_grp/chemistry_test_tube03_0019/GEO) but MaterialBindingAPI is not applied on the prim
Warning: in BindingsAtPrim at line 671 of D:\__projects\_programming\vcpkg\buildtrees\usd\src\v25.11-c5a1a786cc.clean\pxr\usd\usdShade\materialBindingAPI.cpp -- Found material bindings on prim at path (/root/thelab01/workbench_grp/chemistry_test_tube03_0019/GEO) but MaterialBindingAPI is not applied on the prim
Warning: in BindingsAtPrim at line 671 of D:\__projects\_programming\vcpkg\buildtrees\usd\src\v25.11-c5a1a786cc.clean\pxr\usd\usdShade\materialBindingAPI.cpp -- Found material bindings on prim at path (/root/thelab01/workbench_grp/chemistry_test_tube03_0020/GEO) but MaterialBindingAPI is not applied on the prim
Warning: in BindingsAtPrim at line 671 of D:\__projects\_programming\vcpkg\buildtrees\usd\src\v25.11-c5a1a786cc.clean\pxr\usd\usdShade\materialBindingAPI.cpp -- Found material bindings on prim at path (/root/thelab01/workbench_grp/chemistry_test_tube03_0020/GEO) but MaterialBindingAPI is not applied on the prim
Warning: in BindingsAtPrim at line 671 of D:\__projects\_programming\vcpkg\buildtrees\usd\src\v25.11-c5a1a786cc.clean\pxr\usd\usdShade\materialBindingAPI.cpp -- Found material bindings on prim at path (/root/thelab01/workbench_grp/chemistry_test_tube01_0017/GEO) but MaterialBindingAPI is not applied on the prim
Warning: in BindingsAtPrim at line 671 of D:\__projects\_programming\vcpkg\buildtrees\usd\src\v25.11-c5a1a786cc.clean\pxr\usd\usdShade\materialBindingAPI.cpp -- Found material bindings on prim at path (/root/thelab01/workbench_grp/chemistry_test_tube01_0017/GEO) but MaterialBindingAPI is not applied on the prim
Warning: in BindingsAtPrim at line 671 of D:\__projects\_programming\vcpkg\buildtrees\usd\src\v25.11-c5a1a786cc.clean\pxr\usd\usdShade\materialBindingAPI.cpp -- Found material bindings on prim at path (/root/thelab01/workbench_grp/chemistry_test_tube02_0019/GEO) but MaterialBindingAPI is not applied on the prim
Warning: in BindingsAtPrim at line 671 of D:\__projects\_programming\vcpkg\buildtrees\usd\src\v25.11-c5a1a786cc.clean\pxr\usd\usdShade\materialBindingAPI.cpp -- Found material bindings on prim at path (/root/thelab01/workbench_grp/chemistry_test_tube02_0019/GEO) but MaterialBindingAPI is not applied on the prim
Warning: in BindingsAtPrim at line 671 of D:\__projects\_programming\vcpkg\buildtrees\usd\src\v25.11-c5a1a786cc.clean\pxr\usd\usdShade\materialBindingAPI.cpp -- Found material bindings on prim at path (/root/thelab01/workbench_grp/chemistry_test_tube03_0021/GEO) but MaterialBindingAPI is not applied on the prim
Warning: in BindingsAtPrim at line 671 of D:\__projects\_programming\vcpkg\buildtrees\usd\src\v25.11-c5a1a786cc.clean\pxr\usd\usdShade\materialBindingAPI.cpp -- Found material bindings on prim at path (/root/thelab01/workbench_grp/chemistry_test_tube03_0021/GEO) but MaterialBindingAPI is not applied on the prim
Warning: in BindingsAtPrim at line 671 of D:\__projects\_programming\vcpkg\buildtrees\usd\src\v25.11-c5a1a786cc.clean\pxr\usd\usdShade\materialBindingAPI.cpp -- Found material bindings on prim at path (/root/thelab01/workbench_grp/vegetation_bonsai01_0001/SPRUCE/Trunk/vegetation_bonsai_trunk01/GEO) but MaterialBindingAPI is not applied on the prim
Warning: in BindingsAtPrim at line 671 of D:\__projects\_programming\vcpkg\buildtrees\usd\src\v25.11-c5a1a786cc.clean\pxr\usd\usdShade\materialBindingAPI.cpp -- Found material bindings on prim at path (/root/thelab01/workbench_grp/vegetation_bonsai01_0001/SPRUCE/Generation1/Prototypes/vegetation_bonsai_branch01/GEO) but MaterialBindingAPI is not applied on the prim
Warning: in BindingsAtPrim at line 671 of D:\__projects\_programming\vcpkg\buildtrees\usd\src\v25.11-c5a1a786cc.clean\pxr\usd\usdShade\materialBindingAPI.cpp -- Found material bindings on prim at path (/root/thelab01/workbench_grp/vegetation_bonsai01_0001/SPRUCE/Generation1/Prototypes/vegetation_bonsai_branch02/GEO) but MaterialBindingAPI is not applied on the prim
Warning: in BindingsAtPrim at line 671 of D:\__projects\_programming\vcpkg\buildtrees\usd\src\v25.11-c5a1a786cc.clean\pxr\usd\usdShade\materialBindingAPI.cpp -- Found material bindings on prim at path (/root/thelab01/workbench_grp/vegetation_bonsai01_0001/SPRUCE/Generation1/Prototypes/vegetation_bonsai_branch03/GEO) but MaterialBindingAPI is not applied on the prim
Warning: in BindingsAtPrim at line 671 of D:\__projects\_programming\vcpkg\buildtrees\usd\src\v25.11-c5a1a786cc.clean\pxr\usd\usdShade\materialBindingAPI.cpp -- Found material bindings on prim at path (/root/thelab01/workbench_grp/vegetation_bonsai01_0001/SPRUCE/Generation2/Prototypes/vegetation_bonsai_twig01/GEO) but MaterialBindingAPI is not applied on the prim
Warning: in BindingsAtPrim at line 671 of D:\__projects\_programming\vcpkg\buildtrees\usd\src\v25.11-c5a1a786cc.clean\pxr\usd\usdShade\materialBindingAPI.cpp -- Found material bindings on prim at path (/root/thelab01/workbench_grp/vegetation_bonsai01_0001/SPRUCE/Generation2/Prototypes/vegetation_bonsai_twig02/GEO) but MaterialBindingAPI is not applied on the prim
Warning: in BindingsAtPrim at line 671 of D:\__projects\_programming\vcpkg\buildtrees\usd\src\v25.11-c5a1a786cc.clean\pxr\usd\usdShade\materialBindingAPI.cpp -- Found material bindings on prim at path (/root/thelab01/workbench_grp/vegetation_bonsai01_0001/SPRUCE/Generation2/Prototypes/vegetation_bonsai_twig03/GEO) but MaterialBindingAPI is not applied on the prim
Warning: in BindingsAtPrim at line 671 of D:\__projects\_programming\vcpkg\buildtrees\usd\src\v25.11-c5a1a786cc.clean\pxr\usd\usdShade\materialBindingAPI.cpp -- Found material bindings on prim at path (/root/thelab01/workbench_grp/vegetation_bonsai01_0001/SPRUCE/Leaves/Prototypes/test202009demo_ll_leaf01_sm01/GEO) but MaterialBindingAPI is not applied on the prim
Warning: in BindingsAtPrim at line 671 of D:\__projects\_programming\vcpkg\buildtrees\usd\src\v25.11-c5a1a786cc.clean\pxr\usd\usdShade\materialBindingAPI.cpp -- Found material bindings on prim at path (/root/thelab01/shed_grp/structure_wall_fibro01_0002/GEO) but MaterialBindingAPI is not applied on the prim
Warning: in BindingsAtPrim at line 671 of D:\__projects\_programming\vcpkg\buildtrees\usd\src\v25.11-c5a1a786cc.clean\pxr\usd\usdShade\materialBindingAPI.cpp -- Found material bindings on prim at path (/root/thelab01/shed_grp/structure_wall_fibro01_0002/GEO) but MaterialBindingAPI is not applied on the prim
Warning: in BindingsAtPrim at line 671 of D:\__projects\_programming\vcpkg\buildtrees\usd\src\v25.11-c5a1a786cc.clean\pxr\usd\usdShade\materialBindingAPI.cpp -- Found material bindings on prim at path (/root/thelab01/shed_grp/structure_wall_fibro02_0001/GEO) but MaterialBindingAPI is not applied on the prim
Warning: in BindingsAtPrim at line 671 of D:\__projects\_programming\vcpkg\buildtrees\usd\src\v25.11-c5a1a786cc.clean\pxr\usd\usdShade\materialBindingAPI.cpp -- Found material bindings on prim at path (/root/thelab01/shed_grp/structure_wall_fibro02_0001/GEO) but MaterialBindingAPI is not applied on the prim
Warning: in BindingsAtPrim at line 671 of D:\__projects\_programming\vcpkg\buildtrees\usd\src\v25.11-c5a1a786cc.clean\pxr\usd\usdShade\materialBindingAPI.cpp -- Found material bindings on prim at path (/root/thelab01/shed_grp/structure_wall_fibro03_0001/GEO) but MaterialBindingAPI is not applied on the prim
Warning: in BindingsAtPrim at line 671 of D:\__projects\_programming\vcpkg\buildtrees\usd\src\v25.11-c5a1a786cc.clean\pxr\usd\usdShade\materialBindingAPI.cpp -- Found material bindings on prim at path (/root/thelab01/shed_grp/structure_wall_fibro03_0001/GEO) but MaterialBindingAPI is not applied on the prim
[2026-03-15T19:37:29Z INFO  bif_core::usd::loader] Stage metadata: Y-up, cm
[2026-03-15T19:37:29Z INFO  bif_core::usd::loader] Timeline: frames 1200-1300 @ 24 fps
[2026-03-15T19:37:30Z INFO  bif_core::usd::loader] Native instances: 573 (0.4ms)
[2026-03-15T19:37:30Z INFO  bif_core::usd::loader] Bound 406 / 528 meshes to materials
[2026-03-15T19:37:30Z INFO  bif_core::usd::loader] Loaded 8 lights
[2026-03-15T19:37:30Z INFO  bif_core::usd::loader] Loaded 444 unique prototypes from 528 meshes, 132 materials
[2026-03-15T19:37:30Z WARN  bif_core::usd::loader] Instancer /root/thelab01/workbench_grp/vegetation_bonsai01_0001/SPRUCE/Generation1 has no resolvable prototypes
[2026-03-15T19:37:30Z WARN  bif_core::usd::loader] Instancer /root/thelab01/workbench_grp/vegetation_bonsai01_0001/SPRUCE/Generation2 has no resolvable prototypes
[2026-03-15T19:37:30Z WARN  bif_core::usd::loader] Instancer /root/thelab01/workbench_grp/vegetation_bonsai01_0001/SPRUCE/Leaves has no resolvable prototypes
[2026-03-15T19:37:30Z INFO  bif_core::usd::loader] USD Load: Z:\_houdiniFiles\USD\USD_ALab_0730\entry.usda (528 meshes, 1,424,404 verts, 132 materials, 790 instances)
[2026-03-15T19:37:30Z INFO  bif_core::usd::loader]   Stage open:  7039.6ms
[2026-03-15T19:37:30Z INFO  bif_core::usd::loader]   Meshes:        66.8ms
[2026-03-15T19:37:30Z INFO  bif_core::usd::loader]   Materials:      0.7ms
[2026-03-15T19:37:30Z INFO  bif_core::usd::loader]   Lights:         0.0ms (8 lights)
[2026-03-15T19:37:30Z INFO  bif_core::usd::loader]   Instancers:     0.1ms
[2026-03-15T19:37:30Z INFO  bif_core::usd::loader]   Total:       7107.9ms
[2026-03-15T19:37:30Z INFO  bif_viewport::scene_loader] Scene has 444 prototypes - using multi-draw with per-prototype buffers
[2026-03-15T19:37:30Z INFO  bif_viewport::scene_loader] Material:  (metallic=0.00, roughness=0.50)
[2026-03-15T19:37:30Z INFO  bif_viewport::scene_loader] Loaded 1640725 vertices, 7699947 indices from USD scene
[2026-03-15T19:37:30Z INFO  bif_viewport::texture_loader] Collected 272 texture paths from materials
[2026-03-15T19:37:30Z INFO  bif_viewport::texture_loader] Prepared 272 placeholder textures for async loading
[2026-03-15T19:37:30Z INFO  bif_viewport::texture_loader] Collected 272 texture paths from materials
[2026-03-15T19:37:30Z INFO  bif_core::texture] Texture stationary_notepad01_proxyTexture.jpg (512x512): decode=34.0ms, convert=1.0ms, linear=3.6ms, total=38.6ms
[2026-03-15T19:37:30Z INFO  bif_core::texture] Texture electronics_wire_spool01_proxyTexture.jpg (512x512): decode=35.2ms, convert=1.0ms, linear=3.7ms, total=39.8ms
[2026-03-15T19:37:30Z INFO  bif_core::texture] Texture furniture_blackboard01_proxyTexture.jpg (512x512): decode=36.8ms, convert=1.5ms, linear=4.4ms, total=42.8ms
[2026-03-15T19:37:30Z INFO  bif_core::texture] Texture electronics_portable_tv01_proxyTexture.jpg (512x512): decode=38.1ms, convert=2.2ms, linear=4.6ms, total=44.9ms
[2026-03-15T19:37:30Z INFO  bif_core::texture] Texture chemistry_kipps_apparatus01_proxyTexture.jpg (512x512): decode=39.6ms, convert=1.9ms, linear=4.0ms, total=45.5ms
[2026-03-15T19:37:30Z INFO  bif_core::texture] Texture electronics_wire_spool02_proxyTexture.jpg (512x512): decode=40.3ms, convert=1.6ms, linear=4.3ms, total=46.2ms
[2026-03-15T19:37:30Z INFO  bif_core::texture] Texture electronics_oscilloscope01_proxyTexture.jpg (512x512): decode=40.5ms, convert=1.6ms, linear=4.9ms, total=47.0ms
[2026-03-15T19:37:30Z INFO  bif_core::texture] Texture chemistry_beaker02_proxyTexture.jpg (512x512): decode=43.8ms, convert=1.5ms, linear=4.5ms, total=49.9ms
[2026-03-15T19:37:30Z INFO  bif_core::texture] Texture chemistry_microscope01_proxyTexture.jpg (512x512): decode=45.5ms, convert=1.9ms, linear=3.9ms, total=51.4ms
[2026-03-15T19:37:30Z INFO  bif_core::texture] Texture furniture_workbench01_proxyTexture.jpg (512x512): decode=48.8ms, convert=2.1ms, linear=3.6ms, total=54.5ms
[2026-03-15T19:37:30Z INFO  bif_core::texture] Texture electronics_tesla_coil01_proxyTexture.jpg (512x512): decode=48.3ms, convert=2.2ms, linear=3.9ms, total=54.5ms
[2026-03-15T19:37:30Z INFO  bif_viewport::scene_loader] Created 914 instances from USD scene (wrote 914)
[2026-03-15T19:37:30Z INFO  bif_viewport::scene_loader] Post-filled 2566649 tri_mat_ids for Ivar (914 instances)
[2026-03-15T19:37:30Z INFO  bif_viewport::scene_loader] 4 of 914 instances have animation data
[2026-03-15T19:37:30Z INFO  bif_viewport::scene_loader] Multi-draw: 444 prototypes, 914 total instances across groups
[2026-03-15T19:37:30Z INFO  bif_viewport::scene_loader] Updated culling manager for prototype AABB: Vec3(-543.62463, -0.87781763, -89.40018) to Vec3(335.721, 376.43484, 816.45526)
[2026-03-15T19:37:30Z INFO  bif_viewport::scene_loader] Found 4 USD camera(s): ["/root/camera_ztl01_060/GEO/camera_main_srt/camera_M_default_render_cam_srt/camera_M_default_render_cam_srtBuffer/camera_M_render_cam", "/root/camera_ztl01_140/GEO/camera_main_srt/camera_M_default_render_cam_srt/camera_M_default_render_cam_srtBuffer/camera_M_render_cam", "/root/camera_ztl01_150/GEO/camera_main_srt/camera_M_default_render_cam_srt/camera_M_default_render_cam_srtBuffer/camera_M_render_cam", "/root/camera_ztl01_160/GEO/camera_main_srt/camera_M_default_render_cam_srt/camera_M_default_render_cam_srtBuffer/camera_M_render_cam"]
[2026-03-15T19:37:30Z INFO  bif_viewport::scene_loader] Timeline initialized: frames 1200-1300 @ 24 fps
[2026-03-15T19:37:30Z INFO  bif_viewport::scene_loader] USD scene loaded successfully: 2566649 triangles x 914 instances
[2026-03-15T19:37:30Z INFO  bif_viewport] Updated 8 lights in viewport
[2026-03-15T19:37:30Z INFO  bif_core::texture] Texture vegetation_bonsai_branch02_Roughness.1001.png (2048x2048): decode=55.3ms, convert=8.6ms, linear=62.9ms, total=126.8ms
[2026-03-15T19:37:30Z INFO  bif_renderer::pick_scene] Pick scene built (indexed): 2566649 triangles, 914 instances, 1640725 shared verts
[2026-03-15T19:37:30Z INFO  bif_viewport] Pick scene rebuilt (indexed): 2566649 tris, 1640725 shared verts, 914 instances
[2026-03-15T19:37:30Z INFO  bif_viewport::texture_loader] Collected 272 texture paths from materials
[2026-03-15T19:37:30Z INFO  bif_core::texture] Texture vegetation_bonsai_branch02_Normal_openGL.1001.png (2048x2048): decode=69.3ms, convert=9.4ms, linear=20.0ms, total=98.7ms
[2026-03-15T19:37:30Z INFO  bif_core::texture] Texture vegetation_bonsai_branch03_proxyTexture.jpg (512x512): decode=26.7ms, convert=0.7ms, linear=1.3ms, total=28.7ms
[2026-03-15T19:37:31Z INFO  bif_core::texture] Texture electronics_wire_spool01_Roughness.1001.jpg (2048x2048): decode=49.4ms, convert=12.3ms, linear=38.0ms, total=99.7ms
[2026-03-15T19:37:31Z INFO  bif_core::texture] Texture stationary_pencil01_Normal_openGL.1001.jpg (2048x2048): decode=68.2ms, convert=15.9ms, linear=48.9ms, total=133.0ms
[2026-03-15T19:37:31Z INFO  bif_core::texture] Texture electronics_wire_spool01_Normal_openGL.1001.jpg (2048x2048): decode=70.3ms, convert=14.9ms, linear=49.5ms, total=134.7ms
[2026-03-15T19:37:31Z INFO  bif_core::texture] Texture stationary_set_square01_BaseColor.1001.jpg (2048x2048): decode=80.1ms, convert=15.4ms, linear=43.8ms, total=139.3ms
[2026-03-15T19:37:31Z INFO  bif_core::texture] Texture chemistry_magnetic_stirrer01_Normal_openGL.1001.jpg (2048x2048): decode=69.8ms, convert=13.8ms, linear=45.8ms, total=129.4ms
[2026-03-15T19:37:31Z INFO  bif_core::texture] Texture furniture_blackboard01_Normal_openGL.1001.jpg (2048x2048): decode=81.3ms, convert=14.4ms, linear=42.4ms, total=138.2ms
[2026-03-15T19:37:31Z INFO  bif_core::texture] Texture chemistry_microscope01_BaseColor.1001.jpg (2048x2048): decode=128.5ms, convert=17.5ms, linear=80.7ms, total=226.7ms
[2026-03-15T19:37:31Z INFO  bif_core::texture] Texture furniture_blackboard01_BaseColor.1001.jpg (2048x2048): decode=150.8ms, convert=23.7ms, linear=102.3ms, total=276.8ms
[2026-03-15T19:37:31Z INFO  bif_core::texture] Texture decor_wooden_box01_BaseColor.1001.jpg (2048x2048): decode=153.1ms, convert=19.4ms, linear=103.9ms, total=276.4ms
[2026-03-15T19:37:31Z INFO  bif_core::texture] Texture electronics_wire_spool01_Metallic.1001.jpg (2048x2048): decode=83.2ms, convert=19.6ms, linear=112.8ms, total=215.6ms
[2026-03-15T19:37:31Z INFO  bif_core::texture] Texture chemistry_microscope01_Roughness.1001.jpg (2048x2048): decode=171.2ms, convert=28.9ms, linear=118.6ms, total=318.8ms
[2026-03-15T19:37:31Z INFO  bif_core::texture] Texture chemistry_microscope01_Normal_openGL.1001.jpg (2048x2048): decode=171.9ms, convert=25.5ms, linear=129.4ms, total=326.8ms
[2026-03-15T19:37:31Z INFO  bif_core::texture] Texture electronics_cabling_Normal_openGL.1001.jpg (2048x2048): decode=183.4ms, convert=31.7ms, linear=126.0ms, total=341.0ms
[2026-03-15T19:37:31Z INFO  bif_core::texture] Texture electronics_tesla_coil01_Normal_openGL.1001.jpg (2048x2048): decode=189.5ms, convert=33.1ms, linear=128.7ms, total=351.3ms
[2026-03-15T19:37:31Z INFO  bif_core::texture] Texture electronics_wire_spool02_BaseColor.1001.jpg (2048x2048): decode=181.4ms, convert=35.1ms, linear=126.2ms, total=342.6ms
[2026-03-15T19:37:31Z INFO  bif_core::texture] Texture electronics_wire_spool01_BaseColor.1001.jpg (2048x2048): decode=187.5ms, convert=34.7ms, linear=126.5ms, total=348.7ms
[2026-03-15T19:37:31Z INFO  bif_core::texture] Texture electronics_oscilloscope01_Normal_openGL.1001.jpg (2048x2048): decode=143.6ms, convert=36.5ms, linear=127.8ms, total=307.8ms
[2026-03-15T19:37:31Z INFO  bif_core::texture] Texture furniture_workbench01_Roughness.1001.jpg (2048x2048): decode=136.0ms, convert=35.6ms, linear=125.6ms, total=297.2ms
[2026-03-15T19:37:31Z INFO  bif_core::texture] Texture chemistry_beaker02_BaseColor.1001.jpg (2048x2048): decode=173.8ms, convert=37.4ms, linear=128.3ms, total=339.5ms
[2026-03-15T19:37:31Z INFO  bif_core::texture] Texture chemistry_kipps_apparatus01_BaseColor.1001.jpg (2048x2048): decode=154.4ms, convert=36.5ms, linear=125.3ms, total=316.2ms
[2026-03-15T19:37:31Z INFO  bif_core::texture] Texture electronics_portable_tv01_Metallic.1001.jpg (2048x2048): decode=102.2ms, convert=37.3ms, linear=172.2ms, total=311.8ms
[2026-03-15T19:37:31Z INFO  bif_core::texture] Texture stationary_notepad01_BaseColor.1001.jpg (2048x2048): decode=255.1ms, convert=33.2ms, linear=127.9ms, total=416.2ms
[2026-03-15T19:37:31Z INFO  bif_core::texture] Texture furniture_workbench01_BaseColor.1001.jpg (2048x2048): decode=178.6ms, convert=41.3ms, linear=128.5ms, total=348.5ms
[2026-03-15T19:37:31Z INFO  bif_core::texture] Texture electronics_portable_tv01_BaseColor.1001.jpg (2048x2048): decode=202.2ms, convert=40.5ms, linear=109.5ms, total=352.2ms
[2026-03-15T19:37:31Z INFO  bif_core::texture] Texture electronics_tesla_coil01_Roughness.1001.jpg (2048x2048): decode=204.2ms, convert=34.9ms, linear=101.2ms, total=340.3ms
[2026-03-15T19:37:31Z INFO  bif_core::texture] Texture electronics_oscilloscope01_Roughness.1001.jpg (2048x2048): decode=224.7ms, convert=34.6ms, linear=114.1ms, total=373.4ms
[2026-03-15T19:37:31Z INFO  bif_viewport::texture_loader] UDIM atlas: 1 tiles -> 2048x2048 (1x1 grid, tile 2048x2048)
[2026-03-15T19:37:31Z INFO  bif_core::texture] Texture electronics_audio_generator01_BaseColor.1001.jpg (2048x2048): decode=300.1ms, convert=37.3ms, linear=104.8ms, total=442.3ms
[2026-03-15T19:37:31Z INFO  bif_core::texture] Texture chemistry_kipps_apparatus01_Roughness.1001.jpg (2048x2048): decode=224.5ms, convert=39.0ms, linear=147.0ms, total=410.6ms
[2026-03-15T19:37:31Z INFO  bif_core::texture] Texture decor_wooden_box01_Normal_openGL.1001.jpg (2048x2048): decode=288.6ms, convert=28.0ms, linear=64.9ms, total=381.5ms
[2026-03-15T19:37:31Z INFO  bif_viewport::texture_loader] UDIM atlas: 1 tiles -> 2048x2048 (1x1 grid, tile 2048x2048)
[2026-03-15T19:37:31Z INFO  bif_viewport::texture_loader] UDIM atlas: 1 tiles -> 2048x2048 (1x1 grid, tile 2048x2048)
[2026-03-15T19:37:31Z INFO  bif_core::texture] Texture stationary_pencil02_proxyTexture.jpg (512x512): decode=9.3ms, convert=1.4ms, linear=3.8ms, total=14.5ms
[2026-03-15T19:37:31Z INFO  bif_core::texture] Texture electronics_wire_spool01_Metallic.1002.jpg (2048x2048): decode=101.2ms, convert=17.5ms, linear=80.5ms, total=199.2ms
[2026-03-15T19:37:31Z INFO  bif_core::texture] Texture electronics_tesla_coil01_BaseColor.1001.jpg (2048x2048): decode=355.9ms, convert=24.2ms, linear=53.0ms, total=433.1ms
[2026-03-15T19:37:31Z INFO  bif_core::texture] Texture electronics_oscilloscope01_BaseColor.1001.jpg (2048x2048): decode=346.2ms, convert=95.3ms, linear=48.8ms, total=490.3ms
[2026-03-15T19:37:31Z INFO  bif_core::texture] Texture electronics_portable_tv01_Metallic.1002.jpg (2048x2048): decode=45.6ms, convert=24.3ms, linear=43.2ms, total=113.2ms
[2026-03-15T19:37:31Z INFO  bif_core::texture] Texture electronics_wire_spool01_Roughness.1002.jpg (2048x2048): decode=162.6ms, convert=20.2ms, linear=91.8ms, total=274.6ms
[2026-03-15T19:37:32Z INFO  bif_core::texture] Texture chemistry_magnetic_stirrer01_Normal_openGL.1002.jpg (2048x2048): decode=108.9ms, convert=17.1ms, linear=47.4ms, total=173.4ms
[2026-03-15T19:37:32Z INFO  bif_core::texture] Texture furniture_blackboard01_Normal_openGL.1002.jpg (2048x2048): decode=158.9ms, convert=18.4ms, linear=49.5ms, total=226.8ms
[2026-03-15T19:37:32Z INFO  bif_core::texture] Texture chemistry_microscope01_BaseColor.1002.jpg (2048x2048): decode=103.9ms, convert=17.7ms, linear=58.1ms, total=179.7ms
[2026-03-15T19:37:32Z INFO  bif_core::texture] Texture electronics_wire_spool01_Normal_openGL.1002.jpg (2048x2048): decode=204.0ms, convert=41.8ms, linear=45.9ms, total=291.7ms
[2026-03-15T19:37:32Z INFO  bif_viewport::texture_loader] UDIM atlas: 2 tiles -> 4096x2048 (2x1 grid, tile 2048x2048)
[2026-03-15T19:37:32Z INFO  bif_core::texture] Texture chemistry_microscope01_Normal_openGL.1002.jpg (2048x2048): decode=104.8ms, convert=29.2ms, linear=92.5ms, total=226.5ms
[2026-03-15T19:37:32Z INFO  bif_core::texture] Texture furniture_blackboard01_BaseColor.1002.jpg (2048x2048): decode=216.6ms, convert=17.7ms, linear=91.9ms, total=326.2ms
[2026-03-15T19:37:32Z INFO  bif_core::texture] Texture decor_wooden_box01_BaseColor.1002.jpg (2048x2048): decode=236.2ms, convert=25.2ms, linear=83.3ms, total=344.7ms
[2026-03-15T19:37:32Z INFO  bif_core::texture] Texture electronics_cabling_Normal_openGL.1002.jpg (2048x2048): decode=110.4ms, convert=32.9ms, linear=92.7ms, total=236.0ms
[2026-03-15T19:37:32Z INFO  bif_core::texture] Texture electronics_wire_spool02_BaseColor.1002.jpg (2048x2048): decode=167.1ms, convert=21.3ms, linear=76.1ms, total=264.5ms
[2026-03-15T19:37:32Z INFO  bif_core::texture] Texture electronics_wire_spool01_BaseColor.1002.jpg (2048x2048): decode=179.0ms, convert=23.0ms, linear=85.9ms, total=287.8ms
[2026-03-15T19:37:32Z INFO  bif_core::texture] Texture furniture_workbench01_BaseColor.1002.jpg (2048x2048): decode=146.0ms, convert=25.1ms, linear=84.2ms, total=255.3ms
[2026-03-15T19:37:32Z INFO  bif_core::texture] Texture electronics_tesla_coil01_Roughness.1002.jpg (2048x2048): decode=117.0ms, convert=23.9ms, linear=89.4ms, total=230.3ms
[2026-03-15T19:37:32Z INFO  bif_core::texture] Texture electronics_oscilloscope01_Roughness.1002.jpg (2048x2048): decode=138.0ms, convert=30.5ms, linear=84.2ms, total=252.7ms
[2026-03-15T19:37:32Z INFO  bif_core::texture] Texture furniture_workbench01_Roughness.1002.jpg (2048x2048): decode=153.5ms, convert=35.5ms, linear=107.6ms, total=296.6ms
[2026-03-15T19:37:32Z INFO  bif_core::texture] Texture chemistry_kipps_apparatus01_BaseColor.1002.jpg (2048x2048): decode=234.8ms, convert=22.7ms, linear=79.9ms, total=337.4ms
[2026-03-15T19:37:32Z INFO  bif_core::texture] Texture chemistry_microscope01_Roughness.1002.jpg (2048x2048): decode=167.1ms, convert=84.1ms, linear=84.3ms, total=335.5ms
[2026-03-15T19:37:32Z INFO  bif_core::texture] Texture stationary_notepad01_BaseColor.1002.jpg (2048x2048): decode=148.1ms, convert=25.4ms, linear=204.0ms, total=377.4ms
[2026-03-15T19:37:32Z INFO  bif_core::texture] Texture electronics_portable_tv01_BaseColor.1002.jpg (2048x2048): decode=178.6ms, convert=23.9ms, linear=101.2ms, total=303.7ms
[2026-03-15T19:37:32Z INFO  bif_core::texture] Texture electronics_audio_generator01_BaseColor.1002.jpg (2048x2048): decode=201.8ms, convert=30.3ms, linear=68.2ms, total=300.2ms
[2026-03-15T19:37:32Z INFO  bif_core::texture] Texture electronics_portable_tv01_Metallic.1003.jpg (2048x2048): decode=39.9ms, convert=25.0ms, linear=83.3ms, total=148.2ms
[2026-03-15T19:37:32Z INFO  bif_core::texture] Texture stationary_set_square01_Roughness.1001.jpg (2048x2048): decode=89.9ms, convert=20.9ms, linear=70.3ms, total=181.1ms
[2026-03-15T19:37:32Z INFO  bif_core::texture] Texture electronics_oscilloscope01_Normal_openGL.1002.jpg (2048x2048): decode=202.7ms, convert=72.1ms, linear=74.5ms, total=349.3ms
[2026-03-15T19:37:32Z INFO  bif_core::texture] Texture electronics_tesla_coil01_Normal_openGL.1002.jpg (2048x2048): decode=363.7ms, convert=23.6ms, linear=72.6ms, total=459.9ms
[2026-03-15T19:37:32Z INFO  bif_viewport::texture_loader] UDIM atlas: 2 tiles -> 4096x2048 (2x1 grid, tile 2048x2048)
[2026-03-15T19:37:32Z INFO  bif_core::texture] Texture chemistry_beaker02_Roughness.1001.jpg (2048x2048): decode=85.9ms, convert=23.3ms, linear=80.6ms, total=189.8ms
[2026-03-15T19:37:32Z INFO  bif_core::texture] Texture vegetation_bonsai_branch03_BaseColor.1001.jpg (2048x2048): decode=346.1ms, convert=32.0ms, linear=89.2ms, total=467.3ms
[2026-03-15T19:37:32Z INFO  bif_core::texture] Texture chemistry_kipps_apparatus01_Roughness.1002.jpg (2048x2048): decode=64.3ms, convert=105.1ms, linear=78.2ms, total=247.7ms
[2026-03-15T19:37:32Z INFO  bif_core::texture] Texture chemistry_microscope01_BaseColor.1003.jpg (2048x2048): decode=99.4ms, convert=37.5ms, linear=74.9ms, total=211.8ms
[2026-03-15T19:37:32Z INFO  bif_viewport::texture_loader] UDIM atlas: 2 tiles -> 4096x2048 (2x1 grid, tile 2048x2048)
[2026-03-15T19:37:32Z INFO  bif_core::texture] Texture chemistry_magnetic_stirrer01_Normal_openGL.1011.jpg (2048x2048): decode=129.3ms, convert=22.2ms, linear=94.9ms, total=246.4ms
[2026-03-15T19:37:32Z INFO  bif_viewport::texture_loader] UDIM atlas: 2 tiles -> 4096x2048 (2x1 grid, tile 2048x2048)
[2026-03-15T19:37:32Z INFO  bif_core::texture] Texture electronics_portable_tv01_Metallic.1004.jpg (2048x2048): decode=40.0ms, convert=31.2ms, linear=79.1ms, total=150.3ms
[2026-03-15T19:37:32Z INFO  bif_viewport::texture_loader] UDIM atlas: 2 tiles -> 4096x2048 (2x1 grid, tile 2048x2048)
[2026-03-15T19:37:32Z INFO  bif_core::texture] Texture furniture_blackboard01_BaseColor.1003.jpg (2048x2048): decode=91.4ms, convert=27.3ms, linear=90.2ms, total=208.9ms
[2026-03-15T19:37:32Z INFO  bif_core::texture] Texture decor_wooden_box01_Normal_openGL.1002.jpg (2048x2048): decode=276.0ms, convert=102.4ms, linear=83.4ms, total=461.8ms
[2026-03-15T19:37:32Z INFO  bif_core::texture] Texture furniture_workbench01_Normal_openGL.1001.jpg (2048x2048): decode=126.6ms, convert=26.2ms, linear=102.4ms, total=255.2ms
[2026-03-15T19:37:32Z INFO  bif_core::texture] Texture electronics_tesla_coil01_BaseColor.1002.jpg (2048x2048): decode=390.8ms, convert=25.4ms, linear=154.1ms, total=570.4ms
[2026-03-15T19:37:32Z INFO  bif_core::texture] Texture electronics_cabling_Normal_openGL.1003.jpg (2048x2048): decode=106.9ms, convert=23.6ms, linear=74.7ms, total=205.2ms
[2026-03-15T19:37:32Z INFO  bif_core::texture] Texture stationary_pencil02_BaseColor.1001.jpg (2048x2048): decode=195.7ms, convert=105.8ms, linear=101.7ms, total=403.2ms
[2026-03-15T19:37:32Z INFO  bif_viewport::texture_loader] UDIM atlas: 1 tiles -> 2048x2048 (1x1 grid, tile 2048x2048)
[2026-03-15T19:37:32Z INFO  bif_core::texture] Texture decor_wooden_box01_BaseColor.1003.jpg (2048x2048): decode=158.4ms, convert=25.5ms, linear=92.2ms, total=276.2ms
[2026-03-15T19:37:32Z INFO  bif_core::texture] Texture electronics_tesla_coil01_Roughness.1003.jpg (2048x2048): decode=81.3ms, convert=47.4ms, linear=60.1ms, total=188.9ms
[2026-03-15T19:37:32Z INFO  bif_core::texture] Texture electronics_oscilloscope01_Roughness.1003.jpg (2048x2048): decode=70.8ms, convert=36.3ms, linear=62.4ms, total=169.4ms
[2026-03-15T19:37:32Z INFO  bif_core::texture] Texture furniture_workbench01_BaseColor.1003.jpg (2048x2048): decode=152.8ms, convert=22.9ms, linear=56.8ms, total=232.6ms
[2026-03-15T19:37:32Z INFO  bif_core::texture] Texture electronics_oscilloscope01_BaseColor.1002.jpg (2048x2048): decode=453.1ms, convert=25.9ms, linear=162.9ms, total=642.0ms
[2026-03-15T19:37:32Z INFO  bif_viewport::texture_loader] UDIM atlas: 1 tiles -> 2048x2048 (1x1 grid, tile 2048x2048)
[2026-03-15T19:37:32Z INFO  bif_core::texture] Texture furniture_workbench01_Roughness.1003.jpg (2048x2048): decode=142.0ms, convert=20.6ms, linear=84.4ms, total=247.0ms
[2026-03-15T19:37:32Z INFO  bif_core::texture] Texture electronics_portable_tv01_Metallic.1005.jpg (2048x2048): decode=39.3ms, convert=18.9ms, linear=66.6ms, total=124.7ms
[2026-03-15T19:37:32Z INFO  bif_core::texture] Texture furniture_blackboard01_Normal_openGL.1003.jpg (2048x2048): decode=272.1ms, convert=32.9ms, linear=145.6ms, total=450.5ms
[2026-03-15T19:37:32Z INFO  bif_core::texture] Texture electronics_portable_tv01_BaseColor.1003.jpg (2048x2048): decode=93.2ms, convert=21.6ms, linear=68.3ms, total=183.1ms
[2026-03-15T19:37:32Z INFO  bif_viewport::texture_loader] UDIM atlas: 1 tiles -> 2048x2048 (1x1 grid, tile 2048x2048)
[2026-03-15T19:37:33Z INFO  bif_core::texture] Texture electronics_audio_generator01_BaseColor.1003.jpg (2048x2048): decode=140.9ms, convert=21.8ms, linear=56.8ms, total=219.5ms
[2026-03-15T19:37:33Z INFO  bif_viewport::texture_loader] UDIM atlas: 3 tiles -> 4096x4096 (2x2 grid, tile 2048x2048)
[2026-03-15T19:37:33Z INFO  bif_core::texture] Texture chemistry_test_tube01_proxyTexture.jpg (512x512): decode=11.0ms, convert=1.7ms, linear=4.6ms, total=17.3ms
[2026-03-15T19:37:33Z INFO  bif_core::texture] Texture electronics_wire_spool02_Roughness.1001.jpg (2048x2048): decode=52.6ms, convert=18.3ms, linear=61.0ms, total=131.9ms
[2026-03-15T19:37:33Z INFO  bif_core::texture] Texture chemistry_microscope01_BaseColor.1011.jpg (2048x2048): decode=92.7ms, convert=22.1ms, linear=66.4ms, total=181.3ms
[2026-03-15T19:37:33Z INFO  bif_core::texture] Texture electronics_portable_tv01_Metallic.1011.jpg (2048x2048): decode=39.4ms, convert=18.9ms, linear=90.7ms, total=149.0ms
[2026-03-15T19:37:33Z INFO  bif_core::texture] Texture chemistry_kipps_apparatus01_BaseColor.1003.jpg (2048x2048): decode=144.3ms, convert=20.6ms, linear=140.8ms, total=305.8ms
[2026-03-15T19:37:33Z INFO  bif_core::texture] Texture stationary_notepad01_BaseColor.1003.jpg (2048x2048): decode=155.9ms, convert=20.7ms, linear=143.7ms, total=320.2ms
[2026-03-15T19:37:33Z INFO  bif_core::texture] Texture vegetation_bonsai_branch03_Roughness.1001.png (2048x2048): decode=74.9ms, convert=76.3ms, linear=107.8ms, total=259.0ms
[2026-03-15T19:37:33Z INFO  bif_core::texture] Texture chemistry_microscope01_Metallic.1001.jpg (2048x2048): decode=74.2ms, convert=19.8ms, linear=163.9ms, total=257.8ms
[2026-03-15T19:37:33Z INFO  bif_viewport::texture_loader] UDIM atlas: 3 tiles -> 6144x2048 (3x1 grid, tile 2048x2048)
[2026-03-15T19:37:33Z INFO  bif_core::texture] Texture chemistry_microscope01_Normal_openGL.1003.jpg (2048x2048): decode=149.0ms, convert=67.0ms, linear=214.5ms, total=430.5ms
[2026-03-15T19:37:33Z INFO  bif_core::texture] Texture decor_wooden_box01_Roughness.1001.jpg (2048x2048): decode=78.2ms, convert=31.5ms, linear=91.8ms, total=201.5ms
[2026-03-15T19:37:33Z INFO  bif_viewport::texture_loader] UDIM atlas: 1 tiles -> 2048x2048 (1x1 grid, tile 2048x2048)
[2026-03-15T19:37:33Z INFO  bif_core::texture] Texture chemistry_kipps_apparatus01_Roughness.1003.jpg (2048x2048): decode=72.3ms, convert=29.6ms, linear=159.0ms, total=260.9ms
[2026-03-15T19:37:33Z INFO  bif_core::texture] Texture stationary_set_square01_Normal_openGL.1001.jpg (2048x2048): decode=103.0ms, convert=31.1ms, linear=106.7ms, total=240.8ms
[2026-03-15T19:37:33Z INFO  bif_core::texture] Texture chemistry_microscope01_Roughness.1003.jpg (2048x2048): decode=194.5ms, convert=27.6ms, linear=173.1ms, total=395.2ms
[2026-03-15T19:37:33Z INFO  bif_core::texture] Texture chemistry_beaker_stand01_Normal_openGL.1001.jpg (2048x2048): decode=162.4ms, convert=113.2ms, linear=148.9ms, total=424.6ms
[2026-03-15T19:37:33Z INFO  bif_core::texture] Texture electronics_tesla_coil01_Roughness.1004.jpg (2048x2048): decode=105.0ms, convert=38.4ms, linear=128.5ms, total=271.9ms
[2026-03-15T19:37:33Z INFO  bif_core::texture] Texture electronics_oscilloscope01_Normal_openGL.1003.jpg (2048x2048): decode=226.5ms, convert=31.6ms, linear=156.8ms, total=415.0ms
[2026-03-15T19:37:33Z INFO  bif_core::texture] Texture furniture_workbench01_Normal_openGL.1002.jpg (2048x2048): decode=152.5ms, convert=35.8ms, linear=113.7ms, total=302.0ms
[2026-03-15T19:37:33Z INFO  bif_core::texture] Texture chemistry_beaker02_Normal_openGL.1001.jpg (2048x2048): decode=106.7ms, convert=39.2ms, linear=124.5ms, total=270.4ms
[2026-03-15T19:37:33Z INFO  bif_core::texture] Texture electronics_oscilloscope01_Roughness.1004.jpg (2048x2048): decode=73.3ms, convert=53.6ms, linear=113.9ms, total=240.8ms
[2026-03-15T19:37:33Z INFO  bif_core::texture] Texture electronics_portable_tv01_Metallic.1012.jpg (2048x2048): decode=40.9ms, convert=41.8ms, linear=112.4ms, total=195.1ms
[2026-03-15T19:37:33Z INFO  bif_core::texture] Texture electronics_cabling_Normal_openGL.1004.jpg (2048x2048): decode=121.4ms, convert=59.7ms, linear=114.7ms, total=295.8ms
[2026-03-15T19:37:33Z INFO  bif_viewport::texture_loader] UDIM atlas: 3 tiles -> 6144x2048 (3x1 grid, tile 2048x2048)
[2026-03-15T19:37:33Z INFO  bif_core::texture] Texture decor_wooden_box01_BaseColor.1011.jpg (2048x2048): decode=194.0ms, convert=30.8ms, linear=106.0ms, total=330.8ms
[2026-03-15T19:37:33Z INFO  bif_core::texture] Texture electronics_tesla_coil01_Normal_openGL.1003.jpg (2048x2048): decode=315.1ms, convert=42.4ms, linear=140.3ms, total=497.8ms
[2026-03-15T19:37:33Z INFO  bif_core::texture] Texture furniture_shelving01_proxyTexture.jpg (512x512): decode=32.2ms, convert=1.7ms, linear=4.5ms, total=38.4ms
[2026-03-15T19:37:33Z INFO  bif_core::texture] Texture chemistry_test_tube01_BaseColor.1001.jpg (2048x2048): decode=117.6ms, convert=41.2ms, linear=70.8ms, total=229.6ms
[2026-03-15T19:37:33Z INFO  bif_core::texture] Texture furniture_workbench01_BaseColor.1004.jpg (2048x2048): decode=190.6ms, convert=28.1ms, linear=93.0ms, total=311.7ms
[2026-03-15T19:37:33Z INFO  bif_core::texture] Texture electronics_portable_tv01_BaseColor.1004.jpg (2048x2048): decode=166.8ms, convert=33.3ms, linear=93.5ms, total=293.7ms
[2026-03-15T19:37:33Z INFO  bif_core::texture] Texture electronics_tesla_coil01_BaseColor.1003.jpg (2048x2048): decode=261.5ms, convert=25.9ms, linear=130.9ms, total=418.3ms
[2026-03-15T19:37:33Z INFO  bif_core::texture] Texture chemistry_microscope01_Metallic.1002.jpg (2048x2048): decode=58.4ms, convert=26.4ms, linear=116.6ms, total=201.5ms
[2026-03-15T19:37:33Z INFO  bif_core::texture] Texture electronics_audio_generator01_BaseColor.1004.jpg (2048x2048): decode=102.1ms, convert=42.7ms, linear=86.0ms, total=230.8ms
[2026-03-15T19:37:33Z INFO  bif_core::texture] Texture decor_wooden_box01_Normal_openGL.1003.jpg (2048x2048): decode=251.5ms, convert=49.7ms, linear=121.3ms, total=422.6ms
[2026-03-15T19:37:33Z INFO  bif_core::texture] Texture furniture_blackboard01_Roughness.1001.jpg (2048x2048): decode=72.2ms, convert=28.6ms, linear=88.6ms, total=189.4ms
[2026-03-15T19:37:33Z INFO  bif_core::texture] Texture electronics_wire_spool02_Roughness.1002.jpg (2048x2048): decode=91.6ms, convert=29.0ms, linear=80.0ms, total=200.6ms
[2026-03-15T19:37:33Z INFO  bif_core::texture] Texture electronics_portable_tv01_Metallic.1013.jpg (2048x2048): decode=35.1ms, convert=28.7ms, linear=77.0ms, total=140.9ms
[2026-03-15T19:37:33Z INFO  bif_core::texture] Texture furniture_workbench01_Roughness.1004.jpg (2048x2048): decode=220.3ms, convert=26.1ms, linear=133.5ms, total=379.9ms
[2026-03-15T19:37:33Z INFO  bif_core::texture] Texture chemistry_microscope01_BaseColor.1012.jpg (2048x2048): decode=113.9ms, convert=28.8ms, linear=73.7ms, total=216.4ms
[2026-03-15T19:37:33Z INFO  bif_viewport::texture_loader] UDIM atlas: 3 tiles -> 6144x2048 (3x1 grid, tile 2048x2048)
[2026-03-15T19:37:33Z INFO  bif_core::texture] Texture decor_wooden_box01_Roughness.1002.jpg (2048x2048): decode=54.2ms, convert=25.8ms, linear=66.1ms, total=146.0ms
[2026-03-15T19:37:33Z INFO  bif_viewport::texture_loader] UDIM atlas: 1 tiles -> 2048x2048 (1x1 grid, tile 2048x2048)
[2026-03-15T19:37:33Z INFO  bif_viewport::texture_loader] UDIM atlas: 1 tiles -> 2048x2048 (1x1 grid, tile 2048x2048)
[2026-03-15T19:37:33Z INFO  bif_core::texture] Texture electronics_oscilloscope01_BaseColor.1003.jpg (2048x2048): decode=246.2ms, convert=48.7ms, linear=94.8ms, total=389.8ms
[2026-03-15T19:37:33Z INFO  bif_core::texture] Texture stationary_set_square02_proxyTexture.jpg (512x512): decode=19.6ms, convert=1.8ms, linear=3.2ms, total=24.6ms
[2026-03-15T19:37:33Z INFO  bif_viewport::texture_loader] UDIM atlas: 3 tiles -> 6144x2048 (3x1 grid, tile 2048x2048)
[2026-03-15T19:37:33Z INFO  bif_viewport::texture_loader] UDIM atlas: 1 tiles -> 2048x2048 (1x1 grid, tile 2048x2048)
[2026-03-15T19:37:33Z INFO  bif_core::texture] Texture vegetation_bonsai_branch03_Normal_openGL.1001.png (2048x2048): decode=118.6ms, convert=17.6ms, linear=73.7ms, total=209.9ms
[2026-03-15T19:37:33Z INFO  bif_core::texture] Texture stationary_pencil02_Roughness.1001.jpg (2048x2048): decode=111.4ms, convert=19.3ms, linear=68.4ms, total=199.0ms
[2026-03-15T19:37:33Z INFO  bif_core::texture] Texture chemistry_beaker03_proxyTexture.jpg (512x512): decode=24.4ms, convert=1.7ms, linear=3.5ms, total=29.6ms
[2026-03-15T19:37:33Z INFO  bif_core::texture] Texture electronics_tesla_coil01_Roughness.1005.jpg (2048x2048): decode=60.4ms, convert=22.0ms, linear=54.9ms, total=137.3ms
[2026-03-15T19:37:33Z INFO  bif_core::texture] Texture electronics_portable_tv01_Metallic.1014.jpg (2048x2048): decode=35.3ms, convert=19.8ms, linear=55.5ms, total=110.6ms
[2026-03-15T19:37:34Z INFO  bif_core::texture] Texture electronics_oscilloscope01_Roughness.1011.jpg (2048x2048): decode=71.2ms, convert=20.6ms, linear=88.0ms, total=179.8ms
[2026-03-15T19:37:34Z INFO  bif_core::texture] Texture chemistry_microscope01_Roughness.1011.jpg (2048x2048): decode=96.3ms, convert=70.6ms, linear=89.3ms, total=256.1ms
[2026-03-15T19:37:34Z INFO  bif_viewport::texture_loader] UDIM atlas: 3 tiles -> 6144x2048 (3x1 grid, tile 2048x2048)
[2026-03-15T19:37:34Z INFO  bif_core::texture] Texture electronics_cabling_Normal_openGL.1011.jpg (2048x2048): decode=97.1ms, convert=22.7ms, linear=87.9ms, total=207.7ms
[2026-03-15T19:37:34Z INFO  bif_core::texture] Texture chemistry_microscope01_Normal_openGL.1011.jpg (2048x2048): decode=123.4ms, convert=23.6ms, linear=90.0ms, total=236.9ms
[2026-03-15T19:37:34Z INFO  bif_core::texture] Texture furniture_workbench01_Normal_openGL.1003.jpg (2048x2048): decode=129.0ms, convert=28.4ms, linear=90.4ms, total=247.8ms
[2026-03-15T19:37:34Z INFO  bif_core::texture] Texture furniture_shelving01_BaseColor.1001.jpg (2048x2048): decode=135.0ms, convert=33.7ms, linear=94.8ms, total=263.5ms
[2026-03-15T19:37:34Z INFO  bif_core::texture] Texture chemistry_beaker_stand01_Normal_openGL.1002.jpg (2048x2048): decode=133.0ms, convert=50.5ms, linear=113.5ms, total=297.1ms
[2026-03-15T19:37:34Z INFO  bif_viewport::texture_loader] UDIM atlas: 2 tiles -> 4096x2048 (2x1 grid, tile 2048x2048)
[2026-03-15T19:37:34Z INFO  bif_core::texture] Texture decor_wooden_box01_BaseColor.1012.jpg (2048x2048): decode=134.2ms, convert=26.3ms, linear=105.2ms, total=265.7ms
[2026-03-15T19:37:34Z INFO  bif_core::texture] Texture electronics_portable_tv01_BaseColor.1005.jpg (2048x2048): decode=114.7ms, convert=43.0ms, linear=94.6ms, total=252.2ms
[2026-03-15T19:37:34Z INFO  bif_core::texture] Texture electronics_portable_tv01_Metallic.1021.jpg (2048x2048): decode=81.6ms, convert=34.6ms, linear=100.9ms, total=217.1ms
[2026-03-15T19:37:34Z INFO  bif_core::texture] Texture electronics_oscilloscope01_Normal_openGL.1004.jpg (2048x2048): decode=141.4ms, convert=32.8ms, linear=166.9ms, total=341.2ms
[2026-03-15T19:37:34Z INFO  bif_core::texture] Texture electronics_tesla_coil01_Normal_openGL.1004.jpg (2048x2048): decode=124.7ms, convert=30.0ms, linear=139.1ms, total=293.8ms
[2026-03-15T19:37:34Z INFO  bif_viewport::texture_loader] UDIM atlas: 1 tiles -> 2048x2048 (1x1 grid, tile 2048x2048)
[2026-03-15T19:37:34Z INFO  bif_core::texture] Texture furniture_workbench01_BaseColor.1011.jpg (2048x2048): decode=162.6ms, convert=40.9ms, linear=102.0ms, total=305.5ms
[2026-03-15T19:37:34Z INFO  bif_core::texture] Texture furniture_blackboard01_Roughness.1002.jpg (2048x2048): decode=84.9ms, convert=29.2ms, linear=97.7ms, total=211.8ms
[2026-03-15T19:37:34Z INFO  bif_core::texture] Texture vegetation_bonsai_twig01_proxyTexture.jpg (512x512): decode=11.6ms, convert=1.9ms, linear=6.0ms, total=19.5ms
[2026-03-15T19:37:34Z INFO  bif_core::texture] Texture electronics_audio_generator01_BaseColor.1005.jpg (2048x2048): decode=149.1ms, convert=34.4ms, linear=121.7ms, total=305.3ms
[2026-03-15T19:37:34Z INFO  bif_core::texture] Texture decor_wooden_box01_Roughness.1003.jpg (2048x2048): decode=79.9ms, convert=36.9ms, linear=120.3ms, total=237.1ms
[2026-03-15T19:37:34Z INFO  bif_core::texture] Texture chemistry_microscope01_Metallic.1003.jpg (2048x2048): decode=44.4ms, convert=41.1ms, linear=181.1ms, total=266.6ms
[2026-03-15T19:37:34Z INFO  bif_core::texture] Texture electronics_tesla_coil01_Roughness.1011.jpg (2048x2048): decode=80.4ms, convert=32.3ms, linear=104.9ms, total=217.7ms
[2026-03-15T19:37:34Z INFO  bif_core::texture] Texture electronics_tesla_coil01_BaseColor.1004.jpg (2048x2048): decode=117.5ms, convert=68.5ms, linear=184.3ms, total=370.3ms
[2026-03-15T19:37:34Z INFO  bif_core::texture] Texture stationary_set_square02_BaseColor.1001.jpg (2048x2048): decode=146.8ms, convert=33.4ms, linear=104.7ms, total=284.8ms
[2026-03-15T19:37:34Z INFO  bif_viewport::texture_loader] UDIM atlas: 5 tiles -> 6144x4096 (3x2 grid, tile 2048x2048)
[2026-03-15T19:37:34Z INFO  bif_core::texture] Texture furniture_workbench01_Roughness.1011.jpg (2048x2048): decode=106.7ms, convert=36.8ms, linear=135.5ms, total=279.0ms
[2026-03-15T19:37:34Z INFO  bif_core::texture] Texture chemistry_test_tube01_Roughness.1001.jpg (2048x2048): decode=107.4ms, convert=40.7ms, linear=90.0ms, total=238.2ms
[2026-03-15T19:37:34Z INFO  bif_core::texture] Texture decor_wooden_box01_Normal_openGL.1011.jpg (2048x2048): decode=169.5ms, convert=29.5ms, linear=120.5ms, total=319.5ms
[2026-03-15T19:37:34Z INFO  bif_core::texture] Texture electronics_audio_generator01_proxyTexture.jpg (512x512): decode=15.7ms, convert=1.4ms, linear=4.2ms, total=21.4ms
[2026-03-15T19:37:34Z INFO  bif_core::texture] Texture chemistry_beaker03_BaseColor.1001.jpg (2048x2048): decode=119.8ms, convert=29.7ms, linear=70.3ms, total=219.8ms
[2026-03-15T19:37:34Z INFO  bif_core::texture] Texture stationary_notepad01_Roughness.1001.jpg (2048x2048): decode=104.0ms, convert=36.6ms, linear=154.6ms, total=295.1ms
[2026-03-15T19:37:34Z INFO  bif_core::texture] Texture electronics_oscilloscope01_BaseColor.1004.jpg (2048x2048): decode=192.7ms, convert=26.7ms, linear=103.2ms, total=322.5ms
[2026-03-15T19:37:34Z INFO  bif_core::texture] Texture electronics_oscilloscope01_Roughness.1012.jpg (2048x2048): decode=74.0ms, convert=23.4ms, linear=63.7ms, total=161.0ms
[2026-03-15T19:37:34Z INFO  bif_core::texture] Texture electronics_portable_tv01_BaseColor.1011.jpg (2048x2048): decode=123.6ms, convert=19.2ms, linear=66.0ms, total=208.8ms
[2026-03-15T19:37:34Z INFO  bif_core::texture] Texture electronics_wire_spool02_Metallic.1001.jpg (2048x2048): decode=40.0ms, convert=22.7ms, linear=60.4ms, total=123.0ms
[2026-03-15T19:37:34Z INFO  bif_viewport::texture_loader] UDIM atlas: 1 tiles -> 2048x2048 (1x1 grid, tile 2048x2048)
[2026-03-15T19:37:34Z INFO  bif_core::texture] Texture decor_helmet_head01_BaseColor.1001.jpg (2048x2048): decode=264.7ms, convert=24.4ms, linear=211.2ms, total=500.3ms
[2026-03-15T19:37:34Z INFO  bif_core::texture] Texture chemistry_microscope01_Roughness.1012.jpg (2048x2048): decode=81.3ms, convert=93.9ms, linear=77.5ms, total=252.6ms
[2026-03-15T19:37:34Z INFO  bif_core::texture] Texture electronics_cabling_Normal_openGL.1012.jpg (2048x2048): decode=98.1ms, convert=19.9ms, linear=102.5ms, total=220.5ms
[2026-03-15T19:37:34Z INFO  bif_core::texture] Texture electronics_portable_tv01_Metallic.1022.jpg (2048x2048): decode=37.6ms, convert=21.3ms, linear=89.5ms, total=148.3ms
[2026-03-15T19:37:34Z INFO  bif_viewport::texture_loader] UDIM atlas: 2 tiles -> 4096x2048 (2x1 grid, tile 2048x2048)
[2026-03-15T19:37:34Z INFO  bif_core::texture] Texture chemistry_kipps_apparatus01_Normal_openGL.1001.jpg (2048x2048): decode=130.8ms, convert=97.2ms, linear=84.6ms, total=312.6ms
[2026-03-15T19:37:34Z INFO  bif_core::texture] Texture furniture_workbench01_Normal_openGL.1004.jpg (2048x2048): decode=144.2ms, convert=26.7ms, linear=94.5ms, total=265.4ms
[2026-03-15T19:37:34Z INFO  bif_core::texture] Texture chemistry_bottle01_proxyTexture.jpg (512x512): decode=36.8ms, convert=1.6ms, linear=3.8ms, total=42.2ms
[2026-03-15T19:37:34Z INFO  bif_core::texture] Texture stationary_pencil02_Normal_openGL.1001.jpg (2048x2048): decode=157.3ms, convert=26.3ms, linear=68.4ms, total=252.0ms
[2026-03-15T19:37:34Z INFO  bif_viewport::texture_loader] UDIM atlas: 1 tiles -> 2048x2048 (1x1 grid, tile 2048x2048)
[2026-03-15T19:37:34Z INFO  bif_core::texture] Texture chemistry_microscope01_Normal_openGL.1012.jpg (2048x2048): decode=180.3ms, convert=28.8ms, linear=106.5ms, total=315.5ms
[2026-03-15T19:37:34Z INFO  bif_core::texture] Texture decor_wooden_box01_BaseColor.1013.jpg (2048x2048): decode=156.7ms, convert=28.8ms, linear=66.2ms, total=251.8ms
[2026-03-15T19:37:34Z INFO  bif_core::texture] Texture furniture_shelving01_BaseColor.1002.jpg (2048x2048): decode=209.5ms, convert=21.1ms, linear=62.4ms, total=293.0ms
[2026-03-15T19:37:34Z INFO  bif_viewport::texture_loader] UDIM atlas: 1 tiles -> 2048x2048 (1x1 grid, tile 2048x2048)
[2026-03-15T19:37:34Z INFO  bif_core::texture] Texture vegetation_bonsai_twig01_BaseColor.1001.jpg (2048x2048): decode=291.2ms, convert=29.7ms, linear=162.8ms, total=483.7ms
[2026-03-15T19:37:34Z INFO  bif_core::texture] Texture electronics_wire_spool02_Metallic.1002.jpg (2048x2048): decode=100.7ms, convert=22.7ms, linear=104.5ms, total=227.8ms
[2026-03-15T19:37:34Z INFO  bif_core::texture] Texture electronics_tesla_coil01_Roughness.1012.jpg (2048x2048): decode=77.1ms, convert=21.9ms, linear=88.4ms, total=187.3ms
[2026-03-15T19:37:34Z INFO  bif_core::texture] Texture furniture_blackboard01_Roughness.1003.jpg (2048x2048): decode=175.0ms, convert=19.9ms, linear=89.1ms, total=284.1ms
[2026-03-15T19:37:34Z INFO  bif_core::texture] Texture electronics_portable_tv01_Metallic.1023.jpg (2048x2048): decode=35.6ms, convert=20.9ms, linear=96.5ms, total=153.1ms
[2026-03-15T19:37:34Z INFO  bif_core::texture] Texture electronics_audio_generator01_BaseColor.1011.jpg (2048x2048): decode=149.9ms, convert=25.6ms, linear=93.1ms, total=268.7ms
[2026-03-15T19:37:34Z INFO  bif_core::texture] Texture decor_wooden_box01_Roughness.1011.jpg (2048x2048): decode=175.1ms, convert=27.9ms, linear=80.1ms, total=283.1ms
[2026-03-15T19:37:34Z INFO  bif_core::texture] Texture chemistry_microscope01_Metallic.1011.jpg (2048x2048): decode=104.6ms, convert=29.8ms, linear=119.8ms, total=254.2ms
[2026-03-15T19:37:34Z INFO  bif_core::texture] Texture furniture_workbench01_BaseColor.1012.jpg (2048x2048): decode=175.3ms, convert=42.7ms, linear=106.0ms, total=324.0ms
[2026-03-15T19:37:34Z INFO  bif_core::texture] Texture electronics_portable_tv01_BaseColor.1012.jpg (2048x2048): decode=121.5ms, convert=24.1ms, linear=60.7ms, total=206.4ms
[2026-03-15T19:37:35Z INFO  bif_core::texture] Texture electronics_oscilloscope01_Metallic.1001.jpg (2048x2048): decode=75.9ms, convert=21.5ms, linear=73.3ms, total=170.7ms
[2026-03-15T19:37:35Z INFO  bif_core::texture] Texture electronics_oscilloscope01_Roughness.1013.jpg (2048x2048): decode=100.3ms, convert=41.8ms, linear=73.6ms, total=215.7ms
[2026-03-15T19:37:35Z INFO  bif_core::texture] Texture electronics_tesla_coil01_BaseColor.1005.jpg (2048x2048): decode=134.6ms, convert=25.8ms, linear=137.4ms, total=297.9ms
[2026-03-15T19:37:35Z INFO  bif_core::texture] Texture stationary_notepad01_Roughness.1002.jpg (2048x2048): decode=94.3ms, convert=76.2ms, linear=77.9ms, total=248.4ms
[2026-03-15T19:37:35Z INFO  bif_core::texture] Texture furniture_workbench01_Roughness.1012.jpg (2048x2048): decode=124.5ms, convert=20.1ms, linear=138.3ms, total=283.0ms
[2026-03-15T19:37:35Z INFO  bif_core::texture] Texture decor_wooden_box01_Normal_openGL.1012.jpg (2048x2048): decode=179.4ms, convert=33.9ms, linear=160.1ms, total=373.4ms
[2026-03-15T19:37:35Z INFO  bif_core::texture] Texture electronics_portable_tv01_Metallic.1024.jpg (2048x2048): decode=30.3ms, convert=32.9ms, linear=101.9ms, total=165.2ms
[2026-03-15T19:37:35Z INFO  bif_viewport::texture_loader] UDIM atlas: 2 tiles -> 4096x2048 (2x1 grid, tile 2048x2048)
[2026-03-15T19:37:35Z INFO  bif_core::texture] Texture chemistry_beaker03_Roughness.1001.jpg (2048x2048): decode=137.3ms, convert=33.9ms, linear=160.3ms, total=331.6ms
[2026-03-15T19:37:35Z INFO  bif_viewport::texture_loader] UDIM atlas: 1 tiles -> 2048x2048 (1x1 grid, tile 2048x2048)
[2026-03-15T19:37:35Z INFO  bif_core::texture] Texture stationary_set_square02_Roughness.1001.jpg (2048x2048): decode=62.9ms, convert=33.5ms, linear=103.0ms, total=199.5ms
[2026-03-15T19:37:35Z INFO  bif_core::texture] Texture electronics_tesla_coil01_Normal_openGL.1005.jpg (2048x2048): decode=189.5ms, convert=28.2ms, linear=173.9ms, total=391.6ms
[2026-03-15T19:37:35Z INFO  bif_core::texture] Texture electronics_cabling_Normal_openGL.1013.jpg (2048x2048): decode=101.0ms, convert=42.0ms, linear=139.4ms, total=282.4ms
[2026-03-15T19:37:35Z INFO  bif_core::texture] Texture stationary_pencil03_proxyTexture.jpg (512x512): decode=85.3ms, convert=2.4ms, linear=7.7ms, total=95.4ms
[2026-03-15T19:37:35Z INFO  bif_core::texture] Texture electronics_oscilloscope01_Metallic.1002.jpg (2048x2048): decode=37.3ms, convert=30.9ms, linear=129.5ms, total=197.8ms
[2026-03-15T19:37:35Z INFO  bif_core::texture] Texture electronics_oscilloscope01_BaseColor.1011.jpg (2048x2048): decode=222.0ms, convert=32.1ms, linear=192.6ms, total=446.6ms
[2026-03-15T19:37:35Z INFO  bif_core::texture] Texture chemistry_test_tube01_Normal_openGL.1001.jpg (2048x2048): decode=115.5ms, convert=35.7ms, linear=120.1ms, total=271.3ms
[2026-03-15T19:37:35Z INFO  bif_core::texture] Texture furniture_workbench01_Normal_openGL.1011.jpg (2048x2048): decode=160.1ms, convert=32.6ms, linear=131.7ms, total=324.4ms
[2026-03-15T19:37:35Z INFO  bif_viewport::texture_loader] UDIM atlas: 5 tiles -> 6144x4096 (3x2 grid, tile 2048x2048)
[2026-03-15T19:37:35Z INFO  bif_viewport::texture_loader] UDIM atlas: 2 tiles -> 4096x2048 (2x1 grid, tile 2048x2048)
[2026-03-15T19:37:35Z INFO  bif_viewport::texture_loader] UDIM atlas: 3 tiles -> 6144x2048 (3x1 grid, tile 2048x2048)
[2026-03-15T19:37:35Z INFO  bif_core::texture] Texture chemistry_microscope01_Metallic.1012.jpg (2048x2048): decode=83.7ms, convert=103.0ms, linear=157.0ms, total=343.7ms
[2026-03-15T19:37:35Z INFO  bif_core::texture] Texture chemistry_bottle01_BaseColor.1001.jpg (2048x2048): decode=212.3ms, convert=33.1ms, linear=121.3ms, total=366.8ms
[2026-03-15T19:37:35Z INFO  bif_core::texture] Texture chemistry_beaker_rack01_proxyTexture.jpg (512x512): decode=17.0ms, convert=1.9ms, linear=7.6ms, total=26.5ms
[2026-03-15T19:37:35Z INFO  bif_core::texture] Texture electronics_tesla_coil01_Roughness.1013.jpg (2048x2048): decode=95.0ms, convert=34.5ms, linear=124.2ms, total=253.7ms
[2026-03-15T19:37:35Z INFO  bif_core::texture] Texture vegetation_bonsai_twig01_Roughness.1001.png (2048x2048): decode=75.7ms, convert=83.4ms, linear=147.9ms, total=307.0ms
[2026-03-15T19:37:35Z INFO  bif_viewport::texture_loader] UDIM atlas: 6 tiles -> 6144x4096 (3x2 grid, tile 2048x2048)
[2026-03-15T19:37:35Z INFO  bif_core::texture] Texture decor_wooden_box01_Roughness.1012.jpg (2048x2048): decode=83.9ms, convert=49.4ms, linear=99.8ms, total=233.1ms
[2026-03-15T19:37:35Z INFO  bif_core::texture] Texture decor_helmet_head01_BaseColor.1002.jpg (2048x2048): decode=309.0ms, convert=33.3ms, linear=133.2ms, total=475.5ms
[2026-03-15T19:37:35Z INFO  bif_core::texture] Texture electronics_oscilloscope01_Normal_openGL.1011.jpg (2048x2048): decode=659.0ms, convert=35.7ms, linear=130.2ms, total=825.0ms
[2026-03-15T19:37:35Z INFO  bif_core::texture] Texture electronics_audio_generator01_BaseColor.1012.jpg (2048x2048): decode=154.1ms, convert=40.2ms, linear=96.9ms, total=291.1ms
[2026-03-15T19:37:35Z INFO  bif_viewport::texture_loader] UDIM atlas: 1 tiles -> 2048x2048 (1x1 grid, tile 2048x2048)
[2026-03-15T19:37:35Z INFO  bif_core::texture] Texture chemistry_kipps_apparatus01_Normal_openGL.1002.jpg (2048x2048): decode=311.9ms, convert=28.7ms, linear=113.0ms, total=453.7ms
[2026-03-15T19:37:35Z INFO  bif_core::texture] Texture electronics_portable_tv01_BaseColor.1013.jpg (2048x2048): decode=122.7ms, convert=48.3ms, linear=85.7ms, total=256.7ms
[2026-03-15T19:37:35Z INFO  bif_viewport::texture_loader] UDIM atlas: 5 tiles -> 6144x4096 (3x2 grid, tile 2048x2048)
[2026-03-15T19:37:35Z INFO  bif_core::texture] Texture electronics_oscilloscope01_Roughness.1014.jpg (2048x2048): decode=60.5ms, convert=30.9ms, linear=98.2ms, total=189.6ms
[2026-03-15T19:37:35Z INFO  bif_viewport::texture_loader] UDIM atlas: 1 tiles -> 2048x2048 (1x1 grid, tile 2048x2048)
[2026-03-15T19:37:35Z INFO  bif_core::texture] Texture decor_foam_hand01_proxyTexture.jpg (512x512): decode=18.5ms, convert=1.3ms, linear=3.4ms, total=23.3ms
[2026-03-15T19:37:35Z INFO  bif_core::texture] Texture furniture_workbench01_BaseColor.1013.jpg (2048x2048): decode=184.7ms, convert=27.1ms, linear=85.6ms, total=297.4ms
[2026-03-15T19:37:35Z INFO  bif_core::texture] Texture electronics_wire_spool02_Normal_openGL.1001.jpg (2048x2048): decode=123.0ms, convert=17.8ms, linear=75.4ms, total=216.2ms
[2026-03-15T19:37:35Z INFO  bif_viewport::texture_loader] UDIM atlas: 1 tiles -> 2048x2048 (1x1 grid, tile 2048x2048)
[2026-03-15T19:37:35Z INFO  bif_core::texture] Texture electronics_tesla_coil01_BaseColor.1011.jpg (2048x2048): decode=162.0ms, convert=26.6ms, linear=85.4ms, total=274.1ms
[2026-03-15T19:37:35Z INFO  bif_viewport::texture_loader] UDIM atlas: 1 tiles -> 2048x2048 (1x1 grid, tile 2048x2048)
[2026-03-15T19:37:35Z INFO  bif_core::texture] Texture chemistry_test_tube02_proxyTexture.jpg (512x512): decode=13.5ms, convert=1.9ms, linear=6.3ms, total=21.8ms
[2026-03-15T19:37:35Z INFO  bif_core::texture] Texture toy_fun_coil_Metallic.1001.jpg (2048x2048): decode=47.4ms, convert=17.1ms, linear=105.7ms, total=170.2ms
[2026-03-15T19:37:35Z INFO  bif_core::texture] Texture furniture_workbench01_Roughness.1013.jpg (2048x2048): decode=101.9ms, convert=18.5ms, linear=114.2ms, total=234.7ms
[2026-03-15T19:37:35Z INFO  bif_core::texture] Texture electronics_oscilloscope01_Metallic.1003.jpg (2048x2048): decode=48.3ms, convert=27.7ms, linear=78.2ms, total=154.1ms
[2026-03-15T19:37:35Z INFO  bif_core::texture] Texture stationary_pencil03_BaseColor.1001.jpg (2048x2048): decode=125.0ms, convert=55.6ms, linear=87.6ms, total=268.2ms
[2026-03-15T19:37:35Z INFO  bif_core::texture] Texture furniture_shelving01_Roughness.1001.jpg (2048x2048): decode=103.6ms, convert=27.1ms, linear=102.0ms, total=232.7ms
[2026-03-15T19:37:35Z INFO  bif_viewport::texture_loader] UDIM atlas: 13 tiles -> 10240x6144 (5x3 grid, tile 2048x2048)
[2026-03-15T19:37:35Z INFO  bif_core::texture] Texture decor_wooden_box01_Normal_openGL.1013.jpg (2048x2048): decode=116.0ms, convert=29.3ms, linear=126.1ms, total=271.4ms
[2026-03-15T19:37:35Z INFO  bif_core::texture] Texture stationary_notepad01_Roughness.1003.jpg (2048x2048): decode=75.0ms, convert=33.3ms, linear=154.2ms, total=262.6ms
[2026-03-15T19:37:35Z INFO  bif_core::texture] Texture electronics_cabling_Normal_openGL.1014.jpg (2048x2048): decode=107.1ms, convert=39.1ms, linear=113.0ms, total=259.2ms
[2026-03-15T19:37:35Z INFO  bif_core::texture] Texture electronics_oscilloscope01_BaseColor.1012.jpg (2048x2048): decode=109.9ms, convert=63.5ms, linear=91.3ms, total=264.6ms
[2026-03-15T19:37:35Z INFO  bif_core::texture] Texture electronics_tesla_coil01_Normal_openGL.1011.jpg (2048x2048): decode=116.1ms, convert=29.3ms, linear=141.4ms, total=286.8ms
[2026-03-15T19:37:36Z INFO  bif_viewport::texture_loader] UDIM atlas: 2 tiles -> 4096x2048 (2x1 grid, tile 2048x2048)
[2026-03-15T19:37:36Z INFO  bif_core::texture] Texture electronics_tesla_coil01_Roughness.1014.jpg (2048x2048): decode=63.1ms, convert=38.2ms, linear=101.6ms, total=202.9ms
[2026-03-15T19:37:36Z INFO  bif_core::texture] Texture decor_wooden_box01_Roughness.1013.jpg (2048x2048): decode=96.1ms, convert=30.9ms, linear=112.8ms, total=239.8ms
[2026-03-15T19:37:36Z INFO  bif_core::texture] Texture chemistry_test_tube02_Normal_openGL.1001.jpg (2048x2048): decode=131.7ms, convert=45.3ms, linear=119.5ms, total=296.5ms
[2026-03-15T19:37:36Z INFO  bif_core::texture] Texture chemistry_beaker03_Normal_openGL.1001.jpg (2048x2048): decode=130.6ms, convert=29.1ms, linear=116.9ms, total=276.7ms
[2026-03-15T19:37:36Z INFO  bif_core::texture] Texture furniture_workbench01_Normal_openGL.1012.jpg (2048x2048): decode=139.4ms, convert=52.6ms, linear=124.1ms, total=316.1ms
[2026-03-15T19:37:36Z INFO  bif_core::texture] Texture chemistry_beaker_rack01_BaseColor.1001.jpg (2048x2048): decode=190.6ms, convert=33.8ms, linear=110.1ms, total=334.6ms
[2026-03-15T19:37:36Z INFO  bif_core::texture] Texture electronics_oscilloscope01_Roughness.1021.jpg (2048x2048): decode=42.0ms, convert=34.0ms, linear=104.9ms, total=180.9ms
[2026-03-15T19:37:36Z INFO  bif_core::texture] Texture vegetation_bonsai_twig01_Normal_openGL.1001.png (2048x2048): decode=125.1ms, convert=40.6ms, linear=131.6ms, total=297.3ms
[2026-03-15T19:37:36Z INFO  bif_core::texture] Texture BakedDiffuse_porc_hand.1001.jpg (2048x2048): decode=132.8ms, convert=61.1ms, linear=91.8ms, total=285.7ms
[2026-03-15T19:37:36Z INFO  bif_core::texture] Texture stationary_set_square02_Normal_openGL.1001.jpg (2048x2048): decode=139.6ms, convert=29.5ms, linear=102.7ms, total=271.9ms
[2026-03-15T19:37:36Z INFO  bif_viewport::texture_loader] UDIM atlas: 5 tiles -> 6144x4096 (3x2 grid, tile 2048x2048)
[2026-03-15T19:37:36Z INFO  bif_core::texture] Texture electronics_audio_generator01_BaseColor.1013.jpg (2048x2048): decode=148.5ms, convert=30.4ms, linear=90.7ms, total=269.7ms
[2026-03-15T19:37:36Z INFO  bif_core::texture] Texture electronics_portable_tv01_BaseColor.1014.jpg (2048x2048): decode=139.5ms, convert=34.5ms, linear=89.0ms, total=263.1ms
[2026-03-15T19:37:36Z INFO  bif_core::texture] Texture chemistry_bottle01_Roughness.1001.jpg (2048x2048): decode=119.3ms, convert=24.7ms, linear=65.9ms, total=209.8ms
[2026-03-15T19:37:36Z INFO  bif_viewport::texture_loader] UDIM atlas: 1 tiles -> 2048x2048 (1x1 grid, tile 2048x2048)
[2026-03-15T19:37:36Z INFO  bif_core::texture] Texture chemistry_kipps_apparatus01_Normal_openGL.1003.jpg (2048x2048): decode=166.0ms, convert=29.4ms, linear=66.8ms, total=262.1ms
[2026-03-15T19:37:36Z INFO  bif_core::texture] Texture chemistry_test_tube02_BaseColor.1001.jpg (2048x2048): decode=140.3ms, convert=38.1ms, linear=55.3ms, total=233.7ms
[2026-03-15T19:37:36Z INFO  bif_core::texture] Texture furniture_workbench01_BaseColor.1014.jpg (2048x2048): decode=185.8ms, convert=19.8ms, linear=56.6ms, total=262.1ms
[2026-03-15T19:37:36Z INFO  bif_viewport::texture_loader] UDIM atlas: 1 tiles -> 2048x2048 (1x1 grid, tile 2048x2048)
[2026-03-15T19:37:36Z INFO  bif_core::texture] Texture electronics_oscilloscope01_Normal_openGL.1012.jpg (2048x2048): decode=278.0ms, convert=73.3ms, linear=62.5ms, total=413.8ms
[2026-03-15T19:37:36Z INFO  bif_viewport::texture_loader] UDIM atlas: 3 tiles -> 6144x2048 (3x1 grid, tile 2048x2048)
[2026-03-15T19:37:36Z INFO  bif_core::texture] Texture electronics_oscilloscope01_Metallic.1004.jpg (2048x2048): decode=38.2ms, convert=20.1ms, linear=63.7ms, total=122.1ms
[2026-03-15T19:37:36Z INFO  bif_core::texture] Texture electronics_wire_spool02_Normal_openGL.1002.jpg (2048x2048): decode=186.5ms, convert=36.8ms, linear=85.6ms, total=309.0ms
[2026-03-15T19:37:36Z INFO  bif_viewport::texture_loader] UDIM atlas: 1 tiles -> 2048x2048 (1x1 grid, tile 2048x2048)
[2026-03-15T19:37:36Z INFO  bif_core::texture] Texture electronics_portable_tv01_Normal_openGL.1001.jpg (2048x2048): decode=82.1ms, convert=24.8ms, linear=79.5ms, total=186.3ms
[2026-03-15T19:37:36Z INFO  bif_core::texture] Texture electronics_tesla_coil01_BaseColor.1012.jpg (2048x2048): decode=213.8ms, convert=26.3ms, linear=99.2ms, total=339.3ms
[2026-03-15T19:37:36Z INFO  bif_viewport::texture_loader] UDIM atlas: 1 tiles -> 2048x2048 (1x1 grid, tile 2048x2048)
[2026-03-15T19:37:36Z INFO  bif_viewport::texture_loader] UDIM atlas: 1 tiles -> 2048x2048 (1x1 grid, tile 2048x2048)
[2026-03-15T19:37:36Z INFO  bif_core::texture] Texture furniture_workbench01_Roughness.1014.jpg (2048x2048): decode=111.8ms, convert=25.8ms, linear=137.4ms, total=275.0ms
[2026-03-15T19:37:36Z INFO  bif_core::texture] Texture furniture_shelving01_Roughness.1002.jpg (2048x2048): decode=87.0ms, convert=21.4ms, linear=187.1ms, total=295.5ms
[2026-03-15T19:37:36Z INFO  bif_core::texture] Texture decor_helmet_head01_Roughness.1001.jpg (2048x2048): decode=118.9ms, convert=24.0ms, linear=137.5ms, total=280.4ms
[2026-03-15T19:37:36Z INFO  bif_core::texture] Texture vegetation_bonsai_twig02_proxyTexture.jpg (512x512): decode=26.7ms, convert=4.3ms, linear=6.7ms, total=37.7ms
[2026-03-15T19:37:36Z INFO  bif_core::texture] Texture chemistry_test_tube03_proxyTexture.jpg (512x512): decode=32.2ms, convert=2.7ms, linear=6.5ms, total=41.4ms
[2026-03-15T19:37:36Z INFO  bif_viewport::texture_loader] UDIM atlas: 1 tiles -> 2048x2048 (1x1 grid, tile 2048x2048)
[2026-03-15T19:37:36Z INFO  bif_viewport::texture_loader] UDIM atlas: 1 tiles -> 2048x2048 (1x1 grid, tile 2048x2048)
[2026-03-15T19:37:36Z INFO  bif_core::texture] Texture stationary_slide_rule01_proxyTexture.jpg (512x512): decode=14.6ms, convert=2.5ms, linear=8.0ms, total=25.2ms
[2026-03-15T19:37:36Z INFO  bif_viewport::texture_loader] UDIM atlas: 1 tiles -> 2048x2048 (1x1 grid, tile 2048x2048)
[2026-03-15T19:37:36Z INFO  bif_core::texture] Texture electronics_portable_tv01_BaseColor.1021.jpg (2048x2048): decode=134.1ms, convert=42.7ms, linear=152.6ms, total=329.5ms
[2026-03-15T19:37:36Z INFO  bif_core::texture] Texture electronics_oscilloscope01_BaseColor.1013.jpg (2048x2048): decode=170.7ms, convert=40.0ms, linear=185.1ms, total=395.8ms
[2026-03-15T19:37:36Z INFO  bif_core::texture] Texture electronics_oscilloscope01_Metallic.1011.jpg (2048x2048): decode=61.3ms, convert=35.9ms, linear=133.2ms, total=230.4ms
[2026-03-15T19:37:36Z INFO  bif_viewport::texture_loader] UDIM atlas: 8 tiles -> 8192x4096 (4x2 grid, tile 2048x2048)
[2026-03-15T19:37:36Z INFO  bif_core::texture] Texture electronics_oscilloscope01_Roughness.1022.jpg (2048x2048): decode=102.8ms, convert=36.5ms, linear=132.8ms, total=272.1ms
[2026-03-15T19:37:36Z INFO  bif_core::texture] Texture stationary_pencil03_Normal_openGL.1001.jpg (2048x2048): decode=119.2ms, convert=55.3ms, linear=140.4ms, total=314.9ms
[2026-03-15T19:37:36Z INFO  bif_core::texture] Texture BakedDiffuse_porc_hand.1002.jpg (2048x2048): decode=156.7ms, convert=35.7ms, linear=141.3ms, total=333.8ms
[2026-03-15T19:37:36Z INFO  bif_core::texture] Texture furniture_workbench01_Normal_openGL.1013.jpg (2048x2048): decode=144.4ms, convert=40.2ms, linear=130.0ms, total=314.6ms
[2026-03-15T19:37:36Z INFO  bif_viewport::texture_loader] UDIM atlas: 6 tiles -> 6144x4096 (3x2 grid, tile 2048x2048)
[2026-03-15T19:37:36Z INFO  bif_viewport::texture_loader] UDIM atlas: 3 tiles -> 6144x2048 (3x1 grid, tile 2048x2048)
[2026-03-15T19:37:36Z INFO  bif_core::texture] Texture decor_bonsai_jar01_proxyTexture.jpg (512x512): decode=15.3ms, convert=2.6ms, linear=7.8ms, total=25.6ms
[2026-03-15T19:37:36Z INFO  bif_core::texture] Texture electronics_audio_generator01_BaseColor.1014.jpg (2048x2048): decode=166.3ms, convert=33.1ms, linear=121.0ms, total=320.5ms
[2026-03-15T19:37:36Z INFO  bif_core::texture] Texture toy_fun_coil_Normal_openGL.1001.jpg (2048x2048): decode=184.5ms, convert=42.5ms, linear=137.9ms, total=364.9ms
[2026-03-15T19:37:36Z INFO  bif_core::texture] Texture stationary_pencil01_proxyTexture.jpg (512x512): decode=11.7ms, convert=1.7ms, linear=6.5ms, total=20.0ms
[2026-03-15T19:37:36Z INFO  bif_core::texture] Texture electronics_turntable01_proxyTexture.jpg (512x512): decode=18.0ms, convert=1.5ms, linear=5.0ms, total=24.5ms
[2026-03-15T19:37:36Z INFO  bif_viewport::texture_loader] UDIM atlas: 6 tiles -> 6144x4096 (3x2 grid, tile 2048x2048)
[2026-03-15T19:37:36Z INFO  bif_core::texture] Texture electronics_tesla_coil01_Normal_openGL.1012.jpg (2048x2048): decode=246.0ms, convert=37.6ms, linear=158.3ms, total=441.9ms
[2026-03-15T19:37:36Z INFO  bif_viewport::texture_loader] UDIM atlas: 2 tiles -> 4096x2048 (2x1 grid, tile 2048x2048)
[2026-03-15T19:37:36Z INFO  bif_core::texture] Texture vegetation_bonsai_twig02_BaseColor.1001.jpg (2048x2048): decode=204.7ms, convert=35.5ms, linear=111.7ms, total=352.0ms
[2026-03-15T19:37:36Z INFO  bif_core::texture] Texture electronics_oscilloscope01_Normal_openGL.1013.jpg (2048x2048): decode=156.4ms, convert=33.2ms, linear=101.4ms, total=291.0ms
[2026-03-15T19:37:36Z INFO  bif_core::texture] Texture furniture_workbench01_BaseColor.1021.jpg (2048x2048): decode=174.0ms, convert=29.2ms, linear=105.6ms, total=308.9ms
[2026-03-15T19:37:36Z INFO  bif_core::texture] Texture chemistry_test_tube02_Roughness.1001.jpg (2048x2048): decode=94.0ms, convert=28.2ms, linear=108.2ms, total=230.4ms
[2026-03-15T19:37:36Z INFO  bif_core::texture] Texture toy_fun_coil_proxyTexture.jpg (512x512): decode=16.8ms, convert=2.3ms, linear=4.6ms, total=23.7ms
[2026-03-15T19:37:36Z INFO  bif_viewport::texture_loader] UDIM atlas: 9 tiles -> 10240x4096 (5x2 grid, tile 2048x2048)
[2026-03-15T19:37:36Z INFO  bif_core::texture] Texture electronics_oscilloscope01_Metallic.1012.jpg (2048x2048): decode=36.1ms, convert=28.6ms, linear=101.6ms, total=166.3ms
[2026-03-15T19:37:37Z INFO  bif_viewport::texture_loader] UDIM atlas: 2 tiles -> 4096x2048 (2x1 grid, tile 2048x2048)
[2026-03-15T19:37:37Z INFO  bif_core::texture] Texture stationary_pencil03_Roughness.1001.jpg (2048x2048): decode=72.2ms, convert=30.2ms, linear=146.7ms, total=249.2ms
[2026-03-15T19:37:37Z INFO  bif_core::texture] Texture electronics_portable_tv01_Normal_openGL.1002.jpg (2048x2048): decode=113.1ms, convert=31.6ms, linear=96.6ms, total=241.3ms
[2026-03-15T19:37:37Z INFO  bif_core::texture] Texture stationary_notepad01_Normal_openGL.1001.jpg (2048x2048): decode=238.5ms, convert=27.7ms, linear=117.7ms, total=383.9ms
[2026-03-15T19:37:37Z INFO  bif_core::texture] Texture vegetation_bonsai_twig03_Normal_openGL.1001.png (2048x2048): decode=82.0ms, convert=28.6ms, linear=129.5ms, total=240.1ms
[2026-03-15T19:37:37Z INFO  bif_viewport::texture_loader] UDIM atlas: 2 tiles -> 4096x2048 (2x1 grid, tile 2048x2048)
[2026-03-15T19:37:37Z INFO  bif_core::texture] Texture decor_helmet_head01_Roughness.1002.jpg (2048x2048): decode=86.7ms, convert=30.8ms, linear=133.8ms, total=251.3ms
[2026-03-15T19:37:37Z INFO  bif_core::texture] Texture electronics_tesla_coil01_BaseColor.1013.jpg (2048x2048): decode=136.1ms, convert=59.8ms, linear=118.8ms, total=314.7ms
[2026-03-15T19:37:37Z INFO  bif_core::texture] Texture furniture_workbench01_Roughness.1021.jpg (2048x2048): decode=85.6ms, convert=30.6ms, linear=111.7ms, total=227.8ms
[2026-03-15T19:37:37Z INFO  bif_core::texture] Texture chemistry_beaker_rack01_Roughness.1001.jpg (2048x2048): decode=84.6ms, convert=28.9ms, linear=138.9ms, total=252.5ms
[2026-03-15T19:37:37Z INFO  bif_core::texture] Texture electronics_turntable01_BaseColor.1001.jpg (2048x2048): decode=121.1ms, convert=46.8ms, linear=107.5ms, total=275.4ms
[2026-03-15T19:37:37Z INFO  bif_core::texture] Texture decor_helmet_head01_proxyTexture.jpg (512x512): decode=22.8ms, convert=1.7ms, linear=6.1ms, total=30.6ms
[2026-03-15T19:37:37Z INFO  bif_core::texture] Texture chemistry_test_tube03_BaseColor.1001.jpg (2048x2048): decode=140.3ms, convert=34.1ms, linear=107.1ms, total=281.5ms
[2026-03-15T19:37:37Z INFO  bif_viewport::texture_loader] UDIM atlas: 1 tiles -> 2048x2048 (1x1 grid, tile 2048x2048)
[2026-03-15T19:37:37Z INFO  bif_viewport::texture_loader] UDIM atlas: 1 tiles -> 2048x2048 (1x1 grid, tile 2048x2048)
[2026-03-15T19:37:37Z INFO  bif_core::texture] Texture stationary_slide_rule01_BaseColor.1001.jpg (2048x2048): decode=142.9ms, convert=36.7ms, linear=119.1ms, total=298.8ms
[2026-03-15T19:37:37Z INFO  bif_core::texture] Texture books_magazines01_proxyTexture.jpg (512x512): decode=20.0ms, convert=2.2ms, linear=5.1ms, total=27.3ms
[2026-03-15T19:37:37Z INFO  bif_core::texture] Texture electronics_portable_tv01_BaseColor.1022.jpg (2048x2048): decode=152.9ms, convert=42.1ms, linear=81.0ms, total=276.0ms
[2026-03-15T19:37:37Z INFO  bif_core::texture] Texture electronics_oscilloscope01_Metallic.1013.jpg (2048x2048): decode=60.4ms, convert=38.7ms, linear=107.0ms, total=206.0ms
[2026-03-15T19:37:37Z INFO  bif_core::texture] Texture toy_curly_surgery_proxyTexture.jpg (512x512): decode=44.4ms, convert=1.8ms, linear=6.0ms, total=52.2ms
[2026-03-15T19:37:37Z INFO  bif_core::texture] Texture electronics_oscilloscope01_Roughness.1023.jpg (2048x2048): decode=110.9ms, convert=29.3ms, linear=102.0ms, total=242.2ms
[2026-03-15T19:37:37Z INFO  bif_core::texture] Texture decor_bonsai_jar01_BaseColor.1001.jpg (2048x2048): decode=118.9ms, convert=34.0ms, linear=90.0ms, total=243.0ms
[2026-03-15T19:37:37Z INFO  bif_core::texture] Texture chemistry_bottle01_Normal_openGL.1001.jpg (2048x2048): decode=118.4ms, convert=65.1ms, linear=169.9ms, total=353.4ms
[2026-03-15T19:37:37Z INFO  bif_viewport::texture_loader] UDIM atlas: 1 tiles -> 2048x2048 (1x1 grid, tile 2048x2048)
[2026-03-15T19:37:37Z INFO  bif_core::texture] Texture stationary_paper02_proxyTexture.jpg (512x512): decode=15.0ms, convert=1.9ms, linear=6.0ms, total=22.9ms
[2026-03-15T19:37:37Z INFO  bif_viewport::texture_loader] UDIM atlas: 1 tiles -> 2048x2048 (1x1 grid, tile 2048x2048)
[2026-03-15T19:37:37Z INFO  bif_core::texture] Texture furniture_workbench01_Normal_openGL.1014.jpg (2048x2048): decode=129.5ms, convert=27.5ms, linear=101.4ms, total=258.4ms
[2026-03-15T19:37:37Z INFO  bif_core::texture] Texture toy_curly_surgery_Roughness.1001.jpg (2048x2048): decode=73.0ms, convert=30.7ms, linear=101.4ms, total=205.0ms
[2026-03-15T19:37:37Z INFO  bif_core::texture] Texture stationary_pencil01_BaseColor.1001.jpg (2048x2048): decode=210.2ms, convert=38.6ms, linear=110.1ms, total=359.0ms
[2026-03-15T19:37:37Z INFO  bif_viewport::texture_loader] UDIM atlas: 1 tiles -> 2048x2048 (1x1 grid, tile 2048x2048)
[2026-03-15T19:37:37Z INFO  bif_core::texture] Texture toy_fun_coil_BaseColor.1001.jpg (2048x2048): decode=134.8ms, convert=31.7ms, linear=109.2ms, total=275.7ms
[2026-03-15T19:37:37Z INFO  bif_core::texture] Texture electronics_tesla_coil01_Metallic.1001.jpg (2048x2048): decode=42.3ms, convert=36.2ms, linear=122.2ms, total=200.7ms
[2026-03-15T19:37:37Z INFO  bif_core::texture] Texture test202009demo_ll_leaf01_sm01_proxyTexture.jpg (512x512): decode=18.5ms, convert=2.5ms, linear=7.6ms, total=28.7ms
[2026-03-15T19:37:37Z INFO  bif_core::texture] Texture electronics_oscilloscope01_BaseColor.1014.jpg (2048x2048): decode=197.8ms, convert=66.1ms, linear=157.6ms, total=421.4ms
[2026-03-15T19:37:37Z INFO  bif_core::texture] Texture electronics_oscilloscope01_Metallic.1014.jpg (2048x2048): decode=37.0ms, convert=35.1ms, linear=110.7ms, total=182.7ms
[2026-03-15T19:37:37Z INFO  bif_viewport::texture_loader] UDIM atlas: 1 tiles -> 2048x2048 (1x1 grid, tile 2048x2048)
[2026-03-15T19:37:37Z INFO  bif_core::texture] Texture vegetation_bonsai_twig02_Roughness.1001.png (2048x2048): decode=76.0ms, convert=111.3ms, linear=116.0ms, total=303.2ms
[2026-03-15T19:37:37Z INFO  bif_core::texture] Texture electronics_tesla_coil01_Normal_openGL.1013.jpg (2048x2048): decode=123.1ms, convert=43.4ms, linear=122.5ms, total=289.0ms
[2026-03-15T19:37:37Z INFO  bif_core::texture] Texture furniture_workbench01_BaseColor.1022.jpg (2048x2048): decode=153.9ms, convert=34.6ms, linear=106.9ms, total=295.4ms
[2026-03-15T19:37:37Z INFO  bif_viewport::texture_loader] UDIM atlas: 9 tiles -> 10240x4096 (5x2 grid, tile 2048x2048)
[2026-03-15T19:37:37Z INFO  bif_viewport::texture_loader] UDIM atlas: 2 tiles -> 4096x2048 (2x1 grid, tile 2048x2048)
[2026-03-15T19:37:37Z INFO  bif_core::texture] Texture electronics_portable_tv01_Normal_openGL.1003.jpg (2048x2048): decode=118.3ms, convert=42.5ms, linear=105.2ms, total=266.0ms
[2026-03-15T19:37:37Z INFO  bif_core::texture] Texture furniture_shelving01_Normal_openGL.1001.jpg (2048x2048): decode=196.5ms, convert=34.2ms, linear=94.7ms, total=325.4ms
[2026-03-15T19:37:37Z INFO  bif_core::texture] Texture electronics_oscilloscope01_Normal_openGL.1014.jpg (2048x2048): decode=206.1ms, convert=58.1ms, linear=118.1ms, total=382.3ms
[2026-03-15T19:37:37Z INFO  bif_core::texture] Texture electronics_turntable01_BaseColor.1002.jpg (2048x2048): decode=131.3ms, convert=24.0ms, linear=83.2ms, total=238.5ms
[2026-03-15T19:37:37Z INFO  bif_core::texture] Texture decor_bonsai_jar01_BaseColor.1002.jpg (2048x2048): decode=172.1ms, convert=31.5ms, linear=108.5ms, total=312.2ms
[2026-03-15T19:37:37Z INFO  bif_core::texture] Texture stationary_notepad01_Normal_openGL.1002.jpg (2048x2048): decode=147.6ms, convert=46.4ms, linear=98.3ms, total=292.2ms
[2026-03-15T19:37:37Z INFO  bif_viewport::texture_loader] UDIM atlas: 1 tiles -> 2048x2048 (1x1 grid, tile 2048x2048)
[2026-03-15T19:37:37Z INFO  bif_core::texture] Texture electronics_tesla_coil01_BaseColor.1014.jpg (2048x2048): decode=134.0ms, convert=24.7ms, linear=127.0ms, total=285.7ms
[2026-03-15T19:37:37Z INFO  bif_core::texture] Texture electronics_oscilloscope01_Roughness.1024.jpg (2048x2048): decode=55.0ms, convert=35.3ms, linear=112.1ms, total=202.4ms
[2026-03-15T19:37:37Z INFO  bif_core::texture] Texture furniture_workbench01_Roughness.1022.jpg (2048x2048): decode=71.8ms, convert=24.0ms, linear=157.3ms, total=253.1ms
[2026-03-15T19:37:37Z INFO  bif_core::texture] Texture electronics_portable_tv01_BaseColor.1023.jpg (2048x2048): decode=119.5ms, convert=36.4ms, linear=111.9ms, total=267.9ms
[2026-03-15T19:37:37Z INFO  bif_core::texture] Texture test202009demo_ll_leaf01_sm01_BaseColor.1001.jpg (2048x2048): decode=143.7ms, convert=47.2ms, linear=113.5ms, total=304.4ms
[2026-03-15T19:37:37Z INFO  bif_core::texture] Texture chemistry_bottle02_proxyTexture.jpg (512x512): decode=55.5ms, convert=2.4ms, linear=7.9ms, total=65.8ms
[2026-03-15T19:37:37Z INFO  bif_core::texture] Texture toy_curly_surgery_BaseColor.1001.jpg (2048x2048): decode=183.8ms, convert=52.7ms, linear=121.6ms, total=358.1ms
[2026-03-15T19:37:37Z INFO  bif_core::texture] Texture books_magazines01_BaseColor.1001.jpg (2048x2048): decode=197.4ms, convert=29.2ms, linear=138.0ms, total=364.7ms
[2026-03-15T19:37:37Z INFO  bif_viewport::texture_loader] UDIM atlas: 1 tiles -> 2048x2048 (1x1 grid, tile 2048x2048)
[2026-03-15T19:37:37Z INFO  bif_core::texture] Texture stationary_slide_rule01_BaseColor.1002.jpg (2048x2048): decode=185.2ms, convert=32.6ms, linear=124.0ms, total=341.8ms
[2026-03-15T19:37:37Z INFO  bif_core::texture] Texture chemistry_beaker_rack01_Normal_openGL.1001.jpg (2048x2048): decode=125.2ms, convert=39.4ms, linear=120.0ms, total=284.6ms
[2026-03-15T19:37:37Z INFO  bif_core::texture] Texture toy_curly_surgery_Roughness.1002.jpg (2048x2048): decode=61.1ms, convert=36.9ms, linear=111.2ms, total=209.1ms
[2026-03-15T19:37:37Z INFO  bif_core::texture] Texture chemistry_test_tube03_Roughness.1001.jpg (2048x2048): decode=107.0ms, convert=34.0ms, linear=110.6ms, total=251.6ms
[2026-03-15T19:37:38Z INFO  bif_viewport::texture_loader] UDIM atlas: 1 tiles -> 2048x2048 (1x1 grid, tile 2048x2048)
[2026-03-15T19:37:38Z INFO  bif_core::texture] Texture chemistry_beaker_rack01_Metallic.1001.jpg (2048x2048): decode=50.7ms, convert=39.4ms, linear=92.9ms, total=182.9ms
[2026-03-15T19:37:38Z INFO  bif_core::texture] Texture furniture_workbench01_Normal_openGL.1021.jpg (2048x2048): decode=132.4ms, convert=38.5ms, linear=89.3ms, total=260.2ms
[2026-03-15T19:37:38Z INFO  bif_core::texture] Texture stationary_paper02_BaseColor.1001.jpg (2048x2048): decode=213.5ms, convert=36.5ms, linear=96.6ms, total=346.7ms
[2026-03-15T19:37:38Z INFO  bif_core::texture] Texture electronics_tesla_coil01_Metallic.1002.jpg (2048x2048): decode=36.2ms, convert=26.6ms, linear=81.9ms, total=144.8ms
[2026-03-15T19:37:38Z INFO  bif_core::texture] Texture electronics_oscilloscope01_Metallic.1021.jpg (2048x2048): decode=35.5ms, convert=40.3ms, linear=65.8ms, total=141.6ms
[2026-03-15T19:37:38Z INFO  bif_core::texture] Texture electronics_audio_generator01_Roughness.1001.jpg (2048x2048): decode=53.5ms, convert=23.7ms, linear=81.7ms, total=158.9ms
[2026-03-15T19:37:38Z INFO  bif_core::texture] Texture decor_helmet_head01_Metallic.1001.jpg (2048x2048): decode=107.1ms, convert=27.9ms, linear=130.5ms, total=265.6ms
[2026-03-15T19:37:38Z INFO  bif_core::texture] Texture electronics_portable_tv01_Normal_openGL.1004.jpg (2048x2048): decode=86.1ms, convert=22.7ms, linear=68.2ms, total=177.0ms
[2026-03-15T19:37:38Z INFO  bif_core::texture] Texture furniture_workbench01_BaseColor.1023.jpg (2048x2048): decode=185.0ms, convert=19.5ms, linear=85.4ms, total=289.9ms
[2026-03-15T19:37:38Z INFO  bif_core::texture] Texture vegetation_bonsai_twig02_Normal_openGL.1001.png (2048x2048): decode=89.5ms, convert=20.6ms, linear=115.2ms, total=225.3ms
[2026-03-15T19:37:38Z INFO  bif_core::texture] Texture electronics_tesla_coil01_Metallic.1003.jpg (2048x2048): decode=36.2ms, convert=23.0ms, linear=86.7ms, total=145.9ms
[2026-03-15T19:37:38Z INFO  bif_core::texture] Texture electronics_oscilloscope01_Metallic.1022.jpg (2048x2048): decode=34.7ms, convert=34.1ms, linear=89.6ms, total=158.5ms
[2026-03-15T19:37:38Z INFO  bif_core::texture] Texture electronics_tesla_coil01_Normal_openGL.1014.jpg (2048x2048): decode=190.9ms, convert=27.7ms, linear=115.9ms, total=334.5ms
[2026-03-15T19:37:38Z INFO  bif_viewport::texture_loader] UDIM atlas: 1 tiles -> 2048x2048 (1x1 grid, tile 2048x2048)
[2026-03-15T19:37:38Z INFO  bif_core::texture] Texture chemistry_beaker_stand01_proxyTexture.jpg (512x512): decode=30.2ms, convert=2.6ms, linear=10.1ms, total=42.9ms
[2026-03-15T19:37:38Z INFO  bif_viewport::texture_loader] UDIM atlas: 1 tiles -> 2048x2048 (1x1 grid, tile 2048x2048)
[2026-03-15T19:37:38Z INFO  bif_core::texture] Texture electronics_oscilloscope01_BaseColor.1021.jpg (2048x2048): decode=225.6ms, convert=41.4ms, linear=210.6ms, total=477.7ms
[2026-03-15T19:37:38Z INFO  bif_core::texture] Texture electronics_turntable01_BaseColor.1003.jpg (2048x2048): decode=194.8ms, convert=34.5ms, linear=172.3ms, total=401.7ms
[2026-03-15T19:37:38Z INFO  bif_core::texture] Texture structure_wall_fibro01_Normal_openGL.1001.jpg (2048x2048): decode=262.4ms, convert=35.9ms, linear=163.7ms, total=462.0ms
[2026-03-15T19:37:38Z INFO  bif_core::texture] Texture decor_bonsai_jar01_BaseColor.1003.jpg (2048x2048): decode=176.6ms, convert=38.5ms, linear=171.3ms, total=386.4ms
[2026-03-15T19:37:38Z INFO  bif_viewport::texture_loader] UDIM atlas: 1 tiles -> 2048x2048 (1x1 grid, tile 2048x2048)
[2026-03-15T19:37:38Z INFO  bif_viewport::texture_loader] UDIM atlas: 1 tiles -> 2048x2048 (1x1 grid, tile 2048x2048)
[2026-03-15T19:37:38Z INFO  bif_core::texture] Texture toy_curly_surgery_Roughness.1003.jpg (2048x2048): decode=51.0ms, convert=33.4ms, linear=158.9ms, total=243.3ms
[2026-03-15T19:37:38Z INFO  bif_core::texture] Texture electronics_portable_tv01_BaseColor.1024.jpg (2048x2048): decode=113.2ms, convert=42.9ms, linear=160.5ms, total=316.6ms
[2026-03-15T19:37:38Z INFO  bif_core::texture] Texture electronics_cabling_proxyTexture.jpg (512x512): decode=13.2ms, convert=2.8ms, linear=10.0ms, total=26.0ms
[2026-03-15T19:37:38Z INFO  bif_core::texture] Texture stationary_slide_rule01_BaseColor.1003.jpg (2048x2048): decode=127.1ms, convert=51.2ms, linear=163.7ms, total=342.0ms
[2026-03-15T19:37:38Z INFO  bif_core::texture] Texture furniture_shelving01_Normal_openGL.1002.jpg (2048x2048): decode=184.5ms, convert=65.2ms, linear=223.9ms, total=473.7ms
[2026-03-15T19:37:38Z INFO  bif_core::texture] Texture electronics_tesla_coil01_Metallic.1004.jpg (2048x2048): decode=53.7ms, convert=50.7ms, linear=150.7ms, total=255.1ms
[2026-03-15T19:37:38Z INFO  bif_core::texture] Texture vegetation_bonsai_twig03_proxyTexture.jpg (512x512): decode=21.5ms, convert=2.0ms, linear=7.8ms, total=31.3ms
[2026-03-15T19:37:38Z INFO  bif_core::texture] Texture toy_fun_coil_Roughness.1001.jpg (2048x2048): decode=89.3ms, convert=47.8ms, linear=168.0ms, total=305.1ms
[2026-03-15T19:37:38Z INFO  bif_core::texture] Texture electronics_audio_generator01_Roughness.1002.jpg (2048x2048): decode=50.4ms, convert=46.3ms, linear=164.1ms, total=260.8ms
[2026-03-15T19:37:38Z INFO  bif_core::texture] Texture electronics_oscilloscope01_Metallic.1023.jpg (2048x2048): decode=46.3ms, convert=44.0ms, linear=171.4ms, total=261.7ms
[2026-03-15T19:37:38Z INFO  bif_core::texture] Texture stationary_notepad01_Normal_openGL.1003.jpg (2048x2048): decode=221.1ms, convert=48.6ms, linear=150.1ms, total=419.8ms
[2026-03-15T19:37:38Z INFO  bif_core::texture] Texture test202009demo_ll_leaf01_sm01_Roughness.1001.png (2048x2048): decode=102.1ms, convert=79.3ms, linear=216.9ms, total=398.4ms
[2026-03-15T19:37:38Z INFO  bif_core::texture] Texture toy_curly_surgery_BaseColor.1002.jpg (2048x2048): decode=247.6ms, convert=44.9ms, linear=152.1ms, total=444.6ms
[2026-03-15T19:37:38Z INFO  bif_core::texture] Texture electronics_oscilloscope01_Normal_openGL.1021.jpg (2048x2048): decode=315.1ms, convert=50.9ms, linear=186.5ms, total=554.6ms
[2026-03-15T19:37:38Z INFO  bif_core::texture] Texture stationary_pencil01_Roughness.1001.jpg (2048x2048): decode=146.4ms, convert=74.8ms, linear=240.5ms, total=461.7ms
[2026-03-15T19:37:38Z INFO  bif_core::texture] Texture furniture_workbench01_Normal_openGL.1022.jpg (2048x2048): decode=155.0ms, convert=40.4ms, linear=127.8ms, total=323.3ms
[2026-03-15T19:37:38Z INFO  bif_core::texture] Texture books_magazines01_BaseColor.1002.jpg (2048x2048): decode=293.5ms, convert=35.9ms, linear=155.5ms, total=484.8ms
[2026-03-15T19:37:38Z INFO  bif_core::texture] Texture furniture_workbench01_Roughness.1023.jpg (2048x2048): decode=149.4ms, convert=39.5ms, linear=219.6ms, total=408.5ms
[2026-03-15T19:37:38Z INFO  bif_core::texture] Texture furniture_workbench01_BaseColor.1024.jpg (2048x2048): decode=124.8ms, convert=31.5ms, linear=88.7ms, total=245.0ms
[2026-03-15T19:37:38Z INFO  bif_core::texture] Texture chemistry_test_tube03_Normal_openGL.1001.jpg (2048x2048): decode=138.8ms, convert=32.9ms, linear=100.2ms, total=271.8ms
[2026-03-15T19:37:38Z INFO  bif_core::texture] Texture electronics_portable_tv01_Normal_openGL.1005.jpg (2048x2048): decode=124.7ms, convert=38.8ms, linear=104.6ms, total=268.1ms
[2026-03-15T19:37:38Z INFO  bif_core::texture] Texture chemistry_beaker_stand01_BaseColor.1001.jpg (2048x2048): decode=184.4ms, convert=36.6ms, linear=89.4ms, total=310.4ms
[2026-03-15T19:37:38Z INFO  bif_core::texture] Texture decor_helmet_head01_Metallic.1002.jpg (2048x2048): decode=49.7ms, convert=71.8ms, linear=182.8ms, total=304.3ms
[2026-03-15T19:37:38Z INFO  bif_core::texture] Texture electronics_tesla_coil01_Metallic.1005.jpg (2048x2048): decode=42.1ms, convert=37.5ms, linear=105.3ms, total=184.9ms
[2026-03-15T19:37:38Z INFO  bif_core::texture] Texture electronics_oscilloscope01_Metallic.1024.jpg (2048x2048): decode=32.7ms, convert=41.7ms, linear=101.7ms, total=176.1ms
[2026-03-15T19:37:38Z INFO  bif_viewport::texture_loader] UDIM atlas: 12 tiles -> 8192x6144 (4x3 grid, tile 2048x2048)
[2026-03-15T19:37:39Z INFO  bif_viewport::texture_loader] UDIM atlas: 3 tiles -> 6144x2048 (3x1 grid, tile 2048x2048)
[2026-03-15T19:37:39Z INFO  bif_viewport::texture_loader] UDIM atlas: 1 tiles -> 2048x2048 (1x1 grid, tile 2048x2048)
[2026-03-15T19:37:39Z INFO  bif_core::texture] Texture electronics_cabling_BaseColor.1001.jpg (2048x2048): decode=125.2ms, convert=32.9ms, linear=155.9ms, total=314.0ms
[2026-03-15T19:37:39Z INFO  bif_core::texture] Texture stationary_paper02_Roughness.1001.jpg (2048x2048): decode=52.8ms, convert=63.6ms, linear=171.1ms, total=287.4ms
[2026-03-15T19:37:39Z INFO  bif_core::texture] Texture toy_curly_surgery_Roughness.1004.jpg (2048x2048): decode=63.1ms, convert=35.5ms, linear=117.4ms, total=216.1ms
[2026-03-15T19:37:39Z INFO  bif_core::texture] Texture electronics_turntable01_BaseColor.1004.jpg (2048x2048): decode=144.9ms, convert=33.7ms, linear=124.1ms, total=302.7ms
[2026-03-15T19:37:39Z INFO  bif_viewport::texture_loader] UDIM atlas: 3 tiles -> 6144x2048 (3x1 grid, tile 2048x2048)
[2026-03-15T19:37:39Z INFO  bif_core::texture] Texture vegetation_bonsai_twig03_BaseColor.1001.jpg (2048x2048): decode=237.3ms, convert=45.4ms, linear=182.6ms, total=465.2ms
[2026-03-15T19:37:39Z INFO  bif_viewport::texture_loader] UDIM atlas: 2 tiles -> 4096x2048 (2x1 grid, tile 2048x2048)
[2026-03-15T19:37:39Z INFO  bif_viewport::texture_loader] UDIM atlas: 2 tiles -> 4096x2048 (2x1 grid, tile 2048x2048)
[2026-03-15T19:37:39Z INFO  bif_viewport::texture_loader] UDIM atlas: 1 tiles -> 2048x2048 (1x1 grid, tile 2048x2048)
[2026-03-15T19:37:39Z INFO  bif_viewport::texture_loader] UDIM atlas: 9 tiles -> 10240x4096 (5x2 grid, tile 2048x2048)
[2026-03-15T19:37:39Z INFO  bif_core::texture] Texture stationary_crayon_box01_proxyTexture.jpg (512x512): decode=32.4ms, convert=2.2ms, linear=8.2ms, total=42.8ms
[2026-03-15T19:37:39Z INFO  bif_core::texture] Texture electronics_tesla_coil01_Metallic.1011.jpg (2048x2048): decode=42.2ms, convert=29.5ms, linear=136.4ms, total=208.1ms
[2026-03-15T19:37:39Z INFO  bif_core::texture] Texture electronics_audio_generator01_Roughness.1003.jpg (2048x2048): decode=100.6ms, convert=44.0ms, linear=122.0ms, total=266.6ms
[2026-03-15T19:37:39Z INFO  bif_viewport::texture_loader] UDIM atlas: 1 tiles -> 2048x2048 (1x1 grid, tile 2048x2048)
[2026-03-15T19:37:39Z INFO  bif_core::texture] Texture chemistry_bottle02_BaseColor.1001.jpg (2048x2048): decode=628.2ms, convert=125.4ms, linear=123.3ms, total=876.9ms
[2026-03-15T19:37:39Z INFO  bif_core::texture] Texture electronics_spoolrack_proxyTexture.jpg (512x512): decode=22.5ms, convert=3.2ms, linear=7.8ms, total=33.5ms
[2026-03-15T19:37:39Z INFO  bif_viewport::texture_loader] UDIM atlas: 3 tiles -> 6144x2048 (3x1 grid, tile 2048x2048)
[2026-03-15T19:37:39Z INFO  bif_core::texture] Texture structure_wall_fibro01_proxyTexture.jpg (512x512): decode=14.5ms, convert=2.4ms, linear=9.2ms, total=26.1ms
[2026-03-15T19:37:39Z INFO  bif_core::texture] Texture stationary_paper01_proxyTexture.jpg (512x512): decode=17.1ms, convert=2.7ms, linear=8.7ms, total=28.5ms
[2026-03-15T19:37:39Z INFO  bif_core::texture] Texture furniture_workbench01_Normal_openGL.1023.jpg (2048x2048): decode=150.5ms, convert=38.1ms, linear=136.6ms, total=325.2ms
[2026-03-15T19:37:39Z INFO  bif_viewport::texture_loader] UDIM atlas: 9 tiles -> 10240x4096 (5x2 grid, tile 2048x2048)
[2026-03-15T19:37:39Z INFO  bif_core::texture] Texture structure_wall_fibro01_Normal_openGL.1002.jpg (2048x2048): decode=232.9ms, convert=34.7ms, linear=111.5ms, total=379.1ms
[2026-03-15T19:37:39Z INFO  bif_core::texture] Texture decor_wooden_box01_proxyTexture.jpg (512x512): decode=25.6ms, convert=2.0ms, linear=27.0ms, total=54.6ms
[2026-03-15T19:37:39Z INFO  bif_core::texture] Texture test202009demo_ll_leaf01_sm01_Normal_openGL.1001.png (2048x2048): decode=86.0ms, convert=34.3ms, linear=147.3ms, total=267.7ms
[2026-03-15T19:37:39Z INFO  bif_core::texture] Texture toy_curly_surgery_Normal_openGL.1001.jpg (2048x2048): decode=110.2ms, convert=40.2ms, linear=124.7ms, total=275.1ms
[2026-03-15T19:37:39Z INFO  bif_core::texture] Texture toy_curly_surgery_BaseColor.1003.jpg (2048x2048): decode=201.9ms, convert=46.5ms, linear=214.1ms, total=462.6ms
[2026-03-15T19:37:39Z INFO  bif_core::texture] Texture electronics_portable_tv01_Normal_openGL.1011.jpg (2048x2048): decode=126.0ms, convert=37.1ms, linear=113.7ms, total=276.8ms
[2026-03-15T19:37:39Z INFO  bif_core::texture] Texture electronics_oscilloscope01_Normal_openGL.1022.jpg (2048x2048): decode=127.5ms, convert=32.1ms, linear=215.2ms, total=374.9ms
[2026-03-15T19:37:39Z INFO  bif_core::texture] Texture chemistry_beaker_stand01_BaseColor.1002.jpg (2048x2048): decode=163.8ms, convert=38.2ms, linear=130.6ms, total=332.7ms
[2026-03-15T19:37:39Z INFO  bif_core::texture] Texture decor_bonsai_jar01_Roughness.1001.jpg (2048x2048): decode=53.5ms, convert=38.2ms, linear=146.0ms, total=237.7ms
[2026-03-15T19:37:39Z INFO  bif_core::texture] Texture furniture_workbench01_Roughness.1024.jpg (2048x2048): decode=97.3ms, convert=39.8ms, linear=208.3ms, total=345.4ms
[2026-03-15T19:37:39Z INFO  bif_viewport::texture_loader] UDIM atlas: 1 tiles -> 2048x2048 (1x1 grid, tile 2048x2048)
[2026-03-15T19:37:39Z INFO  bif_viewport::texture_loader] UDIM atlas: 1 tiles -> 2048x2048 (1x1 grid, tile 2048x2048)
[2026-03-15T19:37:39Z INFO  bif_core::texture] Texture electronics_spoolrack_Roughness.1001.jpg (2048x2048): decode=118.8ms, convert=31.0ms, linear=114.1ms, total=263.8ms
[2026-03-15T19:37:39Z INFO  bif_core::texture] Texture toy_curly_surgery_Roughness.1011.jpg (2048x2048): decode=89.2ms, convert=41.6ms, linear=124.1ms, total=254.9ms
[2026-03-15T19:37:39Z INFO  bif_core::texture] Texture stationary_slide_rule01_Roughness.1001.jpg (2048x2048): decode=81.6ms, convert=41.4ms, linear=133.0ms, total=256.1ms
[2026-03-15T19:37:39Z INFO  bif_core::texture] Texture books_magazines01_BaseColor.1003.jpg (2048x2048): decode=250.6ms, convert=52.0ms, linear=147.1ms, total=449.7ms
[2026-03-15T19:37:39Z INFO  bif_core::texture] Texture electronics_cabling_BaseColor.1002.jpg (2048x2048): decode=151.4ms, convert=31.2ms, linear=102.7ms, total=285.3ms
[2026-03-15T19:37:39Z INFO  bif_core::texture] Texture electronics_turntable01_BaseColor.1005.jpg (2048x2048): decode=143.3ms, convert=40.1ms, linear=112.2ms, total=295.5ms
[2026-03-15T19:37:39Z INFO  bif_core::texture] Texture electronics_spoolrack_BaseColor.1001.jpg (2048x2048): decode=237.3ms, convert=56.9ms, linear=108.3ms, total=402.4ms
[2026-03-15T19:37:39Z INFO  bif_core::texture] Texture electronics_tesla_coil01_Metallic.1012.jpg (2048x2048): decode=38.1ms, convert=35.1ms, linear=118.0ms, total=191.3ms
[2026-03-15T19:37:39Z INFO  bif_viewport::texture_loader] UDIM atlas: 13 tiles -> 10240x6144 (5x3 grid, tile 2048x2048)
[2026-03-15T19:37:39Z INFO  bif_core::texture] Texture electronics_audio_generator01_Roughness.1004.jpg (2048x2048): decode=80.4ms, convert=28.6ms, linear=93.8ms, total=202.8ms
[2026-03-15T19:37:39Z INFO  bif_core::texture] Texture vegetation_bonsai_twig03_Roughness.1001.png (2048x2048): decode=127.5ms, convert=32.0ms, linear=181.6ms, total=341.0ms
[2026-03-15T19:37:39Z INFO  bif_core::texture] Texture decor_bonsai_jar01_Roughness.1002.jpg (2048x2048): decode=53.0ms, convert=32.7ms, linear=106.3ms, total=192.0ms
[2026-03-15T19:37:39Z INFO  bif_viewport::texture_loader] UDIM atlas: 12 tiles -> 8192x6144 (4x3 grid, tile 2048x2048)
[2026-03-15T19:37:40Z INFO  bif_core::texture] Texture decor_helmet_head01_Normal_openGL.1001.jpg (2048x2048): decode=148.2ms, convert=60.1ms, linear=214.9ms, total=423.2ms
[2026-03-15T19:37:40Z INFO  bif_core::texture] Texture stationary_crayon_box01_BaseColor.1001.jpg (2048x2048): decode=257.7ms, convert=29.3ms, linear=152.5ms, total=439.5ms
[2026-03-15T19:37:40Z INFO  bif_core::texture] Texture structure_wall_fibro01_BaseColor.1001.jpg (2048x2048): decode=157.6ms, convert=123.2ms, linear=110.4ms, total=391.2ms
[2026-03-15T19:37:40Z INFO  bif_core::texture] Texture furniture_workbench01_Normal_openGL.1024.jpg (2048x2048): decode=117.9ms, convert=38.5ms, linear=120.6ms, total=276.9ms
[2026-03-15T19:37:40Z INFO  bif_core::texture] Texture toy_box02_Roughness.1001.jpg (2048x2048): decode=92.7ms, convert=32.2ms, linear=134.0ms, total=258.9ms
[2026-03-15T19:37:40Z INFO  bif_viewport::texture_loader] UDIM atlas: 12 tiles -> 8192x6144 (4x3 grid, tile 2048x2048)
[2026-03-15T19:37:40Z INFO  bif_viewport::texture_loader] UDIM atlas: 2 tiles -> 4096x2048 (2x1 grid, tile 2048x2048)
[2026-03-15T19:37:40Z INFO  bif_core::texture] Texture electronics_cabling_Roughness.1001.jpg (2048x2048): decode=155.8ms, convert=33.8ms, linear=186.2ms, total=375.8ms
[2026-03-15T19:37:40Z INFO  bif_core::texture] Texture electronics_tesla_coil01_Metallic.1013.jpg (2048x2048): decode=61.8ms, convert=42.5ms, linear=122.6ms, total=226.9ms
[2026-03-15T19:37:40Z INFO  bif_core::texture] Texture stationary_paper01_BaseColor.1001.jpg (2048x2048): decode=279.7ms, convert=38.7ms, linear=105.9ms, total=424.4ms
[2026-03-15T19:37:40Z INFO  bif_core::texture] Texture electronics_audio_generator01_Metallic.1001.jpg (2048x2048): decode=92.8ms, convert=32.3ms, linear=213.4ms, total=338.5ms
[2026-03-15T19:37:40Z INFO  bif_core::texture] Texture electronics_portable_tv01_Normal_openGL.1012.jpg (2048x2048): decode=138.8ms, convert=30.0ms, linear=102.8ms, total=271.6ms
[2026-03-15T19:37:40Z INFO  bif_core::texture] Texture electronics_spoolrack_Roughness.1002.jpg (2048x2048): decode=84.5ms, convert=37.2ms, linear=106.1ms, total=227.8ms
[2026-03-15T19:37:40Z INFO  bif_core::texture] Texture toy_curly_surgery_Normal_openGL.1002.jpg (2048x2048): decode=142.1ms, convert=40.0ms, linear=123.6ms, total=305.6ms
[2026-03-15T19:37:40Z INFO  bif_core::texture] Texture electronics_oscilloscope01_Normal_openGL.1023.jpg (2048x2048): decode=152.7ms, convert=28.5ms, linear=95.5ms, total=276.7ms
[2026-03-15T19:37:40Z INFO  bif_core::texture] Texture structure_wall_fibro01_Normal_openGL.1003.jpg (2048x2048): decode=228.7ms, convert=72.8ms, linear=111.2ms, total=412.7ms
[2026-03-15T19:37:40Z INFO  bif_core::texture] Texture stationary_paper02_Normal_openGL.1001.jpg (2048x2048): decode=159.0ms, convert=30.0ms, linear=104.4ms, total=293.5ms
[2026-03-15T19:37:40Z INFO  bif_core::texture] Texture toy_curly_surgery_Roughness.1012.jpg (2048x2048): decode=99.2ms, convert=30.3ms, linear=105.0ms, total=234.6ms
[2026-03-15T19:37:40Z INFO  bif_core::texture] Texture toy_curly_surgery_BaseColor.1004.jpg (2048x2048): decode=177.2ms, convert=46.3ms, linear=142.6ms, total=366.1ms
[2026-03-15T19:37:40Z INFO  bif_core::texture] Texture stationary_slide_rule01_Roughness.1002.jpg (2048x2048): decode=124.5ms, convert=25.7ms, linear=86.8ms, total=237.0ms
[2026-03-15T19:37:40Z INFO  bif_core::texture] Texture electronics_cabling_BaseColor.1003.jpg (2048x2048): decode=128.1ms, convert=26.6ms, linear=80.3ms, total=235.1ms
[2026-03-15T19:37:40Z INFO  bif_core::texture] Texture electronics_turntable01_BaseColor.1011.jpg (2048x2048): decode=134.2ms, convert=38.3ms, linear=76.1ms, total=248.6ms
[2026-03-15T19:37:40Z INFO  bif_core::texture] Texture electronics_audio_generator01_Roughness.1005.jpg (2048x2048): decode=73.1ms, convert=25.2ms, linear=86.7ms, total=185.0ms
[2026-03-15T19:37:40Z INFO  bif_viewport::texture_loader] UDIM atlas: 1 tiles -> 2048x2048 (1x1 grid, tile 2048x2048)
[2026-03-15T19:37:40Z INFO  bif_core::texture] Texture chemistry_bottle02_Roughness.1001.jpg (2048x2048): decode=82.9ms, convert=28.3ms, linear=122.6ms, total=234.2ms
[2026-03-15T19:37:40Z INFO  bif_viewport::texture_loader] UDIM atlas: 1 tiles -> 2048x2048 (1x1 grid, tile 2048x2048)
[2026-03-15T19:37:40Z INFO  bif_core::texture] Texture books_magazines01_BaseColor.1011.jpg (2048x2048): decode=176.3ms, convert=24.8ms, linear=102.2ms, total=303.3ms
[2026-03-15T19:37:40Z INFO  bif_core::texture] Texture books_encyclopedias01_Roughness.1001.jpg (2048x2048): decode=83.4ms, convert=22.2ms, linear=128.5ms, total=234.1ms
[2026-03-15T19:37:40Z INFO  bif_core::texture] Texture electronics_tesla_coil01_Metallic.1014.jpg (2048x2048): decode=78.9ms, convert=27.0ms, linear=104.6ms, total=210.5ms
[2026-03-15T19:37:40Z INFO  bif_core::texture] Texture decor_bonsai_jar01_Roughness.1003.jpg (2048x2048): decode=103.3ms, convert=29.7ms, linear=97.6ms, total=230.6ms
[2026-03-15T19:37:40Z INFO  bif_core::texture] Texture electronics_portable_tv01_Roughness.1001.jpg (2048x2048): decode=106.4ms, convert=32.9ms, linear=95.4ms, total=234.8ms
[2026-03-15T19:37:40Z INFO  bif_core::texture] Texture chemistry_beaker_stand01_Roughness.1001.jpg (2048x2048): decode=70.1ms, convert=27.5ms, linear=78.7ms, total=176.4ms
[2026-03-15T19:37:40Z INFO  bif_core::texture] Texture structure_wall_fibro01_Roughness.1001.jpg (2048x2048): decode=49.9ms, convert=25.8ms, linear=92.9ms, total=168.6ms
[2026-03-15T19:37:40Z INFO  bif_core::texture] Texture electronics_audio_generator01_Normal_openGL.1001.jpg (2048x2048): decode=140.8ms, convert=29.7ms, linear=93.1ms, total=263.6ms
[2026-03-15T19:37:40Z INFO  bif_core::texture] Texture electronics_spoolrack_BaseColor.1002.jpg (2048x2048): decode=216.1ms, convert=77.4ms, linear=126.0ms, total=419.4ms
[2026-03-15T19:37:40Z INFO  bif_viewport::texture_loader] UDIM atlas: 1 tiles -> 2048x2048 (1x1 grid, tile 2048x2048)
[2026-03-15T19:37:40Z INFO  bif_viewport::texture_loader] UDIM atlas: 2 tiles -> 4096x2048 (2x1 grid, tile 2048x2048)
[2026-03-15T19:37:40Z INFO  bif_core::texture] Texture structure_wall_fibro01_BaseColor.1002.jpg (2048x2048): decode=191.0ms, convert=31.9ms, linear=126.8ms, total=349.7ms
[2026-03-15T19:37:40Z INFO  bif_viewport::texture_loader] UDIM atlas: 1 tiles -> 2048x2048 (1x1 grid, tile 2048x2048)
[2026-03-15T19:37:40Z INFO  bif_core::texture] Texture electronics_audio_generator01_Metallic.1002.jpg (2048x2048): decode=58.9ms, convert=73.2ms, linear=146.5ms, total=278.6ms
[2026-03-15T19:37:40Z INFO  bif_core::texture] Texture stationary_protractor_box01_proxyTexture.jpg (512x512): decode=14.0ms, convert=2.5ms, linear=8.5ms, total=25.1ms
[2026-03-15T19:37:40Z INFO  bif_core::texture] Texture toy_curly_surgery_Normal_openGL.1003.jpg (2048x2048): decode=118.3ms, convert=35.2ms, linear=133.6ms, total=287.1ms
[2026-03-15T19:37:40Z INFO  bif_core::texture] Texture electronics_portable_tv01_Normal_openGL.1013.jpg (2048x2048): decode=135.1ms, convert=37.9ms, linear=139.6ms, total=312.6ms
[2026-03-15T19:37:40Z INFO  bif_core::texture] Texture toy_curly_surgery_Roughness.1013.jpg (2048x2048): decode=83.1ms, convert=43.7ms, linear=167.5ms, total=294.2ms
[2026-03-15T19:37:40Z INFO  bif_core::texture] Texture stationary_slide_rule01_Roughness.1003.jpg (2048x2048): decode=79.0ms, convert=54.4ms, linear=155.3ms, total=288.8ms
[2026-03-15T19:37:40Z INFO  bif_core::texture] Texture electronics_cabling_Roughness.1002.jpg (2048x2048): decode=62.4ms, convert=44.5ms, linear=277.1ms, total=384.0ms
[2026-03-15T19:37:40Z INFO  bif_viewport::texture_loader] UDIM atlas: 1 tiles -> 2048x2048 (1x1 grid, tile 2048x2048)
[2026-03-15T19:37:40Z INFO  bif_core::texture] Texture toy_box02_Normal_openGL.1001.jpg (2048x2048): decode=120.2ms, convert=37.8ms, linear=157.3ms, total=315.3ms
[2026-03-15T19:37:41Z INFO  bif_core::texture] Texture stationary_crayon_box01_Roughness.1001.jpg (2048x2048): decode=93.9ms, convert=34.0ms, linear=199.1ms, total=327.0ms
[2026-03-15T19:37:41Z INFO  bif_core::texture] Texture toy_box03_Roughness.1001.jpg (2048x2048): decode=85.0ms, convert=38.3ms, linear=220.1ms, total=343.4ms
[2026-03-15T19:37:41Z INFO  bif_core::texture] Texture electronics_audio_generator01_Roughness.1011.jpg (2048x2048): decode=85.5ms, convert=56.7ms, linear=151.8ms, total=294.0ms
[2026-03-15T19:37:41Z INFO  bif_core::texture] Texture decor_helmet_head01_Normal_openGL.1002.jpg (2048x2048): decode=326.5ms, convert=98.9ms, linear=219.3ms, total=644.8ms
[2026-03-15T19:37:41Z INFO  bif_core::texture] Texture electronics_cabling_BaseColor.1004.jpg (2048x2048): decode=162.5ms, convert=51.1ms, linear=156.5ms, total=370.0ms
[2026-03-15T19:37:41Z INFO  bif_viewport::texture_loader] UDIM atlas: 3 tiles -> 6144x2048 (3x1 grid, tile 2048x2048)
[2026-03-15T19:37:41Z INFO  bif_core::texture] Texture electronics_turntable01_BaseColor.1012.jpg (2048x2048): decode=179.8ms, convert=41.6ms, linear=160.6ms, total=381.9ms
[2026-03-15T19:37:41Z INFO  bif_viewport::texture_loader] UDIM atlas: 12 tiles -> 8192x6144 (4x3 grid, tile 2048x2048)
[2026-03-15T19:37:41Z INFO  bif_core::texture] Texture electronics_portable_tv01_Roughness.1002.jpg (2048x2048): decode=118.1ms, convert=37.7ms, linear=136.8ms, total=292.7ms
[2026-03-15T19:37:41Z INFO  bif_viewport::texture_loader] UDIM atlas: 9 tiles -> 10240x4096 (5x2 grid, tile 2048x2048)
[2026-03-15T19:37:41Z INFO  bif_core::texture] Texture chemistry_beaker_stand01_Roughness.1002.jpg (2048x2048): decode=74.2ms, convert=51.6ms, linear=155.5ms, total=281.3ms
[2026-03-15T19:37:41Z INFO  bif_core::texture] Texture books_encyclopedias01_Roughness.1002.jpg (2048x2048): decode=132.9ms, convert=59.7ms, linear=202.5ms, total=395.1ms
[2026-03-15T19:37:41Z INFO  bif_core::texture] Texture toy_curly_surgery_BaseColor.1011.jpg (2048x2048): decode=152.9ms, convert=43.4ms, linear=182.7ms, total=378.9ms
[2026-03-15T19:37:41Z INFO  bif_core::texture] Texture structure_wall_fibro01_Roughness.1002.jpg (2048x2048): decode=64.9ms, convert=46.8ms, linear=164.0ms, total=275.6ms
[2026-03-15T19:37:41Z INFO  bif_core::texture] Texture electronics_audio_generator01_Metallic.1003.jpg (2048x2048): decode=42.5ms, convert=67.1ms, linear=141.7ms, total=251.3ms
[2026-03-15T19:37:41Z INFO  bif_core::texture] Texture toy_box03_proxyTexture.jpg (512x512): decode=16.6ms, convert=2.1ms, linear=6.3ms, total=25.0ms
[2026-03-15T19:37:41Z INFO  bif_viewport::texture_loader] UDIM atlas: 12 tiles -> 8192x6144 (4x3 grid, tile 2048x2048)
[2026-03-15T19:37:41Z INFO  bif_core::texture] Texture structure_wall_fibro01_Normal_openGL.1011.jpg (2048x2048): decode=240.8ms, convert=87.3ms, linear=109.1ms, total=437.2ms
[2026-03-15T19:37:41Z INFO  bif_viewport::texture_loader] UDIM atlas: 2 tiles -> 4096x2048 (2x1 grid, tile 2048x2048)
[2026-03-15T19:37:41Z INFO  bif_core::texture] Texture electronics_oscilloscope01_Normal_openGL.1024.jpg (2048x2048): decode=318.5ms, convert=42.9ms, linear=150.5ms, total=511.9ms
[2026-03-15T19:37:41Z INFO  bif_core::texture] Texture books_magazines01_BaseColor.1012.jpg (2048x2048): decode=229.6ms, convert=42.1ms, linear=153.4ms, total=425.1ms
[2026-03-15T19:37:41Z INFO  bif_core::texture] Texture stationary_paper01_Roughness.1001.jpg (2048x2048): decode=60.9ms, convert=76.7ms, linear=154.1ms, total=291.7ms
[2026-03-15T19:37:41Z INFO  bif_core::texture] Texture electronics_spoolrack_Normal_openGL.1001.jpg (2048x2048): decode=203.8ms, convert=43.4ms, linear=107.1ms, total=354.3ms
[2026-03-15T19:37:41Z INFO  bif_core::texture] Texture electronics_audio_generator01_Normal_openGL.1002.jpg (2048x2048): decode=127.6ms, convert=43.7ms, linear=108.7ms, total=280.1ms
[2026-03-15T19:37:41Z INFO  bif_viewport::texture_loader] UDIM atlas: 1 tiles -> 2048x2048 (1x1 grid, tile 2048x2048)
[2026-03-15T19:37:41Z INFO  bif_viewport::texture_loader] UDIM atlas: 1 tiles -> 2048x2048 (1x1 grid, tile 2048x2048)
[2026-03-15T19:37:41Z INFO  bif_core::texture] Texture toy_box04_proxyTexture.jpg (512x512): decode=17.1ms, convert=1.8ms, linear=6.7ms, total=25.5ms
[2026-03-15T19:37:41Z INFO  bif_core::texture] Texture stationary_protractor_box01_BaseColor.1001.jpg (2048x2048): decode=236.1ms, convert=26.8ms, linear=120.7ms, total=383.6ms
[2026-03-15T19:37:41Z INFO  bif_core::texture] Texture decor_bonsai_jar01_Normal_openGL.1001.jpg (2048x2048): decode=104.3ms, convert=25.9ms, linear=103.2ms, total=233.5ms
[2026-03-15T19:37:41Z INFO  bif_viewport::texture_loader] UDIM atlas: 3 tiles -> 6144x2048 (3x1 grid, tile 2048x2048)
[2026-03-15T19:37:41Z INFO  bif_core::texture] Texture chemistry_bottle02_Normal_openGL.1001.jpg (2048x2048): decode=161.6ms, convert=108.8ms, linear=111.7ms, total=382.2ms
[2026-03-15T19:37:41Z INFO  bif_core::texture] Texture toy_curly_surgery_Normal_openGL.1004.jpg (2048x2048): decode=127.8ms, convert=21.9ms, linear=104.4ms, total=254.1ms
[2026-03-15T19:37:41Z INFO  bif_core::texture] Texture electronics_portable_tv01_Normal_openGL.1014.jpg (2048x2048): decode=125.2ms, convert=27.4ms, linear=109.6ms, total=262.2ms
[2026-03-15T19:37:41Z INFO  bif_viewport::texture_loader] UDIM atlas: 7 tiles -> 8192x4096 (4x2 grid, tile 2048x2048)
[2026-03-15T19:37:41Z INFO  bif_core::texture] Texture structure_wall_fibro01_BaseColor.1003.jpg (2048x2048): decode=255.2ms, convert=45.9ms, linear=117.8ms, total=418.9ms
[2026-03-15T19:37:41Z INFO  bif_viewport::texture_loader] UDIM atlas: 2 tiles -> 4096x2048 (2x1 grid, tile 2048x2048)
[2026-03-15T19:37:41Z INFO  bif_core::texture] Texture electronics_audio_generator01_Roughness.1012.jpg (2048x2048): decode=91.7ms, convert=33.1ms, linear=121.6ms, total=246.4ms
[2026-03-15T19:37:41Z INFO  bif_core::texture] Texture chemistry_bottle03_Normal_openGL.1001.jpg (2048x2048): decode=112.6ms, convert=33.7ms, linear=108.3ms, total=254.6ms
[2026-03-15T19:37:41Z INFO  bif_core::texture] Texture toy_box03_Roughness.1002.jpg (2048x2048): decode=97.8ms, convert=36.6ms, linear=143.6ms, total=278.1ms
[2026-03-15T19:37:41Z INFO  bif_viewport::texture_loader] UDIM atlas: 2 tiles -> 4096x2048 (2x1 grid, tile 2048x2048)
[2026-03-15T19:37:41Z INFO  bif_core::texture] Texture electronics_turntable01_BaseColor.1013.jpg (2048x2048): decode=139.8ms, convert=29.1ms, linear=116.2ms, total=285.1ms
[2026-03-15T19:37:41Z INFO  bif_core::texture] Texture electronics_cabling_Roughness.1003.jpg (2048x2048): decode=50.7ms, convert=27.2ms, linear=144.5ms, total=222.5ms
[2026-03-15T19:37:41Z INFO  bif_core::texture] Texture electronics_portable_tv01_Roughness.1003.jpg (2048x2048): decode=83.9ms, convert=34.6ms, linear=101.0ms, total=219.6ms
[2026-03-15T19:37:41Z INFO  bif_core::texture] Texture electronics_cabling_BaseColor.1011.jpg (2048x2048): decode=125.4ms, convert=41.1ms, linear=102.8ms, total=269.3ms
[2026-03-15T19:37:41Z INFO  bif_viewport::texture_loader] UDIM atlas: 1 tiles -> 2048x2048 (1x1 grid, tile 2048x2048)
[2026-03-15T19:37:41Z INFO  bif_core::texture] Texture toy_box03_BaseColor.1001.jpg (2048x2048): decode=209.1ms, convert=27.7ms, linear=107.5ms, total=344.2ms
[2026-03-15T19:37:41Z INFO  bif_core::texture] Texture chemistry_flask_stand01_BaseColor.1001.jpg (2048x2048): decode=130.1ms, convert=30.6ms, linear=82.2ms, total=242.9ms
[2026-03-15T19:37:41Z INFO  bif_core::texture] Texture electronics_audio_generator01_Metallic.1004.jpg (2048x2048): decode=35.8ms, convert=57.0ms, linear=133.7ms, total=226.5ms
[2026-03-15T19:37:41Z INFO  bif_core::texture] Texture structure_wall_fibro01_Roughness.1003.jpg (2048x2048): decode=94.5ms, convert=32.5ms, linear=97.1ms, total=224.1ms
[2026-03-15T19:37:41Z INFO  bif_core::texture] Texture stationary_crayon_box01_Normal_openGL.1001.jpg (2048x2048): decode=111.9ms, convert=28.3ms, linear=76.7ms, total=217.0ms
[2026-03-15T19:37:41Z INFO  bif_core::texture] Texture structure_wall_fibro02_Normal_openGL.1001.jpg (2048x2048): decode=207.2ms, convert=23.5ms, linear=90.4ms, total=321.1ms
[2026-03-15T19:37:41Z INFO  bif_core::texture] Texture electronics_audio_generator01_Normal_openGL.1003.jpg (2048x2048): decode=115.7ms, convert=29.2ms, linear=99.2ms, total=244.0ms
[2026-03-15T19:37:41Z INFO  bif_core::texture] Texture books_encyclopedias01_Roughness.1003.jpg (2048x2048): decode=80.1ms, convert=43.9ms, linear=85.2ms, total=209.1ms
[2026-03-15T19:37:41Z INFO  bif_core::texture] Texture electronics_spoolrack_Normal_openGL.1002.jpg (2048x2048): decode=161.6ms, convert=27.5ms, linear=71.0ms, total=260.1ms
[2026-03-15T19:37:42Z INFO  bif_core::texture] Texture toy_curly_surgery_BaseColor.1012.jpg (2048x2048): decode=164.1ms, convert=39.5ms, linear=135.0ms, total=338.6ms
[2026-03-15T19:37:42Z INFO  bif_viewport::texture_loader] UDIM atlas: 1 tiles -> 2048x2048 (1x1 grid, tile 2048x2048)
[2026-03-15T19:37:42Z INFO  bif_core::texture] Texture structure_wall_fibro01_Normal_openGL.1012.jpg (2048x2048): decode=247.5ms, convert=20.1ms, linear=131.6ms, total=399.3ms
[2026-03-15T19:37:42Z INFO  bif_core::texture] Texture toy_box04_BaseColor.1001.jpg (2048x2048): decode=140.9ms, convert=47.5ms, linear=115.2ms, total=303.6ms
[2026-03-15T19:37:42Z INFO  bif_core::texture] Texture stationary_slide_rule01_Normal_openGL.1001.jpg (2048x2048): decode=107.4ms, convert=31.1ms, linear=109.4ms, total=247.9ms
[2026-03-15T19:37:42Z INFO  bif_viewport::texture_loader] UDIM atlas: 1 tiles -> 2048x2048 (1x1 grid, tile 2048x2048)
[2026-03-15T19:37:42Z INFO  bif_core::texture] Texture chemistry_bottle03_proxyTexture.jpg (512x512): decode=14.0ms, convert=2.1ms, linear=8.5ms, total=24.6ms
[2026-03-15T19:37:42Z INFO  bif_core::texture] Texture chemistry_flask_stand01_proxyTexture.jpg (512x512): decode=19.6ms, convert=1.9ms, linear=7.6ms, total=29.1ms
[2026-03-15T19:37:42Z INFO  bif_core::texture] Texture books_magazines01_BaseColor.1013.jpg (2048x2048): decode=252.9ms, convert=35.0ms, linear=127.2ms, total=415.1ms
[2026-03-15T19:37:42Z INFO  bif_core::texture] Texture toy_curly_surgery_Normal_openGL.1011.jpg (2048x2048): decode=119.2ms, convert=35.1ms, linear=108.4ms, total=262.7ms
[2026-03-15T19:37:42Z INFO  bif_core::texture] Texture decor_bonsai_jar01_Normal_openGL.1002.jpg (2048x2048): decode=176.2ms, convert=55.6ms, linear=108.1ms, total=339.9ms
[2026-03-15T19:37:42Z INFO  bif_core::texture] Texture electronics_audio_generator01_Roughness.1013.jpg (2048x2048): decode=71.9ms, convert=41.6ms, linear=124.7ms, total=238.2ms
[2026-03-15T19:37:42Z INFO  bif_core::texture] Texture electronics_portable_tv01_Normal_openGL.1021.jpg (2048x2048): decode=131.2ms, convert=37.5ms, linear=120.7ms, total=289.3ms
[2026-03-15T19:37:42Z INFO  bif_core::texture] Texture electronics_audio_generator01_Metallic.1005.jpg (2048x2048): decode=62.9ms, convert=33.3ms, linear=203.0ms, total=299.2ms
[2026-03-15T19:37:42Z INFO  bif_core::texture] Texture toy_box01_BaseColor.1001.jpg (2048x2048): decode=164.2ms, convert=31.3ms, linear=123.0ms, total=318.5ms
[2026-03-15T19:37:42Z INFO  bif_core::texture] Texture chemistry_beaker_stand01_Metallic.1001.jpg (2048x2048): decode=103.2ms, convert=35.7ms, linear=116.8ms, total=255.8ms
[2026-03-15T19:37:42Z INFO  bif_core::texture] Texture chemistry_flask_stand01_Roughness.1001.jpg (2048x2048): decode=105.4ms, convert=45.0ms, linear=182.9ms, total=333.4ms
[2026-03-15T19:37:42Z INFO  bif_core::texture] Texture electronics_cabling_Roughness.1004.jpg (2048x2048): decode=68.5ms, convert=89.4ms, linear=131.3ms, total=289.3ms
[2026-03-15T19:37:42Z INFO  bif_core::texture] Texture electronics_portable_tv01_Roughness.1004.jpg (2048x2048): decode=78.7ms, convert=50.2ms, linear=105.9ms, total=234.8ms
[2026-03-15T19:37:42Z INFO  bif_core::texture] Texture electronics_cabling_BaseColor.1012.jpg (2048x2048): decode=143.4ms, convert=35.5ms, linear=87.9ms, total=266.8ms
[2026-03-15T19:37:42Z INFO  bif_core::texture] Texture electronics_turntable01_BaseColor.1014.jpg (2048x2048): decode=151.8ms, convert=34.1ms, linear=111.2ms, total=297.1ms
[2026-03-15T19:37:42Z INFO  bif_core::texture] Texture structure_wall_fibro01_BaseColor.1011.jpg (2048x2048): decode=240.3ms, convert=39.0ms, linear=143.3ms, total=422.6ms
[2026-03-15T19:37:42Z INFO  bif_core::texture] Texture structure_wall_fibro01_Roughness.1011.jpg (2048x2048): decode=51.2ms, convert=38.7ms, linear=111.9ms, total=201.9ms
[2026-03-15T19:37:42Z INFO  bif_core::texture] Texture stationary_paper01_Normal_openGL.1001.jpg (2048x2048): decode=255.5ms, convert=23.5ms, linear=75.8ms, total=354.8ms
[2026-03-15T19:37:42Z INFO  bif_viewport::texture_loader] UDIM atlas: 2 tiles -> 4096x2048 (2x1 grid, tile 2048x2048)
[2026-03-15T19:37:42Z INFO  bif_core::texture] Texture chemistry_flask_stand01_BaseColor.1002.jpg (2048x2048): decode=112.2ms, convert=36.0ms, linear=106.8ms, total=255.0ms
[2026-03-15T19:37:42Z INFO  bif_viewport::texture_loader] UDIM atlas: 1 tiles -> 2048x2048 (1x1 grid, tile 2048x2048)
[2026-03-15T19:37:42Z INFO  bif_core::texture] Texture chemistry_magnetic_stirrer01_proxyTexture.jpg (512x512): decode=14.9ms, convert=2.0ms, linear=5.8ms, total=22.7ms
[2026-03-15T19:37:42Z INFO  bif_viewport::texture_loader] UDIM atlas: 1 tiles -> 2048x2048 (1x1 grid, tile 2048x2048)
[2026-03-15T19:37:42Z INFO  bif_core::texture] Texture electronics_audio_generator01_Normal_openGL.1004.jpg (2048x2048): decode=127.0ms, convert=26.9ms, linear=70.8ms, total=224.7ms
[2026-03-15T19:37:42Z INFO  bif_core::texture] Texture toy_box03_Roughness.1003.jpg (2048x2048): decode=182.8ms, convert=27.7ms, linear=119.7ms, total=330.3ms
[2026-03-15T19:37:42Z INFO  bif_core::texture] Texture chemistry_bottle03_BaseColor.1001.jpg (2048x2048): decode=115.8ms, convert=31.8ms, linear=60.0ms, total=207.6ms
[2026-03-15T19:37:42Z INFO  bif_core::texture] Texture chemistry_bottle03_Roughness.1001.jpg (2048x2048): decode=89.5ms, convert=26.1ms, linear=87.6ms, total=203.2ms
[2026-03-15T19:37:42Z INFO  bif_viewport::texture_loader] UDIM atlas: 12 tiles -> 8192x6144 (4x3 grid, tile 2048x2048)
[2026-03-15T19:37:42Z INFO  bif_viewport::texture_loader] UDIM atlas: 3 tiles -> 6144x2048 (3x1 grid, tile 2048x2048)
[2026-03-15T19:37:42Z INFO  bif_viewport::texture_loader] UDIM atlas: 1 tiles -> 2048x2048 (1x1 grid, tile 2048x2048)
[2026-03-15T19:37:42Z INFO  bif_core::texture] Texture toy_curly_surgery_BaseColor.1013.jpg (2048x2048): decode=182.7ms, convert=19.5ms, linear=114.2ms, total=316.4ms
[2026-03-15T19:37:42Z INFO  bif_core::texture] Texture stationary_slide_rule01_Normal_openGL.1002.jpg (2048x2048): decode=119.7ms, convert=37.7ms, linear=94.7ms, total=252.2ms
[2026-03-15T19:37:42Z INFO  bif_core::texture] Texture structure_wall_fibro02_Normal_openGL.1002.jpg (2048x2048): decode=180.9ms, convert=56.3ms, linear=119.0ms, total=356.3ms
[2026-03-15T19:37:42Z INFO  bif_core::texture] Texture toy_curly_surgery_Normal_openGL.1012.jpg (2048x2048): decode=97.6ms, convert=32.5ms, linear=112.6ms, total=242.7ms
[2026-03-15T19:37:42Z INFO  bif_core::texture] Texture electronics_portable_tv01_Normal_openGL.1022.jpg (2048x2048): decode=96.9ms, convert=27.8ms, linear=110.6ms, total=235.3ms
[2026-03-15T19:37:42Z INFO  bif_viewport::texture_loader] UDIM atlas: 1 tiles -> 2048x2048 (1x1 grid, tile 2048x2048)
[2026-03-15T19:37:42Z INFO  bif_core::texture] Texture electronics_audio_generator01_Roughness.1014.jpg (2048x2048): decode=88.2ms, convert=27.9ms, linear=133.7ms, total=249.8ms
[2026-03-15T19:37:42Z INFO  bif_core::texture] Texture stationary_protractor_box01_BaseColor.1002.jpg (2048x2048): decode=667.9ms, convert=30.7ms, linear=202.8ms, total=901.5ms
[2026-03-15T19:37:42Z INFO  bif_core::texture] Texture chemistry_beaker01_proxyTexture.jpg (512x512): decode=14.5ms, convert=2.4ms, linear=10.3ms, total=27.2ms
[2026-03-15T19:37:42Z INFO  bif_viewport::texture_loader] UDIM atlas: 5 tiles -> 6144x4096 (3x2 grid, tile 2048x2048)
[2026-03-15T19:37:42Z INFO  bif_core::texture] Texture chemistry_beaker_stand01_Metallic.1002.jpg (2048x2048): decode=109.3ms, convert=32.9ms, linear=141.8ms, total=284.0ms
[2026-03-15T19:37:42Z INFO  bif_core::texture] Texture structure_wall_fibro03_BaseColor.1001.jpg (2048x2048): decode=150.1ms, convert=40.2ms, linear=145.8ms, total=336.1ms
[2026-03-15T19:37:42Z INFO  bif_core::texture] Texture electronics_portable_tv01_Roughness.1005.jpg (2048x2048): decode=83.4ms, convert=42.1ms, linear=143.6ms, total=269.1ms
[2026-03-15T19:37:42Z INFO  bif_core::texture] Texture structure_wall_fibro01_Roughness.1012.jpg (2048x2048): decode=57.2ms, convert=48.6ms, linear=139.9ms, total=245.7ms
[2026-03-15T19:37:42Z INFO  bif_viewport::texture_loader] UDIM atlas: 1 tiles -> 2048x2048 (1x1 grid, tile 2048x2048)
[2026-03-15T19:37:42Z INFO  bif_core::texture] Texture electronics_cabling_Roughness.1011.jpg (2048x2048): decode=69.5ms, convert=44.8ms, linear=159.9ms, total=274.2ms
[2026-03-15T19:37:42Z INFO  bif_core::texture] Texture electronics_audio_generator01_Metallic.1011.jpg (2048x2048): decode=50.3ms, convert=42.2ms, linear=177.7ms, total=270.3ms
[2026-03-15T19:37:43Z INFO  bif_core::texture] Texture structure_wall_fibro02_proxyTexture.jpg (512x512): decode=33.7ms, convert=2.2ms, linear=7.7ms, total=43.6ms
[2026-03-15T19:37:43Z INFO  bif_viewport::texture_loader] UDIM atlas: 1 tiles -> 2048x2048 (1x1 grid, tile 2048x2048)
[2026-03-15T19:37:43Z INFO  bif_core::texture] Texture chemistry_flask_stand01_Roughness.1002.jpg (2048x2048): decode=108.7ms, convert=37.5ms, linear=224.9ms, total=371.0ms
[2026-03-15T19:37:43Z INFO  bif_core::texture] Texture decor_bonsai_jar01_Normal_openGL.1003.jpg (2048x2048): decode=279.6ms, convert=43.1ms, linear=121.6ms, total=444.3ms
[2026-03-15T19:37:43Z INFO  bif_core::texture] Texture electronics_cabling_BaseColor.1013.jpg (2048x2048): decode=158.1ms, convert=50.0ms, linear=121.4ms, total=329.6ms
[2026-03-15T19:37:43Z INFO  bif_core::texture] Texture toy_box04_Roughness.1001.jpg (2048x2048): decode=86.2ms, convert=42.3ms, linear=130.4ms, total=259.0ms
[2026-03-15T19:37:43Z INFO  bif_viewport::texture_loader] UDIM atlas: 6 tiles -> 6144x4096 (3x2 grid, tile 2048x2048)
[2026-03-15T19:37:43Z INFO  bif_core::texture] Texture chemistry_flask_stand01_BaseColor.1003.jpg (2048x2048): decode=162.5ms, convert=45.8ms, linear=107.6ms, total=315.9ms
[2026-03-15T19:37:43Z INFO  bif_core::texture] Texture electronics_audio_generator01_Normal_openGL.1005.jpg (2048x2048): decode=120.1ms, convert=32.1ms, linear=110.3ms, total=262.5ms
[2026-03-15T19:37:43Z INFO  bif_core::texture] Texture chemistry_magnetic_stirrer01_BaseColor.1001.jpg (2048x2048): decode=232.4ms, convert=33.5ms, linear=100.7ms, total=366.6ms
[2026-03-15T19:37:43Z INFO  bif_core::texture] Texture structure_wall_fibro03_proxyTexture.jpg (512x512): decode=14.8ms, convert=2.1ms, linear=6.8ms, total=23.8ms
[2026-03-15T19:37:43Z INFO  bif_core::texture] Texture toy_box01_Roughness.1001.jpg (2048x2048): decode=57.9ms, convert=30.2ms, linear=112.8ms, total=200.9ms
[2026-03-15T19:37:43Z INFO  bif_core::texture] Texture books_magazines01_Normal_openGL.1001.jpg (2048x2048): decode=227.5ms, convert=34.8ms, linear=96.3ms, total=358.6ms
[2026-03-15T19:37:43Z INFO  bif_viewport::texture_loader] UDIM atlas: 3 tiles -> 6144x2048 (3x1 grid, tile 2048x2048)
[2026-03-15T19:37:43Z INFO  bif_core::texture] Texture structure_wall_fibro01_BaseColor.1012.jpg (2048x2048): decode=167.1ms, convert=71.6ms, linear=127.1ms, total=365.7ms
[2026-03-15T19:37:43Z INFO  bif_viewport::texture_loader] UDIM atlas: 9 tiles -> 10240x4096 (5x2 grid, tile 2048x2048)
[2026-03-15T19:37:43Z INFO  bif_core::texture] Texture stationary_slide_rule01_Normal_openGL.1003.jpg (2048x2048): decode=111.0ms, convert=23.2ms, linear=114.0ms, total=248.2ms
[2026-03-15T19:37:43Z INFO  bif_core::texture] Texture chemistry_beaker01_BaseColor.1001.jpg (2048x2048): decode=163.7ms, convert=85.2ms, linear=114.4ms, total=363.4ms
[2026-03-15T19:37:43Z INFO  bif_viewport::texture_loader] UDIM atlas: 2 tiles -> 4096x2048 (2x1 grid, tile 2048x2048)
[2026-03-15T19:37:43Z INFO  bif_core::texture] Texture books_magazines01_Roughness.1001.jpg (2048x2048): decode=82.2ms, convert=24.7ms, linear=138.5ms, total=245.4ms
[2026-03-15T19:37:43Z INFO  bif_core::texture] Texture books_encyclopedias01_Normal_openGL.1001.jpg (2048x2048): decode=220.1ms, convert=40.9ms, linear=169.9ms, total=431.0ms
[2026-03-15T19:37:43Z INFO  bif_core::texture] Texture toy_box01_proxyTexture.jpg (512x512): decode=15.0ms, convert=2.8ms, linear=8.5ms, total=26.3ms
[2026-03-15T19:37:43Z INFO  bif_core::texture] Texture toy_curly_surgery_Normal_openGL.1013.jpg (2048x2048): decode=100.0ms, convert=26.2ms, linear=143.7ms, total=269.9ms
[2026-03-15T19:37:43Z INFO  bif_viewport::texture_loader] UDIM atlas: 1 tiles -> 2048x2048 (1x1 grid, tile 2048x2048)
[2026-03-15T19:37:43Z INFO  bif_core::texture] Texture electronics_portable_tv01_Normal_openGL.1023.jpg (2048x2048): decode=103.8ms, convert=36.1ms, linear=166.0ms, total=305.8ms
[2026-03-15T19:37:43Z INFO  bif_core::texture] Texture electronics_audio_generator01_Metallic.1012.jpg (2048x2048): decode=130.8ms, convert=34.2ms, linear=190.4ms, total=355.3ms
[2026-03-15T19:37:43Z INFO  bif_viewport::texture_loader] UDIM atlas: 1 tiles -> 2048x2048 (1x1 grid, tile 2048x2048)
[2026-03-15T19:37:43Z INFO  bif_core::texture] Texture chemistry_flask_stand01_Normal_openGL.1001.jpg (2048x2048): decode=145.2ms, convert=69.8ms, linear=160.9ms, total=375.8ms
[2026-03-15T19:37:43Z INFO  bif_viewport::texture_loader] UDIM atlas: 1 tiles -> 2048x2048 (1x1 grid, tile 2048x2048)
[2026-03-15T19:37:43Z INFO  bif_core::texture] Texture structure_wall_fibro03_BaseColor.1002.jpg (2048x2048): decode=153.4ms, convert=44.1ms, linear=172.8ms, total=370.4ms
[2026-03-15T19:37:43Z INFO  bif_core::texture] Texture structure_wall_fibro02_BaseColor.1001.jpg (2048x2048): decode=210.1ms, convert=47.9ms, linear=190.3ms, total=448.4ms
[2026-03-15T19:37:43Z INFO  bif_viewport::texture_loader] UDIM atlas: 3 tiles -> 6144x2048 (3x1 grid, tile 2048x2048)
[2026-03-15T19:37:43Z INFO  bif_core::texture] Texture electronics_portable_tv01_Roughness.1011.jpg (2048x2048): decode=112.4ms, convert=53.6ms, linear=185.3ms, total=351.3ms
[2026-03-15T19:37:43Z INFO  bif_core::texture] Texture electronics_wire_spool04_proxyTexture.jpg (512x512): decode=10.5ms, convert=2.5ms, linear=9.5ms, total=22.6ms
[2026-03-15T19:37:43Z INFO  bif_core::texture] Texture chemistry_beaker01_Roughness.1001.jpg (2048x2048): decode=141.1ms, convert=69.6ms, linear=256.8ms, total=467.5ms
[2026-03-15T19:37:43Z INFO  bif_viewport::texture_loader] UDIM atlas: 3 tiles -> 6144x2048 (3x1 grid, tile 2048x2048)
[2026-03-15T19:37:43Z INFO  bif_core::texture] Texture chemistry_flask_stand01_Roughness.1003.jpg (2048x2048): decode=92.9ms, convert=53.0ms, linear=194.9ms, total=340.8ms
[2026-03-15T19:37:43Z INFO  bif_core::texture] Texture stationary_protractor_box01_BaseColor.1011.jpg (2048x2048): decode=189.5ms, convert=87.1ms, linear=220.2ms, total=496.8ms
[2026-03-15T19:37:43Z INFO  bif_core::texture] Texture structure_wall_fibro02_Normal_openGL.1003.jpg (2048x2048): decode=272.0ms, convert=62.5ms, linear=225.3ms, total=559.7ms
[2026-03-15T19:37:43Z INFO  bif_core::texture] Texture electronics_cabling_BaseColor.1014.jpg (2048x2048): decode=152.7ms, convert=51.7ms, linear=180.7ms, total=385.1ms
[2026-03-15T19:37:43Z INFO  bif_viewport::texture_loader] UDIM atlas: 5 tiles -> 6144x4096 (3x2 grid, tile 2048x2048)
[2026-03-15T19:37:43Z INFO  bif_viewport::texture_loader] UDIM atlas: 7 tiles -> 8192x4096 (4x2 grid, tile 2048x2048)
[2026-03-15T19:37:43Z INFO  bif_core::texture] Texture electronics_audio_generator01_Normal_openGL.1011.jpg (2048x2048): decode=125.6ms, convert=42.4ms, linear=138.9ms, total=306.9ms
[2026-03-15T19:37:43Z INFO  bif_core::texture] Texture electronics_turntable01_Roughness.1001.jpg (2048x2048): decode=57.6ms, convert=65.1ms, linear=151.2ms, total=273.9ms
[2026-03-15T19:37:43Z INFO  bif_core::texture] Texture toy_box03_Normal_openGL.1001.jpg (2048x2048): decode=200.6ms, convert=44.5ms, linear=144.7ms, total=389.8ms
[2026-03-15T19:37:43Z INFO  bif_core::texture] Texture chemistry_beaker01_Normal_openGL.1001.jpg (2048x2048): decode=154.3ms, convert=47.2ms, linear=217.3ms, total=418.8ms
[2026-03-15T19:37:43Z INFO  bif_viewport::texture_loader] UDIM atlas: 9 tiles -> 10240x4096 (5x2 grid, tile 2048x2048)
[2026-03-15T19:37:43Z INFO  bif_core::texture] Texture electronics_cabling_Roughness.1012.jpg (2048x2048): decode=119.5ms, convert=40.8ms, linear=175.7ms, total=336.0ms
[2026-03-15T19:37:43Z INFO  bif_core::texture] Texture chemistry_magnetic_stirrer01_BaseColor.1002.jpg (2048x2048): decode=188.9ms, convert=64.3ms, linear=147.6ms, total=400.7ms
[2026-03-15T19:37:43Z INFO  bif_core::texture] Texture electronics_turntable01_Normal_openGL.1001.jpg (2048x2048): decode=140.5ms, convert=42.5ms, linear=117.9ms, total=300.8ms
[2026-03-15T19:37:43Z INFO  bif_viewport::texture_loader] UDIM atlas: 3 tiles -> 6144x2048 (3x1 grid, tile 2048x2048)
[2026-03-15T19:37:43Z INFO  bif_core::texture] Texture toy_box04_Normal_openGL.1001.jpg (2048x2048): decode=160.9ms, convert=37.6ms, linear=84.8ms, total=283.4ms
[2026-03-15T19:37:43Z INFO  bif_core::texture] Texture books_magazines01_Normal_openGL.1002.jpg (2048x2048): decode=182.1ms, convert=43.5ms, linear=83.9ms, total=309.5ms
[2026-03-15T19:37:43Z INFO  bif_viewport::texture_loader] UDIM atlas: 5 tiles -> 6144x4096 (3x2 grid, tile 2048x2048)
[2026-03-15T19:37:44Z INFO  bif_viewport::texture_loader] UDIM atlas: 7 tiles -> 8192x4096 (4x2 grid, tile 2048x2048)
[2026-03-15T19:37:44Z INFO  bif_core::texture] Texture books_encyclopedias01_proxyTexture.jpg (512x512): decode=212.9ms, convert=1.3ms, linear=3.5ms, total=217.7ms
[2026-03-15T19:37:44Z INFO  bif_viewport::texture_loader] UDIM atlas: 1 tiles -> 2048x2048 (1x1 grid, tile 2048x2048)
[2026-03-15T19:37:44Z INFO  bif_core::texture] Texture vegetation_bonsai_branch01_proxyTexture.jpg (512x512): decode=36.6ms, convert=1.5ms, linear=4.0ms, total=42.1ms
[2026-03-15T19:37:44Z INFO  bif_core::texture] Texture electronics_audio_generator01_Metallic.1013.jpg (2048x2048): decode=85.4ms, convert=18.4ms, linear=90.2ms, total=194.0ms
[2026-03-15T19:37:44Z INFO  bif_core::texture] Texture books_magazines01_Roughness.1002.jpg (2048x2048): decode=398.4ms, convert=25.5ms, linear=165.6ms, total=589.4ms
[2026-03-15T19:37:44Z INFO  bif_core::texture] Texture vegetation_bonsai_trunk01_Normal_openGL.1001.png (2048x2048): decode=93.6ms, convert=32.6ms, linear=146.8ms, total=273.1ms
[2026-03-15T19:37:44Z INFO  bif_core::texture] Texture electronics_portable_tv01_Normal_openGL.1024.jpg (2048x2048): decode=236.0ms, convert=33.6ms, linear=160.8ms, total=430.4ms
[2026-03-15T19:37:44Z INFO  bif_viewport::texture_loader] UDIM atlas: 1 tiles -> 2048x2048 (1x1 grid, tile 2048x2048)
[2026-03-15T19:37:44Z INFO  bif_viewport::texture_loader] UDIM atlas: 3 tiles -> 6144x2048 (3x1 grid, tile 2048x2048)
[2026-03-15T19:37:44Z INFO  bif_core::texture] Texture electronics_portable_tv01_Roughness.1012.jpg (2048x2048): decode=140.6ms, convert=37.5ms, linear=147.7ms, total=325.8ms
[2026-03-15T19:37:44Z INFO  bif_viewport::texture_loader] UDIM atlas: 1 tiles -> 2048x2048 (1x1 grid, tile 2048x2048)
[2026-03-15T19:37:44Z INFO  bif_core::texture] Texture structure_wall_fibro02_BaseColor.1002.jpg (2048x2048): decode=185.8ms, convert=52.5ms, linear=167.1ms, total=405.4ms
[2026-03-15T19:37:44Z INFO  bif_core::texture] Texture chemistry_flask_stand01_Normal_openGL.1002.jpg (2048x2048): decode=172.7ms, convert=41.1ms, linear=181.1ms, total=394.9ms
[2026-03-15T19:37:44Z INFO  bif_core::texture] Texture electronics_turntable01_Roughness.1002.jpg (2048x2048): decode=80.7ms, convert=40.7ms, linear=151.7ms, total=273.1ms
[2026-03-15T19:37:44Z INFO  bif_core::texture] Texture structure_wall_fibro03_BaseColor.1003.jpg (2048x2048): decode=242.7ms, convert=41.9ms, linear=154.1ms, total=438.6ms
[2026-03-15T19:37:44Z INFO  bif_core::texture] Texture books_encyclopedias01_Normal_openGL.1002.jpg (2048x2048): decode=365.4ms, convert=88.7ms, linear=159.6ms, total=613.7ms
[2026-03-15T19:37:44Z INFO  bif_core::texture] Texture stationary_protractor_box01_BaseColor.1012.jpg (2048x2048): decode=163.3ms, convert=49.9ms, linear=188.0ms, total=401.2ms
[2026-03-15T19:37:44Z INFO  bif_core::texture] Texture electronics_audio_generator01_Normal_openGL.1012.jpg (2048x2048): decode=147.4ms, convert=40.2ms, linear=130.5ms, total=318.1ms
[2026-03-15T19:37:44Z INFO  bif_core::texture] Texture vegetation_bonsai_branch01_Normal_openGL.1001.png (2048x2048): decode=113.1ms, convert=37.9ms, linear=264.2ms, total=415.2ms
[2026-03-15T19:37:44Z INFO  bif_core::texture] Texture toy_box01_Normal_openGL.1001.jpg (2048x2048): decode=193.6ms, convert=38.2ms, linear=140.9ms, total=372.7ms
[2026-03-15T19:37:44Z INFO  bif_core::texture] Texture electronics_audio_generator01_Metallic.1014.jpg (2048x2048): decode=47.7ms, convert=43.7ms, linear=127.8ms, total=219.2ms
[2026-03-15T19:37:44Z INFO  bif_core::texture] Texture toy_box03_Normal_openGL.1002.jpg (2048x2048): decode=179.2ms, convert=47.6ms, linear=150.7ms, total=377.5ms
[2026-03-15T19:37:44Z INFO  bif_core::texture] Texture vegetation_bonsai_trunk01_Roughness.1001.png (2048x2048): decode=70.5ms, convert=41.4ms, linear=112.4ms, total=224.3ms
[2026-03-15T19:37:44Z INFO  bif_core::texture] Texture electronics_cabling_Roughness.1013.jpg (2048x2048): decode=85.6ms, convert=49.4ms, linear=152.0ms, total=287.0ms
[2026-03-15T19:37:44Z INFO  bif_core::texture] Texture vegetation_bonsai_branch01_Roughness.1001.png (2048x2048): decode=56.1ms, convert=40.8ms, linear=143.0ms, total=239.8ms
[2026-03-15T19:37:44Z INFO  bif_core::texture] Texture electronics_turntable01_Normal_openGL.1002.jpg (2048x2048): decode=120.0ms, convert=39.1ms, linear=161.8ms, total=321.0ms
[2026-03-15T19:37:44Z INFO  bif_core::texture] Texture chemistry_magnetic_stirrer01_BaseColor.1011.jpg (2048x2048): decode=188.8ms, convert=44.7ms, linear=132.3ms, total=365.8ms
[2026-03-15T19:37:44Z INFO  bif_viewport::texture_loader] UDIM atlas: 8 tiles -> 8192x4096 (4x2 grid, tile 2048x2048)
[2026-03-15T19:37:44Z INFO  bif_core::texture] Texture electronics_wire_spool06_Roughness.1001.jpg (2048x2048): decode=96.6ms, convert=39.3ms, linear=123.1ms, total=259.1ms
[2026-03-15T19:37:44Z INFO  bif_core::texture] Texture structure_wall_fibro02_Normal_openGL.1011.jpg (2048x2048): decode=269.7ms, convert=42.0ms, linear=192.4ms, total=504.1ms
[2026-03-15T19:37:44Z INFO  bif_core::texture] Texture electronics_wire_spool04_BaseColor.1001.jpg (2048x2048): decode=142.3ms, convert=21.0ms, linear=71.0ms, total=234.3ms
[2026-03-15T19:37:44Z INFO  bif_core::texture] Texture structure_wall_fibro02_Roughness.1001.jpg (2048x2048): decode=67.5ms, convert=30.0ms, linear=98.2ms, total=195.7ms
[2026-03-15T19:37:44Z INFO  bif_core::texture] Texture books_magazines01_Normal_openGL.1003.jpg (2048x2048): decode=191.7ms, convert=32.7ms, linear=170.3ms, total=394.7ms
[2026-03-15T19:37:44Z INFO  bif_core::texture] Texture chemistry_magnetic_stirrer01_Roughness.1001.jpg (2048x2048): decode=99.2ms, convert=25.1ms, linear=78.8ms, total=203.0ms
[2026-03-15T19:37:44Z INFO  bif_core::texture] Texture vegetation_bonsai_trunk01_BaseColor.1001.jpg (2048x2048): decode=163.6ms, convert=30.2ms, linear=68.4ms, total=262.2ms
[2026-03-15T19:37:44Z INFO  bif_core::texture] Texture structure_wall_fibro03_Roughness.1001.jpg (2048x2048): decode=106.4ms, convert=23.1ms, linear=131.7ms, total=261.2ms
[2026-03-15T19:37:44Z INFO  bif_core::texture] Texture books_magazines01_Roughness.1003.jpg (2048x2048): decode=80.3ms, convert=20.8ms, linear=70.9ms, total=172.0ms
[2026-03-15T19:37:44Z INFO  bif_viewport::texture_loader] UDIM atlas: 1 tiles -> 2048x2048 (1x1 grid, tile 2048x2048)
[2026-03-15T19:37:44Z INFO  bif_core::texture] Texture structure_wall_fibro03_Normal_openGL.1001.jpg (2048x2048): decode=145.1ms, convert=21.9ms, linear=85.6ms, total=252.6ms
[2026-03-15T19:37:44Z INFO  bif_core::texture] Texture electronics_portable_tv01_Roughness.1013.jpg (2048x2048): decode=120.3ms, convert=22.8ms, linear=102.7ms, total=245.8ms
[2026-03-15T19:37:44Z INFO  bif_core::texture] Texture toy_box02_proxyTexture.jpg (512x512): decode=16.1ms, convert=1.8ms, linear=5.2ms, total=23.1ms
[2026-03-15T19:37:45Z INFO  bif_core::texture] Texture vegetation_bonsai_branch01_BaseColor.1001.jpg (2048x2048): decode=254.9ms, convert=23.0ms, linear=156.4ms, total=434.2ms
[2026-03-15T19:37:45Z INFO  bif_core::texture] Texture structure_wall_fibro03_BaseColor.1011.jpg (2048x2048): decode=144.6ms, convert=52.4ms, linear=88.5ms, total=285.5ms
[2026-03-15T19:37:45Z INFO  bif_core::texture] Texture electronics_turntable01_Roughness.1003.jpg (2048x2048): decode=90.7ms, convert=30.0ms, linear=134.2ms, total=254.9ms
[2026-03-15T19:37:45Z INFO  bif_core::texture] Texture vegetation_bonsai_branch02_proxyTexture.jpg (512x512): decode=28.9ms, convert=2.7ms, linear=8.3ms, total=39.9ms
[2026-03-15T19:37:45Z INFO  bif_core::texture] Texture electronics_audio_generator01_Normal_openGL.1013.jpg (2048x2048): decode=91.6ms, convert=60.6ms, linear=90.4ms, total=242.7ms
[2026-03-15T19:37:45Z INFO  bif_viewport::texture_loader] UDIM atlas: 1 tiles -> 2048x2048 (1x1 grid, tile 2048x2048)
[2026-03-15T19:37:45Z INFO  bif_core::texture] Texture electronics_powerpoint01_BaseColor.1001.jpg (2048x2048): decode=147.8ms, convert=34.0ms, linear=116.5ms, total=298.3ms
[2026-03-15T19:37:45Z INFO  bif_core::texture] Texture electronics_wire_spool04_Metallic.1001.jpg (2048x2048): decode=35.9ms, convert=33.5ms, linear=113.4ms, total=182.8ms
[2026-03-15T19:37:45Z INFO  bif_core::texture] Texture electronics_wire_spool05_proxyTexture.jpg (512x512): decode=12.9ms, convert=1.9ms, linear=8.7ms, total=23.5ms
[2026-03-15T19:37:45Z INFO  bif_viewport::texture_loader] UDIM atlas: 9 tiles -> 10240x4096 (5x2 grid, tile 2048x2048)
[2026-03-15T19:37:45Z INFO  bif_core::texture] Texture chemistry_flask_stand01_Normal_openGL.1003.jpg (2048x2048): decode=182.8ms, convert=80.6ms, linear=114.6ms, total=378.0ms
[2026-03-15T19:37:45Z INFO  bif_core::texture] Texture electronics_powerpoint01_Normal_openGL.1001.jpg (2048x2048): decode=156.2ms, convert=32.8ms, linear=120.8ms, total=309.8ms
[2026-03-15T19:37:45Z INFO  bif_viewport::texture_loader] UDIM atlas: 4 tiles -> 4096x4096 (2x2 grid, tile 2048x2048)
[2026-03-15T19:37:45Z INFO  bif_core::texture] Texture electronics_cabling_Roughness.1014.jpg (2048x2048): decode=83.4ms, convert=46.1ms, linear=153.8ms, total=283.3ms
[2026-03-15T19:37:45Z INFO  bif_core::texture] Texture electronics_turntable01_Normal_openGL.1003.jpg (2048x2048): decode=119.9ms, convert=40.6ms, linear=132.1ms, total=292.6ms
[2026-03-15T19:37:45Z INFO  bif_core::texture] Texture structure_wall_fibro02_Roughness.1002.jpg (2048x2048): decode=77.2ms, convert=38.2ms, linear=117.7ms, total=233.2ms
[2026-03-15T19:37:45Z INFO  bif_core::texture] Texture chemistry_magnetic_stirrer01_Roughness.1002.jpg (2048x2048): decode=118.3ms, convert=35.0ms, linear=112.0ms, total=265.3ms
[2026-03-15T19:37:45Z INFO  bif_core::texture] Texture structure_wall_fibro02_BaseColor.1003.jpg (2048x2048): decode=243.6ms, convert=100.3ms, linear=112.7ms, total=456.6ms
[2026-03-15T19:37:45Z INFO  bif_viewport::texture_loader] UDIM atlas: 3 tiles -> 4096x4096 (2x2 grid, tile 2048x2048)
[2026-03-15T19:37:45Z INFO  bif_core::texture] Texture books_encyclopedias01_Normal_openGL.1003.jpg (2048x2048): decode=346.3ms, convert=31.3ms, linear=132.5ms, total=510.2ms
[2026-03-15T19:37:45Z INFO  bif_viewport::texture_loader] UDIM atlas: 13 tiles -> 10240x6144 (5x3 grid, tile 2048x2048)
[2026-03-15T19:37:45Z INFO  bif_core::texture] Texture electronics_wire_spool06_proxyTexture.jpg (512x512): decode=12.5ms, convert=3.0ms, linear=5.5ms, total=21.0ms
[2026-03-15T19:37:45Z INFO  bif_viewport::texture_loader] UDIM atlas: 1 tiles -> 2048x2048 (1x1 grid, tile 2048x2048)
[2026-03-15T19:37:45Z INFO  bif_core::texture] Texture electronics_wire_spool04_BaseColor.1002.jpg (2048x2048): decode=226.2ms, convert=31.9ms, linear=102.9ms, total=361.1ms
[2026-03-15T19:37:45Z INFO  bif_core::texture] Texture electronics_wire_spool06_Roughness.1002.jpg (2048x2048): decode=165.2ms, convert=75.1ms, linear=159.8ms, total=400.0ms
[2026-03-15T19:37:45Z INFO  bif_core::texture] Texture books_magazines01_Normal_openGL.1011.jpg (2048x2048): decode=193.3ms, convert=30.5ms, linear=109.2ms, total=333.0ms
[2026-03-15T19:37:45Z INFO  bif_core::texture] Texture vegetation_bonsai_trunk01_proxyTexture.jpg (512x512): decode=17.9ms, convert=1.6ms, linear=22.9ms, total=42.4ms
[2026-03-15T19:37:45Z INFO  bif_core::texture] Texture toy_box03_Normal_openGL.1003.jpg (2048x2048): decode=264.7ms, convert=27.6ms, linear=164.3ms, total=456.5ms
[2026-03-15T19:37:45Z INFO  bif_core::texture] Texture books_magazines01_Roughness.1011.jpg (2048x2048): decode=105.9ms, convert=31.2ms, linear=186.1ms, total=323.2ms
[2026-03-15T19:37:45Z INFO  bif_core::texture] Texture electronics_wire_spool04_Metallic.1002.jpg (2048x2048): decode=107.5ms, convert=32.6ms, linear=100.5ms, total=240.7ms
[2026-03-15T19:37:45Z INFO  bif_core::texture] Texture electronics_portable_tv01_Roughness.1014.jpg (2048x2048): decode=109.2ms, convert=28.6ms, linear=87.5ms, total=225.3ms
[2026-03-15T19:37:45Z INFO  bif_core::texture] Texture electronics_powerpoint01_proxyTexture.jpg (512x512): decode=14.8ms, convert=1.7ms, linear=6.3ms, total=22.8ms
[2026-03-15T19:37:45Z INFO  bif_core::texture] Texture structure_wall_fibro03_Roughness.1002.jpg (2048x2048): decode=70.9ms, convert=30.9ms, linear=180.5ms, total=282.3ms
[2026-03-15T19:37:45Z INFO  bif_core::texture] Texture toy_box02_BaseColor.1001.jpg (2048x2048): decode=183.1ms, convert=29.9ms, linear=102.6ms, total=315.5ms
[2026-03-15T19:37:45Z INFO  bif_viewport::texture_loader] UDIM atlas: 1 tiles -> 2048x2048 (1x1 grid, tile 2048x2048)
[2026-03-15T19:37:45Z INFO  bif_core::texture] Texture structure_wall_fibro02_Normal_openGL.1012.jpg (2048x2048): decode=227.1ms, convert=31.6ms, linear=142.4ms, total=401.1ms
[2026-03-15T19:37:45Z INFO  bif_core::texture] Texture electronics_wire_spool05_Roughness.1001.jpg (2048x2048): decode=49.0ms, convert=33.9ms, linear=137.2ms, total=220.1ms
[2026-03-15T19:37:45Z INFO  bif_core::texture] Texture structure_wall_fibro03_Normal_openGL.1002.jpg (2048x2048): decode=172.5ms, convert=41.4ms, linear=103.0ms, total=316.9ms
[2026-03-15T19:37:45Z INFO  bif_core::texture] Texture electronics_turntable01_Roughness.1004.jpg (2048x2048): decode=77.9ms, convert=27.6ms, linear=104.7ms, total=210.1ms
[2026-03-15T19:37:45Z INFO  bif_viewport::texture_loader] UDIM atlas: 1 tiles -> 2048x2048 (1x1 grid, tile 2048x2048)
[2026-03-15T19:37:45Z INFO  bif_core::texture] Texture structure_wall_fibro03_BaseColor.1012.jpg (2048x2048): decode=132.9ms, convert=51.2ms, linear=93.6ms, total=277.7ms
[2026-03-15T19:37:45Z INFO  bif_core::texture] Texture electronics_audio_generator01_Normal_openGL.1014.jpg (2048x2048): decode=115.5ms, convert=28.5ms, linear=93.7ms, total=237.7ms
[2026-03-15T19:37:45Z INFO  bif_core::texture] Texture vegetation_bonsai_branch02_BaseColor.1001.jpg (2048x2048): decode=214.7ms, convert=53.0ms, linear=93.1ms, total=360.8ms
[2026-03-15T19:37:45Z INFO  bif_core::texture] Texture electronics_wire_spool06_Normal_openGL.1001.jpg (2048x2048): decode=144.1ms, convert=79.2ms, linear=101.8ms, total=325.2ms
[2026-03-15T19:37:45Z INFO  bif_core::texture] Texture electronics_wire_spool05_BaseColor.1001.jpg (2048x2048): decode=105.7ms, convert=29.6ms, linear=115.3ms, total=250.7ms
[2026-03-15T19:37:45Z INFO  bif_core::texture] Texture chemistry_magnetic_stirrer01_Roughness.1011.jpg (2048x2048): decode=83.4ms, convert=31.2ms, linear=121.6ms, total=236.2ms
[2026-03-15T19:37:45Z INFO  bif_viewport::texture_loader] UDIM atlas: 3 tiles -> 6144x2048 (3x1 grid, tile 2048x2048)
[2026-03-15T19:37:45Z INFO  bif_core::texture] Texture books_encyclopedias01_BaseColor.1001.jpg (2048x2048): decode=1135.1ms, convert=30.1ms, linear=129.3ms, total=1294.5ms
[2026-03-15T19:37:45Z INFO  bif_core::texture] Texture stationary_protractor_box01_Roughness.1001.jpg (2048x2048): decode=110.3ms, convert=29.6ms, linear=122.7ms, total=262.6ms
[2026-03-15T19:37:45Z INFO  bif_viewport::texture_loader] UDIM atlas: 2 tiles -> 4096x2048 (2x1 grid, tile 2048x2048)
[2026-03-15T19:37:45Z INFO  bif_core::texture] Texture structure_wall_fibro02_Roughness.1003.jpg (2048x2048): decode=102.6ms, convert=28.8ms, linear=147.0ms, total=278.4ms
[2026-03-15T19:37:45Z INFO  bif_viewport::texture_loader] UDIM atlas: 2 tiles -> 4096x2048 (2x1 grid, tile 2048x2048)
[2026-03-15T19:37:45Z INFO  bif_core::texture] Texture electronics_wire_spool05_Normal_openGL.1001.jpg (2048x2048): decode=117.8ms, convert=84.4ms, linear=145.3ms, total=347.5ms
[2026-03-15T19:37:45Z INFO  bif_viewport::texture_loader] UDIM atlas: 2 tiles -> 4096x2048 (2x1 grid, tile 2048x2048)
[2026-03-15T19:37:45Z INFO  bif_core::texture] Texture electronics_turntable01_Normal_openGL.1004.jpg (2048x2048): decode=117.3ms, convert=36.2ms, linear=121.1ms, total=274.7ms
[2026-03-15T19:37:45Z INFO  bif_viewport::texture_loader] UDIM atlas: 1 tiles -> 2048x2048 (1x1 grid, tile 2048x2048)
[2026-03-15T19:37:45Z INFO  bif_core::texture] Texture stationary_set_square01_proxyTexture.jpg (512x512): decode=11.7ms, convert=2.6ms, linear=5.4ms, total=19.7ms
[2026-03-15T19:37:45Z INFO  bif_core::texture] Texture electronics_powerpoint01_Roughness.1001.jpg (2048x2048): decode=91.8ms, convert=41.3ms, linear=87.5ms, total=220.6ms
[2026-03-15T19:37:46Z INFO  bif_core::texture] Texture structure_wall_fibro02_BaseColor.1011.jpg (2048x2048): decode=186.7ms, convert=42.4ms, linear=140.7ms, total=369.9ms
[2026-03-15T19:37:46Z INFO  bif_core::texture] Texture furniture_workbench01_proxyTexture.jpg (512x512): decode=16.1ms, convert=1.9ms, linear=7.1ms, total=25.1ms
[2026-03-15T19:37:46Z INFO  bif_core::texture] Texture electronics_wire_spool04_Normal_openGL.1001.jpg (2048x2048): decode=113.7ms, convert=48.1ms, linear=102.8ms, total=264.5ms
[2026-03-15T19:37:46Z INFO  bif_core::texture] Texture chemistry_kipps_apparatus01_proxyTexture.jpg (512x512): decode=19.1ms, convert=3.0ms, linear=7.8ms, total=29.8ms
[2026-03-15T19:37:46Z INFO  bif_viewport::texture_loader] UDIM atlas: 3 tiles -> 6144x2048 (3x1 grid, tile 2048x2048)
[2026-03-15T19:37:46Z INFO  bif_core::texture] Texture electronics_wire_spool05_Metallic.1001.jpg (2048x2048): decode=96.8ms, convert=38.1ms, linear=150.9ms, total=285.8ms
[2026-03-15T19:37:46Z INFO  bif_core::texture] Texture chemistry_beaker02_proxyTexture.jpg (512x512): decode=12.3ms, convert=2.1ms, linear=6.0ms, total=20.4ms
[2026-03-15T19:37:46Z INFO  bif_core::texture] Texture electronics_portable_tv01_Roughness.1021.jpg (2048x2048): decode=83.5ms, convert=25.7ms, linear=106.3ms, total=215.5ms
[2026-03-15T19:37:46Z INFO  bif_core::texture] Texture books_magazines01_Roughness.1012.jpg (2048x2048): decode=91.2ms, convert=26.1ms, linear=115.9ms, total=233.1ms
[2026-03-15T19:37:46Z INFO  bif_core::texture] Texture electronics_wire_spool06_BaseColor.1001.jpg (2048x2048): decode=214.4ms, convert=34.8ms, linear=197.8ms, total=447.1ms
[2026-03-15T19:37:46Z INFO  bif_viewport::texture_loader] UDIM atlas: 1 tiles -> 2048x2048 (1x1 grid, tile 2048x2048)
[2026-03-15T19:37:46Z INFO  bif_viewport::texture_loader] UDIM atlas: 8 tiles -> 8192x4096 (4x2 grid, tile 2048x2048)
[2026-03-15T19:37:46Z INFO  bif_core::texture] Texture electronics_turntable01_Roughness.1005.jpg (2048x2048): decode=42.3ms, convert=34.6ms, linear=109.8ms, total=186.8ms
[2026-03-15T19:37:46Z INFO  bif_viewport::texture_loader] UDIM atlas: 3 tiles -> 6144x2048 (3x1 grid, tile 2048x2048)
[2026-03-15T19:37:46Z INFO  bif_core::texture] Texture chemistry_beaker_rack01_proxyTexture.jpg (512x512): decode=10.2ms, convert=2.2ms, linear=6.9ms, total=19.3ms
[2026-03-15T19:37:46Z INFO  bif_core::texture] Texture structure_wall_fibro03_Roughness.1003.jpg (2048x2048): decode=89.7ms, convert=38.2ms, linear=164.2ms, total=292.0ms
[2026-03-15T19:37:46Z INFO  bif_core::texture] Texture chemistry_beaker03_proxyTexture.jpg (512x512): decode=15.5ms, convert=2.3ms, linear=7.5ms, total=25.3ms
[2026-03-15T19:37:46Z INFO  bif_viewport::texture_loader] UDIM atlas: 5 tiles -> 6144x4096 (3x2 grid, tile 2048x2048)
[2026-03-15T19:37:46Z INFO  bif_core::texture] Texture structure_wall_fibro03_Normal_openGL.1003.jpg (2048x2048): decode=164.0ms, convert=34.5ms, linear=106.1ms, total=304.6ms
[2026-03-15T19:37:46Z INFO  bif_core::texture] Texture electronics_wire_spool05_Roughness.1002.jpg (2048x2048): decode=86.3ms, convert=30.0ms, linear=215.3ms, total=331.6ms
[2026-03-15T19:37:46Z INFO  bif_core::texture] Texture electronics_wire_spool06_Metallic.1001.jpg (2048x2048): decode=36.8ms, convert=59.2ms, linear=115.5ms, total=211.4ms
[2026-03-15T19:37:46Z INFO  bif_viewport::texture_loader] UDIM atlas: 3 tiles -> 4096x4096 (2x2 grid, tile 2048x2048)
[2026-03-15T19:37:46Z INFO  bif_viewport::texture_loader] UDIM atlas: 1 tiles -> 2048x2048 (1x1 grid, tile 2048x2048)
[2026-03-15T19:37:46Z INFO  bif_core::texture] Texture electronics_wire_spool04_Roughness.1001.jpg (2048x2048): decode=71.7ms, convert=32.3ms, linear=107.6ms, total=211.6ms
[2026-03-15T19:37:46Z INFO  bif_core::texture] Texture electronics_wire_spool05_BaseColor.1002.jpg (2048x2048): decode=170.2ms, convert=35.5ms, linear=87.0ms, total=292.7ms
[2026-03-15T19:37:46Z INFO  bif_core::texture] Texture structure_wall_fibro02_Roughness.1011.jpg (2048x2048): decode=74.2ms, convert=35.2ms, linear=131.7ms, total=241.1ms
[2026-03-15T19:37:46Z INFO  bif_viewport::texture_loader] UDIM atlas: 5 tiles -> 6144x4096 (3x2 grid, tile 2048x2048)
[2026-03-15T19:37:46Z INFO  bif_core::texture] Texture electronics_wire_spool05_Metallic.1002.jpg (2048x2048): decode=135.1ms, convert=40.9ms, linear=143.1ms, total=319.2ms
[2026-03-15T19:37:46Z INFO  bif_core::texture] Texture stationary_protractor_box01_Roughness.1002.jpg (2048x2048): decode=83.2ms, convert=42.9ms, linear=101.9ms, total=228.0ms
[2026-03-15T19:37:46Z INFO  bif_core::texture] Texture books_encyclopedias01_BaseColor.1002.jpg (2048x2048): decode=172.1ms, convert=25.4ms, linear=101.5ms, total=298.9ms
[2026-03-15T19:37:46Z INFO  bif_core::texture] Texture electronics_turntable01_Normal_openGL.1005.jpg (2048x2048): decode=113.0ms, convert=36.0ms, linear=96.6ms, total=245.6ms
[2026-03-15T19:37:46Z INFO  bif_core::texture] Texture chemistry_kipps_apparatus01_BaseColor.1001.jpg (2048x2048): decode=107.9ms, convert=51.3ms, linear=95.2ms, total=254.4ms
[2026-03-15T19:37:46Z INFO  bif_core::texture] Texture electronics_wire_spool06_Normal_openGL.1002.jpg (2048x2048): decode=272.0ms, convert=38.7ms, linear=139.7ms, total=450.3ms
[2026-03-15T19:37:46Z INFO  bif_core::texture] Texture furniture_workbench01_BaseColor.1001.jpg (2048x2048): decode=156.3ms, convert=26.7ms, linear=100.2ms, total=283.2ms
[2026-03-15T19:37:46Z INFO  bif_viewport::texture_loader] UDIM atlas: 9 tiles -> 10240x4096 (5x2 grid, tile 2048x2048)
[2026-03-15T19:37:46Z INFO  bif_core::texture] Texture books_magazines01_Roughness.1013.jpg (2048x2048): decode=55.1ms, convert=30.2ms, linear=100.3ms, total=185.6ms
[2026-03-15T19:37:46Z INFO  bif_core::texture] Texture electronics_wire_spool05_Normal_openGL.1002.jpg (2048x2048): decode=209.5ms, convert=26.2ms, linear=132.3ms, total=368.0ms
[2026-03-15T19:37:46Z INFO  bif_core::texture] Texture electronics_portable_tv01_Roughness.1022.jpg (2048x2048): decode=99.8ms, convert=32.1ms, linear=90.8ms, total=222.6ms
[2026-03-15T19:37:46Z INFO  bif_core::texture] Texture electronics_wire_spool04_Normal_openGL.1002.jpg (2048x2048): decode=181.5ms, convert=29.7ms, linear=93.4ms, total=304.5ms
[2026-03-15T19:37:46Z INFO  bif_core::texture] Texture chemistry_beaker02_BaseColor.1001.jpg (2048x2048): decode=119.5ms, convert=39.7ms, linear=114.2ms, total=273.4ms
[2026-03-15T19:37:46Z INFO  bif_core::texture] Texture structure_wall_fibro02_BaseColor.1012.jpg (2048x2048): decode=143.4ms, convert=33.1ms, linear=82.0ms, total=258.6ms
[2026-03-15T19:37:46Z INFO  bif_core::texture] Texture electronics_turntable01_Roughness.1011.jpg (2048x2048): decode=65.8ms, convert=33.3ms, linear=89.2ms, total=188.4ms
[2026-03-15T19:37:46Z INFO  bif_viewport::texture_loader] UDIM atlas: 2 tiles -> 4096x2048 (2x1 grid, tile 2048x2048)
[2026-03-15T19:37:46Z INFO  bif_core::texture] Texture structure_wall_fibro03_Roughness.1011.jpg (2048x2048): decode=74.5ms, convert=26.4ms, linear=106.5ms, total=207.4ms
[2026-03-15T19:37:46Z INFO  bif_viewport::texture_loader] UDIM atlas: 2 tiles -> 4096x2048 (2x1 grid, tile 2048x2048)
[2026-03-15T19:37:46Z INFO  bif_core::texture] Texture stationary_set_square01_BaseColor.1001.jpg (2048x2048): decode=178.2ms, convert=49.5ms, linear=84.0ms, total=311.7ms
[2026-03-15T19:37:46Z INFO  bif_core::texture] Texture electronics_wire_spool01_proxyTexture.jpg (512x512): decode=17.6ms, convert=1.4ms, linear=4.6ms, total=23.6ms
[2026-03-15T19:37:46Z INFO  bif_viewport::texture_loader] UDIM atlas: 2 tiles -> 4096x2048 (2x1 grid, tile 2048x2048)
[2026-03-15T19:37:46Z INFO  bif_viewport::texture_loader] UDIM atlas: 1 tiles -> 2048x2048 (1x1 grid, tile 2048x2048)
[2026-03-15T19:37:46Z INFO  bif_core::texture] Texture electronics_wire_spool06_BaseColor.1002.jpg (2048x2048): decode=164.0ms, convert=31.7ms, linear=126.1ms, total=321.8ms
[2026-03-15T19:37:46Z INFO  bif_core::texture] Texture electronics_wire_spool04_Roughness.1002.jpg (2048x2048): decode=93.6ms, convert=28.1ms, linear=72.8ms, total=194.5ms
[2026-03-15T19:37:46Z INFO  bif_core::texture] Texture electronics_wire_spool06_Metallic.1002.jpg (2048x2048): decode=83.7ms, convert=46.4ms, linear=79.5ms, total=209.6ms
[2026-03-15T19:37:46Z INFO  bif_core::texture] Texture chemistry_beaker_rack01_BaseColor.1001.jpg (2048x2048): decode=129.3ms, convert=19.9ms, linear=84.5ms, total=233.7ms
[2026-03-15T19:37:46Z INFO  bif_core::texture] Texture structure_wall_fibro02_Roughness.1012.jpg (2048x2048): decode=68.2ms, convert=28.0ms, linear=105.7ms, total=201.9ms
[2026-03-15T19:37:47Z INFO  bif_core::texture] Texture chemistry_beaker_stand01_Normal_openGL.1001.jpg (2048x2048): decode=120.9ms, convert=61.3ms, linear=171.0ms, total=353.2ms
[2026-03-15T19:37:47Z INFO  bif_core::texture] Texture structure_wall_fibro03_Normal_openGL.1011.jpg (2048x2048): decode=190.4ms, convert=29.8ms, linear=105.1ms, total=325.3ms
[2026-03-15T19:37:47Z INFO  bif_core::texture] Texture chemistry_beaker03_Roughness.1001.jpg (2048x2048): decode=103.8ms, convert=33.5ms, linear=147.9ms, total=285.1ms
[2026-03-15T19:37:47Z INFO  bif_core::texture] Texture chemistry_beaker03_BaseColor.1001.jpg (2048x2048): decode=119.8ms, convert=63.0ms, linear=127.2ms, total=310.0ms
[2026-03-15T19:37:47Z INFO  bif_core::texture] Texture chemistry_beaker02_Roughness.1001.jpg (2048x2048): decode=95.9ms, convert=27.5ms, linear=140.0ms, total=263.4ms
[2026-03-15T19:37:47Z INFO  bif_core::texture] Texture chemistry_beaker03_Normal_openGL.1001.jpg (2048x2048): decode=110.7ms, convert=31.7ms, linear=127.6ms, total=270.0ms
[2026-03-15T19:37:47Z INFO  bif_core::texture] Texture electronics_cabling_Normal_openGL.1001.jpg (2048x2048): decode=108.1ms, convert=100.0ms, linear=119.9ms, total=328.0ms
[2026-03-15T19:37:47Z INFO  bif_core::texture] Texture stationary_protractor_box01_Roughness.1011.jpg (2048x2048): decode=109.6ms, convert=29.2ms, linear=173.7ms, total=312.5ms
[2026-03-15T19:37:47Z INFO  bif_core::texture] Texture books_encyclopedias01_BaseColor.1003.jpg (2048x2048): decode=145.5ms, convert=36.3ms, linear=140.5ms, total=322.3ms
[2026-03-15T19:37:47Z INFO  bif_viewport::texture_loader] UDIM atlas: 2 tiles -> 4096x2048 (2x1 grid, tile 2048x2048)
[2026-03-15T19:37:47Z INFO  bif_core::texture] Texture electronics_turntable01_Normal_openGL.1011.jpg (2048x2048): decode=120.5ms, convert=41.4ms, linear=124.5ms, total=286.4ms
[2026-03-15T19:37:47Z INFO  bif_viewport::texture_loader] UDIM atlas: 2 tiles -> 4096x2048 (2x1 grid, tile 2048x2048)
[2026-03-15T19:37:47Z INFO  bif_viewport::texture_loader] UDIM atlas: 2 tiles -> 4096x2048 (2x1 grid, tile 2048x2048)
[2026-03-15T19:37:47Z INFO  bif_viewport::texture_loader] UDIM atlas: 1 tiles -> 2048x2048 (1x1 grid, tile 2048x2048)
[2026-03-15T19:37:47Z INFO  bif_core::texture] Texture chemistry_bottle02_Normal_openGL.1001.jpg (2048x2048): decode=127.0ms, convert=118.2ms, linear=142.0ms, total=387.2ms
[2026-03-15T19:37:47Z INFO  bif_core::texture] Texture furniture_workbench01_BaseColor.1002.jpg (2048x2048): decode=178.7ms, convert=40.2ms, linear=120.8ms, total=339.8ms
[2026-03-15T19:37:47Z INFO  bif_viewport::texture_loader] UDIM atlas: 1 tiles -> 2048x2048 (1x1 grid, tile 2048x2048)
[2026-03-15T19:37:47Z INFO  bif_core::texture] Texture electronics_portable_tv01_Roughness.1023.jpg (2048x2048): decode=121.0ms, convert=47.1ms, linear=130.4ms, total=298.5ms
[2026-03-15T19:37:47Z INFO  bif_core::texture] Texture electronics_turntable01_Roughness.1012.jpg (2048x2048): decode=66.7ms, convert=41.9ms, linear=123.7ms, total=232.3ms
[2026-03-15T19:37:47Z INFO  bif_core::texture] Texture chemistry_beaker_rack01_Normal_openGL.1001.jpg (2048x2048): decode=152.6ms, convert=36.9ms, linear=112.6ms, total=302.2ms
[2026-03-15T19:37:47Z INFO  bif_viewport::texture_loader] UDIM atlas: 1 tiles -> 2048x2048 (1x1 grid, tile 2048x2048)
[2026-03-15T19:37:47Z INFO  bif_core::texture] Texture chemistry_bottle01_Normal_openGL.1001.jpg (2048x2048): decode=137.9ms, convert=33.4ms, linear=101.1ms, total=272.4ms
[2026-03-15T19:37:47Z INFO  bif_viewport::texture_loader] UDIM atlas: 2 tiles -> 4096x2048 (2x1 grid, tile 2048x2048)
[2026-03-15T19:37:47Z INFO  bif_viewport::texture_loader] UDIM atlas: 2 tiles -> 4096x2048 (2x1 grid, tile 2048x2048)
[2026-03-15T19:37:47Z INFO  bif_viewport::texture_loader] UDIM atlas: 6 tiles -> 6144x4096 (3x2 grid, tile 2048x2048)
[2026-03-15T19:37:47Z INFO  bif_core::texture] Texture chemistry_beaker_rack01_Roughness.1001.jpg (2048x2048): decode=75.0ms, convert=37.8ms, linear=180.1ms, total=292.9ms
[2026-03-15T19:37:47Z INFO  bif_core::texture] Texture structure_wall_fibro03_Roughness.1012.jpg (2048x2048): decode=155.0ms, convert=37.6ms, linear=125.9ms, total=318.5ms
[2026-03-15T19:37:47Z INFO  bif_core::texture] Texture chemistry_kipps_apparatus01_BaseColor.1002.jpg (2048x2048): decode=310.0ms, convert=41.1ms, linear=159.5ms, total=510.6ms
[2026-03-15T19:37:47Z INFO  bif_core::texture] Texture chemistry_beaker_stand01_proxyTexture.jpg (512x512): decode=8.5ms, convert=1.5ms, linear=7.3ms, total=17.4ms
[2026-03-15T19:37:47Z INFO  bif_viewport::texture_loader] UDIM atlas: 1 tiles -> 2048x2048 (1x1 grid, tile 2048x2048)
[2026-03-15T19:37:47Z INFO  bif_viewport::texture_loader] UDIM atlas: 2 tiles -> 4096x2048 (2x1 grid, tile 2048x2048)
[2026-03-15T19:37:47Z INFO  bif_viewport::texture_loader] UDIM atlas: 1 tiles -> 2048x2048 (1x1 grid, tile 2048x2048)
[2026-03-15T19:37:47Z INFO  bif_core::texture] Texture chemistry_beaker02_Normal_openGL.1001.jpg (2048x2048): decode=146.8ms, convert=111.0ms, linear=141.8ms, total=399.6ms
[2026-03-15T19:37:47Z INFO  bif_core::texture] Texture electronics_wire_spool02_proxyTexture.jpg (512x512): decode=13.2ms, convert=2.7ms, linear=6.1ms, total=22.0ms
[2026-03-15T19:37:47Z INFO  bif_core::texture] Texture chemistry_bottle01_proxyTexture.jpg (512x512): decode=7.1ms, convert=1.9ms, linear=6.2ms, total=15.2ms
[2026-03-15T19:37:47Z INFO  bif_viewport::texture_loader] UDIM atlas: 1 tiles -> 2048x2048 (1x1 grid, tile 2048x2048)
[2026-03-15T19:37:47Z INFO  bif_core::texture] Texture electronics_tesla_coil01_proxyTexture.jpg (512x512): decode=23.4ms, convert=1.6ms, linear=5.7ms, total=30.8ms
[2026-03-15T19:37:47Z INFO  bif_core::texture] Texture electronics_wire_spool01_BaseColor.1001.jpg (2048x2048): decode=198.8ms, convert=34.9ms, linear=91.0ms, total=324.8ms
[2026-03-15T19:37:47Z INFO  bif_viewport::texture_loader] UDIM atlas: 5 tiles -> 6144x4096 (3x2 grid, tile 2048x2048)
[2026-03-15T19:37:47Z INFO  bif_viewport::texture_loader] UDIM atlas: 5 tiles -> 6144x4096 (3x2 grid, tile 2048x2048)
[2026-03-15T19:37:47Z INFO  bif_core::texture] Texture vegetation_bonsai_branch02_Roughness.1001.png (2048x2048): decode=53.1ms, convert=28.2ms, linear=87.4ms, total=168.7ms
[2026-03-15T19:37:47Z INFO  bif_viewport::texture_loader] UDIM atlas: 3 tiles -> 6144x2048 (3x1 grid, tile 2048x2048)
[2026-03-15T19:37:47Z INFO  bif_core::texture] Texture chemistry_magnetic_stirrer01_Normal_openGL.1001.jpg (2048x2048): decode=106.9ms, convert=30.0ms, linear=106.2ms, total=243.1ms
[2026-03-15T19:37:47Z INFO  bif_viewport::texture_loader] UDIM atlas: 1 tiles -> 2048x2048 (1x1 grid, tile 2048x2048)
[2026-03-15T19:37:47Z INFO  bif_core::texture] Texture electronics_cabling_Normal_openGL.1002.jpg (2048x2048): decode=95.8ms, convert=28.4ms, linear=107.1ms, total=231.4ms
[2026-03-15T19:37:47Z INFO  bif_core::texture] Texture chemistry_bottle03_proxyTexture.jpg (512x512): decode=7.0ms, convert=2.3ms, linear=6.8ms, total=16.1ms
[2026-03-15T19:37:47Z INFO  bif_viewport::texture_loader] UDIM atlas: 1 tiles -> 2048x2048 (1x1 grid, tile 2048x2048)
[2026-03-15T19:37:47Z INFO  bif_core::texture] Texture structure_wall_fibro03_Normal_openGL.1012.jpg (2048x2048): decode=183.7ms, convert=27.2ms, linear=100.5ms, total=311.5ms
[2026-03-15T19:37:47Z INFO  bif_core::texture] Texture stationary_notepad01_proxyTexture.jpg (512x512): decode=70.5ms, convert=1.9ms, linear=6.1ms, total=78.5ms
[2026-03-15T19:37:47Z INFO  bif_core::texture] Texture stationary_protractor_box01_Roughness.1012.jpg (2048x2048): decode=86.4ms, convert=35.4ms, linear=116.7ms, total=238.5ms
[2026-03-15T19:37:47Z INFO  bif_core::texture] Texture electronics_turntable01_Normal_openGL.1012.jpg (2048x2048): decode=108.8ms, convert=30.9ms, linear=107.3ms, total=247.0ms
[2026-03-15T19:37:47Z INFO  bif_viewport::texture_loader] UDIM atlas: 1 tiles -> 2048x2048 (1x1 grid, tile 2048x2048)
[2026-03-15T19:37:47Z INFO  bif_viewport::texture_loader] UDIM atlas: 1 tiles -> 2048x2048 (1x1 grid, tile 2048x2048)
[2026-03-15T19:37:47Z INFO  bif_core::texture] Texture chemistry_beaker_stand01_Normal_openGL.1002.jpg (2048x2048): decode=110.2ms, convert=38.9ms, linear=99.6ms, total=248.7ms
[2026-03-15T19:37:47Z INFO  bif_core::texture] Texture chemistry_beaker_stand01_BaseColor.1001.jpg (2048x2048): decode=161.6ms, convert=30.6ms, linear=107.0ms, total=299.2ms
[2026-03-15T19:37:47Z INFO  bif_core::texture] Texture chemistry_bottle02_proxyTexture.jpg (512x512): decode=7.9ms, convert=2.1ms, linear=5.1ms, total=15.1ms
[2026-03-15T19:37:47Z INFO  bif_core::texture] Texture vegetation_bonsai_twig03_Normal_openGL.1001.png (2048x2048): decode=69.4ms, convert=29.0ms, linear=104.6ms, total=203.0ms
[2026-03-15T19:37:47Z INFO  bif_core::texture] Texture electronics_turntable01_Roughness.1013.jpg (2048x2048): decode=80.9ms, convert=26.3ms, linear=97.8ms, total=205.0ms
[2026-03-15T19:37:47Z INFO  bif_core::texture] Texture furniture_workbench01_BaseColor.1003.jpg (2048x2048): decode=152.9ms, convert=32.6ms, linear=70.8ms, total=256.3ms
[2026-03-15T19:37:47Z INFO  bif_core::texture] Texture electronics_portable_tv01_Roughness.1024.jpg (2048x2048): decode=135.9ms, convert=36.2ms, linear=67.3ms, total=239.4ms
[2026-03-15T19:37:47Z INFO  bif_viewport::texture_loader] UDIM atlas: 1 tiles -> 2048x2048 (1x1 grid, tile 2048x2048)
[2026-03-15T19:37:47Z INFO  bif_core::texture] Texture stationary_set_square01_Roughness.1001.jpg (2048x2048): decode=66.5ms, convert=22.8ms, linear=74.8ms, total=164.1ms
[2026-03-15T19:37:47Z INFO  bif_core::texture] Texture chemistry_kipps_apparatus01_BaseColor.1003.jpg (2048x2048): decode=99.4ms, convert=33.4ms, linear=59.1ms, total=191.9ms
[2026-03-15T19:37:47Z INFO  bif_core::texture] Texture chemistry_bottle01_BaseColor.1001.jpg (2048x2048): decode=101.1ms, convert=20.7ms, linear=72.6ms, total=194.4ms
[2026-03-15T19:37:48Z INFO  bif_viewport::texture_loader] UDIM atlas: 5 tiles -> 6144x4096 (3x2 grid, tile 2048x2048)
[2026-03-15T19:37:48Z INFO  bif_core::texture] Texture electronics_wire_spool01_BaseColor.1002.jpg (2048x2048): decode=143.2ms, convert=17.4ms, linear=78.6ms, total=239.2ms
[2026-03-15T19:37:48Z INFO  bif_core::texture] Texture decor_wooden_box01_BaseColor.1001.jpg (2048x2048): decode=131.7ms, convert=19.6ms, linear=75.3ms, total=226.6ms
[2026-03-15T19:37:48Z INFO  bif_core::texture] Texture vegetation_bonsai_branch02_Normal_openGL.1001.png (2048x2048): decode=76.6ms, convert=22.1ms, linear=84.8ms, total=183.4ms
[2026-03-15T19:37:48Z INFO  bif_core::texture] Texture test202009demo_ll_leaf01_sm01_proxyTexture.jpg (512x512): decode=7.8ms, convert=2.7ms, linear=7.4ms, total=17.9ms
[2026-03-15T19:37:48Z INFO  bif_core::texture] Texture chemistry_flask_stand01_BaseColor.1001.jpg (2048x2048): decode=103.3ms, convert=47.7ms, linear=94.5ms, total=245.5ms
[2026-03-15T19:37:48Z INFO  bif_core::texture] Texture chemistry_magnetic_stirrer01_Normal_openGL.1002.jpg (2048x2048): decode=125.6ms, convert=37.1ms, linear=106.8ms, total=269.5ms
[2026-03-15T19:37:48Z INFO  bif_core::texture] Texture chemistry_bottle03_BaseColor.1001.jpg (2048x2048): decode=87.4ms, convert=38.6ms, linear=170.0ms, total=296.0ms
[2026-03-15T19:37:48Z INFO  bif_core::texture] Texture electronics_cabling_Normal_openGL.1003.jpg (2048x2048): decode=107.4ms, convert=53.9ms, linear=145.8ms, total=307.1ms
[2026-03-15T19:37:48Z INFO  bif_viewport::texture_loader] UDIM atlas: 1 tiles -> 2048x2048 (1x1 grid, tile 2048x2048)
[2026-03-15T19:37:48Z INFO  bif_viewport::texture_loader] UDIM atlas: 2 tiles -> 4096x2048 (2x1 grid, tile 2048x2048)
[2026-03-15T19:37:48Z INFO  bif_core::texture] Texture chemistry_bottle03_Normal_openGL.1001.jpg (2048x2048): decode=81.6ms, convert=27.3ms, linear=242.6ms, total=351.5ms
[2026-03-15T19:37:48Z INFO  bif_viewport::texture_loader] UDIM atlas: 5 tiles -> 6144x4096 (3x2 grid, tile 2048x2048)
[2026-03-15T19:37:48Z INFO  bif_core::texture] Texture electronics_turntable01_Roughness.1014.jpg (2048x2048): decode=49.6ms, convert=40.3ms, linear=136.4ms, total=226.4ms
[2026-03-15T19:37:48Z INFO  bif_viewport::texture_loader] UDIM atlas: 1 tiles -> 2048x2048 (1x1 grid, tile 2048x2048)
[2026-03-15T19:37:48Z INFO  bif_viewport::texture_loader] UDIM atlas: 3 tiles -> 6144x2048 (3x1 grid, tile 2048x2048)
[2026-03-15T19:37:48Z INFO  bif_core::texture] Texture electronics_wire_spool06_Roughness.1001.jpg (2048x2048): decode=71.6ms, convert=40.2ms, linear=147.0ms, total=258.8ms
[2026-03-15T19:37:48Z INFO  bif_viewport::texture_loader] UDIM atlas: 4 tiles -> 4096x4096 (2x2 grid, tile 2048x2048)
[2026-03-15T19:37:48Z INFO  bif_core::texture] Texture electronics_turntable01_Normal_openGL.1013.jpg (2048x2048): decode=129.3ms, convert=36.8ms, linear=139.8ms, total=305.9ms
[2026-03-15T19:37:48Z INFO  bif_core::texture] Texture electronics_wire_spool02_BaseColor.1001.jpg (2048x2048): decode=131.4ms, convert=60.3ms, linear=119.9ms, total=311.6ms
[2026-03-15T19:37:48Z INFO  bif_core::texture] Texture test202009demo_ll_leaf01_sm01_BaseColor.1001.jpg (2048x2048): decode=138.8ms, convert=48.2ms, linear=118.7ms, total=305.7ms
[2026-03-15T19:37:48Z INFO  bif_core::texture] Texture chemistry_beaker_stand01_BaseColor.1002.jpg (2048x2048): decode=184.0ms, convert=54.6ms, linear=122.4ms, total=360.9ms
[2026-03-15T19:37:48Z INFO  bif_core::texture] Texture vegetation_bonsai_trunk01_BaseColor.1001.jpg (2048x2048): decode=211.0ms, convert=42.7ms, linear=102.0ms, total=355.7ms
[2026-03-15T19:37:48Z INFO  bif_core::texture] Texture vegetation_bonsai_branch03_proxyTexture.jpg (512x512): decode=21.2ms, convert=1.7ms, linear=5.0ms, total=27.8ms
[2026-03-15T19:37:48Z INFO  bif_core::texture] Texture electronics_tesla_coil01_BaseColor.1001.jpg (2048x2048): decode=172.7ms, convert=37.0ms, linear=90.8ms, total=300.6ms
[2026-03-15T19:37:48Z INFO  bif_core::texture] Texture chemistry_test_tube02_Normal_openGL.1001.jpg (2048x2048): decode=167.9ms, convert=29.3ms, linear=83.3ms, total=280.5ms
[2026-03-15T19:37:48Z INFO  bif_core::texture] Texture furniture_workbench01_BaseColor.1004.jpg (2048x2048): decode=193.0ms, convert=47.8ms, linear=125.2ms, total=366.0ms
[2026-03-15T19:37:48Z INFO  bif_viewport::texture_loader] UDIM atlas: 2 tiles -> 4096x2048 (2x1 grid, tile 2048x2048)
[2026-03-15T19:37:48Z INFO  bif_viewport::texture_loader] UDIM atlas: 1 tiles -> 2048x2048 (1x1 grid, tile 2048x2048)
[2026-03-15T19:37:48Z INFO  bif_core::texture] Texture vegetation_bonsai_branch01_Normal_openGL.1001.png (2048x2048): decode=73.6ms, convert=24.4ms, linear=85.1ms, total=183.0ms
[2026-03-15T19:37:48Z INFO  bif_core::texture] Texture decor_wooden_box01_BaseColor.1002.jpg (2048x2048): decode=144.7ms, convert=22.4ms, linear=93.6ms, total=260.6ms
[2026-03-15T19:37:48Z INFO  bif_core::texture] Texture structure_wall_fibro01_Normal_openGL.1001.jpg (2048x2048): decode=155.5ms, convert=26.8ms, linear=102.2ms, total=284.5ms
[2026-03-15T19:37:48Z INFO  bif_viewport::texture_loader] UDIM atlas: 1 tiles -> 2048x2048 (1x1 grid, tile 2048x2048)
[2026-03-15T19:37:48Z INFO  bif_core::texture] Texture structure_wall_fibro02_Normal_openGL.1001.jpg (2048x2048): decode=176.6ms, convert=27.6ms, linear=114.6ms, total=318.7ms
[2026-03-15T19:37:48Z INFO  bif_core::texture] Texture stationary_notepad01_BaseColor.1001.jpg (2048x2048): decode=155.8ms, convert=28.0ms, linear=99.0ms, total=282.8ms
[2026-03-15T19:37:48Z INFO  bif_core::texture] Texture chemistry_flask_stand01_BaseColor.1002.jpg (2048x2048): decode=85.8ms, convert=32.6ms, linear=108.5ms, total=226.9ms
[2026-03-15T19:37:48Z INFO  bif_core::texture] Texture chemistry_flask_stand01_proxyTexture.jpg (512x512): decode=9.4ms, convert=4.0ms, linear=5.9ms, total=19.4ms
[2026-03-15T19:37:48Z INFO  bif_core::texture] Texture chemistry_beaker_rack01_Metallic.1001.jpg (2048x2048): decode=50.2ms, convert=28.2ms, linear=117.0ms, total=195.5ms
[2026-03-15T19:37:48Z INFO  bif_core::texture] Texture chemistry_bottle02_BaseColor.1001.jpg (2048x2048): decode=92.9ms, convert=30.4ms, linear=121.0ms, total=244.3ms
[2026-03-15T19:37:48Z INFO  bif_core::texture] Texture stationary_pencil01_Normal_openGL.1001.jpg (2048x2048): decode=109.1ms, convert=45.5ms, linear=104.8ms, total=259.4ms
[2026-03-15T19:37:48Z INFO  bif_viewport::texture_loader] UDIM atlas: 1 tiles -> 2048x2048 (1x1 grid, tile 2048x2048)
[2026-03-15T19:37:48Z INFO  bif_core::texture] Texture electronics_wire_spool04_Metallic.1001.jpg (2048x2048): decode=42.6ms, convert=27.0ms, linear=102.9ms, total=172.5ms
[2026-03-15T19:37:48Z INFO  bif_viewport::texture_loader] UDIM atlas: 1 tiles -> 2048x2048 (1x1 grid, tile 2048x2048)
[2026-03-15T19:37:49Z INFO  bif_core::texture] Texture electronics_wire_spool06_Roughness.1002.jpg (2048x2048): decode=73.9ms, convert=27.5ms, linear=109.1ms, total=210.6ms
[2026-03-15T19:37:49Z INFO  bif_core::texture] Texture electronics_cabling_Normal_openGL.1004.jpg (2048x2048): decode=101.9ms, convert=25.5ms, linear=128.4ms, total=255.8ms
[2026-03-15T19:37:49Z INFO  bif_viewport::texture_loader] UDIM atlas: 2 tiles -> 4096x2048 (2x1 grid, tile 2048x2048)
[2026-03-15T19:37:49Z INFO  bif_core::texture] Texture chemistry_magnetic_stirrer01_Normal_openGL.1011.jpg (2048x2048): decode=179.5ms, convert=38.5ms, linear=123.9ms, total=341.9ms
[2026-03-15T19:37:49Z INFO  bif_viewport::texture_loader] UDIM atlas: 13 tiles -> 10240x6144 (5x3 grid, tile 2048x2048)
[2026-03-15T19:37:49Z INFO  bif_core::texture] Texture vegetation_bonsai_branch02_proxyTexture.jpg (512x512): decode=17.5ms, convert=3.6ms, linear=10.4ms, total=31.6ms
[2026-03-15T19:37:49Z INFO  bif_core::texture] Texture test202009demo_ll_leaf01_sm01_Roughness.1001.png (2048x2048): decode=43.8ms, convert=44.1ms, linear=125.9ms, total=213.8ms
[2026-03-15T19:37:49Z INFO  bif_core::texture] Texture electronics_turntable01_Normal_openGL.1014.jpg (2048x2048): decode=107.3ms, convert=38.3ms, linear=114.7ms, total=260.3ms
[2026-03-15T19:37:49Z INFO  bif_core::texture] Texture vegetation_bonsai_trunk01_Roughness.1001.png (2048x2048): decode=40.1ms, convert=31.5ms, linear=106.0ms, total=177.6ms
[2026-03-15T19:37:49Z INFO  bif_core::texture] Texture electronics_wire_spool02_BaseColor.1002.jpg (2048x2048): decode=166.5ms, convert=34.4ms, linear=110.1ms, total=311.0ms
[2026-03-15T19:37:49Z INFO  bif_viewport::texture_loader] UDIM atlas: 1 tiles -> 2048x2048 (1x1 grid, tile 2048x2048)
[2026-03-15T19:37:49Z INFO  bif_core::texture] Texture chemistry_test_tube03_proxyTexture.jpg (512x512): decode=144.0ms, convert=3.4ms, linear=4.6ms, total=152.0ms
[2026-03-15T19:37:49Z INFO  bif_core::texture] Texture furniture_workbench01_BaseColor.1011.jpg (2048x2048): decode=165.6ms, convert=36.7ms, linear=86.4ms, total=288.7ms
[2026-03-15T19:37:49Z INFO  bif_core::texture] Texture stationary_set_square01_Normal_openGL.1001.jpg (2048x2048): decode=113.5ms, convert=38.9ms, linear=77.8ms, total=230.2ms
[2026-03-15T19:37:49Z INFO  bif_core::texture] Texture electronics_tesla_coil01_BaseColor.1002.jpg (2048x2048): decode=189.9ms, convert=33.3ms, linear=92.6ms, total=315.8ms
[2026-03-15T19:37:49Z INFO  bif_core::texture] Texture vegetation_bonsai_branch01_BaseColor.1001.jpg (2048x2048): decode=162.6ms, convert=28.8ms, linear=77.4ms, total=268.8ms
[2026-03-15T19:37:49Z INFO  bif_viewport::texture_loader] UDIM atlas: 9 tiles -> 10240x4096 (5x2 grid, tile 2048x2048)
[2026-03-15T19:37:49Z INFO  bif_viewport::texture_loader] UDIM atlas: 1 tiles -> 2048x2048 (1x1 grid, tile 2048x2048)
[2026-03-15T19:37:49Z INFO  bif_core::texture] Texture electronics_wire_spool04_Metallic.1002.jpg (2048x2048): decode=106.8ms, convert=24.5ms, linear=84.0ms, total=215.4ms
[2026-03-15T19:37:49Z INFO  bif_core::texture] Texture chemistry_bottle01_Roughness.1001.jpg (2048x2048): decode=225.3ms, convert=22.4ms, linear=94.4ms, total=342.1ms
[2026-03-15T19:37:49Z INFO  bif_viewport::texture_loader] UDIM atlas: 1 tiles -> 2048x2048 (1x1 grid, tile 2048x2048)
[2026-03-15T19:37:49Z INFO  bif_core::texture] Texture stationary_pencil02_proxyTexture.jpg (512x512): decode=15.6ms, convert=1.6ms, linear=4.6ms, total=21.8ms
[2026-03-15T19:37:49Z INFO  bif_core::texture] Texture stationary_notepad01_BaseColor.1002.jpg (2048x2048): decode=162.4ms, convert=23.7ms, linear=74.3ms, total=260.4ms
[2026-03-15T19:37:49Z INFO  bif_core::texture] Texture decor_wooden_box01_BaseColor.1003.jpg (2048x2048): decode=162.8ms, convert=34.1ms, linear=74.5ms, total=271.4ms
[2026-03-15T19:37:49Z INFO  bif_core::texture] Texture chemistry_flask_stand01_BaseColor.1003.jpg (2048x2048): decode=145.8ms, convert=24.9ms, linear=63.5ms, total=234.2ms
[2026-03-15T19:37:49Z INFO  bif_core::texture] Texture structure_wall_fibro01_Normal_openGL.1002.jpg (2048x2048): decode=177.9ms, convert=24.9ms, linear=64.4ms, total=267.3ms
[2026-03-15T19:37:49Z INFO  bif_viewport::texture_loader] UDIM atlas: 2 tiles -> 4096x2048 (2x1 grid, tile 2048x2048)
[2026-03-15T19:37:49Z INFO  bif_core::texture] Texture chemistry_kipps_apparatus01_Roughness.1001.jpg (2048x2048): decode=243.9ms, convert=26.8ms, linear=96.2ms, total=366.9ms
[2026-03-15T19:37:49Z INFO  bif_viewport::texture_loader] UDIM atlas: 3 tiles -> 4096x4096 (2x2 grid, tile 2048x2048)
[2026-03-15T19:37:49Z INFO  bif_core::texture] Texture structure_wall_fibro02_Normal_openGL.1002.jpg (2048x2048): decode=247.0ms, convert=22.8ms, linear=108.8ms, total=378.6ms
[2026-03-15T19:37:49Z INFO  bif_core::texture] Texture chemistry_test_tube01_proxyTexture.jpg (512x512): decode=21.4ms, convert=3.0ms, linear=9.1ms, total=33.5ms
[2026-03-15T19:37:49Z INFO  bif_viewport::texture_loader] UDIM atlas: 2 tiles -> 4096x2048 (2x1 grid, tile 2048x2048)
[2026-03-15T19:37:49Z INFO  bif_core::texture] Texture electronics_powerpoint01_BaseColor.1001.jpg (2048x2048): decode=126.4ms, convert=39.3ms, linear=117.2ms, total=282.9ms
[2026-03-15T19:37:49Z INFO  bif_viewport::texture_loader] UDIM atlas: 2 tiles -> 4096x2048 (2x1 grid, tile 2048x2048)
[2026-03-15T19:37:49Z INFO  bif_core::texture] Texture vegetation_bonsai_branch03_BaseColor.1001.jpg (2048x2048): decode=137.5ms, convert=30.4ms, linear=111.7ms, total=279.6ms
[2026-03-15T19:37:49Z INFO  bif_core::texture] Texture test202009demo_ll_leaf01_sm01_Normal_openGL.1001.png (2048x2048): decode=63.2ms, convert=29.3ms, linear=104.8ms, total=197.4ms
[2026-03-15T19:37:49Z INFO  bif_viewport::texture_loader] UDIM atlas: 1 tiles -> 2048x2048 (1x1 grid, tile 2048x2048)
[2026-03-15T19:37:49Z INFO  bif_viewport::texture_loader] UDIM atlas: 1 tiles -> 2048x2048 (1x1 grid, tile 2048x2048)
[2026-03-15T19:37:49Z INFO  bif_core::texture] Texture electronics_cabling_Normal_openGL.1011.jpg (2048x2048): decode=136.3ms, convert=28.2ms, linear=109.0ms, total=273.5ms
[2026-03-15T19:37:49Z INFO  bif_core::texture] Texture stationary_set_square02_proxyTexture.jpg (512x512): decode=15.9ms, convert=1.6ms, linear=4.0ms, total=21.5ms
[2026-03-15T19:37:49Z INFO  bif_core::texture] Texture vegetation_bonsai_trunk01_Normal_openGL.1001.png (2048x2048): decode=64.4ms, convert=41.3ms, linear=97.5ms, total=203.1ms
[2026-03-15T19:37:49Z INFO  bif_core::texture] Texture electronics_wire_spool01_Roughness.1001.jpg (2048x2048): decode=57.1ms, convert=29.0ms, linear=78.9ms, total=164.9ms
[2026-03-15T19:37:49Z INFO  bif_viewport::texture_loader] UDIM atlas: 1 tiles -> 2048x2048 (1x1 grid, tile 2048x2048)
[2026-03-15T19:37:49Z INFO  bif_core::texture] Texture chemistry_microscope01_proxyTexture.jpg (512x512): decode=28.7ms, convert=1.6ms, linear=5.6ms, total=35.9ms
[2026-03-15T19:37:49Z INFO  bif_core::texture] Texture vegetation_bonsai_branch01_Roughness.1001.png (2048x2048): decode=34.1ms, convert=27.2ms, linear=89.9ms, total=151.2ms
[2026-03-15T19:37:49Z INFO  bif_core::texture] Texture chemistry_bottle03_Roughness.1001.jpg (2048x2048): decode=93.7ms, convert=30.3ms, linear=90.2ms, total=214.2ms
[2026-03-15T19:37:49Z INFO  bif_core::texture] Texture furniture_workbench01_BaseColor.1012.jpg (2048x2048): decode=149.2ms, convert=27.2ms, linear=89.4ms, total=265.8ms
[2026-03-15T19:37:49Z INFO  bif_core::texture] Texture electronics_tesla_coil01_BaseColor.1003.jpg (2048x2048): decode=147.7ms, convert=24.1ms, linear=84.7ms, total=256.5ms
[2026-03-15T19:37:49Z INFO  bif_viewport::texture_loader] UDIM atlas: 3 tiles -> 6144x2048 (3x1 grid, tile 2048x2048)
[2026-03-15T19:37:49Z INFO  bif_core::texture] Texture stationary_notepad01_BaseColor.1003.jpg (2048x2048): decode=108.0ms, convert=25.0ms, linear=68.1ms, total=201.0ms
[2026-03-15T19:37:49Z INFO  bif_viewport::texture_loader] UDIM atlas: 9 tiles -> 10240x4096 (5x2 grid, tile 2048x2048)
[2026-03-15T19:37:49Z INFO  bif_core::texture] Texture decor_wooden_box01_BaseColor.1011.jpg (2048x2048): decode=152.3ms, convert=22.2ms, linear=67.6ms, total=242.1ms
[2026-03-15T19:37:49Z INFO  bif_core::texture] Texture structure_wall_fibro01_proxyTexture.jpg (512x512): decode=8.7ms, convert=1.8ms, linear=5.9ms, total=16.4ms
[2026-03-15T19:37:49Z INFO  bif_viewport::texture_loader] UDIM atlas: 1 tiles -> 2048x2048 (1x1 grid, tile 2048x2048)
[2026-03-15T19:37:49Z INFO  bif_core::texture] Texture structure_wall_fibro02_BaseColor.1001.jpg (2048x2048): decode=105.6ms, convert=24.4ms, linear=74.2ms, total=204.2ms
[2026-03-15T19:37:50Z INFO  bif_core::texture] Texture structure_wall_fibro01_Normal_openGL.1003.jpg (2048x2048): decode=121.8ms, convert=18.9ms, linear=110.4ms, total=251.2ms
[2026-03-15T19:37:50Z INFO  bif_viewport::texture_loader] UDIM atlas: 1 tiles -> 2048x2048 (1x1 grid, tile 2048x2048)
[2026-03-15T19:37:50Z INFO  bif_core::texture] Texture vegetation_bonsai_branch01_proxyTexture.jpg (512x512): decode=9.2ms, convert=2.1ms, linear=6.4ms, total=17.7ms
[2026-03-15T19:37:50Z INFO  bif_core::texture] Texture chemistry_kipps_apparatus01_Roughness.1002.jpg (2048x2048): decode=70.0ms, convert=23.5ms, linear=113.9ms, total=207.4ms
[2026-03-15T19:37:50Z INFO  bif_core::texture] Texture chemistry_test_tube03_Normal_openGL.1001.jpg (2048x2048): decode=79.9ms, convert=17.9ms, linear=88.5ms, total=186.4ms
[2026-03-15T19:37:50Z INFO  bif_core::texture] Texture chemistry_bottle02_Roughness.1001.jpg (2048x2048): decode=61.2ms, convert=18.5ms, linear=100.7ms, total=180.4ms
[2026-03-15T19:37:50Z INFO  bif_core::texture] Texture chemistry_beaker_stand01_Roughness.1001.jpg (2048x2048): decode=88.1ms, convert=29.0ms, linear=120.7ms, total=237.8ms
[2026-03-15T19:37:50Z INFO  bif_core::texture] Texture electronics_wire_spool06_Metallic.1001.jpg (2048x2048): decode=32.7ms, convert=31.7ms, linear=115.2ms, total=179.6ms
[2026-03-15T19:37:50Z INFO  bif_core::texture] Texture vegetation_bonsai_branch03_Roughness.1001.png (2048x2048): decode=48.3ms, convert=29.9ms, linear=127.8ms, total=206.0ms
[2026-03-15T19:37:50Z INFO  bif_viewport::texture_loader] UDIM atlas: 1 tiles -> 2048x2048 (1x1 grid, tile 2048x2048)
[2026-03-15T19:37:50Z INFO  bif_core::texture] Texture chemistry_test_tube03_BaseColor.1001.jpg (2048x2048): decode=138.8ms, convert=37.8ms, linear=106.0ms, total=282.5ms
[2026-03-15T19:37:50Z INFO  bif_core::texture] Texture structure_wall_fibro02_Normal_openGL.1003.jpg (2048x2048): decode=155.4ms, convert=32.5ms, linear=120.3ms, total=308.2ms
[2026-03-15T19:37:50Z INFO  bif_core::texture] Texture vegetation_bonsai_branch02_BaseColor.1001.jpg (2048x2048): decode=183.2ms, convert=32.1ms, linear=109.3ms, total=324.5ms
[2026-03-15T19:37:50Z INFO  bif_core::texture] Texture decor_bonsai_jar01_Normal_openGL.1001.jpg (2048x2048): decode=139.9ms, convert=57.2ms, linear=109.8ms, total=306.9ms
[2026-03-15T19:37:50Z INFO  bif_core::texture] Texture electronics_cabling_Normal_openGL.1012.jpg (2048x2048): decode=124.8ms, convert=41.1ms, linear=98.6ms, total=264.5ms
[2026-03-15T19:37:50Z INFO  bif_core::texture] Texture chemistry_microscope01_Normal_openGL.1001.jpg (2048x2048): decode=161.2ms, convert=36.7ms, linear=121.2ms, total=319.1ms
[2026-03-15T19:37:50Z INFO  bif_core::texture] Texture stationary_pencil02_BaseColor.1001.jpg (2048x2048): decode=145.2ms, convert=31.1ms, linear=141.0ms, total=317.4ms
[2026-03-15T19:37:50Z INFO  bif_core::texture] Texture electronics_wire_spool01_Roughness.1002.jpg (2048x2048): decode=106.5ms, convert=34.1ms, linear=110.7ms, total=251.3ms
[2026-03-15T19:37:50Z INFO  bif_core::texture] Texture electronics_wire_spool02_Roughness.1001.jpg (2048x2048): decode=60.0ms, convert=29.6ms, linear=69.5ms, total=159.1ms
[2026-03-15T19:37:50Z INFO  bif_core::texture] Texture furniture_workbench01_BaseColor.1013.jpg (2048x2048): decode=142.1ms, convert=20.1ms, linear=69.7ms, total=231.9ms
[2026-03-15T19:37:50Z INFO  bif_core::texture] Texture chemistry_test_tube01_BaseColor.1001.jpg (2048x2048): decode=109.3ms, convert=21.9ms, linear=79.5ms, total=210.8ms
[2026-03-15T19:37:50Z INFO  bif_core::texture] Texture electronics_tesla_coil01_BaseColor.1004.jpg (2048x2048): decode=116.5ms, convert=53.5ms, linear=73.0ms, total=243.0ms
[2026-03-15T19:37:50Z INFO  bif_viewport::texture_loader] UDIM atlas: 3 tiles -> 6144x2048 (3x1 grid, tile 2048x2048)
[2026-03-15T19:37:50Z INFO  bif_viewport::texture_loader] UDIM atlas: 1 tiles -> 2048x2048 (1x1 grid, tile 2048x2048)
[2026-03-15T19:37:50Z INFO  bif_core::texture] Texture decor_wooden_box01_BaseColor.1012.jpg (2048x2048): decode=100.2ms, convert=29.9ms, linear=64.2ms, total=194.4ms
[2026-03-15T19:37:50Z INFO  bif_core::texture] Texture electronics_wire_spool04_Normal_openGL.1001.jpg (2048x2048): decode=88.4ms, convert=63.3ms, linear=90.1ms, total=241.8ms
[2026-03-15T19:37:50Z INFO  bif_viewport::texture_loader] UDIM atlas: 1 tiles -> 2048x2048 (1x1 grid, tile 2048x2048)
[2026-03-15T19:37:50Z INFO  bif_viewport::texture_loader] UDIM atlas: 1 tiles -> 2048x2048 (1x1 grid, tile 2048x2048)
[2026-03-15T19:37:50Z INFO  bif_core::texture] Texture electronics_spoolrack_proxyTexture.jpg (512x512): decode=14.6ms, convert=6.6ms, linear=11.0ms, total=32.1ms
[2026-03-15T19:37:50Z INFO  bif_core::texture] Texture stationary_set_square02_BaseColor.1001.jpg (2048x2048): decode=105.3ms, convert=54.2ms, linear=136.9ms, total=296.4ms
[2026-03-15T19:37:50Z INFO  bif_core::texture] Texture structure_wall_fibro02_Roughness.1001.jpg (2048x2048): decode=54.0ms, convert=29.2ms, linear=88.6ms, total=171.8ms
[2026-03-15T19:37:50Z INFO  bif_core::texture] Texture chemistry_flask_stand01_Roughness.1001.jpg (2048x2048): decode=81.6ms, convert=29.6ms, linear=96.4ms, total=207.6ms
[2026-03-15T19:37:50Z INFO  bif_core::texture] Texture structure_wall_fibro02_BaseColor.1002.jpg (2048x2048): decode=144.3ms, convert=30.8ms, linear=77.3ms, total=252.4ms
[2026-03-15T19:37:50Z INFO  bif_viewport::texture_loader] UDIM atlas: 1 tiles -> 2048x2048 (1x1 grid, tile 2048x2048)
[2026-03-15T19:37:50Z INFO  bif_core::texture] Texture chemistry_kipps_apparatus01_Roughness.1003.jpg (2048x2048): decode=38.6ms, convert=24.6ms, linear=159.7ms, total=222.8ms
[2026-03-15T19:37:50Z INFO  bif_core::texture] Texture chemistry_microscope01_BaseColor.1001.jpg (2048x2048): decode=142.6ms, convert=101.9ms, linear=107.0ms, total=351.6ms
[2026-03-15T19:37:50Z INFO  bif_core::texture] Texture structure_wall_fibro01_BaseColor.1001.jpg (2048x2048): decode=114.4ms, convert=35.2ms, linear=103.9ms, total=253.5ms
[2026-03-15T19:37:50Z INFO  bif_core::texture] Texture structure_wall_fibro01_Normal_openGL.1011.jpg (2048x2048): decode=151.5ms, convert=53.3ms, linear=117.2ms, total=322.0ms
[2026-03-15T19:37:50Z INFO  bif_viewport::texture_loader] UDIM atlas: 1 tiles -> 2048x2048 (1x1 grid, tile 2048x2048)
[2026-03-15T19:37:50Z INFO  bif_core::texture] Texture electronics_powerpoint01_Roughness.1001.jpg (2048x2048): decode=103.4ms, convert=34.8ms, linear=157.8ms, total=296.0ms
[2026-03-15T19:37:50Z INFO  bif_core::texture] Texture chemistry_beaker_stand01_Roughness.1002.jpg (2048x2048): decode=47.4ms, convert=42.6ms, linear=144.0ms, total=234.0ms
[2026-03-15T19:37:50Z INFO  bif_core::texture] Texture vegetation_bonsai_branch03_Normal_openGL.1001.png (2048x2048): decode=96.1ms, convert=37.0ms, linear=101.9ms, total=235.0ms
[2026-03-15T19:37:50Z INFO  bif_viewport::texture_loader] UDIM atlas: 1 tiles -> 2048x2048 (1x1 grid, tile 2048x2048)
[2026-03-15T19:37:50Z INFO  bif_core::texture] Texture electronics_wire_spool06_Metallic.1002.jpg (2048x2048): decode=80.4ms, convert=44.1ms, linear=114.8ms, total=239.3ms
[2026-03-15T19:37:50Z INFO  bif_core::texture] Texture electronics_audio_generator01_BaseColor.1001.jpg (2048x2048): decode=186.2ms, convert=37.7ms, linear=87.2ms, total=311.1ms
[2026-03-15T19:37:50Z INFO  bif_viewport::texture_loader] UDIM atlas: 2 tiles -> 4096x2048 (2x1 grid, tile 2048x2048)
[2026-03-15T19:37:50Z INFO  bif_core::texture] Texture electronics_wire_spool04_BaseColor.1001.jpg (2048x2048): decode=154.1ms, convert=24.6ms, linear=184.3ms, total=363.0ms
[2026-03-15T19:37:50Z INFO  bif_core::texture] Texture electronics_powerpoint01_Normal_openGL.1001.jpg (2048x2048): decode=172.4ms, convert=67.2ms, linear=91.3ms, total=330.8ms
[2026-03-15T19:37:50Z INFO  bif_core::texture] Texture stationary_notepad01_Roughness.1001.jpg (2048x2048): decode=85.5ms, convert=28.5ms, linear=97.0ms, total=211.0ms
[2026-03-15T19:37:50Z INFO  bif_core::texture] Texture chemistry_microscope01_Normal_openGL.1002.jpg (2048x2048): decode=110.5ms, convert=27.2ms, linear=105.4ms, total=243.1ms
[2026-03-15T19:37:50Z INFO  bif_core::texture] Texture electronics_wire_spool02_Roughness.1002.jpg (2048x2048): decode=94.8ms, convert=24.6ms, linear=99.0ms, total=218.3ms
[2026-03-15T19:37:50Z INFO  bif_core::texture] Texture structure_wall_fibro02_Normal_openGL.1011.jpg (2048x2048): decode=199.0ms, convert=32.3ms, linear=96.4ms, total=327.7ms
[2026-03-15T19:37:50Z INFO  bif_core::texture] Texture electronics_tesla_coil01_BaseColor.1005.jpg (2048x2048): decode=104.7ms, convert=23.6ms, linear=83.0ms, total=211.4ms
[2026-03-15T19:37:50Z INFO  bif_core::texture] Texture chemistry_test_tube03_Roughness.1001.jpg (2048x2048): decode=134.9ms, convert=37.9ms, linear=135.9ms, total=308.7ms
[2026-03-15T19:37:50Z INFO  bif_core::texture] Texture electronics_cabling_Normal_openGL.1013.jpg (2048x2048): decode=141.8ms, convert=35.8ms, linear=109.2ms, total=286.9ms
[2026-03-15T19:37:50Z INFO  bif_viewport::texture_loader] UDIM atlas: 1 tiles -> 2048x2048 (1x1 grid, tile 2048x2048)
[2026-03-15T19:37:50Z INFO  bif_core::texture] Texture furniture_blackboard01_Normal_openGL.1001.jpg (2048x2048): decode=111.0ms, convert=25.2ms, linear=89.2ms, total=225.3ms
[2026-03-15T19:37:50Z INFO  bif_core::texture] Texture decor_bonsai_jar01_Normal_openGL.1002.jpg (2048x2048): decode=220.1ms, convert=28.0ms, linear=87.1ms, total=335.2ms
[2026-03-15T19:37:51Z INFO  bif_core::texture] Texture furniture_workbench01_BaseColor.1014.jpg (2048x2048): decode=177.1ms, convert=35.4ms, linear=89.0ms, total=301.5ms
[2026-03-15T19:37:51Z INFO  bif_viewport::texture_loader] UDIM atlas: 2 tiles -> 4096x2048 (2x1 grid, tile 2048x2048)
[2026-03-15T19:37:51Z INFO  bif_core::texture] Texture structure_wall_fibro02_Roughness.1002.jpg (2048x2048): decode=55.6ms, convert=28.1ms, linear=89.2ms, total=172.9ms
[2026-03-15T19:37:51Z INFO  bif_core::texture] Texture decor_wooden_box01_BaseColor.1013.jpg (2048x2048): decode=151.3ms, convert=27.8ms, linear=96.8ms, total=275.9ms
[2026-03-15T19:37:51Z INFO  bif_core::texture] Texture chemistry_flask_stand01_Roughness.1002.jpg (2048x2048): decode=85.5ms, convert=29.1ms, linear=98.6ms, total=213.2ms
[2026-03-15T19:37:51Z INFO  bif_core::texture] Texture chemistry_test_tube01_Roughness.1001.jpg (2048x2048): decode=112.9ms, convert=30.9ms, linear=101.8ms, total=245.6ms
[2026-03-15T19:37:51Z INFO  bif_core::texture] Texture vegetation_bonsai_twig01_proxyTexture.jpg (512x512): decode=12.6ms, convert=2.0ms, linear=6.1ms, total=20.6ms
[2026-03-15T19:37:51Z INFO  bif_core::texture] Texture electronics_spoolrack_BaseColor.1001.jpg (2048x2048): decode=180.3ms, convert=29.6ms, linear=89.8ms, total=299.7ms
[2026-03-15T19:37:51Z INFO  bif_viewport::texture_loader] UDIM atlas: 3 tiles -> 6144x2048 (3x1 grid, tile 2048x2048)
[2026-03-15T19:37:51Z INFO  bif_viewport::texture_loader] UDIM atlas: 1 tiles -> 2048x2048 (1x1 grid, tile 2048x2048)
[2026-03-15T19:37:51Z INFO  bif_core::texture] Texture stationary_pencil02_Roughness.1001.jpg (2048x2048): decode=130.7ms, convert=25.6ms, linear=114.2ms, total=270.5ms
[2026-03-15T19:37:51Z INFO  bif_core::texture] Texture electronics_wire_spool01_Metallic.1001.jpg (2048x2048): decode=43.7ms, convert=25.7ms, linear=131.0ms, total=200.5ms
[2026-03-15T19:37:51Z INFO  bif_core::texture] Texture structure_wall_fibro01_BaseColor.1002.jpg (2048x2048): decode=115.5ms, convert=23.2ms, linear=86.8ms, total=225.5ms
[2026-03-15T19:37:51Z INFO  bif_core::texture] Texture chemistry_microscope01_BaseColor.1002.jpg (2048x2048): decode=150.3ms, convert=26.6ms, linear=84.6ms, total=261.6ms
[2026-03-15T19:37:51Z INFO  bif_core::texture] Texture electronics_wire_spool04_Normal_openGL.1002.jpg (2048x2048): decode=223.8ms, convert=26.1ms, linear=84.0ms, total=333.9ms
[2026-03-15T19:37:51Z INFO  bif_viewport::texture_loader] UDIM atlas: 1 tiles -> 2048x2048 (1x1 grid, tile 2048x2048)
[2026-03-15T19:37:51Z INFO  bif_viewport::texture_loader] UDIM atlas: 2 tiles -> 4096x2048 (2x1 grid, tile 2048x2048)
[2026-03-15T19:37:51Z INFO  bif_core::texture] Texture structure_wall_fibro02_BaseColor.1003.jpg (2048x2048): decode=168.5ms, convert=37.7ms, linear=143.2ms, total=349.3ms
[2026-03-15T19:37:51Z INFO  bif_core::texture] Texture vegetation_bonsai_trunk01_proxyTexture.jpg (512x512): decode=9.0ms, convert=2.7ms, linear=6.5ms, total=18.2ms
[2026-03-15T19:37:51Z INFO  bif_viewport::texture_loader] UDIM atlas: 2 tiles -> 4096x2048 (2x1 grid, tile 2048x2048)
[2026-03-15T19:37:51Z INFO  bif_core::texture] Texture stationary_paper02_proxyTexture.jpg (512x512): decode=23.3ms, convert=2.2ms, linear=7.8ms, total=33.3ms
[2026-03-15T19:37:51Z INFO  bif_core::texture] Texture electronics_audio_generator01_BaseColor.1002.jpg (2048x2048): decode=134.2ms, convert=30.9ms, linear=106.9ms, total=272.0ms
[2026-03-15T19:37:51Z INFO  bif_core::texture] Texture structure_wall_fibro01_Normal_openGL.1012.jpg (2048x2048): decode=193.5ms, convert=28.4ms, linear=115.4ms, total=337.3ms
[2026-03-15T19:37:51Z INFO  bif_core::texture] Texture decor_helmet_head01_BaseColor.1001.jpg (2048x2048): decode=172.9ms, convert=28.6ms, linear=119.9ms, total=321.3ms
[2026-03-15T19:37:51Z INFO  bif_viewport::texture_loader] UDIM atlas: 1 tiles -> 2048x2048 (1x1 grid, tile 2048x2048)
[2026-03-15T19:37:51Z INFO  bif_core::texture] Texture stationary_notepad01_Roughness.1002.jpg (2048x2048): decode=65.5ms, convert=26.1ms, linear=118.4ms, total=210.0ms
[2026-03-15T19:37:51Z INFO  bif_core::texture] Texture vegetation_bonsai_twig01_BaseColor.1001.jpg (2048x2048): decode=180.0ms, convert=27.4ms, linear=122.8ms, total=330.2ms
[2026-03-15T19:37:51Z INFO  bif_core::texture] Texture chemistry_microscope01_Normal_openGL.1003.jpg (2048x2048): decode=115.9ms, convert=31.9ms, linear=119.3ms, total=267.2ms
[2026-03-15T19:37:51Z INFO  bif_core::texture] Texture electronics_tesla_coil01_BaseColor.1011.jpg (2048x2048): decode=158.9ms, convert=42.2ms, linear=115.0ms, total=316.1ms
[2026-03-15T19:37:51Z INFO  bif_core::texture] Texture stationary_set_square02_Roughness.1001.jpg (2048x2048): decode=59.6ms, convert=38.9ms, linear=140.5ms, total=239.0ms
[2026-03-15T19:37:51Z INFO  bif_viewport::texture_loader] UDIM atlas: 1 tiles -> 2048x2048 (1x1 grid, tile 2048x2048)
[2026-03-15T19:37:51Z INFO  bif_core::texture] Texture electronics_wire_spool04_BaseColor.1002.jpg (2048x2048): decode=225.1ms, convert=37.6ms, linear=117.3ms, total=380.0ms
[2026-03-15T19:37:51Z INFO  bif_core::texture] Texture electronics_wire_spool06_Normal_openGL.1001.jpg (2048x2048): decode=129.9ms, convert=40.5ms, linear=109.0ms, total=279.3ms
[2026-03-15T19:37:51Z INFO  bif_core::texture] Texture electronics_cabling_Normal_openGL.1014.jpg (2048x2048): decode=132.7ms, convert=33.8ms, linear=137.3ms, total=303.8ms
[2026-03-15T19:37:51Z INFO  bif_core::texture] Texture electronics_wire_spool01_Metallic.1002.jpg (2048x2048): decode=100.6ms, convert=27.7ms, linear=133.4ms, total=261.8ms
[2026-03-15T19:37:51Z INFO  bif_core::texture] Texture furniture_blackboard01_Normal_openGL.1002.jpg (2048x2048): decode=120.1ms, convert=49.9ms, linear=110.0ms, total=280.0ms
[2026-03-15T19:37:51Z INFO  bif_core::texture] Texture chemistry_flask_stand01_Roughness.1003.jpg (2048x2048): decode=59.0ms, convert=35.5ms, linear=111.6ms, total=206.1ms
[2026-03-15T19:37:51Z INFO  bif_core::texture] Texture structure_wall_fibro02_Roughness.1003.jpg (2048x2048): decode=95.9ms, convert=33.1ms, linear=113.6ms, total=242.5ms
[2026-03-15T19:37:51Z INFO  bif_viewport::texture_loader] UDIM atlas: 1 tiles -> 2048x2048 (1x1 grid, tile 2048x2048)
[2026-03-15T19:37:51Z INFO  bif_core::texture] Texture furniture_workbench01_BaseColor.1021.jpg (2048x2048): decode=174.3ms, convert=37.7ms, linear=130.7ms, total=342.8ms
[2026-03-15T19:37:51Z INFO  bif_core::texture] Texture chemistry_kipps_apparatus01_Normal_openGL.1001.jpg (2048x2048): decode=146.8ms, convert=63.7ms, linear=120.5ms, total=331.1ms
[2026-03-15T19:37:51Z INFO  bif_core::texture] Texture electronics_wire_spool02_Metallic.1001.jpg (2048x2048): decode=39.0ms, convert=28.3ms, linear=106.6ms, total=174.0ms
[2026-03-15T19:37:51Z INFO  bif_core::texture] Texture decor_bonsai_jar01_BaseColor.1001.jpg (2048x2048): decode=132.2ms, convert=51.7ms, linear=115.5ms, total=299.4ms
[2026-03-15T19:37:51Z INFO  bif_core::texture] Texture electronics_spoolrack_BaseColor.1002.jpg (2048x2048): decode=148.1ms, convert=28.6ms, linear=125.1ms, total=301.7ms
[2026-03-15T19:37:51Z INFO  bif_viewport::texture_loader] UDIM atlas: 6 tiles -> 6144x4096 (3x2 grid, tile 2048x2048)
[2026-03-15T19:37:51Z INFO  bif_viewport::texture_loader] UDIM atlas: 2 tiles -> 4096x2048 (2x1 grid, tile 2048x2048)
[2026-03-15T19:37:51Z INFO  bif_core::texture] Texture structure_wall_fibro02_Normal_openGL.1012.jpg (2048x2048): decode=222.1ms, convert=31.0ms, linear=194.9ms, total=448.1ms
[2026-03-15T19:37:51Z INFO  bif_core::texture] Texture decor_bonsai_jar01_Normal_openGL.1003.jpg (2048x2048): decode=295.2ms, convert=40.2ms, linear=100.4ms, total=435.8ms
[2026-03-15T19:37:51Z INFO  bif_core::texture] Texture chemistry_beaker_stand01_Metallic.1001.jpg (2048x2048): decode=125.6ms, convert=59.7ms, linear=104.3ms, total=289.6ms
[2026-03-15T19:37:51Z INFO  bif_core::texture] Texture electronics_wire_spool05_proxyTexture.jpg (512x512): decode=5.7ms, convert=9.9ms, linear=8.3ms, total=23.9ms
[2026-03-15T19:37:51Z INFO  bif_core::texture] Texture structure_wall_fibro02_BaseColor.1011.jpg (2048x2048): decode=168.1ms, convert=55.9ms, linear=108.3ms, total=332.3ms
[2026-03-15T19:37:51Z INFO  bif_core::texture] Texture structure_wall_fibro01_BaseColor.1003.jpg (2048x2048): decode=154.0ms, convert=69.9ms, linear=107.9ms, total=331.8ms
[2026-03-15T19:37:51Z INFO  bif_core::texture] Texture chemistry_microscope01_BaseColor.1003.jpg (2048x2048): decode=175.6ms, convert=51.3ms, linear=104.9ms, total=331.9ms
[2026-03-15T19:37:52Z INFO  bif_viewport::texture_loader] UDIM atlas: 1 tiles -> 2048x2048 (1x1 grid, tile 2048x2048)
[2026-03-15T19:37:52Z INFO  bif_core::texture] Texture chemistry_test_tube01_Normal_openGL.1001.jpg (2048x2048): decode=106.2ms, convert=35.6ms, linear=147.2ms, total=289.0ms
[2026-03-15T19:37:52Z INFO  bif_core::texture] Texture vegetation_bonsai_twig01_Roughness.1001.png (2048x2048): decode=59.9ms, convert=34.2ms, linear=124.5ms, total=218.6ms
[2026-03-15T19:37:52Z INFO  bif_core::texture] Texture stationary_notepad01_Roughness.1003.jpg (2048x2048): decode=87.5ms, convert=38.8ms, linear=124.8ms, total=251.1ms
[2026-03-15T19:37:52Z INFO  bif_viewport::texture_loader] UDIM atlas: 2 tiles -> 4096x2048 (2x1 grid, tile 2048x2048)
[2026-03-15T19:37:52Z INFO  bif_core::texture] Texture stationary_paper02_BaseColor.1001.jpg (2048x2048): decode=229.3ms, convert=40.2ms, linear=176.7ms, total=446.3ms
[2026-03-15T19:37:52Z INFO  bif_core::texture] Texture electronics_audio_generator01_BaseColor.1003.jpg (2048x2048): decode=184.7ms, convert=67.1ms, linear=118.5ms, total=370.3ms
[2026-03-15T19:37:52Z INFO  bif_viewport::texture_loader] UDIM atlas: 2 tiles -> 4096x2048 (2x1 grid, tile 2048x2048)
[2026-03-15T19:37:52Z INFO  bif_core::texture] Texture electronics_wire_spool02_Metallic.1002.jpg (2048x2048): decode=108.9ms, convert=37.1ms, linear=102.7ms, total=248.6ms
[2026-03-15T19:37:52Z INFO  bif_core::texture] Texture structure_wall_fibro02_Roughness.1011.jpg (2048x2048): decode=58.2ms, convert=35.8ms, linear=104.7ms, total=198.7ms
[2026-03-15T19:37:52Z INFO  bif_viewport::texture_loader] UDIM atlas: 5 tiles -> 6144x4096 (3x2 grid, tile 2048x2048)
[2026-03-15T19:37:52Z INFO  bif_core::texture] Texture structure_wall_fibro02_proxyTexture.jpg (512x512): decode=6.2ms, convert=2.2ms, linear=9.0ms, total=17.5ms
[2026-03-15T19:37:52Z INFO  bif_core::texture] Texture chemistry_microscope01_Normal_openGL.1011.jpg (2048x2048): decode=135.8ms, convert=34.2ms, linear=111.0ms, total=281.0ms
[2026-03-15T19:37:52Z INFO  bif_core::texture] Texture electronics_tesla_coil01_BaseColor.1012.jpg (2048x2048): decode=199.8ms, convert=36.8ms, linear=102.9ms, total=339.6ms
[2026-03-15T19:37:52Z INFO  bif_viewport::texture_loader] UDIM atlas: 3 tiles -> 6144x2048 (3x1 grid, tile 2048x2048)
[2026-03-15T19:37:52Z INFO  bif_core::texture] Texture electronics_wire_spool04_proxyTexture.jpg (512x512): decode=6.0ms, convert=2.9ms, linear=6.5ms, total=15.5ms
[2026-03-15T19:37:52Z INFO  bif_core::texture] Texture furniture_blackboard01_Normal_openGL.1003.jpg (2048x2048): decode=116.6ms, convert=47.0ms, linear=113.7ms, total=277.3ms
[2026-03-15T19:37:52Z INFO  bif_viewport::texture_loader] UDIM atlas: 2 tiles -> 4096x2048 (2x1 grid, tile 2048x2048)
[2026-03-15T19:37:52Z INFO  bif_core::texture] Texture electronics_wire_spool06_Normal_openGL.1002.jpg (2048x2048): decode=209.2ms, convert=34.2ms, linear=98.5ms, total=341.9ms
[2026-03-15T19:37:52Z INFO  bif_core::texture] Texture decor_helmet_head01_BaseColor.1002.jpg (2048x2048): decode=181.1ms, convert=53.9ms, linear=118.6ms, total=353.6ms
[2026-03-15T19:37:52Z INFO  bif_core::texture] Texture decor_wooden_box01_Roughness.1001.jpg (2048x2048): decode=62.4ms, convert=33.2ms, linear=107.9ms, total=203.5ms
[2026-03-15T19:37:52Z INFO  bif_core::texture] Texture furniture_workbench01_BaseColor.1022.jpg (2048x2048): decode=150.7ms, convert=31.4ms, linear=96.5ms, total=278.6ms
[2026-03-15T19:37:52Z INFO  bif_core::texture] Texture decor_bonsai_jar01_BaseColor.1002.jpg (2048x2048): decode=205.3ms, convert=95.6ms, linear=100.1ms, total=401.0ms
[2026-03-15T19:37:52Z INFO  bif_core::texture] Texture electronics_tesla_coil01_Normal_openGL.1001.jpg (2048x2048): decode=423.6ms, convert=91.7ms, linear=117.8ms, total=633.1ms
[2026-03-15T19:37:52Z INFO  bif_viewport::texture_loader] UDIM atlas: 1 tiles -> 2048x2048 (1x1 grid, tile 2048x2048)
[2026-03-15T19:37:52Z INFO  bif_core::texture] Texture electronics_wire_spool05_BaseColor.1001.jpg (2048x2048): decode=126.8ms, convert=58.8ms, linear=127.6ms, total=313.3ms
[2026-03-15T19:37:52Z INFO  bif_viewport::texture_loader] UDIM atlas: 1 tiles -> 2048x2048 (1x1 grid, tile 2048x2048)
[2026-03-15T19:37:52Z INFO  bif_core::texture] Texture chemistry_beaker_stand01_Metallic.1002.jpg (2048x2048): decode=96.1ms, convert=39.4ms, linear=127.3ms, total=262.8ms
[2026-03-15T19:37:52Z INFO  bif_core::texture] Texture chemistry_test_tube02_proxyTexture.jpg (512x512): decode=18.0ms, convert=2.6ms, linear=16.1ms, total=36.6ms
[2026-03-15T19:37:52Z INFO  bif_core::texture] Texture stationary_pencil02_Normal_openGL.1001.jpg (2048x2048): decode=242.2ms, convert=43.2ms, linear=273.5ms, total=558.8ms
[2026-03-15T19:37:52Z INFO  bif_viewport::texture_loader] UDIM atlas: 2 tiles -> 4096x2048 (2x1 grid, tile 2048x2048)
[2026-03-15T19:37:52Z INFO  bif_core::texture] Texture structure_wall_fibro01_BaseColor.1011.jpg (2048x2048): decode=114.3ms, convert=37.5ms, linear=125.4ms, total=277.1ms
[2026-03-15T19:37:52Z INFO  bif_core::texture] Texture stationary_set_square02_Normal_openGL.1001.jpg (2048x2048): decode=109.8ms, convert=61.2ms, linear=230.1ms, total=401.1ms
[2026-03-15T19:37:52Z INFO  bif_viewport::texture_loader] UDIM atlas: 3 tiles -> 6144x2048 (3x1 grid, tile 2048x2048)
[2026-03-15T19:37:52Z INFO  bif_core::texture] Texture electronics_wire_spool04_Roughness.1001.jpg (2048x2048): decode=78.8ms, convert=35.7ms, linear=170.6ms, total=285.1ms
[2026-03-15T19:37:52Z INFO  bif_viewport::texture_loader] UDIM atlas: 3 tiles -> 6144x2048 (3x1 grid, tile 2048x2048)
[2026-03-15T19:37:52Z INFO  bif_core::texture] Texture electronics_wire_spool01_Normal_openGL.1001.jpg (2048x2048): decode=122.8ms, convert=120.0ms, linear=141.8ms, total=384.6ms
[2026-03-15T19:37:52Z INFO  bif_core::texture] Texture chemistry_kipps_apparatus01_Normal_openGL.1002.jpg (2048x2048): decode=188.8ms, convert=126.7ms, linear=190.4ms, total=505.9ms
[2026-03-15T19:37:52Z INFO  bif_core::texture] Texture chemistry_flask_stand01_Normal_openGL.1001.jpg (2048x2048): decode=131.1ms, convert=37.4ms, linear=141.1ms, total=309.6ms
[2026-03-15T19:37:52Z INFO  bif_core::texture] Texture stationary_paper01_proxyTexture.jpg (512x512): decode=10.1ms, convert=3.2ms, linear=10.5ms, total=23.9ms
[2026-03-15T19:37:52Z INFO  bif_core::texture] Texture electronics_audio_generator01_Metallic.1001.jpg (2048x2048): decode=67.8ms, convert=35.0ms, linear=154.3ms, total=257.2ms
[2026-03-15T19:37:52Z INFO  bif_core::texture] Texture vegetation_bonsai_twig01_Normal_openGL.1001.png (2048x2048): decode=99.5ms, convert=54.3ms, linear=154.0ms, total=307.8ms
[2026-03-15T19:37:52Z INFO  bif_core::texture] Texture electronics_spoolrack_Roughness.1001.jpg (2048x2048): decode=110.7ms, convert=39.4ms, linear=137.4ms, total=287.4ms
[2026-03-15T19:37:52Z INFO  bif_core::texture] Texture structure_wall_fibro02_BaseColor.1012.jpg (2048x2048): decode=177.2ms, convert=39.6ms, linear=187.3ms, total=404.1ms
[2026-03-15T19:37:52Z INFO  bif_core::texture] Texture structure_wall_fibro02_Roughness.1012.jpg (2048x2048): decode=49.5ms, convert=67.5ms, linear=142.8ms, total=259.9ms
[2026-03-15T19:37:52Z INFO  bif_core::texture] Texture chemistry_microscope01_BaseColor.1011.jpg (2048x2048): decode=158.0ms, convert=42.8ms, linear=180.2ms, total=381.0ms
[2026-03-15T19:37:52Z INFO  bif_viewport::texture_loader] UDIM atlas: 2 tiles -> 4096x2048 (2x1 grid, tile 2048x2048)
[2026-03-15T19:37:52Z INFO  bif_viewport::texture_loader] UDIM atlas: 8 tiles -> 8192x4096 (4x2 grid, tile 2048x2048)
[2026-03-15T19:37:52Z INFO  bif_core::texture] Texture electronics_powerpoint01_proxyTexture.jpg (512x512): decode=7.3ms, convert=2.3ms, linear=7.7ms, total=17.4ms
[2026-03-15T19:37:52Z INFO  bif_core::texture] Texture electronics_audio_generator01_BaseColor.1004.jpg (2048x2048): decode=161.9ms, convert=52.7ms, linear=143.3ms, total=357.8ms
[2026-03-15T19:37:52Z INFO  bif_viewport::texture_loader] UDIM atlas: 5 tiles -> 6144x4096 (3x2 grid, tile 2048x2048)
[2026-03-15T19:37:52Z INFO  bif_core::texture] Texture chemistry_microscope01_Normal_openGL.1012.jpg (2048x2048): decode=124.3ms, convert=36.3ms, linear=114.5ms, total=275.1ms
[2026-03-15T19:37:52Z INFO  bif_viewport::texture_loader] UDIM atlas: 3 tiles -> 6144x2048 (3x1 grid, tile 2048x2048)
[2026-03-15T19:37:52Z INFO  bif_core::texture] Texture structure_wall_fibro03_proxyTexture.jpg (512x512): decode=6.4ms, convert=1.5ms, linear=4.7ms, total=12.6ms
[2026-03-15T19:37:52Z INFO  bif_core::texture] Texture decor_wooden_box01_Roughness.1002.jpg (2048x2048): decode=63.7ms, convert=47.0ms, linear=105.0ms, total=215.7ms
[2026-03-15T19:37:52Z INFO  bif_core::texture] Texture electronics_tesla_coil01_BaseColor.1013.jpg (2048x2048): decode=166.5ms, convert=44.5ms, linear=124.3ms, total=335.3ms
[2026-03-15T19:37:52Z INFO  bif_core::texture] Texture furniture_shelving01_proxyTexture.jpg (512x512): decode=17.4ms, convert=2.7ms, linear=4.3ms, total=24.4ms
[2026-03-15T19:37:52Z INFO  bif_viewport::texture_loader] UDIM atlas: 2 tiles -> 4096x2048 (2x1 grid, tile 2048x2048)
[2026-03-15T19:37:52Z INFO  bif_core::texture] Texture decor_bonsai_jar01_proxyTexture.jpg (512x512): decode=14.4ms, convert=2.2ms, linear=4.6ms, total=21.1ms
[2026-03-15T19:37:52Z INFO  bif_core::texture] Texture chemistry_test_tube02_BaseColor.1001.jpg (2048x2048): decode=117.6ms, convert=38.5ms, linear=95.1ms, total=251.2ms
[2026-03-15T19:37:52Z INFO  bif_core::texture] Texture stationary_paper02_Roughness.1001.jpg (2048x2048): decode=85.7ms, convert=35.0ms, linear=101.1ms, total=221.8ms
[2026-03-15T19:37:52Z INFO  bif_core::texture] Texture electronics_wire_spool02_Normal_openGL.1001.jpg (2048x2048): decode=147.6ms, convert=33.3ms, linear=60.3ms, total=241.2ms
[2026-03-15T19:37:52Z INFO  bif_core::texture] Texture furniture_workbench01_BaseColor.1023.jpg (2048x2048): decode=126.2ms, convert=30.5ms, linear=57.6ms, total=214.3ms
[2026-03-15T19:37:52Z INFO  bif_viewport::texture_loader] UDIM atlas: 1 tiles -> 2048x2048 (1x1 grid, tile 2048x2048)
[2026-03-15T19:37:52Z INFO  bif_core::texture] Texture stationary_pencil03_proxyTexture.jpg (512x512): decode=12.7ms, convert=1.4ms, linear=3.2ms, total=17.3ms
[2026-03-15T19:37:53Z INFO  bif_viewport::texture_loader] UDIM atlas: 2 tiles -> 4096x2048 (2x1 grid, tile 2048x2048)
[2026-03-15T19:37:53Z INFO  bif_viewport::texture_loader] UDIM atlas: 1 tiles -> 2048x2048 (1x1 grid, tile 2048x2048)
[2026-03-15T19:37:53Z INFO  bif_core::texture] Texture stationary_slide_rule01_proxyTexture.jpg (512x512): decode=21.6ms, convert=1.5ms, linear=4.8ms, total=27.9ms
[2026-03-15T19:37:53Z INFO  bif_core::texture] Texture decor_bonsai_jar01_BaseColor.1003.jpg (2048x2048): decode=221.3ms, convert=28.3ms, linear=82.5ms, total=332.1ms
[2026-03-15T19:37:53Z INFO  bif_core::texture] Texture electronics_wire_spool05_BaseColor.1002.jpg (2048x2048): decode=167.8ms, convert=37.4ms, linear=85.0ms, total=290.2ms
[2026-03-15T19:37:53Z INFO  bif_core::texture] Texture vegetation_bonsai_twig02_proxyTexture.jpg (512x512): decode=25.0ms, convert=2.4ms, linear=8.3ms, total=35.7ms
[2026-03-15T19:37:53Z INFO  bif_core::texture] Texture structure_wall_fibro01_BaseColor.1012.jpg (2048x2048): decode=130.2ms, convert=27.8ms, linear=100.2ms, total=258.2ms
[2026-03-15T19:37:53Z INFO  bif_core::texture] Texture stationary_notepad01_Normal_openGL.1001.jpg (2048x2048): decode=170.0ms, convert=31.9ms, linear=108.0ms, total=309.9ms
[2026-03-15T19:37:53Z INFO  bif_viewport::texture_loader] UDIM atlas: 1 tiles -> 2048x2048 (1x1 grid, tile 2048x2048)
[2026-03-15T19:37:53Z INFO  bif_core::texture] Texture electronics_audio_generator01_Metallic.1002.jpg (2048x2048): decode=31.0ms, convert=27.4ms, linear=114.4ms, total=172.8ms
[2026-03-15T19:37:53Z INFO  bif_core::texture] Texture electronics_wire_spool04_Roughness.1002.jpg (2048x2048): decode=76.7ms, convert=35.3ms, linear=178.8ms, total=290.7ms
[2026-03-15T19:37:53Z INFO  bif_core::texture] Texture electronics_tesla_coil01_Normal_openGL.1002.jpg (2048x2048): decode=180.7ms, convert=70.1ms, linear=136.0ms, total=386.8ms
[2026-03-15T19:37:53Z INFO  bif_core::texture] Texture toy_fun_coil_Metallic.1001.jpg (2048x2048): decode=40.4ms, convert=41.2ms, linear=134.6ms, total=216.2ms
[2026-03-15T19:37:53Z INFO  bif_core::texture] Texture electronics_spoolrack_Roughness.1002.jpg (2048x2048): decode=66.6ms, convert=34.4ms, linear=132.1ms, total=233.0ms
[2026-03-15T19:37:53Z INFO  bif_viewport::texture_loader] UDIM atlas: 1 tiles -> 2048x2048 (1x1 grid, tile 2048x2048)
[2026-03-15T19:37:53Z INFO  bif_core::texture] Texture chemistry_flask_stand01_Normal_openGL.1002.jpg (2048x2048): decode=107.7ms, convert=29.6ms, linear=160.5ms, total=297.9ms
[2026-03-15T19:37:53Z INFO  bif_core::texture] Texture stationary_paper01_BaseColor.1001.jpg (2048x2048): decode=166.6ms, convert=39.4ms, linear=188.4ms, total=394.4ms
[2026-03-15T19:37:53Z INFO  bif_viewport::texture_loader] UDIM atlas: 5 tiles -> 6144x4096 (3x2 grid, tile 2048x2048)
[2026-03-15T19:37:53Z INFO  bif_core::texture] Texture electronics_wire_spool01_Normal_openGL.1002.jpg (2048x2048): decode=230.3ms, convert=40.8ms, linear=160.7ms, total=431.8ms
[2026-03-15T19:37:53Z INFO  bif_core::texture] Texture chemistry_microscope01_BaseColor.1012.jpg (2048x2048): decode=129.9ms, convert=51.4ms, linear=163.8ms, total=345.2ms
[2026-03-15T19:37:53Z INFO  bif_core::texture] Texture decor_wooden_box01_Roughness.1003.jpg (2048x2048): decode=92.3ms, convert=48.9ms, linear=155.8ms, total=297.0ms
[2026-03-15T19:37:53Z INFO  bif_core::texture] Texture chemistry_kipps_apparatus01_Normal_openGL.1003.jpg (2048x2048): decode=137.5ms, convert=42.2ms, linear=191.7ms, total=371.5ms
[2026-03-15T19:37:53Z INFO  bif_viewport::texture_loader] UDIM atlas: 5 tiles -> 6144x4096 (3x2 grid, tile 2048x2048)
[2026-03-15T19:37:53Z INFO  bif_core::texture] Texture electronics_audio_generator01_BaseColor.1005.jpg (2048x2048): decode=180.1ms, convert=37.6ms, linear=156.0ms, total=373.7ms
[2026-03-15T19:37:53Z INFO  bif_core::texture] Texture furniture_shelving01_BaseColor.1001.jpg (2048x2048): decode=175.6ms, convert=51.5ms, linear=161.2ms, total=388.3ms
[2026-03-15T19:37:53Z INFO  bif_core::texture] Texture electronics_tesla_coil01_BaseColor.1014.jpg (2048x2048): decode=155.0ms, convert=41.6ms, linear=169.6ms, total=366.1ms
[2026-03-15T19:37:53Z INFO  bif_core::texture] Texture vegetation_bonsai_twig02_BaseColor.1001.jpg (2048x2048): decode=189.2ms, convert=54.8ms, linear=198.3ms, total=442.3ms
[2026-03-15T19:37:53Z INFO  bif_core::texture] Texture electronics_audio_generator01_Metallic.1003.jpg (2048x2048): decode=47.5ms, convert=40.3ms, linear=171.3ms, total=259.1ms
[2026-03-15T19:37:53Z INFO  bif_core::texture] Texture decor_helmet_head01_Roughness.1001.jpg (2048x2048): decode=95.0ms, convert=41.0ms, linear=184.3ms, total=320.3ms
[2026-03-15T19:37:53Z INFO  bif_viewport::texture_loader] UDIM atlas: 5 tiles -> 6144x4096 (3x2 grid, tile 2048x2048)
[2026-03-15T19:37:53Z INFO  bif_core::texture] Texture electronics_audio_generator01_Normal_openGL.1001.jpg (2048x2048): decode=205.0ms, convert=51.2ms, linear=165.8ms, total=422.1ms
[2026-03-15T19:37:53Z INFO  bif_core::texture] Texture furniture_workbench01_BaseColor.1024.jpg (2048x2048): decode=129.9ms, convert=54.3ms, linear=142.1ms, total=326.4ms
[2026-03-15T19:37:53Z INFO  bif_viewport::texture_loader] UDIM atlas: 3 tiles -> 6144x2048 (3x1 grid, tile 2048x2048)
[2026-03-15T19:37:53Z INFO  bif_core::texture] Texture decor_foam_hand01_proxyTexture.jpg (512x512): decode=10.9ms, convert=2.8ms, linear=9.2ms, total=22.9ms
[2026-03-15T19:37:53Z INFO  bif_viewport::texture_loader] UDIM atlas: 2 tiles -> 4096x2048 (2x1 grid, tile 2048x2048)
[2026-03-15T19:37:53Z INFO  bif_core::texture] Texture structure_wall_fibro03_BaseColor.1001.jpg (2048x2048): decode=200.1ms, convert=48.8ms, linear=178.7ms, total=427.6ms
[2026-03-15T19:37:53Z INFO  bif_core::texture] Texture chemistry_test_tube02_Roughness.1001.jpg (2048x2048): decode=76.9ms, convert=56.9ms, linear=119.1ms, total=253.0ms
[2026-03-15T19:37:53Z INFO  bif_core::texture] Texture electronics_wire_spool02_Normal_openGL.1002.jpg (2048x2048): decode=225.9ms, convert=43.8ms, linear=126.3ms, total=396.0ms
[2026-03-15T19:37:53Z INFO  bif_core::texture] Texture stationary_pencil03_BaseColor.1001.jpg (2048x2048): decode=175.4ms, convert=48.7ms, linear=123.7ms, total=347.7ms
[2026-03-15T19:37:53Z INFO  bif_viewport::texture_loader] UDIM atlas: 1 tiles -> 2048x2048 (1x1 grid, tile 2048x2048)
[2026-03-15T19:37:53Z INFO  bif_viewport::texture_loader] UDIM atlas: 2 tiles -> 4096x2048 (2x1 grid, tile 2048x2048)
[2026-03-15T19:37:53Z INFO  bif_viewport::texture_loader] UDIM atlas: 1 tiles -> 2048x2048 (1x1 grid, tile 2048x2048)
[2026-03-15T19:37:53Z INFO  bif_core::texture] Texture stationary_slide_rule01_BaseColor.1001.jpg (2048x2048): decode=211.9ms, convert=39.7ms, linear=110.7ms, total=362.4ms
[2026-03-15T19:37:53Z INFO  bif_viewport::texture_loader] UDIM atlas: 5 tiles -> 6144x4096 (3x2 grid, tile 2048x2048)
[2026-03-15T19:37:53Z INFO  bif_core::texture] Texture stationary_notepad01_Normal_openGL.1002.jpg (2048x2048): decode=143.3ms, convert=34.5ms, linear=90.3ms, total=268.2ms
[2026-03-15T19:37:53Z INFO  bif_viewport::texture_loader] UDIM atlas: 2 tiles -> 4096x2048 (2x1 grid, tile 2048x2048)
[2026-03-15T19:37:53Z INFO  bif_core::texture] Texture furniture_blackboard01_BaseColor.1001.jpg (2048x2048): decode=236.3ms, convert=37.9ms, linear=135.6ms, total=409.8ms
[2026-03-15T19:37:53Z INFO  bif_core::texture] Texture stationary_paper02_Normal_openGL.1001.jpg (2048x2048): decode=119.4ms, convert=28.7ms, linear=107.9ms, total=256.0ms
[2026-03-15T19:37:53Z INFO  bif_core::texture] Texture furniture_shelving01_Normal_openGL.1001.jpg (2048x2048): decode=112.7ms, convert=32.8ms, linear=78.6ms, total=224.1ms
[2026-03-15T19:37:53Z INFO  bif_viewport::texture_loader] UDIM atlas: 2 tiles -> 4096x2048 (2x1 grid, tile 2048x2048)
[2026-03-15T19:37:53Z INFO  bif_core::texture] Texture BakedDiffuse_porc_hand.1001.jpg (2048x2048): decode=101.9ms, convert=20.1ms, linear=74.2ms, total=196.3ms
[2026-03-15T19:37:53Z INFO  bif_core::texture] Texture furniture_blackboard01_proxyTexture.jpg (512x512): decode=25.5ms, convert=1.6ms, linear=6.1ms, total=33.3ms
[2026-03-15T19:37:53Z INFO  bif_core::texture] Texture chemistry_flask_stand01_Normal_openGL.1003.jpg (2048x2048): decode=116.4ms, convert=22.0ms, linear=68.1ms, total=206.5ms
[2026-03-15T19:37:53Z INFO  bif_core::texture] Texture electronics_tesla_coil01_Normal_openGL.1003.jpg (2048x2048): decode=138.7ms, convert=50.2ms, linear=85.1ms, total=274.0ms
[2026-03-15T19:37:54Z INFO  bif_core::texture] Texture decor_wooden_box01_Roughness.1011.jpg (2048x2048): decode=101.5ms, convert=31.5ms, linear=124.5ms, total=257.6ms
[2026-03-15T19:37:54Z INFO  bif_viewport::texture_loader] UDIM atlas: 1 tiles -> 2048x2048 (1x1 grid, tile 2048x2048)
[2026-03-15T19:37:54Z INFO  bif_viewport::texture_loader] UDIM atlas: 5 tiles -> 6144x4096 (3x2 grid, tile 2048x2048)
[2026-03-15T19:37:54Z INFO  bif_viewport::texture_loader] UDIM atlas: 1 tiles -> 2048x2048 (1x1 grid, tile 2048x2048)
[2026-03-15T19:37:54Z INFO  bif_core::texture] Texture vegetation_bonsai_twig02_Roughness.1001.png (2048x2048): decode=55.9ms, convert=25.9ms, linear=153.5ms, total=235.3ms
[2026-03-15T19:37:54Z INFO  bif_core::texture] Texture electronics_audio_generator01_Metallic.1004.jpg (2048x2048): decode=36.5ms, convert=37.5ms, linear=152.2ms, total=226.3ms
[2026-03-15T19:37:54Z INFO  bif_core::texture] Texture decor_helmet_head01_Roughness.1002.jpg (2048x2048): decode=42.2ms, convert=36.0ms, linear=167.1ms, total=245.4ms
[2026-03-15T19:37:54Z INFO  bif_core::texture] Texture electronics_wire_spool05_Roughness.1001.jpg (2048x2048): decode=64.9ms, convert=41.0ms, linear=135.6ms, total=241.5ms
[2026-03-15T19:37:54Z INFO  bif_viewport::texture_loader] UDIM atlas: 3 tiles -> 6144x2048 (3x1 grid, tile 2048x2048)
[2026-03-15T19:37:54Z INFO  bif_viewport::texture_loader] UDIM atlas: 2 tiles -> 4096x2048 (2x1 grid, tile 2048x2048)
[2026-03-15T19:37:54Z INFO  bif_core::texture] Texture electronics_audio_generator01_BaseColor.1011.jpg (2048x2048): decode=157.2ms, convert=38.3ms, linear=149.2ms, total=344.7ms
[2026-03-15T19:37:54Z INFO  bif_core::texture] Texture electronics_oscilloscope01_Normal_openGL.1001.jpg (2048x2048): decode=126.0ms, convert=56.2ms, linear=152.2ms, total=334.4ms
[2026-03-15T19:37:54Z INFO  bif_core::texture] Texture furniture_shelving01_BaseColor.1002.jpg (2048x2048): decode=180.4ms, convert=36.9ms, linear=162.9ms, total=380.1ms
[2026-03-15T19:37:54Z INFO  bif_core::texture] Texture electronics_audio_generator01_Normal_openGL.1002.jpg (2048x2048): decode=157.0ms, convert=53.3ms, linear=127.1ms, total=337.4ms
[2026-03-15T19:37:54Z INFO  bif_core::texture] Texture toy_fun_coil_proxyTexture.jpg (512x512): decode=47.6ms, convert=3.0ms, linear=11.8ms, total=62.3ms
[2026-03-15T19:37:54Z INFO  bif_core::texture] Texture decor_bonsai_jar01_Roughness.1001.jpg (2048x2048): decode=90.9ms, convert=41.2ms, linear=167.4ms, total=299.5ms
[2026-03-15T19:37:54Z INFO  bif_viewport::texture_loader] UDIM atlas: 1 tiles -> 2048x2048 (1x1 grid, tile 2048x2048)
[2026-03-15T19:37:54Z INFO  bif_core::texture] Texture toy_fun_coil_Normal_openGL.1001.jpg (2048x2048): decode=154.0ms, convert=40.3ms, linear=139.1ms, total=333.5ms
[2026-03-15T19:37:54Z INFO  bif_core::texture] Texture stationary_protractor_box01_proxyTexture.jpg (512x512): decode=17.7ms, convert=2.5ms, linear=13.8ms, total=34.0ms
[2026-03-15T19:37:54Z INFO  bif_core::texture] Texture structure_wall_fibro01_Roughness.1001.jpg (2048x2048): decode=62.5ms, convert=35.8ms, linear=122.9ms, total=221.2ms
[2026-03-15T19:37:54Z INFO  bif_core::texture] Texture stationary_notepad01_Normal_openGL.1003.jpg (2048x2048): decode=128.7ms, convert=32.8ms, linear=120.5ms, total=282.1ms
[2026-03-15T19:37:54Z INFO  bif_core::texture] Texture stationary_paper01_Roughness.1001.jpg (2048x2048): decode=100.0ms, convert=37.3ms, linear=202.2ms, total=339.5ms
[2026-03-15T19:37:54Z INFO  bif_core::texture] Texture toy_curly_surgery_Roughness.1001.jpg (2048x2048): decode=98.5ms, convert=45.5ms, linear=171.8ms, total=315.7ms
[2026-03-15T19:37:54Z INFO  bif_core::texture] Texture structure_wall_fibro03_BaseColor.1002.jpg (2048x2048): decode=184.4ms, convert=77.5ms, linear=118.3ms, total=380.3ms
[2026-03-15T19:37:54Z INFO  bif_core::texture] Texture electronics_spoolrack_Normal_openGL.1001.jpg (2048x2048): decode=201.6ms, convert=32.0ms, linear=151.4ms, total=385.0ms
[2026-03-15T19:37:54Z INFO  bif_core::texture] Texture furniture_shelving01_Normal_openGL.1002.jpg (2048x2048): decode=125.4ms, convert=45.8ms, linear=123.3ms, total=294.5ms
[2026-03-15T19:37:54Z INFO  bif_core::texture] Texture electronics_audio_generator01_Metallic.1005.jpg (2048x2048): decode=53.5ms, convert=41.0ms, linear=127.3ms, total=221.8ms
[2026-03-15T19:37:54Z INFO  bif_viewport::texture_loader] UDIM atlas: 3 tiles -> 6144x2048 (3x1 grid, tile 2048x2048)
[2026-03-15T19:37:54Z INFO  bif_core::texture] Texture stationary_slide_rule01_BaseColor.1002.jpg (2048x2048): decode=289.8ms, convert=42.1ms, linear=78.0ms, total=409.9ms
[2026-03-15T19:37:54Z INFO  bif_viewport::texture_loader] UDIM atlas: 9 tiles -> 10240x4096 (5x2 grid, tile 2048x2048)
[2026-03-15T19:37:54Z INFO  bif_core::texture] Texture decor_wooden_box01_Roughness.1012.jpg (2048x2048): decode=74.0ms, convert=26.9ms, linear=64.1ms, total=165.0ms
[2026-03-15T19:37:54Z INFO  bif_core::texture] Texture BakedDiffuse_porc_hand.1002.jpg (2048x2048): decode=185.5ms, convert=41.5ms, linear=237.9ms, total=464.9ms
[2026-03-15T19:37:54Z INFO  bif_core::texture] Texture furniture_blackboard01_BaseColor.1002.jpg (2048x2048): decode=221.7ms, convert=34.4ms, linear=197.4ms, total=453.5ms
[2026-03-15T19:37:54Z INFO  bif_core::texture] Texture vegetation_bonsai_twig02_Normal_openGL.1001.png (2048x2048): decode=83.7ms, convert=25.0ms, linear=74.8ms, total=183.5ms
[2026-03-15T19:37:54Z INFO  bif_viewport::texture_loader] UDIM atlas: 2 tiles -> 4096x2048 (2x1 grid, tile 2048x2048)
[2026-03-15T19:37:54Z INFO  bif_viewport::texture_loader] UDIM atlas: 2 tiles -> 4096x2048 (2x1 grid, tile 2048x2048)
[2026-03-15T19:37:54Z INFO  bif_core::texture] Texture electronics_turntable01_BaseColor.1001.jpg (2048x2048): decode=148.8ms, convert=22.8ms, linear=83.5ms, total=255.1ms
[2026-03-15T19:37:54Z INFO  bif_viewport::texture_loader] UDIM atlas: 12 tiles -> 8192x6144 (4x3 grid, tile 2048x2048)
[2026-03-15T19:37:54Z INFO  bif_core::texture] Texture electronics_tesla_coil01_Normal_openGL.1004.jpg (2048x2048): decode=137.5ms, convert=112.3ms, linear=88.0ms, total=337.7ms
[2026-03-15T19:37:54Z INFO  bif_core::texture] Texture decor_bonsai_jar01_Roughness.1002.jpg (2048x2048): decode=69.7ms, convert=60.5ms, linear=218.7ms, total=348.9ms
[2026-03-15T19:37:54Z INFO  bif_core::texture] Texture stationary_pencil03_Roughness.1001.jpg (2048x2048): decode=163.1ms, convert=23.9ms, linear=105.9ms, total=292.9ms
[2026-03-15T19:37:54Z INFO  bif_viewport::texture_loader] UDIM atlas: 1 tiles -> 2048x2048 (1x1 grid, tile 2048x2048)
[2026-03-15T19:37:54Z INFO  bif_core::texture] Texture toy_curly_surgery_proxyTexture.jpg (512x512): decode=14.4ms, convert=1.7ms, linear=4.2ms, total=20.3ms
[2026-03-15T19:37:54Z INFO  bif_core::texture] Texture electronics_audio_generator01_BaseColor.1012.jpg (2048x2048): decode=130.8ms, convert=26.4ms, linear=77.9ms, total=235.0ms
[2026-03-15T19:37:54Z INFO  bif_core::texture] Texture electronics_oscilloscope01_Normal_openGL.1002.jpg (2048x2048): decode=122.9ms, convert=30.7ms, linear=90.8ms, total=244.3ms
[2026-03-15T19:37:54Z INFO  bif_core::texture] Texture toy_fun_coil_BaseColor.1001.jpg (2048x2048): decode=134.4ms, convert=38.4ms, linear=91.7ms, total=264.4ms
[2026-03-15T19:37:54Z INFO  bif_viewport::texture_loader] UDIM atlas: 3 tiles -> 6144x2048 (3x1 grid, tile 2048x2048)
[2026-03-15T19:37:54Z INFO  bif_core::texture] Texture structure_wall_fibro01_Roughness.1002.jpg (2048x2048): decode=59.0ms, convert=32.7ms, linear=107.9ms, total=199.6ms
[2026-03-15T19:37:55Z INFO  bif_core::texture] Texture decor_helmet_head01_Metallic.1001.jpg (2048x2048): decode=118.2ms, convert=37.4ms, linear=254.6ms, total=410.2ms
[2026-03-15T19:37:55Z INFO  bif_core::texture] Texture chemistry_microscope01_Roughness.1001.jpg (2048x2048): decode=223.8ms, convert=95.3ms, linear=139.2ms, total=458.4ms
[2026-03-15T19:37:55Z INFO  bif_core::texture] Texture electronics_audio_generator01_Metallic.1011.jpg (2048x2048): decode=36.2ms, convert=31.9ms, linear=107.3ms, total=175.5ms
[2026-03-15T19:37:55Z INFO  bif_viewport::texture_loader] UDIM atlas: 2 tiles -> 4096x2048 (2x1 grid, tile 2048x2048)
[2026-03-15T19:37:55Z INFO  bif_core::texture] Texture stationary_crayon_box01_proxyTexture.jpg (512x512): decode=19.7ms, convert=2.0ms, linear=6.1ms, total=27.7ms
[2026-03-15T19:37:55Z INFO  bif_core::texture] Texture electronics_tesla_coil01_Roughness.1001.jpg (2048x2048): decode=73.0ms, convert=39.2ms, linear=76.3ms, total=188.5ms
[2026-03-15T19:37:55Z INFO  bif_core::texture] Texture decor_helmet_head01_proxyTexture.jpg (512x512): decode=16.2ms, convert=2.6ms, linear=13.4ms, total=32.2ms
[2026-03-15T19:37:55Z INFO  bif_core::texture] Texture decor_wooden_box01_Normal_openGL.1001.jpg (2048x2048): decode=143.7ms, convert=33.3ms, linear=101.0ms, total=278.0ms
[2026-03-15T19:37:55Z INFO  bif_viewport::texture_loader] UDIM atlas: 1 tiles -> 2048x2048 (1x1 grid, tile 2048x2048)
[2026-03-15T19:37:55Z INFO  bif_core::texture] Texture vegetation_bonsai_twig03_proxyTexture.jpg (512x512): decode=26.5ms, convert=2.1ms, linear=17.4ms, total=46.1ms
[2026-03-15T19:37:55Z INFO  bif_viewport::texture_loader] UDIM atlas: 2 tiles -> 4096x2048 (2x1 grid, tile 2048x2048)
[2026-03-15T19:37:55Z INFO  bif_core::texture] Texture decor_wooden_box01_Roughness.1013.jpg (2048x2048): decode=103.5ms, convert=31.3ms, linear=98.4ms, total=233.2ms
[2026-03-15T19:37:55Z INFO  bif_core::texture] Texture stationary_crayon_box01_BaseColor.1001.jpg (2048x2048): decode=472.5ms, convert=27.6ms, linear=191.7ms, total=691.8ms
[2026-03-15T19:37:55Z INFO  bif_core::texture] Texture stationary_slide_rule01_BaseColor.1003.jpg (2048x2048): decode=194.3ms, convert=35.9ms, linear=77.0ms, total=307.1ms
[2026-03-15T19:37:55Z INFO  bif_core::texture] Texture stationary_protractor_box01_BaseColor.1001.jpg (2048x2048): decode=209.9ms, convert=29.5ms, linear=117.1ms, total=356.5ms
[2026-03-15T19:37:55Z INFO  bif_core::texture] Texture furniture_shelving01_Roughness.1001.jpg (2048x2048): decode=108.9ms, convert=35.9ms, linear=92.2ms, total=237.0ms
[2026-03-15T19:37:55Z INFO  bif_core::texture] Texture electronics_audio_generator01_Normal_openGL.1003.jpg (2048x2048): decode=200.2ms, convert=54.1ms, linear=205.0ms, total=459.3ms
[2026-03-15T19:37:55Z INFO  bif_core::texture] Texture toy_curly_surgery_Roughness.1002.jpg (2048x2048): decode=94.2ms, convert=89.9ms, linear=131.5ms, total=315.6ms
[2026-03-15T19:37:55Z INFO  bif_core::texture] Texture electronics_wire_spool05_Roughness.1002.jpg (2048x2048): decode=271.1ms, convert=101.0ms, linear=122.3ms, total=494.4ms
[2026-03-15T19:37:55Z INFO  bif_viewport::texture_loader] UDIM atlas: 1 tiles -> 2048x2048 (1x1 grid, tile 2048x2048)
[2026-03-15T19:37:55Z INFO  bif_viewport::texture_loader] UDIM atlas: 1 tiles -> 2048x2048 (1x1 grid, tile 2048x2048)
[2026-03-15T19:37:55Z INFO  bif_core::texture] Texture electronics_turntable01_BaseColor.1002.jpg (2048x2048): decode=142.2ms, convert=34.1ms, linear=104.6ms, total=280.8ms
[2026-03-15T19:37:55Z INFO  bif_core::texture] Texture electronics_spoolrack_Normal_openGL.1002.jpg (2048x2048): decode=288.8ms, convert=29.3ms, linear=81.4ms, total=399.6ms
[2026-03-15T19:37:55Z INFO  bif_core::texture] Texture electronics_audio_generator01_Metallic.1012.jpg (2048x2048): decode=49.3ms, convert=23.3ms, linear=91.5ms, total=164.1ms
[2026-03-15T19:37:55Z INFO  bif_core::texture] Texture electronics_audio_generator01_BaseColor.1013.jpg (2048x2048): decode=142.4ms, convert=25.0ms, linear=88.0ms, total=255.5ms
[2026-03-15T19:37:55Z INFO  bif_core::texture] Texture vegetation_bonsai_twig03_BaseColor.1001.jpg (2048x2048): decode=203.4ms, convert=24.2ms, linear=78.2ms, total=305.9ms
[2026-03-15T19:37:55Z INFO  bif_core::texture] Texture toy_curly_surgery_BaseColor.1001.jpg (2048x2048): decode=154.2ms, convert=34.2ms, linear=92.6ms, total=281.0ms
[2026-03-15T19:37:55Z INFO  bif_core::texture] Texture toy_box02_Roughness.1001.jpg (2048x2048): decode=78.1ms, convert=52.2ms, linear=85.7ms, total=216.0ms
[2026-03-15T19:37:55Z INFO  bif_core::texture] Texture electronics_oscilloscope01_Normal_openGL.1003.jpg (2048x2048): decode=154.0ms, convert=28.4ms, linear=81.9ms, total=264.3ms
[2026-03-15T19:37:55Z INFO  bif_core::texture] Texture structure_wall_fibro03_BaseColor.1003.jpg (2048x2048): decode=262.7ms, convert=75.8ms, linear=260.9ms, total=599.4ms
[2026-03-15T19:37:55Z INFO  bif_core::texture] Texture structure_wall_fibro01_Roughness.1003.jpg (2048x2048): decode=95.8ms, convert=40.9ms, linear=86.5ms, total=223.3ms
[2026-03-15T19:37:55Z INFO  bif_core::texture] Texture furniture_blackboard01_BaseColor.1003.jpg (2048x2048): decode=183.7ms, convert=23.4ms, linear=109.8ms, total=316.8ms
[2026-03-15T19:37:55Z INFO  bif_core::texture] Texture decor_helmet_head01_Metallic.1002.jpg (2048x2048): decode=67.7ms, convert=22.4ms, linear=130.8ms, total=220.9ms
[2026-03-15T19:37:55Z INFO  bif_core::texture] Texture electronics_tesla_coil01_Roughness.1002.jpg (2048x2048): decode=63.1ms, convert=21.0ms, linear=146.1ms, total=230.3ms
[2026-03-15T19:37:55Z INFO  bif_core::texture] Texture furniture_workbench01_Roughness.1001.jpg (2048x2048): decode=92.6ms, convert=34.3ms, linear=121.1ms, total=248.1ms
[2026-03-15T19:37:55Z INFO  bif_core::texture] Texture electronics_tesla_coil01_Normal_openGL.1005.jpg (2048x2048): decode=185.0ms, convert=95.6ms, linear=109.0ms, total=389.6ms
[2026-03-15T19:37:55Z INFO  bif_core::texture] Texture stationary_paper01_Normal_openGL.1001.jpg (2048x2048): decode=207.0ms, convert=29.1ms, linear=97.0ms, total=333.2ms
[2026-03-15T19:37:55Z INFO  bif_core::texture] Texture stationary_protractor_box01_Roughness.1001.jpg (2048x2048): decode=62.9ms, convert=57.6ms, linear=123.9ms, total=244.5ms
[2026-03-15T19:37:55Z INFO  bif_core::texture] Texture furniture_shelving01_Roughness.1002.jpg (2048x2048): decode=121.1ms, convert=27.0ms, linear=72.3ms, total=220.3ms
[2026-03-15T19:37:55Z INFO  bif_viewport::texture_loader] UDIM atlas: 6 tiles -> 6144x4096 (3x2 grid, tile 2048x2048)
[2026-03-15T19:37:55Z INFO  bif_viewport::texture_loader] UDIM atlas: 1 tiles -> 2048x2048 (1x1 grid, tile 2048x2048)
[2026-03-15T19:37:55Z INFO  bif_core::texture] Texture decor_wooden_box01_Normal_openGL.1002.jpg (2048x2048): decode=159.1ms, convert=23.6ms, linear=81.7ms, total=264.4ms
[2026-03-15T19:37:55Z INFO  bif_viewport::texture_loader] UDIM atlas: 2 tiles -> 4096x2048 (2x1 grid, tile 2048x2048)
[2026-03-15T19:37:55Z INFO  bif_core::texture] Texture chemistry_microscope01_Roughness.1002.jpg (2048x2048): decode=234.0ms, convert=56.0ms, linear=233.2ms, total=523.3ms
[2026-03-15T19:37:55Z INFO  bif_viewport::texture_loader] UDIM atlas: 3 tiles -> 6144x2048 (3x1 grid, tile 2048x2048)
[2026-03-15T19:37:55Z INFO  bif_core::texture] Texture toy_fun_coil_Roughness.1001.jpg (2048x2048): decode=105.8ms, convert=31.0ms, linear=82.7ms, total=219.6ms
[2026-03-15T19:37:55Z INFO  bif_core::texture] Texture toy_curly_surgery_Roughness.1003.jpg (2048x2048): decode=101.2ms, convert=91.1ms, linear=96.4ms, total=288.7ms
[2026-03-15T19:37:55Z INFO  bif_core::texture] Texture electronics_audio_generator01_Metallic.1013.jpg (2048x2048): decode=42.5ms, convert=32.4ms, linear=78.2ms, total=153.0ms
[2026-03-15T19:37:55Z INFO  bif_viewport::texture_loader] UDIM atlas: 1 tiles -> 2048x2048 (1x1 grid, tile 2048x2048)
[2026-03-15T19:37:55Z INFO  bif_core::texture] Texture stationary_pencil03_Normal_openGL.1001.jpg (2048x2048): decode=225.6ms, convert=101.8ms, linear=111.7ms, total=439.1ms
[2026-03-15T19:37:55Z INFO  bif_core::texture] Texture toy_box01_BaseColor.1001.jpg (2048x2048): decode=195.8ms, convert=88.2ms, linear=163.9ms, total=447.8ms
[2026-03-15T19:37:56Z INFO  bif_core::texture] Texture vegetation_bonsai_twig03_Roughness.1001.png (2048x2048): decode=62.2ms, convert=25.5ms, linear=99.2ms, total=187.0ms
[2026-03-15T19:37:56Z INFO  bif_core::texture] Texture decor_bonsai_jar01_Roughness.1003.jpg (2048x2048): decode=179.2ms, convert=69.4ms, linear=202.2ms, total=450.8ms
[2026-03-15T19:37:56Z INFO  bif_viewport::texture_loader] UDIM atlas: 2 tiles -> 4096x2048 (2x1 grid, tile 2048x2048)
[2026-03-15T19:37:56Z INFO  bif_viewport::texture_loader] UDIM atlas: 2 tiles -> 4096x2048 (2x1 grid, tile 2048x2048)
[2026-03-15T19:37:56Z INFO  bif_viewport::texture_loader] UDIM atlas: 1 tiles -> 2048x2048 (1x1 grid, tile 2048x2048)
[2026-03-15T19:37:56Z INFO  bif_viewport::texture_loader] UDIM atlas: 3 tiles -> 6144x2048 (3x1 grid, tile 2048x2048)
[2026-03-15T19:37:56Z INFO  bif_core::texture] Texture electronics_audio_generator01_BaseColor.1014.jpg (2048x2048): decode=152.1ms, convert=98.7ms, linear=118.7ms, total=369.5ms
[2026-03-15T19:37:56Z INFO  bif_core::texture] Texture structure_wall_fibro01_Roughness.1011.jpg (2048x2048): decode=54.2ms, convert=47.0ms, linear=132.1ms, total=233.3ms
[2026-03-15T19:37:56Z INFO  bif_core::texture] Texture electronics_oscilloscope01_Normal_openGL.1004.jpg (2048x2048): decode=125.0ms, convert=29.4ms, linear=128.4ms, total=282.7ms
[2026-03-15T19:37:56Z INFO  bif_core::texture] Texture toy_curly_surgery_BaseColor.1002.jpg (2048x2048): decode=173.9ms, convert=34.1ms, linear=116.7ms, total=324.7ms
[2026-03-15T19:37:56Z INFO  bif_core::texture] Texture electronics_turntable01_BaseColor.1003.jpg (2048x2048): decode=249.2ms, convert=53.3ms, linear=121.3ms, total=423.7ms
[2026-03-15T19:37:56Z INFO  bif_viewport::texture_loader] UDIM atlas: 2 tiles -> 4096x2048 (2x1 grid, tile 2048x2048)
[2026-03-15T19:37:56Z INFO  bif_core::texture] Texture electronics_audio_generator01_Normal_openGL.1004.jpg (2048x2048): decode=272.9ms, convert=67.3ms, linear=119.4ms, total=459.6ms
[2026-03-15T19:37:56Z INFO  bif_core::texture] Texture electronics_audio_generator01_Metallic.1014.jpg (2048x2048): decode=54.8ms, convert=39.2ms, linear=109.8ms, total=203.8ms
[2026-03-15T19:37:56Z INFO  bif_core::texture] Texture structure_wall_fibro03_BaseColor.1011.jpg (2048x2048): decode=229.6ms, convert=57.7ms, linear=108.6ms, total=395.9ms
[2026-03-15T19:37:56Z INFO  bif_core::texture] Texture furniture_workbench01_Roughness.1002.jpg (2048x2048): decode=106.0ms, convert=68.1ms, linear=88.2ms, total=262.3ms
[2026-03-15T19:37:56Z INFO  bif_viewport::texture_loader] UDIM atlas: 1 tiles -> 2048x2048 (1x1 grid, tile 2048x2048)
[2026-03-15T19:37:56Z INFO  bif_core::texture] Texture stationary_protractor_box01_Roughness.1002.jpg (2048x2048): decode=92.4ms, convert=32.7ms, linear=109.1ms, total=234.2ms
[2026-03-15T19:37:56Z INFO  bif_core::texture] Texture electronics_tesla_coil01_Roughness.1003.jpg (2048x2048): decode=108.9ms, convert=32.4ms, linear=163.5ms, total=304.8ms
[2026-03-15T19:37:56Z INFO  bif_core::texture] Texture electronics_tesla_coil01_Normal_openGL.1011.jpg (2048x2048): decode=185.5ms, convert=42.8ms, linear=106.1ms, total=334.4ms
[2026-03-15T19:37:56Z INFO  bif_core::texture] Texture stationary_protractor_box01_BaseColor.1002.jpg (2048x2048): decode=234.4ms, convert=37.3ms, linear=136.3ms, total=408.1ms
[2026-03-15T19:37:56Z INFO  bif_core::texture] Texture electronics_cabling_proxyTexture.jpg (512x512): decode=15.0ms, convert=2.3ms, linear=6.2ms, total=23.5ms
[2026-03-15T19:37:56Z INFO  bif_core::texture] Texture stationary_crayon_box01_Roughness.1001.jpg (2048x2048): decode=84.8ms, convert=45.2ms, linear=116.0ms, total=246.0ms
[2026-03-15T19:37:56Z INFO  bif_core::texture] Texture books_encyclopedias01_Roughness.1001.jpg (2048x2048): decode=95.8ms, convert=31.7ms, linear=113.0ms, total=240.5ms
[2026-03-15T19:37:56Z INFO  bif_core::texture] Texture stationary_crayon_box01_Normal_openGL.1001.jpg (2048x2048): decode=132.5ms, convert=32.0ms, linear=117.0ms, total=281.5ms
[2026-03-15T19:37:56Z INFO  bif_viewport::texture_loader] UDIM atlas: 1 tiles -> 2048x2048 (1x1 grid, tile 2048x2048)
[2026-03-15T19:37:56Z INFO  bif_core::texture] Texture chemistry_microscope01_Metallic.1001.jpg (2048x2048): decode=38.3ms, convert=32.9ms, linear=101.0ms, total=172.2ms
[2026-03-15T19:37:56Z INFO  bif_core::texture] Texture toy_curly_surgery_Roughness.1004.jpg (2048x2048): decode=42.0ms, convert=30.8ms, linear=106.5ms, total=179.3ms
[2026-03-15T19:37:56Z INFO  bif_viewport::texture_loader] UDIM atlas: 1 tiles -> 2048x2048 (1x1 grid, tile 2048x2048)
[2026-03-15T19:37:56Z INFO  bif_core::texture] Texture books_magazines01_proxyTexture.jpg (512x512): decode=27.3ms, convert=1.7ms, linear=4.7ms, total=33.7ms
[2026-03-15T19:37:56Z INFO  bif_core::texture] Texture stationary_slide_rule01_Roughness.1001.jpg (2048x2048): decode=74.7ms, convert=33.4ms, linear=91.5ms, total=199.7ms
[2026-03-15T19:37:56Z INFO  bif_core::texture] Texture decor_wooden_box01_Normal_openGL.1003.jpg (2048x2048): decode=120.9ms, convert=33.5ms, linear=134.9ms, total=289.4ms
[2026-03-15T19:37:56Z INFO  bif_core::texture] Texture chemistry_microscope01_Roughness.1003.jpg (2048x2048): decode=96.3ms, convert=53.4ms, linear=89.7ms, total=239.5ms
[2026-03-15T19:37:56Z INFO  bif_core::texture] Texture toy_box02_Normal_openGL.1001.jpg (2048x2048): decode=111.9ms, convert=30.5ms, linear=94.6ms, total=237.0ms
[2026-03-15T19:37:56Z INFO  bif_viewport::texture_loader] UDIM atlas: 3 tiles -> 6144x2048 (3x1 grid, tile 2048x2048)
[2026-03-15T19:37:56Z INFO  bif_core::texture] Texture electronics_wire_spool05_Metallic.1001.jpg (2048x2048): decode=33.4ms, convert=25.6ms, linear=98.2ms, total=157.2ms
[2026-03-15T19:37:56Z INFO  bif_core::texture] Texture decor_wooden_box01_proxyTexture.jpg (512x512): decode=15.1ms, convert=2.2ms, linear=7.2ms, total=24.5ms
[2026-03-15T19:37:56Z INFO  bif_core::texture] Texture stationary_protractor_box01_Normal_openGL.1001.jpg (2048x2048): decode=105.1ms, convert=31.3ms, linear=118.9ms, total=255.3ms
[2026-03-15T19:37:56Z INFO  bif_core::texture] Texture chemistry_microscope01_Metallic.1002.jpg (2048x2048): decode=46.6ms, convert=68.2ms, linear=128.9ms, total=243.6ms
[2026-03-15T19:37:56Z INFO  bif_core::texture] Texture furniture_blackboard01_Roughness.1001.jpg (2048x2048): decode=84.7ms, convert=39.1ms, linear=130.8ms, total=254.7ms
[2026-03-15T19:37:56Z INFO  bif_viewport::texture_loader] UDIM atlas: 1 tiles -> 2048x2048 (1x1 grid, tile 2048x2048)
[2026-03-15T19:37:56Z INFO  bif_core::texture] Texture decor_helmet_head01_Normal_openGL.1001.jpg (2048x2048): decode=118.2ms, convert=66.0ms, linear=138.5ms, total=322.8ms
[2026-03-15T19:37:56Z INFO  bif_core::texture] Texture structure_wall_fibro01_Roughness.1012.jpg (2048x2048): decode=72.1ms, convert=79.4ms, linear=147.6ms, total=299.1ms
[2026-03-15T19:37:56Z INFO  bif_core::texture] Texture electronics_oscilloscope01_Normal_openGL.1011.jpg (2048x2048): decode=121.5ms, convert=59.1ms, linear=138.4ms, total=319.0ms
[2026-03-15T19:37:56Z INFO  bif_viewport::texture_loader] UDIM atlas: 1 tiles -> 2048x2048 (1x1 grid, tile 2048x2048)
[2026-03-15T19:37:56Z INFO  bif_core::texture] Texture electronics_audio_generator01_proxyTexture.jpg (512x512): decode=52.8ms, convert=2.8ms, linear=8.5ms, total=64.1ms
[2026-03-15T19:37:56Z INFO  bif_core::texture] Texture electronics_tesla_coil01_Roughness.1004.jpg (2048x2048): decode=55.6ms, convert=39.9ms, linear=181.2ms, total=276.7ms
[2026-03-15T19:37:56Z INFO  bif_viewport::texture_loader] UDIM atlas: 9 tiles -> 10240x4096 (5x2 grid, tile 2048x2048)
[2026-03-15T19:37:56Z INFO  bif_core::texture] Texture electronics_wire_spool05_Normal_openGL.1001.jpg (2048x2048): decode=152.4ms, convert=40.0ms, linear=136.3ms, total=328.7ms
[2026-03-15T19:37:56Z INFO  bif_core::texture] Texture toy_box01_proxyTexture.jpg (512x512): decode=11.9ms, convert=2.1ms, linear=6.9ms, total=20.9ms
[2026-03-15T19:37:56Z INFO  bif_core::texture] Texture toy_curly_surgery_BaseColor.1003.jpg (2048x2048): decode=149.2ms, convert=45.1ms, linear=165.3ms, total=359.6ms
[2026-03-15T19:37:56Z INFO  bif_core::texture] Texture stationary_protractor_box01_Roughness.1011.jpg (2048x2048): decode=71.5ms, convert=56.1ms, linear=132.0ms, total=259.6ms
[2026-03-15T19:37:56Z INFO  bif_core::texture] Texture electronics_turntable01_BaseColor.1004.jpg (2048x2048): decode=181.6ms, convert=45.6ms, linear=120.9ms, total=348.2ms
[2026-03-15T19:37:56Z INFO  bif_core::texture] Texture stationary_slide_rule01_Normal_openGL.1001.jpg (2048x2048): decode=158.2ms, convert=42.1ms, linear=97.2ms, total=297.6ms
[2026-03-15T19:37:56Z INFO  bif_core::texture] Texture furniture_workbench01_Roughness.1003.jpg (2048x2048): decode=99.6ms, convert=62.7ms, linear=143.3ms, total=305.5ms
[2026-03-15T19:37:56Z INFO  bif_core::texture] Texture electronics_audio_generator01_Normal_openGL.1005.jpg (2048x2048): decode=191.6ms, convert=44.9ms, linear=146.0ms, total=382.5ms
[2026-03-15T19:37:57Z INFO  bif_core::texture] Texture electronics_cabling_BaseColor.1001.jpg (2048x2048): decode=131.9ms, convert=36.6ms, linear=64.7ms, total=233.2ms
[2026-03-15T19:37:57Z INFO  bif_core::texture] Texture books_encyclopedias01_Roughness.1002.jpg (2048x2048): decode=175.9ms, convert=35.9ms, linear=65.5ms, total=277.3ms
[2026-03-15T19:37:57Z INFO  bif_viewport::texture_loader] UDIM atlas: 9 tiles -> 10240x4096 (5x2 grid, tile 2048x2048)
[2026-03-15T19:37:57Z INFO  bif_viewport::texture_loader] UDIM atlas: 1 tiles -> 2048x2048 (1x1 grid, tile 2048x2048)
[2026-03-15T19:37:57Z INFO  bif_core::texture] Texture toy_box04_proxyTexture.jpg (512x512): decode=19.8ms, convert=1.2ms, linear=3.8ms, total=24.7ms
[2026-03-15T19:37:57Z INFO  bif_core::texture] Texture stationary_protractor_box01_BaseColor.1011.jpg (2048x2048): decode=258.9ms, convert=62.8ms, linear=60.3ms, total=382.0ms
[2026-03-15T19:37:57Z INFO  bif_core::texture] Texture structure_wall_fibro03_BaseColor.1012.jpg (2048x2048): decode=355.1ms, convert=39.3ms, linear=118.4ms, total=512.8ms
[2026-03-15T19:37:57Z INFO  bif_core::texture] Texture stationary_slide_rule01_Roughness.1002.jpg (2048x2048): decode=161.9ms, convert=51.8ms, linear=89.1ms, total=302.8ms
[2026-03-15T19:37:57Z INFO  bif_core::texture] Texture electronics_tesla_coil01_Normal_openGL.1012.jpg (2048x2048): decode=359.1ms, convert=23.6ms, linear=112.8ms, total=495.4ms
[2026-03-15T19:37:57Z INFO  bif_core::texture] Texture decor_wooden_box01_Normal_openGL.1011.jpg (2048x2048): decode=119.6ms, convert=20.9ms, linear=62.9ms, total=203.4ms
[2026-03-15T19:37:57Z INFO  bif_core::texture] Texture toy_box01_Roughness.1001.jpg (2048x2048): decode=69.9ms, convert=53.1ms, linear=225.9ms, total=348.9ms
[2026-03-15T19:37:57Z INFO  bif_core::texture] Texture electronics_wire_spool05_Metallic.1002.jpg (2048x2048): decode=196.1ms, convert=29.8ms, linear=68.6ms, total=294.5ms
[2026-03-15T19:37:57Z INFO  bif_core::texture] Texture chemistry_microscope01_Roughness.1011.jpg (2048x2048): decode=202.4ms, convert=40.1ms, linear=145.7ms, total=388.2ms
[2026-03-15T19:37:57Z INFO  bif_core::texture] Texture chemistry_microscope01_Metallic.1003.jpg (2048x2048): decode=30.1ms, convert=36.2ms, linear=82.3ms, total=148.6ms
[2026-03-15T19:37:57Z INFO  bif_core::texture] Texture electronics_turntable01_Roughness.1001.jpg (2048x2048): decode=46.3ms, convert=29.7ms, linear=91.1ms, total=167.1ms
[2026-03-15T19:37:57Z INFO  bif_core::texture] Texture toy_curly_surgery_Roughness.1011.jpg (2048x2048): decode=84.7ms, convert=79.7ms, linear=160.4ms, total=324.8ms
[2026-03-15T19:37:57Z INFO  bif_core::texture] Texture books_magazines01_BaseColor.1001.jpg (2048x2048): decode=255.5ms, convert=50.2ms, linear=257.1ms, total=562.7ms
[2026-03-15T19:37:57Z INFO  bif_core::texture] Texture toy_box03_Roughness.1001.jpg (2048x2048): decode=67.7ms, convert=39.9ms, linear=100.3ms, total=207.9ms
[2026-03-15T19:37:57Z INFO  bif_core::texture] Texture electronics_tesla_coil01_Roughness.1005.jpg (2048x2048): decode=72.4ms, convert=23.0ms, linear=111.8ms, total=207.2ms
[2026-03-15T19:37:57Z INFO  bif_core::texture] Texture toy_curly_surgery_Normal_openGL.1001.jpg (2048x2048): decode=191.5ms, convert=31.5ms, linear=94.8ms, total=317.8ms
[2026-03-15T19:37:57Z INFO  bif_core::texture] Texture structure_wall_fibro03_Roughness.1001.jpg (2048x2048): decode=68.7ms, convert=84.6ms, linear=85.9ms, total=239.3ms
[2026-03-15T19:37:57Z INFO  bif_core::texture] Texture furniture_blackboard01_Roughness.1002.jpg (2048x2048): decode=77.1ms, convert=36.9ms, linear=85.0ms, total=199.0ms
[2026-03-15T19:37:57Z INFO  bif_viewport::texture_loader] UDIM atlas: 5 tiles -> 6144x4096 (3x2 grid, tile 2048x2048)
[2026-03-15T19:37:57Z INFO  bif_core::texture] Texture toy_curly_surgery_BaseColor.1004.jpg (2048x2048): decode=122.5ms, convert=21.5ms, linear=68.0ms, total=212.0ms
[2026-03-15T19:37:57Z INFO  bif_core::texture] Texture electronics_oscilloscope01_Normal_openGL.1012.jpg (2048x2048): decode=140.1ms, convert=136.4ms, linear=101.5ms, total=378.1ms
[2026-03-15T19:37:57Z INFO  bif_viewport::texture_loader] UDIM atlas: 1 tiles -> 2048x2048 (1x1 grid, tile 2048x2048)
[2026-03-15T19:37:57Z INFO  bif_core::texture] Texture electronics_cabling_BaseColor.1002.jpg (2048x2048): decode=136.3ms, convert=23.6ms, linear=113.2ms, total=273.2ms
[2026-03-15T19:37:57Z INFO  bif_core::texture] Texture stationary_protractor_box01_Roughness.1012.jpg (2048x2048): decode=168.4ms, convert=40.3ms, linear=115.0ms, total=323.7ms
[2026-03-15T19:37:57Z INFO  bif_core::texture] Texture stationary_slide_rule01_Normal_openGL.1002.jpg (2048x2048): decode=196.1ms, convert=30.1ms, linear=119.9ms, total=346.1ms
[2026-03-15T19:37:57Z INFO  bif_core::texture] Texture toy_box04_BaseColor.1001.jpg (2048x2048): decode=199.0ms, convert=52.2ms, linear=95.2ms, total=346.4ms
[2026-03-15T19:37:57Z INFO  bif_core::texture] Texture stationary_protractor_box01_Normal_openGL.1002.jpg (2048x2048): decode=244.7ms, convert=59.6ms, linear=259.9ms, total=564.2ms
[2026-03-15T19:37:57Z INFO  bif_core::texture] Texture electronics_turntable01_BaseColor.1005.jpg (2048x2048): decode=194.3ms, convert=35.7ms, linear=97.8ms, total=327.8ms
[2026-03-15T19:37:57Z INFO  bif_core::texture] Texture furniture_workbench01_Roughness.1004.jpg (2048x2048): decode=170.6ms, convert=40.6ms, linear=120.3ms, total=331.5ms
[2026-03-15T19:37:57Z INFO  bif_core::texture] Texture electronics_wire_spool05_Normal_openGL.1002.jpg (2048x2048): decode=262.1ms, convert=39.0ms, linear=128.2ms, total=429.3ms
[2026-03-15T19:37:57Z INFO  bif_viewport::texture_loader] UDIM atlas: 2 tiles -> 4096x2048 (2x1 grid, tile 2048x2048)
[2026-03-15T19:37:57Z INFO  bif_core::texture] Texture decor_wooden_box01_Normal_openGL.1012.jpg (2048x2048): decode=139.6ms, convert=25.6ms, linear=88.7ms, total=254.0ms
[2026-03-15T19:37:57Z INFO  bif_core::texture] Texture decor_helmet_head01_Normal_openGL.1002.jpg (2048x2048): decode=402.3ms, convert=85.7ms, linear=122.6ms, total=610.6ms
[2026-03-15T19:37:57Z INFO  bif_core::texture] Texture electronics_audio_generator01_Normal_openGL.1011.jpg (2048x2048): decode=251.4ms, convert=30.9ms, linear=91.5ms, total=373.7ms
[2026-03-15T19:37:57Z INFO  bif_core::texture] Texture stationary_protractor_box01_BaseColor.1012.jpg (2048x2048): decode=180.1ms, convert=30.5ms, linear=97.3ms, total=307.8ms
[2026-03-15T19:37:57Z INFO  bif_core::texture] Texture chemistry_microscope01_Metallic.1011.jpg (2048x2048): decode=44.0ms, convert=26.0ms, linear=117.9ms, total=187.9ms
[2026-03-15T19:37:57Z INFO  bif_core::texture] Texture books_encyclopedias01_Roughness.1003.jpg (2048x2048): decode=115.4ms, convert=64.2ms, linear=206.1ms, total=385.6ms
[2026-03-15T19:37:57Z INFO  bif_core::texture] Texture electronics_tesla_coil01_Roughness.1011.jpg (2048x2048): decode=86.3ms, convert=38.2ms, linear=104.2ms, total=228.8ms
[2026-03-15T19:37:57Z INFO  bif_core::texture] Texture stationary_slide_rule01_Roughness.1003.jpg (2048x2048): decode=61.7ms, convert=84.0ms, linear=106.5ms, total=252.2ms
[2026-03-15T19:37:57Z INFO  bif_core::texture] Texture electronics_turntable01_Roughness.1002.jpg (2048x2048): decode=93.6ms, convert=51.9ms, linear=98.9ms, total=244.4ms
[2026-03-15T19:37:57Z INFO  bif_viewport::texture_loader] UDIM atlas: 5 tiles -> 6144x4096 (3x2 grid, tile 2048x2048)
[2026-03-15T19:37:57Z INFO  bif_core::texture] Texture toy_box03_Roughness.1002.jpg (2048x2048): decode=76.6ms, convert=34.3ms, linear=91.2ms, total=202.1ms
[2026-03-15T19:37:57Z INFO  bif_core::texture] Texture toy_curly_surgery_Roughness.1012.jpg (2048x2048): decode=106.5ms, convert=30.4ms, linear=78.5ms, total=215.5ms
[2026-03-15T19:37:58Z INFO  bif_core::texture] Texture chemistry_magnetic_stirrer01_proxyTexture.jpg (512x512): decode=44.9ms, convert=1.8ms, linear=5.2ms, total=51.9ms
[2026-03-15T19:37:58Z INFO  bif_core::texture] Texture electronics_audio_generator01_Roughness.1001.jpg (2048x2048): decode=56.0ms, convert=43.3ms, linear=90.8ms, total=190.0ms
[2026-03-15T19:37:58Z INFO  bif_viewport::texture_loader] UDIM atlas: 1 tiles -> 2048x2048 (1x1 grid, tile 2048x2048)
[2026-03-15T19:37:58Z INFO  bif_core::texture] Texture electronics_wire_spool06_proxyTexture.jpg (512x512): decode=8.3ms, convert=2.6ms, linear=8.3ms, total=19.2ms
[2026-03-15T19:37:58Z INFO  bif_core::texture] Texture electronics_tesla_coil01_Normal_openGL.1013.jpg (2048x2048): decode=190.5ms, convert=89.9ms, linear=103.7ms, total=384.1ms
[2026-03-15T19:37:58Z INFO  bif_core::texture] Texture structure_wall_fibro03_Roughness.1002.jpg (2048x2048): decode=94.8ms, convert=32.4ms, linear=156.9ms, total=284.2ms
[2026-03-15T19:37:58Z INFO  bif_core::texture] Texture chemistry_microscope01_Metallic.1012.jpg (2048x2048): decode=29.6ms, convert=25.4ms, linear=105.0ms, total=160.0ms
[2026-03-15T19:37:58Z INFO  bif_core::texture] Texture furniture_blackboard01_Roughness.1003.jpg (2048x2048): decode=219.3ms, convert=32.0ms, linear=82.7ms, total=334.0ms
[2026-03-15T19:37:58Z INFO  bif_core::texture] Texture electronics_oscilloscope01_Normal_openGL.1013.jpg (2048x2048): decode=117.8ms, convert=25.9ms, linear=84.7ms, total=228.5ms
[2026-03-15T19:37:58Z INFO  bif_viewport::texture_loader] UDIM atlas: 4 tiles -> 4096x4096 (2x2 grid, tile 2048x2048)
[2026-03-15T19:37:58Z INFO  bif_viewport::texture_loader] UDIM atlas: 2 tiles -> 4096x2048 (2x1 grid, tile 2048x2048)
[2026-03-15T19:37:58Z INFO  bif_core::texture] Texture structure_wall_fibro03_Normal_openGL.1001.jpg (2048x2048): decode=174.9ms, convert=30.9ms, linear=110.8ms, total=316.7ms
[2026-03-15T19:37:58Z INFO  bif_core::texture] Texture furniture_workbench01_Roughness.1011.jpg (2048x2048): decode=96.3ms, convert=27.4ms, linear=121.0ms, total=244.8ms
[2026-03-15T19:37:58Z INFO  bif_core::texture] Texture chemistry_microscope01_Roughness.1012.jpg (2048x2048): decode=99.0ms, convert=52.7ms, linear=164.2ms, total=315.8ms
[2026-03-15T19:37:58Z INFO  bif_core::texture] Texture electronics_turntable01_proxyTexture.jpg (512x512): decode=48.7ms, convert=2.3ms, linear=6.9ms, total=57.9ms
[2026-03-15T19:37:58Z INFO  bif_core::texture] Texture electronics_cabling_BaseColor.1003.jpg (2048x2048): decode=135.3ms, convert=60.9ms, linear=126.1ms, total=322.4ms
[2026-03-15T19:37:58Z INFO  bif_core::texture] Texture toy_curly_surgery_Normal_openGL.1002.jpg (2048x2048): decode=230.2ms, convert=77.9ms, linear=196.9ms, total=505.0ms
[2026-03-15T19:37:58Z INFO  bif_core::texture] Texture stationary_slide_rule01_Normal_openGL.1003.jpg (2048x2048): decode=135.2ms, convert=37.8ms, linear=116.7ms, total=289.7ms
[2026-03-15T19:37:58Z INFO  bif_core::texture] Texture electronics_turntable01_BaseColor.1011.jpg (2048x2048): decode=202.8ms, convert=36.5ms, linear=105.8ms, total=345.0ms
[2026-03-15T19:37:58Z INFO  bif_core::texture] Texture toy_box01_Normal_openGL.1001.jpg (2048x2048): decode=183.8ms, convert=49.0ms, linear=114.4ms, total=347.1ms
[2026-03-15T19:37:58Z INFO  bif_viewport::texture_loader] UDIM atlas: 2 tiles -> 4096x2048 (2x1 grid, tile 2048x2048)
[2026-03-15T19:37:58Z INFO  bif_core::texture] Texture stationary_set_square01_proxyTexture.jpg (512x512): decode=7.6ms, convert=2.5ms, linear=7.3ms, total=17.3ms
[2026-03-15T19:37:58Z INFO  bif_viewport::texture_loader] UDIM atlas: 3 tiles -> 6144x2048 (3x1 grid, tile 2048x2048)
[2026-03-15T19:37:58Z INFO  bif_core::texture] Texture books_magazines01_BaseColor.1002.jpg (2048x2048): decode=292.5ms, convert=71.0ms, linear=230.0ms, total=593.5ms
[2026-03-15T19:37:58Z INFO  bif_core::texture] Texture electronics_audio_generator01_Normal_openGL.1012.jpg (2048x2048): decode=125.2ms, convert=28.7ms, linear=100.1ms, total=253.9ms
[2026-03-15T19:37:58Z INFO  bif_core::texture] Texture toy_box04_Roughness.1001.jpg (2048x2048): decode=80.1ms, convert=118.2ms, linear=265.6ms, total=463.9ms
[2026-03-15T19:37:58Z INFO  bif_core::texture] Texture decor_wooden_box01_Normal_openGL.1013.jpg (2048x2048): decode=133.9ms, convert=28.8ms, linear=109.3ms, total=272.1ms
[2026-03-15T19:37:58Z INFO  bif_core::texture] Texture electronics_tesla_coil01_Roughness.1012.jpg (2048x2048): decode=105.1ms, convert=48.4ms, linear=112.2ms, total=265.6ms
[2026-03-15T19:37:58Z INFO  bif_core::texture] Texture electronics_tesla_coil01_Metallic.1001.jpg (2048x2048): decode=45.3ms, convert=36.1ms, linear=120.1ms, total=201.6ms
[2026-03-15T19:37:58Z INFO  bif_core::texture] Texture toy_box03_Roughness.1003.jpg (2048x2048): decode=137.3ms, convert=36.9ms, linear=89.8ms, total=264.0ms
[2026-03-15T19:37:58Z INFO  bif_core::texture] Texture electronics_audio_generator01_Roughness.1002.jpg (2048x2048): decode=43.6ms, convert=46.1ms, linear=98.2ms, total=187.9ms
[2026-03-15T19:37:58Z INFO  bif_core::texture] Texture stationary_protractor_box01_Normal_openGL.1011.jpg (2048x2048): decode=221.9ms, convert=64.1ms, linear=220.0ms, total=506.0ms
[2026-03-15T19:37:58Z INFO  bif_core::texture] Texture electronics_turntable01_Roughness.1003.jpg (2048x2048): decode=136.5ms, convert=60.7ms, linear=111.5ms, total=308.7ms
[2026-03-15T19:37:58Z INFO  bif_core::texture] Texture toy_curly_surgery_Roughness.1013.jpg (2048x2048): decode=64.5ms, convert=55.8ms, linear=159.8ms, total=280.2ms
[2026-03-15T19:37:58Z INFO  bif_viewport::texture_loader] UDIM atlas: 4 tiles -> 4096x4096 (2x2 grid, tile 2048x2048)
[2026-03-15T19:37:58Z INFO  bif_viewport::texture_loader] UDIM atlas: 3 tiles -> 6144x2048 (3x1 grid, tile 2048x2048)
[2026-03-15T19:37:58Z INFO  bif_viewport::texture_loader] UDIM atlas: 3 tiles -> 6144x2048 (3x1 grid, tile 2048x2048)
[2026-03-15T19:37:58Z INFO  bif_core::texture] Texture toy_box03_proxyTexture.jpg (512x512): decode=19.3ms, convert=1.6ms, linear=7.5ms, total=28.5ms
[2026-03-15T19:37:58Z INFO  bif_core::texture] Texture electronics_wire_spool06_BaseColor.1001.jpg (2048x2048): decode=131.2ms, convert=25.4ms, linear=104.6ms, total=261.2ms
[2026-03-15T19:37:58Z INFO  bif_core::texture] Texture chemistry_magnetic_stirrer01_BaseColor.1001.jpg (2048x2048): decode=233.5ms, convert=34.6ms, linear=87.7ms, total=355.8ms
[2026-03-15T19:37:58Z INFO  bif_core::texture] Texture electronics_tesla_coil01_Normal_openGL.1014.jpg (2048x2048): decode=172.3ms, convert=35.8ms, linear=92.3ms, total=300.4ms
[2026-03-15T19:37:58Z INFO  bif_core::texture] Texture structure_wall_fibro03_Roughness.1003.jpg (2048x2048): decode=108.7ms, convert=28.8ms, linear=101.5ms, total=239.0ms
[2026-03-15T19:37:58Z INFO  bif_core::texture] Texture books_magazines01_Normal_openGL.1001.jpg (2048x2048): decode=129.3ms, convert=23.3ms, linear=104.6ms, total=257.1ms
[2026-03-15T19:37:58Z INFO  bif_viewport::texture_loader] UDIM atlas: 5 tiles -> 6144x4096 (3x2 grid, tile 2048x2048)
[2026-03-15T19:37:58Z INFO  bif_core::texture] Texture furniture_workbench01_Roughness.1012.jpg (2048x2048): decode=92.2ms, convert=28.0ms, linear=104.9ms, total=225.1ms
[2026-03-15T19:37:58Z INFO  bif_viewport::texture_loader] UDIM atlas: 1 tiles -> 2048x2048 (1x1 grid, tile 2048x2048)
[2026-03-15T19:37:58Z INFO  bif_core::texture] Texture electronics_oscilloscope01_Normal_openGL.1014.jpg (2048x2048): decode=143.9ms, convert=46.6ms, linear=96.8ms, total=287.3ms
[2026-03-15T19:37:58Z INFO  bif_core::texture] Texture toy_box02_proxyTexture.jpg (512x512): decode=16.1ms, convert=2.3ms, linear=7.1ms, total=25.5ms
[2026-03-15T19:37:58Z INFO  bif_viewport::texture_loader] UDIM atlas: 1 tiles -> 2048x2048 (1x1 grid, tile 2048x2048)
[2026-03-15T19:37:58Z INFO  bif_core::texture] Texture books_encyclopedias01_proxyTexture.jpg (512x512): decode=43.9ms, convert=2.1ms, linear=6.0ms, total=52.0ms
[2026-03-15T19:37:58Z INFO  bif_viewport::texture_loader] UDIM atlas: 5 tiles -> 6144x4096 (3x2 grid, tile 2048x2048)
[2026-03-15T19:37:58Z INFO  bif_core::texture] Texture electronics_turntable01_Normal_openGL.1001.jpg (2048x2048): decode=128.0ms, convert=31.0ms, linear=115.3ms, total=274.3ms
[2026-03-15T19:37:58Z INFO  bif_core::texture] Texture structure_wall_fibro03_Normal_openGL.1002.jpg (2048x2048): decode=203.5ms, convert=31.9ms, linear=121.7ms, total=357.1ms
[2026-03-15T19:37:58Z INFO  bif_viewport::texture_loader] UDIM atlas: 3 tiles -> 6144x2048 (3x1 grid, tile 2048x2048)
[2026-03-15T19:37:59Z INFO  bif_core::texture] Texture electronics_portable_tv01_Metallic.1001.jpg (2048x2048): decode=37.2ms, convert=68.9ms, linear=111.8ms, total=217.9ms
[2026-03-15T19:37:59Z INFO  bif_core::texture] Texture electronics_cabling_BaseColor.1004.jpg (2048x2048): decode=163.7ms, convert=46.5ms, linear=117.8ms, total=328.1ms
[2026-03-15T19:37:59Z INFO  bif_core::texture] Texture electronics_turntable01_BaseColor.1012.jpg (2048x2048): decode=177.0ms, convert=34.9ms, linear=94.3ms, total=306.2ms
[2026-03-15T19:37:59Z INFO  bif_viewport::texture_loader] UDIM atlas: 3 tiles -> 6144x2048 (3x1 grid, tile 2048x2048)
[2026-03-15T19:37:59Z INFO  bif_core::texture] Texture electronics_tesla_coil01_Metallic.1002.jpg (2048x2048): decode=65.9ms, convert=28.4ms, linear=132.1ms, total=226.4ms
[2026-03-15T19:37:59Z INFO  bif_core::texture] Texture electronics_tesla_coil01_Roughness.1013.jpg (2048x2048): decode=107.2ms, convert=31.1ms, linear=118.0ms, total=256.4ms
[2026-03-15T19:37:59Z INFO  bif_core::texture] Texture electronics_turntable01_Roughness.1004.jpg (2048x2048): decode=100.9ms, convert=37.8ms, linear=118.6ms, total=257.3ms
[2026-03-15T19:37:59Z INFO  bif_core::texture] Texture books_encyclopedias01_Normal_openGL.1001.jpg (2048x2048): decode=201.0ms, convert=40.6ms, linear=118.8ms, total=360.4ms
[2026-03-15T19:37:59Z INFO  bif_core::texture] Texture chemistry_magnetic_stirrer01_Roughness.1001.jpg (2048x2048): decode=168.8ms, convert=47.3ms, linear=111.9ms, total=328.0ms
[2026-03-15T19:37:59Z INFO  bif_core::texture] Texture books_magazines01_Roughness.1001.jpg (2048x2048): decode=159.4ms, convert=40.7ms, linear=126.7ms, total=326.8ms
[2026-03-15T19:37:59Z INFO  bif_core::texture] Texture electronics_audio_generator01_Roughness.1003.jpg (2048x2048): decode=143.6ms, convert=41.1ms, linear=157.4ms, total=342.1ms
[2026-03-15T19:37:59Z INFO  bif_core::texture] Texture stationary_protractor_box01_Normal_openGL.1012.jpg (2048x2048): decode=131.6ms, convert=64.6ms, linear=109.5ms, total=305.8ms
[2026-03-15T19:37:59Z INFO  bif_viewport::texture_loader] UDIM atlas: 6 tiles -> 6144x4096 (3x2 grid, tile 2048x2048)
[2026-03-15T19:37:59Z INFO  bif_core::texture] Texture electronics_audio_generator01_Normal_openGL.1013.jpg (2048x2048): decode=168.0ms, convert=42.6ms, linear=86.9ms, total=297.5ms
[2026-03-15T19:37:59Z INFO  bif_core::texture] Texture electronics_portable_tv01_Metallic.1002.jpg (2048x2048): decode=66.9ms, convert=32.8ms, linear=80.8ms, total=180.5ms
[2026-03-15T19:37:59Z INFO  bif_core::texture] Texture chemistry_beaker01_proxyTexture.jpg (512x512): decode=34.3ms, convert=2.1ms, linear=9.8ms, total=46.2ms
[2026-03-15T19:37:59Z INFO  bif_core::texture] Texture books_magazines01_BaseColor.1003.jpg (2048x2048): decode=236.4ms, convert=114.1ms, linear=81.7ms, total=432.3ms
[2026-03-15T19:37:59Z INFO  bif_core::texture] Texture electronics_wire_spool06_BaseColor.1002.jpg (2048x2048): decode=206.9ms, convert=25.6ms, linear=78.1ms, total=310.7ms
[2026-03-15T19:37:59Z INFO  bif_viewport::texture_loader] UDIM atlas: 7 tiles -> 8192x4096 (4x2 grid, tile 2048x2048)
[2026-03-15T19:37:59Z INFO  bif_core::texture] Texture structure_wall_fibro03_Roughness.1011.jpg (2048x2048): decode=195.3ms, convert=28.1ms, linear=107.7ms, total=331.1ms
[2026-03-15T19:37:59Z INFO  bif_core::texture] Texture furniture_workbench01_Roughness.1013.jpg (2048x2048): decode=110.8ms, convert=26.9ms, linear=93.9ms, total=231.7ms
[2026-03-15T19:37:59Z INFO  bif_core::texture] Texture electronics_tesla_coil01_Metallic.1003.jpg (2048x2048): decode=63.6ms, convert=41.8ms, linear=96.5ms, total=201.9ms
[2026-03-15T19:37:59Z INFO  bif_core::texture] Texture electronics_oscilloscope01_Normal_openGL.1021.jpg (2048x2048): decode=141.4ms, convert=30.6ms, linear=95.3ms, total=267.3ms
[2026-03-15T19:37:59Z INFO  bif_core::texture] Texture electronics_portable_tv01_proxyTexture.jpg (512x512): decode=20.3ms, convert=2.3ms, linear=6.1ms, total=28.7ms
[2026-03-15T19:37:59Z INFO  bif_core::texture] Texture chemistry_magnetic_stirrer01_BaseColor.1002.jpg (2048x2048): decode=263.1ms, convert=58.0ms, linear=152.2ms, total=473.2ms
[2026-03-15T19:37:59Z INFO  bif_core::texture] Texture books_magazines01_Normal_openGL.1002.jpg (2048x2048): decode=189.8ms, convert=26.9ms, linear=92.1ms, total=308.8ms
[2026-03-15T19:37:59Z INFO  bif_core::texture] Texture electronics_oscilloscope01_proxyTexture.jpg (512x512): decode=18.3ms, convert=2.1ms, linear=6.0ms, total=26.3ms
[2026-03-15T19:37:59Z INFO  bif_core::texture] Texture electronics_turntable01_Normal_openGL.1002.jpg (2048x2048): decode=120.6ms, convert=43.4ms, linear=113.3ms, total=277.4ms
[2026-03-15T19:37:59Z INFO  bif_core::texture] Texture electronics_turntable01_BaseColor.1013.jpg (2048x2048): decode=170.9ms, convert=33.0ms, linear=86.6ms, total=290.5ms
[2026-03-15T19:37:59Z INFO  bif_core::texture] Texture toy_box02_BaseColor.1001.jpg (2048x2048): decode=197.2ms, convert=52.7ms, linear=90.9ms, total=340.9ms
[2026-03-15T19:37:59Z INFO  bif_core::texture] Texture chemistry_beaker01_Roughness.1001.jpg (2048x2048): decode=121.2ms, convert=38.4ms, linear=92.2ms, total=251.8ms
[2026-03-15T19:37:59Z INFO  bif_core::texture] Texture structure_wall_fibro03_Normal_openGL.1003.jpg (2048x2048): decode=165.7ms, convert=63.3ms, linear=118.6ms, total=347.6ms
[2026-03-15T19:37:59Z INFO  bif_core::texture] Texture toy_box03_BaseColor.1001.jpg (2048x2048): decode=416.9ms, convert=119.4ms, linear=96.0ms, total=632.3ms
[2026-03-15T19:37:59Z INFO  bif_core::texture] Texture electronics_turntable01_Roughness.1005.jpg (2048x2048): decode=45.5ms, convert=31.3ms, linear=78.6ms, total=155.3ms
[2026-03-15T19:37:59Z INFO  bif_core::texture] Texture toy_box04_Normal_openGL.1001.jpg (2048x2048): decode=337.2ms, convert=46.3ms, linear=69.5ms, total=453.1ms
[2026-03-15T19:37:59Z INFO  bif_core::texture] Texture electronics_tesla_coil01_Roughness.1014.jpg (2048x2048): decode=57.7ms, convert=90.8ms, linear=99.7ms, total=248.3ms
[2026-03-15T19:37:59Z INFO  bif_core::texture] Texture electronics_tesla_coil01_Metallic.1004.jpg (2048x2048): decode=38.6ms, convert=27.7ms, linear=126.9ms, total=193.2ms
[2026-03-15T19:37:59Z INFO  bif_core::texture] Texture electronics_audio_generator01_Roughness.1004.jpg (2048x2048): decode=61.6ms, convert=44.9ms, linear=93.2ms, total=199.8ms
[2026-03-15T19:37:59Z INFO  bif_viewport::texture_loader] UDIM atlas: 2 tiles -> 4096x2048 (2x1 grid, tile 2048x2048)
[2026-03-15T19:37:59Z INFO  bif_core::texture] Texture stationary_pencil01_proxyTexture.jpg (512x512): decode=12.0ms, convert=2.4ms, linear=6.7ms, total=21.1ms
[2026-03-15T19:37:59Z INFO  bif_core::texture] Texture toy_box03_Normal_openGL.1001.jpg (2048x2048): decode=116.5ms, convert=33.1ms, linear=102.9ms, total=252.5ms
[2026-03-15T19:37:59Z INFO  bif_viewport::texture_loader] UDIM atlas: 9 tiles -> 10240x4096 (5x2 grid, tile 2048x2048)
[2026-03-15T19:37:59Z INFO  bif_core::texture] Texture electronics_cabling_Roughness.1001.jpg (2048x2048): decode=148.6ms, convert=71.8ms, linear=251.1ms, total=471.5ms
[2026-03-15T19:37:59Z INFO  bif_core::texture] Texture chemistry_beaker01_BaseColor.1001.jpg (2048x2048): decode=195.0ms, convert=28.8ms, linear=113.1ms, total=336.9ms
[2026-03-15T19:37:59Z INFO  bif_core::texture] Texture books_magazines01_Roughness.1002.jpg (2048x2048): decode=145.2ms, convert=43.4ms, linear=102.7ms, total=291.4ms
[2026-03-15T19:37:59Z INFO  bif_core::texture] Texture books_encyclopedias01_BaseColor.1001.jpg (2048x2048): decode=322.0ms, convert=88.3ms, linear=117.8ms, total=528.1ms
[2026-03-15T19:38:00Z INFO  bif_core::texture] Texture chemistry_magnetic_stirrer01_Roughness.1002.jpg (2048x2048): decode=167.1ms, convert=110.7ms, linear=219.3ms, total=497.1ms
[2026-03-15T19:38:00Z INFO  bif_core::texture] Texture electronics_portable_tv01_BaseColor.1001.jpg (2048x2048): decode=152.3ms, convert=34.8ms, linear=121.8ms, total=309.0ms
[2026-03-15T19:38:00Z INFO  bif_viewport::texture_loader] UDIM atlas: 1 tiles -> 2048x2048 (1x1 grid, tile 2048x2048)
[2026-03-15T19:38:00Z INFO  bif_core::texture] Texture electronics_portable_tv01_Metallic.1003.jpg (2048x2048): decode=64.7ms, convert=63.7ms, linear=191.8ms, total=320.2ms
[2026-03-15T19:38:00Z INFO  bif_viewport::texture_loader] UDIM atlas: 1 tiles -> 2048x2048 (1x1 grid, tile 2048x2048)
[2026-03-15T19:38:00Z INFO  bif_viewport::texture_loader] UDIM atlas: 4 tiles -> 4096x4096 (2x2 grid, tile 2048x2048)
[2026-03-15T19:38:00Z INFO  bif_core::texture] Texture structure_wall_fibro03_Roughness.1012.jpg (2048x2048): decode=92.2ms, convert=52.5ms, linear=127.9ms, total=272.7ms
[2026-03-15T19:38:00Z INFO  bif_core::texture] Texture electronics_tesla_coil01_Metallic.1005.jpg (2048x2048): decode=45.5ms, convert=49.4ms, linear=120.8ms, total=215.6ms
[2026-03-15T19:38:00Z INFO  bif_core::texture] Texture furniture_workbench01_Roughness.1014.jpg (2048x2048): decode=124.0ms, convert=51.2ms, linear=108.6ms, total=283.8ms
[2026-03-15T19:38:00Z INFO  bif_viewport::texture_loader] UDIM atlas: 1 tiles -> 2048x2048 (1x1 grid, tile 2048x2048)
[2026-03-15T19:38:00Z INFO  bif_viewport::texture_loader] UDIM atlas: 1 tiles -> 2048x2048 (1x1 grid, tile 2048x2048)
[2026-03-15T19:38:00Z INFO  bif_core::texture] Texture electronics_oscilloscope01_Normal_openGL.1022.jpg (2048x2048): decode=165.2ms, convert=38.5ms, linear=139.7ms, total=343.3ms
[2026-03-15T19:38:00Z INFO  bif_core::texture] Texture electronics_turntable01_Roughness.1011.jpg (2048x2048): decode=84.1ms, convert=31.1ms, linear=123.0ms, total=238.2ms
[2026-03-15T19:38:00Z INFO  bif_core::texture] Texture electronics_turntable01_Normal_openGL.1003.jpg (2048x2048): decode=148.7ms, convert=28.4ms, linear=123.0ms, total=300.1ms
[2026-03-15T19:38:00Z INFO  bif_core::texture] Texture books_magazines01_Normal_openGL.1003.jpg (2048x2048): decode=216.9ms, convert=34.7ms, linear=114.1ms, total=365.7ms
[2026-03-15T19:38:00Z INFO  bif_core::texture] Texture electronics_turntable01_BaseColor.1014.jpg (2048x2048): decode=170.4ms, convert=26.3ms, linear=133.9ms, total=330.6ms
[2026-03-15T19:38:00Z INFO  bif_core::texture] Texture electronics_audio_generator01_Normal_openGL.1014.jpg (2048x2048): decode=165.7ms, convert=34.6ms, linear=167.6ms, total=367.9ms
[2026-03-15T19:38:00Z INFO  bif_core::texture] Texture electronics_portable_tv01_Metallic.1004.jpg (2048x2048): decode=52.5ms, convert=31.9ms, linear=115.9ms, total=200.3ms
[2026-03-15T19:38:00Z INFO  bif_core::texture] Texture chemistry_beaker01_Normal_openGL.1001.jpg (2048x2048): decode=136.3ms, convert=34.3ms, linear=112.6ms, total=283.2ms
[2026-03-15T19:38:00Z INFO  bif_core::texture] Texture structure_wall_fibro03_Normal_openGL.1011.jpg (2048x2048): decode=213.6ms, convert=31.7ms, linear=131.6ms, total=377.0ms
[2026-03-15T19:38:00Z INFO  bif_core::texture] Texture books_magazines01_BaseColor.1011.jpg (2048x2048): decode=307.1ms, convert=48.2ms, linear=117.9ms, total=473.2ms
[2026-03-15T19:38:00Z INFO  bif_core::texture] Texture electronics_audio_generator01_Roughness.1005.jpg (2048x2048): decode=85.0ms, convert=36.4ms, linear=129.9ms, total=251.3ms
[2026-03-15T19:38:00Z INFO  bif_core::texture] Texture electronics_tesla_coil01_Metallic.1011.jpg (2048x2048): decode=49.4ms, convert=53.4ms, linear=116.9ms, total=219.7ms
[2026-03-15T19:38:00Z INFO  bif_core::texture] Texture electronics_portable_tv01_Roughness.1001.jpg (2048x2048): decode=82.5ms, convert=38.4ms, linear=115.4ms, total=236.2ms
[2026-03-15T19:38:00Z INFO  bif_core::texture] Texture chemistry_magnetic_stirrer01_BaseColor.1011.jpg (2048x2048): decode=127.1ms, convert=36.8ms, linear=130.8ms, total=294.7ms
[2026-03-15T19:38:00Z INFO  bif_core::texture] Texture toy_box03_BaseColor.1002.jpg (2048x2048): decode=188.2ms, convert=43.4ms, linear=129.0ms, total=360.6ms
[2026-03-15T19:38:00Z INFO  bif_core::texture] Texture toy_box03_Normal_openGL.1002.jpg (2048x2048): decode=97.7ms, convert=37.8ms, linear=107.7ms, total=243.2ms
[2026-03-15T19:38:00Z INFO  bif_core::texture] Texture electronics_cabling_Roughness.1002.jpg (2048x2048): decode=53.2ms, convert=34.3ms, linear=107.9ms, total=195.4ms
[2026-03-15T19:38:00Z INFO  bif_core::texture] Texture books_magazines01_Roughness.1003.jpg (2048x2048): decode=98.9ms, convert=41.1ms, linear=102.4ms, total=242.5ms
[2026-03-15T19:38:00Z INFO  bif_core::texture] Texture chemistry_magnetic_stirrer01_Roughness.1011.jpg (2048x2048): decode=82.8ms, convert=37.2ms, linear=120.0ms, total=240.1ms
[2026-03-15T19:38:00Z INFO  bif_core::texture] Texture stationary_pencil01_BaseColor.1001.jpg (2048x2048): decode=137.1ms, convert=38.1ms, linear=119.9ms, total=295.1ms
[2026-03-15T19:38:00Z INFO  bif_core::texture] Texture electronics_portable_tv01_BaseColor.1002.jpg (2048x2048): decode=85.6ms, convert=29.1ms, linear=118.9ms, total=233.6ms
[2026-03-15T19:38:00Z INFO  bif_core::texture] Texture stationary_pencil01_Roughness.1001.jpg (2048x2048): decode=79.6ms, convert=30.6ms, linear=103.6ms, total=213.9ms
[2026-03-15T19:38:00Z INFO  bif_core::texture] Texture electronics_portable_tv01_Metallic.1005.jpg (2048x2048): decode=43.1ms, convert=29.0ms, linear=148.8ms, total=220.9ms
[2026-03-15T19:38:00Z INFO  bif_viewport::texture_loader] UDIM atlas: 9 tiles -> 10240x4096 (5x2 grid, tile 2048x2048)
[2026-03-15T19:38:00Z INFO  bif_core::texture] Texture furniture_workbench01_Roughness.1021.jpg (2048x2048): decode=75.2ms, convert=50.3ms, linear=110.4ms, total=235.8ms
[2026-03-15T19:38:00Z INFO  bif_core::texture] Texture electronics_portable_tv01_Normal_openGL.1001.jpg (2048x2048): decode=82.8ms, convert=33.0ms, linear=113.2ms, total=229.1ms
[2026-03-15T19:38:00Z INFO  bif_core::texture] Texture electronics_oscilloscope01_Roughness.1001.jpg (2048x2048): decode=93.3ms, convert=58.9ms, linear=112.2ms, total=264.4ms
[2026-03-15T19:38:00Z INFO  bif_core::texture] Texture electronics_oscilloscope01_Metallic.1001.jpg (2048x2048): decode=34.2ms, convert=45.4ms, linear=100.3ms, total=179.9ms
[2026-03-15T19:38:00Z INFO  bif_viewport::texture_loader] UDIM atlas: 1 tiles -> 2048x2048 (1x1 grid, tile 2048x2048)
[2026-03-15T19:38:00Z INFO  bif_core::texture] Texture books_encyclopedias01_BaseColor.1002.jpg (2048x2048): decode=185.8ms, convert=51.9ms, linear=168.4ms, total=406.2ms
[2026-03-15T19:38:00Z INFO  bif_core::texture] Texture furniture_workbench01_Normal_openGL.1001.jpg (2048x2048): decode=156.2ms, convert=45.4ms, linear=122.7ms, total=324.2ms
[2026-03-15T19:38:00Z INFO  bif_core::texture] Texture electronics_oscilloscope01_Normal_openGL.1023.jpg (2048x2048): decode=117.3ms, convert=77.8ms, linear=130.4ms, total=325.6ms
[2026-03-15T19:38:00Z INFO  bif_core::texture] Texture electronics_turntable01_Roughness.1012.jpg (2048x2048): decode=73.2ms, convert=40.5ms, linear=139.8ms, total=253.5ms
[2026-03-15T19:38:00Z INFO  bif_viewport::texture_loader] UDIM atlas: 5 tiles -> 6144x4096 (3x2 grid, tile 2048x2048)
[2026-03-15T19:38:00Z INFO  bif_core::texture] Texture electronics_turntable01_Normal_openGL.1004.jpg (2048x2048): decode=144.1ms, convert=32.7ms, linear=133.4ms, total=310.1ms
[2026-03-15T19:38:00Z INFO  bif_core::texture] Texture books_magazines01_Normal_openGL.1011.jpg (2048x2048): decode=125.1ms, convert=33.6ms, linear=144.4ms, total=303.2ms
[2026-03-15T19:38:00Z INFO  bif_viewport::texture_loader] UDIM atlas: 1 tiles -> 2048x2048 (1x1 grid, tile 2048x2048)
[2026-03-15T19:38:01Z INFO  bif_core::texture] Texture electronics_portable_tv01_Metallic.1011.jpg (2048x2048): decode=51.6ms, convert=36.7ms, linear=155.9ms, total=244.2ms
[2026-03-15T19:38:01Z INFO  bif_core::texture] Texture electronics_audio_generator01_Roughness.1011.jpg (2048x2048): decode=88.4ms, convert=47.7ms, linear=126.2ms, total=262.2ms
[2026-03-15T19:38:01Z INFO  bif_core::texture] Texture electronics_tesla_coil01_Metallic.1012.jpg (2048x2048): decode=44.7ms, convert=59.2ms, linear=131.1ms, total=235.0ms
[2026-03-15T19:38:01Z INFO  bif_core::texture] Texture books_magazines01_BaseColor.1012.jpg (2048x2048): decode=154.2ms, convert=37.0ms, linear=120.5ms, total=311.8ms
[2026-03-15T19:38:01Z INFO  bif_core::texture] Texture electronics_oscilloscope01_Metallic.1002.jpg (2048x2048): decode=41.5ms, convert=35.2ms, linear=134.6ms, total=211.3ms
[2026-03-15T19:38:01Z INFO  bif_viewport::texture_loader] UDIM atlas: 3 tiles -> 4096x4096 (2x2 grid, tile 2048x2048)
[2026-03-15T19:38:01Z INFO  bif_viewport::texture_loader] UDIM atlas: 1 tiles -> 2048x2048 (1x1 grid, tile 2048x2048)
[2026-03-15T19:38:01Z INFO  bif_core::texture] Texture structure_wall_fibro03_Normal_openGL.1012.jpg (2048x2048): decode=192.1ms, convert=31.1ms, linear=136.3ms, total=359.5ms
[2026-03-15T19:38:01Z INFO  bif_viewport::texture_loader] UDIM atlas: 3 tiles -> 4096x4096 (2x2 grid, tile 2048x2048)
[2026-03-15T19:38:01Z INFO  bif_core::texture] Texture electronics_cabling_Roughness.1003.jpg (2048x2048): decode=79.8ms, convert=65.9ms, linear=136.5ms, total=282.3ms
[2026-03-15T19:38:01Z INFO  bif_core::texture] Texture electronics_portable_tv01_Roughness.1002.jpg (2048x2048): decode=132.5ms, convert=66.2ms, linear=132.0ms, total=330.6ms
[2026-03-15T19:38:01Z INFO  bif_core::texture] Texture toy_box03_Normal_openGL.1003.jpg (2048x2048): decode=187.3ms, convert=45.6ms, linear=125.3ms, total=358.2ms
[2026-03-15T19:38:01Z INFO  bif_core::texture] Texture books_magazines01_Roughness.1011.jpg (2048x2048): decode=113.5ms, convert=46.5ms, linear=120.2ms, total=280.1ms
[2026-03-15T19:38:01Z INFO  bif_core::texture] Texture toy_box03_BaseColor.1003.jpg (2048x2048): decode=228.9ms, convert=46.1ms, linear=127.1ms, total=402.0ms
[2026-03-15T19:38:01Z INFO  bif_core::texture] Texture electronics_portable_tv01_BaseColor.1003.jpg (2048x2048): decode=103.0ms, convert=50.4ms, linear=126.9ms, total=280.3ms
[2026-03-15T19:38:01Z INFO  bif_viewport::texture_loader] UDIM atlas: 9 tiles -> 10240x4096 (5x2 grid, tile 2048x2048)
[2026-03-15T19:38:01Z INFO  bif_core::texture] Texture furniture_workbench01_Roughness.1022.jpg (2048x2048): decode=67.0ms, convert=34.1ms, linear=109.0ms, total=210.1ms
[2026-03-15T19:38:01Z INFO  bif_core::texture] Texture electronics_portable_tv01_Normal_openGL.1002.jpg (2048x2048): decode=77.4ms, convert=37.5ms, linear=107.7ms, total=222.6ms
[2026-03-15T19:38:01Z INFO  bif_core::texture] Texture electronics_tesla_coil01_Metallic.1013.jpg (2048x2048): decode=40.0ms, convert=37.2ms, linear=101.1ms, total=178.4ms
[2026-03-15T19:38:01Z INFO  bif_core::texture] Texture electronics_portable_tv01_Metallic.1012.jpg (2048x2048): decode=45.3ms, convert=35.7ms, linear=111.1ms, total=192.1ms
[2026-03-15T19:38:01Z INFO  bif_core::texture] Texture electronics_oscilloscope01_Roughness.1002.jpg (2048x2048): decode=85.5ms, convert=36.5ms, linear=103.9ms, total=226.0ms
[2026-03-15T19:38:01Z INFO  bif_viewport::texture_loader] UDIM atlas: 9 tiles -> 10240x4096 (5x2 grid, tile 2048x2048)
[2026-03-15T19:38:01Z INFO  bif_core::texture] Texture furniture_workbench01_Normal_openGL.1002.jpg (2048x2048): decode=91.4ms, convert=22.6ms, linear=88.6ms, total=202.7ms
[2026-03-15T19:38:01Z INFO  bif_core::texture] Texture electronics_turntable01_Roughness.1013.jpg (2048x2048): decode=78.3ms, convert=31.6ms, linear=84.3ms, total=194.2ms
[2026-03-15T19:38:01Z INFO  bif_core::texture] Texture electronics_turntable01_Normal_openGL.1005.jpg (2048x2048): decode=73.1ms, convert=27.5ms, linear=83.9ms, total=184.5ms
[2026-03-15T19:38:01Z INFO  bif_core::texture] Texture electronics_oscilloscope01_Normal_openGL.1024.jpg (2048x2048): decode=134.7ms, convert=27.0ms, linear=81.2ms, total=242.9ms
[2026-03-15T19:38:01Z INFO  bif_core::texture] Texture books_encyclopedias01_BaseColor.1003.jpg (2048x2048): decode=127.7ms, convert=28.2ms, linear=92.2ms, total=248.1ms
[2026-03-15T19:38:01Z INFO  bif_core::texture] Texture books_magazines01_Normal_openGL.1012.jpg (2048x2048): decode=79.0ms, convert=30.8ms, linear=87.4ms, total=197.3ms
[2026-03-15T19:38:01Z INFO  bif_core::texture] Texture electronics_audio_generator01_Roughness.1012.jpg (2048x2048): decode=88.8ms, convert=27.3ms, linear=83.9ms, total=200.0ms
[2026-03-15T19:38:01Z INFO  bif_core::texture] Texture electronics_portable_tv01_Metallic.1013.jpg (2048x2048): decode=42.1ms, convert=22.3ms, linear=89.0ms, total=153.4ms
[2026-03-15T19:38:01Z INFO  bif_core::texture] Texture electronics_tesla_coil01_Metallic.1014.jpg (2048x2048): decode=31.6ms, convert=25.9ms, linear=83.1ms, total=140.6ms
[2026-03-15T19:38:01Z INFO  bif_core::texture] Texture electronics_oscilloscope01_Metallic.1003.jpg (2048x2048): decode=31.0ms, convert=27.6ms, linear=72.5ms, total=131.1ms
[2026-03-15T19:38:01Z INFO  bif_core::texture] Texture books_magazines01_BaseColor.1013.jpg (2048x2048): decode=105.3ms, convert=28.7ms, linear=78.4ms, total=212.4ms
[2026-03-15T19:38:01Z INFO  bif_core::texture] Texture electronics_cabling_Roughness.1004.jpg (2048x2048): decode=49.5ms, convert=28.9ms, linear=91.4ms, total=169.8ms
[2026-03-15T19:38:01Z INFO  bif_core::texture] Texture electronics_portable_tv01_Roughness.1003.jpg (2048x2048): decode=80.0ms, convert=23.5ms, linear=96.1ms, total=199.7ms
[2026-03-15T19:38:01Z INFO  bif_viewport::texture_loader] UDIM atlas: 3 tiles -> 6144x2048 (3x1 grid, tile 2048x2048)
[2026-03-15T19:38:01Z INFO  bif_viewport::texture_loader] UDIM atlas: 5 tiles -> 6144x4096 (3x2 grid, tile 2048x2048)
[2026-03-15T19:38:01Z INFO  bif_viewport::texture_loader] UDIM atlas: 3 tiles -> 6144x2048 (3x1 grid, tile 2048x2048)
[2026-03-15T19:38:01Z INFO  bif_core::texture] Texture books_magazines01_Roughness.1012.jpg (2048x2048): decode=79.4ms, convert=23.3ms, linear=108.8ms, total=211.6ms
[2026-03-15T19:38:01Z INFO  bif_core::texture] Texture electronics_portable_tv01_Metallic.1014.jpg (2048x2048): decode=40.5ms, convert=30.1ms, linear=87.8ms, total=158.5ms
[2026-03-15T19:38:01Z INFO  bif_core::texture] Texture electronics_portable_tv01_BaseColor.1004.jpg (2048x2048): decode=120.2ms, convert=31.8ms, linear=87.9ms, total=239.9ms
[2026-03-15T19:38:01Z INFO  bif_core::texture] Texture furniture_workbench01_Roughness.1023.jpg (2048x2048): decode=53.2ms, convert=32.6ms, linear=83.1ms, total=169.0ms
[2026-03-15T19:38:01Z INFO  bif_core::texture] Texture electronics_oscilloscope01_Roughness.1003.jpg (2048x2048): decode=73.2ms, convert=30.3ms, linear=81.9ms, total=185.4ms
[2026-03-15T19:38:01Z INFO  bif_core::texture] Texture electronics_portable_tv01_Normal_openGL.1003.jpg (2048x2048): decode=79.5ms, convert=26.3ms, linear=77.9ms, total=183.7ms
[2026-03-15T19:38:01Z INFO  bif_core::texture] Texture electronics_turntable01_Roughness.1014.jpg (2048x2048): decode=34.1ms, convert=24.0ms, linear=92.6ms, total=150.7ms
[2026-03-15T19:38:02Z INFO  bif_viewport::texture_loader] UDIM atlas: 3 tiles -> 6144x2048 (3x1 grid, tile 2048x2048)
[2026-03-15T19:38:02Z INFO  bif_core::texture] Texture electronics_turntable01_Normal_openGL.1011.jpg (2048x2048): decode=65.6ms, convert=27.2ms, linear=94.9ms, total=187.7ms
[2026-03-15T19:38:02Z INFO  bif_core::texture] Texture furniture_workbench01_Normal_openGL.1003.jpg (2048x2048): decode=92.5ms, convert=21.9ms, linear=100.1ms, total=214.5ms
[2026-03-15T19:38:02Z INFO  bif_core::texture] Texture electronics_audio_generator01_Roughness.1013.jpg (2048x2048): decode=56.4ms, convert=27.1ms, linear=94.0ms, total=177.6ms
[2026-03-15T19:38:02Z INFO  bif_core::texture] Texture electronics_portable_tv01_Metallic.1021.jpg (2048x2048): decode=61.7ms, convert=31.1ms, linear=98.4ms, total=191.3ms
[2026-03-15T19:38:02Z INFO  bif_core::texture] Texture electronics_oscilloscope01_Metallic.1004.jpg (2048x2048): decode=36.5ms, convert=29.3ms, linear=94.9ms, total=160.6ms
[2026-03-15T19:38:02Z INFO  bif_core::texture] Texture books_magazines01_Normal_openGL.1013.jpg (2048x2048): decode=124.1ms, convert=31.0ms, linear=89.4ms, total=244.5ms
[2026-03-15T19:38:02Z INFO  bif_viewport::texture_loader] UDIM atlas: 9 tiles -> 10240x4096 (5x2 grid, tile 2048x2048)
[2026-03-15T19:38:02Z INFO  bif_core::texture] Texture electronics_portable_tv01_Roughness.1004.jpg (2048x2048): decode=71.7ms, convert=23.6ms, linear=82.8ms, total=178.1ms
[2026-03-15T19:38:02Z INFO  bif_core::texture] Texture electronics_cabling_Roughness.1011.jpg (2048x2048): decode=52.4ms, convert=23.2ms, linear=93.7ms, total=169.4ms
[2026-03-15T19:38:02Z INFO  bif_viewport::texture_loader] UDIM atlas: 6 tiles -> 6144x4096 (3x2 grid, tile 2048x2048)
[2026-03-15T19:38:02Z INFO  bif_core::texture] Texture books_magazines01_Roughness.1013.jpg (2048x2048): decode=46.1ms, convert=25.2ms, linear=88.2ms, total=159.6ms
[2026-03-15T19:38:02Z INFO  bif_core::texture] Texture toy_curly_surgery_BaseColor.1011.jpg (2048x2048): decode=4371.7ms, convert=26.9ms, linear=89.9ms, total=4488.5ms
[2026-03-15T19:38:02Z INFO  bif_core::texture] Texture furniture_workbench01_Roughness.1024.jpg (2048x2048): decode=75.6ms, convert=27.5ms, linear=87.2ms, total=190.3ms
[2026-03-15T19:38:02Z INFO  bif_core::texture] Texture electronics_portable_tv01_BaseColor.1005.jpg (2048x2048): decode=71.9ms, convert=25.6ms, linear=90.2ms, total=187.7ms
[2026-03-15T19:38:02Z INFO  bif_core::texture] Texture electronics_oscilloscope01_Metallic.1011.jpg (2048x2048): decode=37.2ms, convert=24.8ms, linear=87.0ms, total=149.0ms
[2026-03-15T19:38:02Z INFO  bif_core::texture] Texture electronics_oscilloscope01_Roughness.1004.jpg (2048x2048): decode=69.8ms, convert=26.6ms, linear=89.4ms, total=185.9ms
[2026-03-15T19:38:02Z INFO  bif_core::texture] Texture electronics_portable_tv01_Normal_openGL.1004.jpg (2048x2048): decode=76.4ms, convert=25.3ms, linear=77.5ms, total=179.1ms
[2026-03-15T19:38:02Z INFO  bif_viewport::texture_loader] UDIM atlas: 12 tiles -> 8192x6144 (4x3 grid, tile 2048x2048)
[2026-03-15T19:38:02Z INFO  bif_core::texture] Texture electronics_portable_tv01_Metallic.1022.jpg (2048x2048): decode=31.5ms, convert=22.6ms, linear=81.7ms, total=135.7ms
[2026-03-15T19:38:02Z INFO  bif_core::texture] Texture electronics_turntable01_Normal_openGL.1012.jpg (2048x2048): decode=56.8ms, convert=18.5ms, linear=87.1ms, total=162.5ms
[2026-03-15T19:38:02Z INFO  bif_core::texture] Texture electronics_audio_generator01_Roughness.1014.jpg (2048x2048): decode=64.7ms, convert=24.9ms, linear=80.4ms, total=170.0ms
[2026-03-15T19:38:02Z INFO  bif_core::texture] Texture furniture_workbench01_Normal_openGL.1004.jpg (2048x2048): decode=84.2ms, convert=25.2ms, linear=80.6ms, total=190.0ms
[2026-03-15T19:38:02Z INFO  bif_core::texture] Texture electronics_oscilloscope01_Metallic.1012.jpg (2048x2048): decode=35.6ms, convert=22.4ms, linear=83.1ms, total=141.1ms
[2026-03-15T19:38:02Z INFO  bif_core::texture] Texture electronics_portable_tv01_BaseColor.1011.jpg (2048x2048): decode=83.9ms, convert=25.7ms, linear=75.1ms, total=184.8ms
[2026-03-15T19:38:02Z INFO  bif_viewport::texture_loader] UDIM atlas: 9 tiles -> 10240x4096 (5x2 grid, tile 2048x2048)
[2026-03-15T19:38:02Z INFO  bif_core::texture] Texture electronics_cabling_Roughness.1012.jpg (2048x2048): decode=45.6ms, convert=21.6ms, linear=94.0ms, total=161.3ms
[2026-03-15T19:38:02Z INFO  bif_viewport::texture_loader] UDIM atlas: 6 tiles -> 6144x4096 (3x2 grid, tile 2048x2048)
[2026-03-15T19:38:02Z INFO  bif_core::texture] Texture electronics_portable_tv01_Roughness.1005.jpg (2048x2048): decode=61.7ms, convert=23.9ms, linear=83.3ms, total=168.9ms
[2026-03-15T19:38:02Z INFO  bif_core::texture] Texture electronics_portable_tv01_Metallic.1023.jpg (2048x2048): decode=29.8ms, convert=23.8ms, linear=87.4ms, total=141.1ms
[2026-03-15T19:38:02Z INFO  bif_core::texture] Texture toy_curly_surgery_BaseColor.1012.jpg (2048x2048): decode=59.0ms, convert=24.8ms, linear=68.9ms, total=152.8ms
[2026-03-15T19:38:02Z INFO  bif_core::texture] Texture electronics_oscilloscope01_Metallic.1013.jpg (2048x2048): decode=38.7ms, convert=22.9ms, linear=71.9ms, total=133.5ms
[2026-03-15T19:38:02Z INFO  bif_core::texture] Texture electronics_oscilloscope01_Roughness.1011.jpg (2048x2048): decode=54.2ms, convert=21.0ms, linear=65.8ms, total=141.0ms
[2026-03-15T19:38:02Z INFO  bif_viewport::texture_loader] UDIM atlas: 6 tiles -> 6144x4096 (3x2 grid, tile 2048x2048)
[2026-03-15T19:38:02Z INFO  bif_core::texture] Texture electronics_portable_tv01_Normal_openGL.1005.jpg (2048x2048): decode=49.7ms, convert=19.4ms, linear=55.7ms, total=124.8ms
[2026-03-15T19:38:02Z INFO  bif_core::texture] Texture electronics_portable_tv01_Metallic.1024.jpg (2048x2048): decode=26.3ms, convert=18.0ms, linear=64.3ms, total=108.5ms
[2026-03-15T19:38:03Z INFO  bif_core::texture] Texture electronics_oscilloscope01_Metallic.1014.jpg (2048x2048): decode=26.6ms, convert=20.3ms, linear=69.4ms, total=116.3ms
[2026-03-15T19:38:03Z INFO  bif_core::texture] Texture electronics_portable_tv01_BaseColor.1012.jpg (2048x2048): decode=59.5ms, convert=19.6ms, linear=79.7ms, total=158.9ms
[2026-03-15T19:38:03Z INFO  bif_core::texture] Texture electronics_turntable01_Normal_openGL.1013.jpg (2048x2048): decode=52.0ms, convert=25.9ms, linear=77.1ms, total=155.0ms
[2026-03-15T19:38:03Z INFO  bif_core::texture] Texture furniture_workbench01_Normal_openGL.1011.jpg (2048x2048): decode=70.1ms, convert=21.4ms, linear=50.4ms, total=141.9ms
[2026-03-15T19:38:03Z INFO  bif_viewport::texture_loader] UDIM atlas: 12 tiles -> 8192x6144 (4x3 grid, tile 2048x2048)
[2026-03-15T19:38:03Z INFO  bif_core::texture] Texture electronics_cabling_Roughness.1013.jpg (2048x2048): decode=47.8ms, convert=16.6ms, linear=59.2ms, total=123.7ms
[2026-03-15T19:38:03Z INFO  bif_core::texture] Texture toy_curly_surgery_BaseColor.1013.jpg (2048x2048): decode=74.1ms, convert=18.7ms, linear=53.3ms, total=146.0ms
[2026-03-15T19:38:03Z INFO  bif_viewport::texture_loader] UDIM atlas: 9 tiles -> 10240x4096 (5x2 grid, tile 2048x2048)
[2026-03-15T19:38:03Z INFO  bif_core::texture] Texture electronics_portable_tv01_Roughness.1011.jpg (2048x2048): decode=80.7ms, convert=16.5ms, linear=46.9ms, total=144.1ms
[2026-03-15T19:38:03Z INFO  bif_core::texture] Texture electronics_oscilloscope01_Roughness.1012.jpg (2048x2048): decode=58.5ms, convert=13.4ms, linear=41.8ms, total=113.8ms
[2026-03-15T19:38:03Z INFO  bif_core::texture] Texture electronics_portable_tv01_Normal_openGL.1011.jpg (2048x2048): decode=39.3ms, convert=13.9ms, linear=40.3ms, total=93.6ms
[2026-03-15T19:38:03Z INFO  bif_viewport::texture_loader] UDIM atlas: 13 tiles -> 10240x6144 (5x3 grid, tile 2048x2048)
[2026-03-15T19:38:03Z INFO  bif_core::texture] Texture electronics_portable_tv01_BaseColor.1013.jpg (2048x2048): decode=45.6ms, convert=15.8ms, linear=46.4ms, total=107.8ms
[2026-03-15T19:38:03Z INFO  bif_core::texture] Texture electronics_oscilloscope01_Metallic.1021.jpg (2048x2048): decode=23.4ms, convert=18.5ms, linear=48.5ms, total=90.5ms
[2026-03-15T19:38:03Z INFO  bif_core::texture] Texture electronics_turntable01_Normal_openGL.1014.jpg (2048x2048): decode=42.5ms, convert=16.5ms, linear=41.8ms, total=100.8ms
[2026-03-15T19:38:03Z INFO  bif_core::texture] Texture furniture_workbench01_Normal_openGL.1012.jpg (2048x2048): decode=73.3ms, convert=13.7ms, linear=47.5ms, total=134.5ms
[2026-03-15T19:38:03Z INFO  bif_core::texture] Texture electronics_cabling_Roughness.1014.jpg (2048x2048): decode=33.0ms, convert=12.7ms, linear=41.4ms, total=87.1ms
[2026-03-15T19:38:03Z INFO  bif_core::texture] Texture electronics_oscilloscope01_Metallic.1022.jpg (2048x2048): decode=23.9ms, convert=12.3ms, linear=39.4ms, total=75.6ms
[2026-03-15T19:38:03Z INFO  bif_viewport::texture_loader] UDIM atlas: 7 tiles -> 8192x4096 (4x2 grid, tile 2048x2048)
[2026-03-15T19:38:03Z INFO  bif_core::texture] Texture electronics_portable_tv01_Roughness.1012.jpg (2048x2048): decode=69.5ms, convert=12.3ms, linear=42.5ms, total=124.3ms
[2026-03-15T19:38:03Z INFO  bif_core::texture] Texture electronics_oscilloscope01_Roughness.1013.jpg (2048x2048): decode=58.9ms, convert=15.3ms, linear=38.5ms, total=112.7ms
[2026-03-15T19:38:03Z INFO  bif_core::texture] Texture electronics_portable_tv01_Normal_openGL.1012.jpg (2048x2048): decode=37.8ms, convert=13.5ms, linear=36.0ms, total=87.3ms
[2026-03-15T19:38:03Z INFO  bif_core::texture] Texture electronics_oscilloscope01_Metallic.1023.jpg (2048x2048): decode=20.2ms, convert=13.1ms, linear=28.9ms, total=62.2ms
[2026-03-15T19:38:03Z INFO  bif_core::texture] Texture electronics_portable_tv01_BaseColor.1014.jpg (2048x2048): decode=49.5ms, convert=12.3ms, linear=37.7ms, total=99.6ms
[2026-03-15T19:38:03Z INFO  bif_core::texture] Texture electronics_oscilloscope01_Metallic.1024.jpg (2048x2048): decode=20.3ms, convert=13.4ms, linear=37.1ms, total=70.7ms
[2026-03-15T19:38:03Z INFO  bif_core::texture] Texture furniture_workbench01_Normal_openGL.1013.jpg (2048x2048): decode=63.7ms, convert=19.9ms, linear=40.0ms, total=123.7ms
[2026-03-15T19:38:03Z INFO  bif_viewport::texture_loader] UDIM atlas: 9 tiles -> 10240x4096 (5x2 grid, tile 2048x2048)
[2026-03-15T19:38:03Z INFO  bif_viewport::texture_loader] UDIM atlas: 8 tiles -> 8192x4096 (4x2 grid, tile 2048x2048)
[2026-03-15T19:38:03Z INFO  bif_core::texture] Texture electronics_portable_tv01_Roughness.1013.jpg (2048x2048): decode=59.7ms, convert=12.0ms, linear=49.3ms, total=121.0ms
[2026-03-15T19:38:03Z INFO  bif_core::texture] Texture electronics_oscilloscope01_Roughness.1014.jpg (2048x2048): decode=43.8ms, convert=15.7ms, linear=45.5ms, total=105.0ms
[2026-03-15T19:38:03Z INFO  bif_core::texture] Texture electronics_portable_tv01_Normal_openGL.1013.jpg (2048x2048): decode=42.4ms, convert=18.3ms, linear=41.4ms, total=102.1ms
[2026-03-15T19:38:03Z INFO  bif_core::texture] Texture electronics_portable_tv01_BaseColor.1021.jpg (2048x2048): decode=61.9ms, convert=15.5ms, linear=51.6ms, total=129.0ms
[2026-03-15T19:38:04Z INFO  bif_core::texture] Texture toy_curly_surgery_Normal_openGL.1003.jpg (2048x2048): decode=5221.1ms, convert=14.0ms, linear=28.9ms, total=5264.1ms
[2026-03-15T19:38:04Z INFO  bif_core::texture] Texture furniture_workbench01_Normal_openGL.1014.jpg (2048x2048): decode=57.0ms, convert=13.2ms, linear=42.8ms, total=113.0ms
[2026-03-15T19:38:04Z INFO  bif_viewport::texture_loader] UDIM atlas: 12 tiles -> 8192x6144 (4x3 grid, tile 2048x2048)
[2026-03-15T19:38:04Z INFO  bif_core::texture] Texture electronics_oscilloscope01_Roughness.1021.jpg (2048x2048): decode=24.1ms, convert=11.8ms, linear=47.6ms, total=83.5ms
[2026-03-15T19:38:04Z INFO  bif_core::texture] Texture electronics_portable_tv01_Roughness.1014.jpg (2048x2048): decode=63.5ms, convert=17.5ms, linear=50.8ms, total=131.9ms
[2026-03-15T19:38:04Z INFO  bif_core::texture] Texture electronics_portable_tv01_BaseColor.1022.jpg (2048x2048): decode=62.3ms, convert=17.7ms, linear=49.6ms, total=129.7ms
[2026-03-15T19:38:04Z INFO  bif_core::texture] Texture toy_curly_surgery_Normal_openGL.1004.jpg (2048x2048): decode=42.7ms, convert=16.0ms, linear=49.1ms, total=107.7ms
[2026-03-15T19:38:04Z INFO  bif_core::texture] Texture electronics_portable_tv01_Normal_openGL.1014.jpg (2048x2048): decode=55.9ms, convert=16.3ms, linear=50.8ms, total=123.0ms
[2026-03-15T19:38:04Z INFO  bif_core::texture] Texture electronics_oscilloscope01_BaseColor.1001.jpg (2048x2048): decode=4231.1ms, convert=16.7ms, linear=43.3ms, total=4291.1ms
[2026-03-15T19:38:04Z INFO  bif_core::texture] Texture furniture_workbench01_Normal_openGL.1021.jpg (2048x2048): decode=52.9ms, convert=21.6ms, linear=40.2ms, total=114.7ms
[2026-03-15T19:38:04Z INFO  bif_core::texture] Texture electronics_portable_tv01_Roughness.1021.jpg (2048x2048): decode=63.1ms, convert=11.7ms, linear=52.4ms, total=127.3ms
[2026-03-15T19:38:04Z INFO  bif_core::texture] Texture electronics_oscilloscope01_Roughness.1022.jpg (2048x2048): decode=65.6ms, convert=14.2ms, linear=55.5ms, total=135.4ms
[2026-03-15T19:38:04Z INFO  bif_core::texture] Texture electronics_portable_tv01_BaseColor.1023.jpg (2048x2048): decode=51.4ms, convert=17.6ms, linear=46.2ms, total=115.1ms
[2026-03-15T19:38:04Z INFO  bif_core::texture] Texture electronics_oscilloscope01_BaseColor.1002.jpg (2048x2048): decode=63.0ms, convert=18.7ms, linear=43.7ms, total=125.4ms
[2026-03-15T19:38:04Z INFO  bif_core::texture] Texture toy_curly_surgery_Normal_openGL.1011.jpg (2048x2048): decode=46.4ms, convert=14.9ms, linear=36.7ms, total=98.0ms
[2026-03-15T19:38:04Z INFO  bif_core::texture] Texture electronics_portable_tv01_Normal_openGL.1021.jpg (2048x2048): decode=45.8ms, convert=20.9ms, linear=46.4ms, total=113.1ms
[2026-03-15T19:38:05Z INFO  bif_core::texture] Texture electronics_portable_tv01_Roughness.1022.jpg (2048x2048): decode=51.7ms, convert=12.7ms, linear=48.3ms, total=112.6ms
[2026-03-15T19:38:05Z INFO  bif_core::texture] Texture furniture_workbench01_Normal_openGL.1022.jpg (2048x2048): decode=59.2ms, convert=14.5ms, linear=51.7ms, total=125.5ms
[2026-03-15T19:38:05Z INFO  bif_core::texture] Texture electronics_oscilloscope01_Roughness.1023.jpg (2048x2048): decode=67.5ms, convert=17.0ms, linear=51.3ms, total=135.8ms
[2026-03-15T19:38:05Z INFO  bif_core::texture] Texture electronics_portable_tv01_BaseColor.1024.jpg (2048x2048): decode=52.5ms, convert=14.1ms, linear=45.4ms, total=112.0ms
[2026-03-15T19:38:05Z INFO  bif_core::texture] Texture toy_curly_surgery_Normal_openGL.1012.jpg (2048x2048): decode=47.3ms, convert=13.4ms, linear=33.7ms, total=94.4ms
[2026-03-15T19:38:05Z INFO  bif_core::texture] Texture electronics_oscilloscope01_BaseColor.1003.jpg (2048x2048): decode=81.3ms, convert=14.6ms, linear=35.2ms, total=131.2ms
[2026-03-15T19:38:05Z INFO  bif_core::texture] Texture electronics_portable_tv01_Normal_openGL.1022.jpg (2048x2048): decode=42.5ms, convert=15.2ms, linear=37.3ms, total=95.1ms
[2026-03-15T19:38:05Z INFO  bif_core::texture] Texture electronics_oscilloscope01_Roughness.1024.jpg (2048x2048): decode=42.1ms, convert=13.3ms, linear=53.9ms, total=109.4ms
[2026-03-15T19:38:05Z INFO  bif_core::texture] Texture electronics_portable_tv01_Roughness.1023.jpg (2048x2048): decode=68.6ms, convert=16.6ms, linear=51.3ms, total=136.6ms
[2026-03-15T19:38:05Z INFO  bif_core::texture] Texture furniture_workbench01_Normal_openGL.1023.jpg (2048x2048): decode=50.9ms, convert=16.0ms, linear=52.9ms, total=119.9ms
[2026-03-15T19:38:05Z INFO  bif_core::texture] Texture toy_curly_surgery_Normal_openGL.1013.jpg (2048x2048): decode=42.4ms, convert=18.7ms, linear=45.7ms, total=106.7ms
[2026-03-15T19:38:05Z INFO  bif_core::texture] Texture electronics_portable_tv01_Normal_openGL.1023.jpg (2048x2048): decode=46.7ms, convert=19.4ms, linear=38.5ms, total=104.6ms
[2026-03-15T19:38:05Z INFO  bif_core::texture] Texture electronics_oscilloscope01_BaseColor.1004.jpg (2048x2048): decode=64.2ms, convert=15.5ms, linear=43.2ms, total=122.8ms
[2026-03-15T19:38:05Z INFO  bif_viewport::texture_loader] UDIM atlas: 13 tiles -> 10240x6144 (5x3 grid, tile 2048x2048)
[2026-03-15T19:38:05Z INFO  bif_core::texture] Texture electronics_portable_tv01_Roughness.1024.jpg (2048x2048): decode=60.8ms, convert=15.0ms, linear=44.7ms, total=120.4ms
[2026-03-15T19:38:05Z INFO  bif_core::texture] Texture furniture_workbench01_Normal_openGL.1024.jpg (2048x2048): decode=38.3ms, convert=16.3ms, linear=43.4ms, total=98.0ms
[2026-03-15T19:38:05Z INFO  bif_core::texture] Texture electronics_portable_tv01_Normal_openGL.1024.jpg (2048x2048): decode=44.7ms, convert=16.1ms, linear=46.4ms, total=107.2ms
[2026-03-15T19:38:05Z INFO  bif_core::texture] Texture electronics_oscilloscope01_BaseColor.1011.jpg (2048x2048): decode=76.1ms, convert=17.6ms, linear=45.8ms, total=139.4ms
[2026-03-15T19:38:05Z INFO  bif_viewport::texture_loader] UDIM atlas: 7 tiles -> 8192x4096 (4x2 grid, tile 2048x2048)
[2026-03-15T19:38:05Z INFO  bif_viewport::texture_loader] UDIM atlas: 12 tiles -> 8192x6144 (4x3 grid, tile 2048x2048)
[2026-03-15T19:38:06Z INFO  bif_core::texture] Texture electronics_oscilloscope01_BaseColor.1012.jpg (2048x2048): decode=53.0ms, convert=13.9ms, linear=43.7ms, total=110.6ms
[2026-03-15T19:38:06Z INFO  bif_viewport::texture_loader] UDIM atlas: 13 tiles -> 10240x6144 (5x3 grid, tile 2048x2048)
[2026-03-15T19:38:06Z INFO  bif_viewport::texture_loader] UDIM atlas: 12 tiles -> 8192x6144 (4x3 grid, tile 2048x2048)
[2026-03-15T19:38:06Z INFO  bif_core::texture] Texture books_encyclopedias01_Normal_openGL.1002.jpg (2048x2048): decode=6597.9ms, convert=14.3ms, linear=38.7ms, total=6650.9ms
[2026-03-15T19:38:06Z INFO  bif_core::texture] Texture stationary_protractor_box01_Normal_openGL.1001.jpg (2048x2048): decode=20110.1ms, convert=14.8ms, linear=39.3ms, total=20164.1ms
[2026-03-15T19:38:06Z INFO  bif_viewport::texture_loader] UDIM atlas: 13 tiles -> 10240x6144 (5x3 grid, tile 2048x2048)
[2026-03-15T19:38:06Z INFO  bif_core::texture] Texture electronics_oscilloscope01_BaseColor.1013.jpg (2048x2048): decode=36.5ms, convert=11.5ms, linear=26.0ms, total=74.0ms
[2026-03-15T19:38:06Z INFO  bif_core::texture] Texture stationary_protractor_box01_Normal_openGL.1002.jpg (2048x2048): decode=31.5ms, convert=10.9ms, linear=31.8ms, total=74.3ms
[2026-03-15T19:38:06Z INFO  bif_core::texture] Texture books_encyclopedias01_Normal_openGL.1003.jpg (2048x2048): decode=69.3ms, convert=12.0ms, linear=27.3ms, total=108.6ms
[2026-03-15T19:38:06Z INFO  bif_core::texture] Texture electronics_oscilloscope01_BaseColor.1014.jpg (2048x2048): decode=58.6ms, convert=10.8ms, linear=25.9ms, total=95.2ms
[2026-03-15T19:38:06Z INFO  bif_viewport::texture_loader] UDIM atlas: 3 tiles -> 6144x2048 (3x1 grid, tile 2048x2048)
[2026-03-15T19:38:06Z INFO  bif_core::texture] Texture stationary_protractor_box01_Normal_openGL.1011.jpg (2048x2048): decode=48.3ms, convert=11.1ms, linear=26.0ms, total=85.4ms
[2026-03-15T19:38:07Z INFO  bif_core::texture] Texture electronics_oscilloscope01_BaseColor.1021.jpg (2048x2048): decode=35.4ms, convert=9.2ms, linear=18.4ms, total=63.1ms
[2026-03-15T19:38:07Z INFO  bif_core::texture] Texture stationary_protractor_box01_Normal_openGL.1012.jpg (2048x2048): decode=24.7ms, convert=9.2ms, linear=18.5ms, total=52.4ms
[2026-03-15T19:38:07Z INFO  bif_core::texture] Texture electronics_oscilloscope01_BaseColor.1022.jpg (2048x2048): decode=39.7ms, convert=9.2ms, linear=20.6ms, total=69.5ms
[2026-03-15T19:38:07Z INFO  bif_viewport::texture_loader] UDIM atlas: 4 tiles -> 4096x4096 (2x2 grid, tile 2048x2048)
[2026-03-15T19:38:07Z INFO  bif_core::texture] Texture electronics_oscilloscope01_BaseColor.1023.jpg (2048x2048): decode=55.7ms, convert=10.5ms, linear=25.8ms, total=91.9ms
[2026-03-15T19:38:07Z INFO  bif_core::texture] Texture electronics_oscilloscope01_BaseColor.1024.jpg (2048x2048): decode=59.0ms, convert=10.6ms, linear=25.7ms, total=95.3ms
[2026-03-15T19:38:08Z INFO  bif_viewport::texture_loader] UDIM atlas: 12 tiles -> 8192x6144 (4x3 grid, tile 2048x2048)
[2026-03-15T19:38:08Z INFO  bif_core::texture] Texture electronics_cabling_BaseColor.1011.jpg (2048x2048): decode=8911.7ms, convert=10.4ms, linear=26.1ms, total=8948.1ms
[2026-03-15T19:38:08Z INFO  bif_core::texture] Texture electronics_cabling_BaseColor.1012.jpg (2048x2048): decode=40.4ms, convert=10.3ms, linear=24.9ms, total=75.7ms
[2026-03-15T19:38:08Z INFO  bif_core::texture] Texture electronics_cabling_BaseColor.1013.jpg (2048x2048): decode=41.1ms, convert=10.7ms, linear=25.5ms, total=77.3ms
[2026-03-15T19:38:09Z INFO  bif_core::texture] Texture electronics_cabling_BaseColor.1014.jpg (2048x2048): decode=39.0ms, convert=9.5ms, linear=19.5ms, total=67.9ms
[2026-03-15T19:38:09Z INFO  bif_viewport::texture_loader] UDIM atlas: 8 tiles -> 8192x4096 (4x2 grid, tile 2048x2048)
[2026-03-15T19:38:09Z INFO  bif_viewport::texture_loader] Loaded 272 textures (raw u8): 38917.4ms
[2026-03-15T19:38:09Z INFO  bif_viewport::texture_loader] Viewport downscale //freya/E_rename/_houdiniFiles/USD/USD_ALab_0730/fragment/look/surfacing/furniture_workbench01/render_high/texture/look_surfacing_furniture_workbench01_render_high_texture/furniture_workbench01_BaseColor.<UDIM>.jpg from 8192x6144 to 2048x1536 (limit 2048)
[2026-03-15T19:38:09Z INFO  bif_core::texture] Texture books_magazines01_Normal_openGL.1012.jpg (2048x2048): decode=23681.7ms, convert=11.8ms, linear=30.8ms, total=23724.3ms
[2026-03-15T19:38:09Z INFO  bif_core::texture] Texture electronics_oscilloscope01_BaseColor.1022.jpg (2048x2048): decode=30622.1ms, convert=11.8ms, linear=33.7ms, total=30667.6ms
[2026-03-15T19:38:09Z INFO  bif_viewport::texture_loader] Viewport downscale //freya/E_rename/_houdiniFiles/USD/USD_ALab_0730/fragment/look/surfacing/furniture_workbench01/render_high/texture/look_surfacing_furniture_workbench01_render_high_texture/furniture_workbench01_Roughness.<UDIM>.jpg from 8192x6144 to 2048x1536 (limit 2048)
[2026-03-15T19:38:09Z INFO  bif_viewport::texture_loader] Viewport downscale //freya/E_rename/_houdiniFiles/USD/USD_ALab_0730/fragment/look/surfacing/furniture_workbench01/render_high/texture/look_surfacing_furniture_workbench01_render_high_texture/furniture_workbench01_Normal_openGL.<UDIM>.jpg from 8192x6144 to 2048x1536 (limit 2048)
[2026-03-15T19:38:09Z INFO  bif_viewport::texture_loader] Viewport downscale //freya/E_rename/_houdiniFiles/USD/USD_ALab_0730/fragment/look/surfacing/electronics_oscilloscope01/render_high/texture/look_surfacing_electronics_oscilloscope01_render_high_texture/electronics_oscilloscope01_BaseColor.<UDIM>.jpg from 8192x6144 to 2048x1536 (limit 2048)
[2026-03-15T19:38:09Z INFO  bif_viewport::texture_loader] Viewport downscale //freya/E_rename/_houdiniFiles/USD/USD_ALab_0730/fragment/look/surfacing/electronics_oscilloscope01/render_high/texture/look_surfacing_electronics_oscilloscope01_render_high_texture/electronics_oscilloscope01_Roughness.<UDIM>.jpg from 8192x6144 to 2048x1536 (limit 2048)
[2026-03-15T19:38:09Z INFO  bif_viewport::texture_loader] Viewport downscale //freya/E_rename/_houdiniFiles/USD/USD_ALab_0730/fragment/look/surfacing/electronics_oscilloscope01/render_high/texture/look_surfacing_electronics_oscilloscope01_render_high_texture/electronics_oscilloscope01_Metallic.<UDIM>.jpg from 8192x6144 to 2048x1536 (limit 2048)
[2026-03-15T19:38:09Z INFO  bif_viewport::texture_loader] Viewport downscale //freya/E_rename/_houdiniFiles/USD/USD_ALab_0730/fragment/look/surfacing/electronics_oscilloscope01/render_high/texture/look_surfacing_electronics_oscilloscope01_render_high_texture/electronics_oscilloscope01_Normal_openGL.<UDIM>.jpg from 8192x6144 to 2048x1536 (limit 2048)
[2026-03-15T19:38:09Z INFO  bif_viewport::texture_loader] Viewport downscale //freya/E_rename/_houdiniFiles/USD/USD_ALab_0730/fragment/look/surfacing/electronics_portable_tv01/render_high/texture/look_surfacing_electronics_portable_tv01_render_high_texture/electronics_portable_tv01_BaseColor.<UDIM>.jpg from 10240x6144 to 2048x1228 (limit 2048)
[2026-03-15T19:38:09Z INFO  bif_core::texture] Texture electronics_oscilloscope01_BaseColor.1023.jpg (2048x2048): decode=44.1ms, convert=10.9ms, linear=29.6ms, total=84.6ms
[2026-03-15T19:38:09Z INFO  bif_viewport::texture_loader] Viewport downscale //freya/E_rename/_houdiniFiles/USD/USD_ALab_0730/fragment/look/surfacing/electronics_portable_tv01/render_high/texture/look_surfacing_electronics_portable_tv01_render_high_texture/electronics_portable_tv01_Roughness.<UDIM>.jpg from 10240x6144 to 2048x1228 (limit 2048)
[2026-03-15T19:38:09Z INFO  bif_core::texture] Texture books_magazines01_Normal_openGL.1013.jpg (2048x2048): decode=63.6ms, convert=12.5ms, linear=28.1ms, total=104.3ms
[2026-03-15T19:38:09Z INFO  bif_viewport::texture_loader] Viewport downscale //freya/E_rename/_houdiniFiles/USD/USD_ALab_0730/fragment/look/surfacing/electronics_portable_tv01/render_high/texture/look_surfacing_electronics_portable_tv01_render_high_texture/electronics_portable_tv01_Metallic.<UDIM>.jpg from 10240x6144 to 2048x1228 (limit 2048)
[2026-03-15T19:38:10Z INFO  bif_viewport::texture_loader] Viewport downscale //freya/E_rename/_houdiniFiles/USD/USD_ALab_0730/fragment/look/surfacing/electronics_portable_tv01/render_high/texture/look_surfacing_electronics_portable_tv01_render_high_texture/electronics_portable_tv01_Normal_openGL.<UDIM>.jpg from 10240x6144 to 2048x1228 (limit 2048)
[2026-03-15T19:38:10Z INFO  bif_core::texture] Texture electronics_oscilloscope01_BaseColor.1024.jpg (2048x2048): decode=73.1ms, convert=15.6ms, linear=34.0ms, total=122.7ms
[2026-03-15T19:38:10Z INFO  bif_viewport::texture_loader] UDIM atlas: 6 tiles -> 6144x4096 (3x2 grid, tile 2048x2048)
[2026-03-15T19:38:10Z INFO  bif_viewport::texture_loader] Viewport downscale //freya/E_rename/_houdiniFiles/USD/USD_ALab_0730/fragment/look/surfacing/books_magazines01/render_high/texture/look_surfacing_books_magazines01_render_high_texture/books_magazines01_BaseColor.<UDIM>.jpg from 6144x4096 to 2048x1365 (limit 2048)
[2026-03-15T19:38:10Z INFO  bif_core::texture] Texture toy_box03_BaseColor.1002.jpg (2048x2048): decode=28083.8ms, convert=10.6ms, linear=23.6ms, total=28118.0ms
[2026-03-15T19:38:10Z INFO  bif_viewport::texture_loader] Viewport downscale //freya/E_rename/_houdiniFiles/USD/USD_ALab_0730/fragment/look/surfacing/books_magazines01/render_high/texture/look_surfacing_books_magazines01_render_high_texture/books_magazines01_Roughness.<UDIM>.jpg from 6144x4096 to 2048x1365 (limit 2048)
[2026-03-15T19:38:10Z INFO  bif_viewport::texture_loader] Viewport downscale //freya/E_rename/_houdiniFiles/USD/USD_ALab_0730/fragment/look/surfacing/books_magazines01/render_high/texture/look_surfacing_books_magazines01_render_high_texture/books_magazines01_Normal_openGL.<UDIM>.jpg from 6144x4096 to 2048x1365 (limit 2048)
[2026-03-15T19:38:10Z INFO  bif_viewport::texture_loader] Viewport downscale //freya/E_rename/_houdiniFiles/USD/USD_ALab_0730/fragment/look/surfacing/chemistry_beaker_stand01/render_high/texture/look_surfacing_chemistry_beaker_stand01_render_high_texture/chemistry_beaker_stand01_BaseColor.<UDIM>.jpg from 4096x2048 to 2048x1024 (limit 2048)
[2026-03-15T19:38:10Z INFO  bif_viewport::texture_loader] Viewport downscale //freya/E_rename/_houdiniFiles/USD/USD_ALab_0730/fragment/look/surfacing/chemistry_beaker_stand01/render_high/texture/look_surfacing_chemistry_beaker_stand01_render_high_texture/chemistry_beaker_stand01_Roughness.<UDIM>.jpg from 4096x2048 to 2048x1024 (limit 2048)
[2026-03-15T19:38:10Z INFO  bif_viewport::texture_loader] UDIM atlas: 12 tiles -> 8192x6144 (4x3 grid, tile 2048x2048)
[2026-03-15T19:38:10Z INFO  bif_viewport::texture_loader] Viewport downscale //freya/E_rename/_houdiniFiles/USD/USD_ALab_0730/fragment/look/surfacing/chemistry_beaker_stand01/render_high/texture/look_surfacing_chemistry_beaker_stand01_render_high_texture/chemistry_beaker_stand01_Metallic.<UDIM>.jpg from 4096x2048 to 2048x1024 (limit 2048)
[2026-03-15T19:38:10Z INFO  bif_viewport::texture_loader] Viewport downscale //freya/E_rename/_houdiniFiles/USD/USD_ALab_0730/fragment/look/surfacing/chemistry_beaker_stand01/render_high/texture/look_surfacing_chemistry_beaker_stand01_render_high_texture/chemistry_beaker_stand01_Normal_openGL.<UDIM>.jpg from 4096x2048 to 2048x1024 (limit 2048)
[2026-03-15T19:38:10Z INFO  bif_core::texture] Texture toy_box03_BaseColor.1003.jpg (2048x2048): decode=69.4ms, convert=11.7ms, linear=24.1ms, total=105.1ms
[2026-03-15T19:38:10Z INFO  bif_viewport::texture_loader] Viewport downscale //freya/E_rename/_houdiniFiles/USD/USD_ALab_0730/fragment/look/surfacing/chemistry_flask_stand01/render_high/texture/look_surfacing_chemistry_flask_stand01_render_high_texture/chemistry_flask_stand01_BaseColor.<UDIM>.jpg from 6144x2048 to 2048x682 (limit 2048)
[2026-03-15T19:38:10Z INFO  bif_viewport::texture_loader] Viewport downscale //freya/E_rename/_houdiniFiles/USD/USD_ALab_0730/fragment/look/surfacing/chemistry_flask_stand01/render_high/texture/look_surfacing_chemistry_flask_stand01_render_high_texture/chemistry_flask_stand01_Roughness.<UDIM>.jpg from 6144x2048 to 2048x682 (limit 2048)
[2026-03-15T19:38:10Z INFO  bif_viewport::texture_loader] Viewport downscale //freya/E_rename/_houdiniFiles/USD/USD_ALab_0730/fragment/look/surfacing/chemistry_flask_stand01/render_high/texture/look_surfacing_chemistry_flask_stand01_render_high_texture/chemistry_flask_stand01_Normal_openGL.<UDIM>.jpg from 6144x2048 to 2048x682 (limit 2048)
[2026-03-15T19:38:10Z INFO  bif_viewport::texture_loader] Viewport downscale //freya/E_rename/_houdiniFiles/USD/USD_ALab_0730/fragment/look/surfacing/chemistry_kipps_apparatus01/render_high/texture/look_surfacing_chemistry_kipps_apparatus01_render_high_texture/chemistry_kipps_apparatus01_BaseColor.<UDIM>.jpg from 6144x2048 to 2048x682 (limit 2048)
[2026-03-15T19:38:10Z INFO  bif_viewport::texture_loader] Viewport downscale //freya/E_rename/_houdiniFiles/USD/USD_ALab_0730/fragment/look/surfacing/chemistry_kipps_apparatus01/render_high/texture/look_surfacing_chemistry_kipps_apparatus01_render_high_texture/chemistry_kipps_apparatus01_Roughness.<UDIM>.jpg from 6144x2048 to 2048x682 (limit 2048)
[2026-03-15T19:38:10Z INFO  bif_viewport::texture_loader] Viewport downscale //freya/E_rename/_houdiniFiles/USD/USD_ALab_0730/fragment/look/surfacing/chemistry_kipps_apparatus01/render_high/texture/look_surfacing_chemistry_kipps_apparatus01_render_high_texture/chemistry_kipps_apparatus01_Normal_openGL.<UDIM>.jpg from 6144x2048 to 2048x682 (limit 2048)
[2026-03-15T19:38:10Z INFO  bif_viewport::texture_loader] UDIM atlas: 3 tiles -> 6144x2048 (3x1 grid, tile 2048x2048)
[2026-03-15T19:38:10Z INFO  bif_viewport::texture_loader] Viewport downscale //freya/E_rename/_houdiniFiles/USD/USD_ALab_0730/fragment/look/surfacing/chemistry_microscope01/render_high/texture/look_surfacing_chemistry_microscope01_render_high_texture/chemistry_microscope01_BaseColor.<UDIM>.jpg from 6144x4096 to 2048x1365 (limit 2048)
[2026-03-15T19:38:11Z INFO  bif_viewport::texture_loader] Viewport downscale //freya/E_rename/_houdiniFiles/USD/USD_ALab_0730/fragment/look/surfacing/chemistry_microscope01/render_high/texture/look_surfacing_chemistry_microscope01_render_high_texture/chemistry_microscope01_Roughness.<UDIM>.jpg from 6144x4096 to 2048x1365 (limit 2048)
[2026-03-15T19:38:11Z INFO  bif_viewport::texture_loader] Viewport downscale //freya/E_rename/_houdiniFiles/USD/USD_ALab_0730/fragment/look/surfacing/chemistry_microscope01/render_high/texture/look_surfacing_chemistry_microscope01_render_high_texture/chemistry_microscope01_Metallic.<UDIM>.jpg from 6144x4096 to 2048x1365 (limit 2048)
[2026-03-15T19:38:11Z INFO  bif_viewport::texture_loader] Viewport downscale //freya/E_rename/_houdiniFiles/USD/USD_ALab_0730/fragment/look/surfacing/chemistry_microscope01/render_high/texture/look_surfacing_chemistry_microscope01_render_high_texture/chemistry_microscope01_Normal_openGL.<UDIM>.jpg from 6144x4096 to 2048x1365 (limit 2048)
[2026-03-15T19:38:11Z INFO  bif_viewport::texture_loader] Viewport downscale //freya/E_rename/_houdiniFiles/USD/USD_ALab_0730/fragment/look/surfacing/decor_foam_hand/render_high/texture/look_surfacing_decor_foam_hand_render_high_texture/BakedDiffuse_porc_hand.<UDIM>.jpg from 4096x2048 to 2048x1024 (limit 2048)
[2026-03-15T19:38:11Z INFO  bif_viewport::texture_loader] Viewport downscale //freya/E_rename/_houdiniFiles/USD/USD_ALab_0730/fragment/look/surfacing/decor_helmet_head01/render_high/texture/look_surfacing_decor_helmet_head01_render_high_texture/decor_helmet_head01_BaseColor.<UDIM>.jpg from 4096x2048 to 2048x1024 (limit 2048)
[2026-03-15T19:38:11Z INFO  bif_viewport::texture_loader] Viewport downscale //freya/E_rename/_houdiniFiles/USD/USD_ALab_0730/fragment/look/surfacing/decor_helmet_head01/render_high/texture/look_surfacing_decor_helmet_head01_render_high_texture/decor_helmet_head01_Roughness.<UDIM>.jpg from 4096x2048 to 2048x1024 (limit 2048)
[2026-03-15T19:38:11Z INFO  bif_viewport::texture_loader] Viewport downscale //freya/E_rename/_houdiniFiles/USD/USD_ALab_0730/fragment/look/surfacing/decor_helmet_head01/render_high/texture/look_surfacing_decor_helmet_head01_render_high_texture/decor_helmet_head01_Metallic.<UDIM>.jpg from 4096x2048 to 2048x1024 (limit 2048)
[2026-03-15T19:38:11Z INFO  bif_viewport::texture_loader] Viewport downscale //freya/E_rename/_houdiniFiles/USD/USD_ALab_0730/fragment/look/surfacing/decor_helmet_head01/render_high/texture/look_surfacing_decor_helmet_head01_render_high_texture/decor_helmet_head01_Normal_openGL.<UDIM>.jpg from 4096x2048 to 2048x1024 (limit 2048)
[2026-03-15T19:38:11Z INFO  bif_viewport::texture_loader] Viewport downscale //freya/E_rename/_houdiniFiles/USD/USD_ALab_0730/fragment/look/surfacing/decor_wooden_box01/render_high/texture/look_surfacing_decor_wooden_box01_render_high_texture/decor_wooden_box01_BaseColor.<UDIM>.jpg from 6144x4096 to 2048x1365 (limit 2048)
[2026-03-15T19:38:11Z INFO  bif_viewport::texture_loader] Viewport downscale //freya/E_rename/_houdiniFiles/USD/USD_ALab_0730/fragment/look/surfacing/decor_wooden_box01/render_high/texture/look_surfacing_decor_wooden_box01_render_high_texture/decor_wooden_box01_Roughness.<UDIM>.jpg from 6144x4096 to 2048x1365 (limit 2048)
[2026-03-15T19:38:11Z INFO  bif_viewport::texture_loader] Viewport downscale //freya/E_rename/_houdiniFiles/USD/USD_ALab_0730/fragment/look/surfacing/decor_wooden_box01/render_high/texture/look_surfacing_decor_wooden_box01_render_high_texture/decor_wooden_box01_Normal_openGL.<UDIM>.jpg from 6144x4096 to 2048x1365 (limit 2048)
[2026-03-15T19:38:11Z INFO  bif_viewport::texture_loader] Viewport downscale //freya/E_rename/_houdiniFiles/USD/USD_ALab_0730/fragment/look/surfacing/electronics_audio_generator01/render_high/texture/look_surfacing_electronics_audio_generator01_render_high_texture/electronics_audio_generator01_BaseColor.<UDIM>.jpg from 10240x4096 to 2048x819 (limit 2048)
[2026-03-15T19:38:11Z INFO  bif_viewport::texture_loader] Viewport downscale //freya/E_rename/_houdiniFiles/USD/USD_ALab_0730/fragment/look/surfacing/electronics_audio_generator01/render_high/texture/look_surfacing_electronics_audio_generator01_render_high_texture/electronics_audio_generator01_Roughness.<UDIM>.jpg from 10240x4096 to 2048x819 (limit 2048)
[2026-03-15T19:38:11Z INFO  bif_viewport::texture_loader] Viewport downscale //freya/E_rename/_houdiniFiles/USD/USD_ALab_0730/fragment/look/surfacing/electronics_audio_generator01/render_high/texture/look_surfacing_electronics_audio_generator01_render_high_texture/electronics_audio_generator01_Metallic.<UDIM>.jpg from 10240x4096 to 2048x819 (limit 2048)
[2026-03-15T19:38:11Z INFO  bif_viewport::texture_loader] Viewport downscale //freya/E_rename/_houdiniFiles/USD/USD_ALab_0730/fragment/look/surfacing/electronics_audio_generator01/render_high/texture/look_surfacing_electronics_audio_generator01_render_high_texture/electronics_audio_generator01_Normal_openGL.<UDIM>.jpg from 10240x4096 to 2048x819 (limit 2048)
[2026-03-15T19:38:11Z INFO  bif_viewport::texture_loader] Viewport downscale //freya/E_rename/_houdiniFiles/USD/USD_ALab_0730/fragment/look/surfacing/electronics_tesla_coil01/render_high/texture/look_surfacing_electronics_tesla_coil01_render_high_texture/electronics_tesla_coil01_BaseColor.<UDIM>.jpg from 10240x4096 to 2048x819 (limit 2048)
[2026-03-15T19:38:11Z INFO  bif_viewport::texture_loader] Viewport downscale //freya/E_rename/_houdiniFiles/USD/USD_ALab_0730/fragment/look/surfacing/electronics_tesla_coil01/render_high/texture/look_surfacing_electronics_tesla_coil01_render_high_texture/electronics_tesla_coil01_Roughness.<UDIM>.jpg from 10240x4096 to 2048x819 (limit 2048)
[2026-03-15T19:38:11Z INFO  bif_viewport::texture_loader] Viewport downscale //freya/E_rename/_houdiniFiles/USD/USD_ALab_0730/fragment/look/surfacing/electronics_tesla_coil01/render_high/texture/look_surfacing_electronics_tesla_coil01_render_high_texture/electronics_tesla_coil01_Metallic.<UDIM>.jpg from 10240x4096 to 2048x819 (limit 2048)
[2026-03-15T19:38:11Z INFO  bif_viewport::texture_loader] Viewport downscale //freya/E_rename/_houdiniFiles/USD/USD_ALab_0730/fragment/look/surfacing/electronics_tesla_coil01/render_high/texture/look_surfacing_electronics_tesla_coil01_render_high_texture/electronics_tesla_coil01_Normal_openGL.<UDIM>.jpg from 10240x4096 to 2048x819 (limit 2048)
[2026-03-15T19:38:11Z INFO  bif_viewport::texture_loader] Viewport downscale //freya/E_rename/_houdiniFiles/USD/USD_ALab_0730/fragment/look/surfacing/electronics_turntable01/render_high/texture/look_surfacing_electronics_turntable01_render_high_texture/electronics_turntable01_BaseColor.<UDIM>.jpg from 10240x4096 to 2048x819 (limit 2048)
[2026-03-15T19:38:11Z INFO  bif_viewport::texture_loader] Viewport downscale //freya/E_rename/_houdiniFiles/USD/USD_ALab_0730/fragment/look/surfacing/electronics_turntable01/render_high/texture/look_surfacing_electronics_turntable01_render_high_texture/electronics_turntable01_Roughness.<UDIM>.jpg from 10240x4096 to 2048x819 (limit 2048)
[2026-03-15T19:38:11Z INFO  bif_viewport::texture_loader] Viewport downscale //freya/E_rename/_houdiniFiles/USD/USD_ALab_0730/fragment/look/surfacing/electronics_turntable01/render_high/texture/look_surfacing_electronics_turntable01_render_high_texture/electronics_turntable01_Normal_openGL.<UDIM>.jpg from 10240x4096 to 2048x819 (limit 2048)
[2026-03-15T19:38:11Z INFO  bif_viewport::texture_loader] Viewport downscale //freya/E_rename/_houdiniFiles/USD/USD_ALab_0730/fragment/look/surfacing/electronics_wire_spool01/render_high/texture/look_surfacing_electronics_wire_spool01_render_high_texture/electronics_wire_spool01_BaseColor.<UDIM>.jpg from 4096x2048 to 2048x1024 (limit 2048)
[2026-03-15T19:38:11Z INFO  bif_viewport::texture_loader] Viewport downscale //freya/E_rename/_houdiniFiles/USD/USD_ALab_0730/fragment/look/surfacing/electronics_wire_spool01/render_high/texture/look_surfacing_electronics_wire_spool01_render_high_texture/electronics_wire_spool01_Roughness.<UDIM>.jpg from 4096x2048 to 2048x1024 (limit 2048)
[2026-03-15T19:38:11Z INFO  bif_viewport::texture_loader] Viewport downscale //freya/E_rename/_houdiniFiles/USD/USD_ALab_0730/fragment/look/surfacing/electronics_wire_spool01/render_high/texture/look_surfacing_electronics_wire_spool01_render_high_texture/electronics_wire_spool01_Metallic.<UDIM>.jpg from 4096x2048 to 2048x1024 (limit 2048)
[2026-03-15T19:38:11Z INFO  bif_viewport::texture_loader] Viewport downscale //freya/E_rename/_houdiniFiles/USD/USD_ALab_0730/fragment/look/surfacing/electronics_wire_spool01/render_high/texture/look_surfacing_electronics_wire_spool01_render_high_texture/electronics_wire_spool01_Normal_openGL.<UDIM>.jpg from 4096x2048 to 2048x1024 (limit 2048)
[2026-03-15T19:38:11Z INFO  bif_viewport::texture_loader] Viewport downscale //freya/E_rename/_houdiniFiles/USD/USD_ALab_0730/fragment/look/surfacing/furniture_blackboard01/render_high/texture/look_surfacing_furniture_blackboard01_render_high_texture/furniture_blackboard01_BaseColor.<UDIM>.jpg from 6144x2048 to 2048x682 (limit 2048)
[2026-03-15T19:38:11Z INFO  bif_viewport::texture_loader] Viewport downscale //freya/E_rename/_houdiniFiles/USD/USD_ALab_0730/fragment/look/surfacing/furniture_blackboard01/render_high/texture/look_surfacing_furniture_blackboard01_render_high_texture/furniture_blackboard01_Roughness.<UDIM>.jpg from 6144x2048 to 2048x682 (limit 2048)
[2026-03-15T19:38:11Z INFO  bif_viewport::texture_loader] Viewport downscale //freya/E_rename/_houdiniFiles/USD/USD_ALab_0730/fragment/look/surfacing/furniture_blackboard01/render_high/texture/look_surfacing_furniture_blackboard01_render_high_texture/furniture_blackboard01_Normal_openGL.<UDIM>.jpg from 6144x2048 to 2048x682 (limit 2048)
[2026-03-15T19:38:11Z INFO  bif_viewport::texture_loader] Viewport downscale //freya/E_rename/_houdiniFiles/USD/USD_ALab_0730/fragment/look/surfacing/furniture_shelving01/render_high/texture/look_surfacing_furniture_shelving01_render_high_texture/furniture_shelving01_BaseColor.<UDIM>.jpg from 4096x2048 to 2048x1024 (limit 2048)
[2026-03-15T19:38:11Z INFO  bif_viewport::texture_loader] Viewport downscale //freya/E_rename/_houdiniFiles/USD/USD_ALab_0730/fragment/look/surfacing/furniture_shelving01/render_high/texture/look_surfacing_furniture_shelving01_render_high_texture/furniture_shelving01_Roughness.<UDIM>.jpg from 4096x2048 to 2048x1024 (limit 2048)
[2026-03-15T19:38:11Z INFO  bif_viewport::texture_loader] Viewport downscale //freya/E_rename/_houdiniFiles/USD/USD_ALab_0730/fragment/look/surfacing/furniture_shelving01/render_high/texture/look_surfacing_furniture_shelving01_render_high_texture/furniture_shelving01_Normal_openGL.<UDIM>.jpg from 4096x2048 to 2048x1024 (limit 2048)
[2026-03-15T19:38:11Z INFO  bif_viewport::texture_loader] Viewport downscale //freya/E_rename/_houdiniFiles/USD/USD_ALab_0730/fragment/look/surfacing/stationary_notepad01/render_high/texture/look_surfacing_stationary_notepad01_render_high_texture/stationary_notepad01_BaseColor.<UDIM>.jpg from 6144x2048 to 2048x682 (limit 2048)
[2026-03-15T19:38:11Z INFO  bif_viewport::texture_loader] Viewport downscale //freya/E_rename/_houdiniFiles/USD/USD_ALab_0730/fragment/look/surfacing/stationary_notepad01/render_high/texture/look_surfacing_stationary_notepad01_render_high_texture/stationary_notepad01_Roughness.<UDIM>.jpg from 6144x2048 to 2048x682 (limit 2048)
[2026-03-15T19:38:11Z INFO  bif_viewport::texture_loader] Viewport downscale //freya/E_rename/_houdiniFiles/USD/USD_ALab_0730/fragment/look/surfacing/stationary_notepad01/render_high/texture/look_surfacing_stationary_notepad01_render_high_texture/stationary_notepad01_Normal_openGL.<UDIM>.jpg from 6144x2048 to 2048x682 (limit 2048)
[2026-03-15T19:38:12Z INFO  bif_viewport::texture_loader] Viewport downscale //freya/E_rename/_houdiniFiles/USD/USD_ALab_0730/fragment/look/surfacing/stationary_protractor_box01/render_high/texture/look_surfacing_stationary_protractor_box01_render_high_texture/stationary_protractor_box01_BaseColor.<UDIM>.jpg from 4096x4096 to 2048x2048 (limit 2048)
[2026-03-15T19:38:12Z INFO  bif_viewport::texture_loader] Viewport downscale //freya/E_rename/_houdiniFiles/USD/USD_ALab_0730/fragment/look/surfacing/stationary_protractor_box01/render_high/texture/look_surfacing_stationary_protractor_box01_render_high_texture/stationary_protractor_box01_Roughness.<UDIM>.jpg from 4096x4096 to 2048x2048 (limit 2048)
[2026-03-15T19:38:12Z INFO  bif_viewport::texture_loader] Viewport downscale //freya/E_rename/_houdiniFiles/USD/USD_ALab_0730/fragment/look/surfacing/stationary_protractor_box01/render_high/texture/look_surfacing_stationary_protractor_box01_render_high_texture/stationary_protractor_box01_Normal_openGL.<UDIM>.jpg from 4096x4096 to 2048x2048 (limit 2048)
[2026-03-15T19:38:12Z INFO  bif_viewport::texture_loader] Viewport downscale //freya/E_rename/_houdiniFiles/USD/USD_ALab_0730/fragment/look/surfacing/stationary_slide_rule01/render_high/texture/look_surfacing_stationary_slide_rule01_render_high_texture/stationary_slide_rule01_BaseColor.<UDIM>.jpg from 6144x2048 to 2048x682 (limit 2048)
[2026-03-15T19:38:12Z INFO  bif_viewport::texture_loader] Viewport downscale //freya/E_rename/_houdiniFiles/USD/USD_ALab_0730/fragment/look/surfacing/stationary_slide_rule01/render_high/texture/look_surfacing_stationary_slide_rule01_render_high_texture/stationary_slide_rule01_Roughness.<UDIM>.jpg from 6144x2048 to 2048x682 (limit 2048)
[2026-03-15T19:38:12Z INFO  bif_viewport::texture_loader] Viewport downscale //freya/E_rename/_houdiniFiles/USD/USD_ALab_0730/fragment/look/surfacing/stationary_slide_rule01/render_high/texture/look_surfacing_stationary_slide_rule01_render_high_texture/stationary_slide_rule01_Normal_openGL.<UDIM>.jpg from 6144x2048 to 2048x682 (limit 2048)
[2026-03-15T19:38:12Z INFO  bif_viewport::texture_loader] Viewport downscale //freya/E_rename/_houdiniFiles/USD/USD_ALab_0730/fragment/look/surfacing/books_encyclopedias01/render_high/texture/look_surfacing_books_encyclopedias01_render_high_texture/books_encyclopedias01_BaseColor.<UDIM>.jpg from 6144x2048 to 2048x682 (limit 2048)
[2026-03-15T19:38:12Z INFO  bif_viewport::texture_loader] Viewport downscale //freya/E_rename/_houdiniFiles/USD/USD_ALab_0730/fragment/look/surfacing/books_encyclopedias01/render_high/texture/look_surfacing_books_encyclopedias01_render_high_texture/books_encyclopedias01_Roughness.<UDIM>.jpg from 6144x2048 to 2048x682 (limit 2048)
[2026-03-15T19:38:12Z INFO  bif_viewport::texture_loader] Viewport downscale //freya/E_rename/_houdiniFiles/USD/USD_ALab_0730/fragment/look/surfacing/books_encyclopedias01/render_high/texture/look_surfacing_books_encyclopedias01_render_high_texture/books_encyclopedias01_Normal_openGL.<UDIM>.jpg from 6144x2048 to 2048x682 (limit 2048)
[2026-03-15T19:38:12Z INFO  bif_viewport::texture_loader] Viewport downscale //freya/E_rename/_houdiniFiles/USD/USD_ALab_0730/fragment/look/surfacing/toy_box03/render_high/texture/look_surfacing_toy_box03_render_high_texture/toy_box03_BaseColor.<UDIM>.jpg from 6144x2048 to 2048x682 (limit 2048)
[2026-03-15T19:38:12Z INFO  bif_viewport::texture_loader] Viewport downscale //freya/E_rename/_houdiniFiles/USD/USD_ALab_0730/fragment/look/surfacing/toy_box03/render_high/texture/look_surfacing_toy_box03_render_high_texture/toy_box03_Roughness.<UDIM>.jpg from 6144x2048 to 2048x682 (limit 2048)
[2026-03-15T19:38:12Z INFO  bif_viewport::texture_loader] Viewport downscale //freya/E_rename/_houdiniFiles/USD/USD_ALab_0730/fragment/look/surfacing/toy_box03/render_high/texture/look_surfacing_toy_box03_render_high_texture/toy_box03_Normal_openGL.<UDIM>.jpg from 6144x2048 to 2048x682 (limit 2048)
[2026-03-15T19:38:12Z INFO  bif_viewport::texture_loader] Viewport downscale //freya/E_rename/_houdiniFiles/USD/USD_ALab_0730/fragment/look/surfacing/chemistry_magnetic_stirrer01/render_high/texture/look_surfacing_chemistry_magnetic_stirrer01_render_high_texture/chemistry_magnetic_stirrer01_BaseColor.<UDIM>.jpg from 4096x4096 to 2048x2048 (limit 2048)
[2026-03-15T19:38:12Z INFO  bif_viewport::texture_loader] Viewport downscale //freya/E_rename/_houdiniFiles/USD/USD_ALab_0730/fragment/look/surfacing/chemistry_magnetic_stirrer01/render_high/texture/look_surfacing_chemistry_magnetic_stirrer01_render_high_texture/chemistry_magnetic_stirrer01_Roughness.<UDIM>.jpg from 4096x4096 to 2048x2048 (limit 2048)
[2026-03-15T19:38:12Z INFO  bif_viewport::texture_loader] Viewport downscale //freya/E_rename/_houdiniFiles/USD/USD_ALab_0730/fragment/look/surfacing/chemistry_magnetic_stirrer01/render_high/texture/look_surfacing_chemistry_magnetic_stirrer01_render_high_texture/chemistry_magnetic_stirrer01_Normal_openGL.<UDIM>.jpg from 4096x4096 to 2048x2048 (limit 2048)
[2026-03-15T19:38:12Z INFO  bif_viewport::texture_loader] Viewport downscale //freya/E_rename/_houdiniFiles/USD/USD_ALab_0730/fragment/look/surfacing/electronics_spoolrack/render_high/texture/look_surfacing_electronics_spoolrack_render_high_texture/electronics_spoolrack_BaseColor.<UDIM>.jpg from 4096x2048 to 2048x1024 (limit 2048)
[2026-03-15T19:38:12Z INFO  bif_viewport::texture_loader] Viewport downscale //freya/E_rename/_houdiniFiles/USD/USD_ALab_0730/fragment/look/surfacing/electronics_spoolrack/render_high/texture/look_surfacing_electronics_spoolrack_render_high_texture/electronics_spoolrack_Roughness.<UDIM>.jpg from 4096x2048 to 2048x1024 (limit 2048)
[2026-03-15T19:38:12Z INFO  bif_viewport::texture_loader] Viewport downscale //freya/E_rename/_houdiniFiles/USD/USD_ALab_0730/fragment/look/surfacing/electronics_spoolrack/render_high/texture/look_surfacing_electronics_spoolrack_render_high_texture/electronics_spoolrack_Normal_openGL.<UDIM>.jpg from 4096x2048 to 2048x1024 (limit 2048)
[2026-03-15T19:38:12Z INFO  bif_viewport::texture_loader] Viewport downscale //freya/E_rename/_houdiniFiles/USD/USD_ALab_0730/fragment/look/surfacing/electronics_wire_spool02/render_high/texture/look_surfacing_electronics_wire_spool02_render_high_texture/electronics_wire_spool02_BaseColor.<UDIM>.jpg from 4096x2048 to 2048x1024 (limit 2048)
[2026-03-15T19:38:12Z INFO  bif_viewport::texture_loader] Viewport downscale //freya/E_rename/_houdiniFiles/USD/USD_ALab_0730/fragment/look/surfacing/electronics_wire_spool02/render_high/texture/look_surfacing_electronics_wire_spool02_render_high_texture/electronics_wire_spool02_Roughness.<UDIM>.jpg from 4096x2048 to 2048x1024 (limit 2048)
[2026-03-15T19:38:12Z INFO  bif_viewport::texture_loader] Viewport downscale //freya/E_rename/_houdiniFiles/USD/USD_ALab_0730/fragment/look/surfacing/electronics_wire_spool02/render_high/texture/look_surfacing_electronics_wire_spool02_render_high_texture/electronics_wire_spool02_Metallic.<UDIM>.jpg from 4096x2048 to 2048x1024 (limit 2048)
[2026-03-15T19:38:12Z INFO  bif_viewport::texture_loader] Viewport downscale //freya/E_rename/_houdiniFiles/USD/USD_ALab_0730/fragment/look/surfacing/electronics_wire_spool02/render_high/texture/look_surfacing_electronics_wire_spool02_render_high_texture/electronics_wire_spool02_Normal_openGL.<UDIM>.jpg from 4096x2048 to 2048x1024 (limit 2048)
[2026-03-15T19:38:12Z INFO  bif_viewport::texture_loader] Viewport downscale //freya/E_rename/_houdiniFiles/USD/USD_ALab_0730/fragment/look/surfacing/toy_curly_surgery/render_high/texture/look_surfacing_toy_curly_surgery_render_high_texture/toy_curly_surgery_BaseColor.<UDIM>.jpg from 8192x4096 to 2048x1024 (limit 2048)
[2026-03-15T19:38:12Z INFO  bif_viewport::texture_loader] Viewport downscale //freya/E_rename/_houdiniFiles/USD/USD_ALab_0730/fragment/look/surfacing/toy_curly_surgery/render_high/texture/look_surfacing_toy_curly_surgery_render_high_texture/toy_curly_surgery_Roughness.<UDIM>.jpg from 8192x4096 to 2048x1024 (limit 2048)
[2026-03-15T19:38:12Z INFO  bif_viewport::texture_loader] Viewport downscale //freya/E_rename/_houdiniFiles/USD/USD_ALab_0730/fragment/look/surfacing/toy_curly_surgery/render_high/texture/look_surfacing_toy_curly_surgery_render_high_texture/toy_curly_surgery_Normal_openGL.<UDIM>.jpg from 8192x4096 to 2048x1024 (limit 2048)
[2026-03-15T19:38:12Z INFO  bif_viewport::texture_loader] Viewport downscale //freya/E_rename/_houdiniFiles/USD/USD_ALab_0730/fragment/look/surfacing/electronics_cabling/render_high/texture/look_surfacing_electronics_cabling_render_high_texture/electronics_cabling_BaseColor.<UDIM>.jpg from 8192x4096 to 2048x1024 (limit 2048)
[2026-03-15T19:38:13Z INFO  bif_viewport::texture_loader] Viewport downscale //freya/E_rename/_houdiniFiles/USD/USD_ALab_0730/fragment/look/surfacing/electronics_cabling/render_high/texture/look_surfacing_electronics_cabling_render_high_texture/electronics_cabling_Roughness.<UDIM>.jpg from 8192x4096 to 2048x1024 (limit 2048)
[2026-03-15T19:38:13Z INFO  bif_viewport::texture_loader] Viewport downscale //freya/E_rename/_houdiniFiles/USD/USD_ALab_0730/fragment/look/surfacing/electronics_cabling/render_high/texture/look_surfacing_electronics_cabling_render_high_texture/electronics_cabling_Normal_openGL.<UDIM>.jpg from 8192x4096 to 2048x1024 (limit 2048)
[2026-03-15T19:38:13Z INFO  bif_viewport::texture_loader] Viewport downscale //freya/E_rename/_houdiniFiles/USD/USD_ALab_0730/fragment/look/surfacing/decor_bonsai_jar01/render_high/texture/look_surfacing_decor_bonsai_jar01_render_high_texture/decor_bonsai_jar01_BaseColor.<UDIM>.jpg from 6144x2048 to 2048x682 (limit 2048)
[2026-03-15T19:38:13Z INFO  bif_viewport::texture_loader] Viewport downscale //freya/E_rename/_houdiniFiles/USD/USD_ALab_0730/fragment/look/surfacing/decor_bonsai_jar01/render_high/texture/look_surfacing_decor_bonsai_jar01_render_high_texture/decor_bonsai_jar01_Roughness.<UDIM>.jpg from 6144x2048 to 2048x682 (limit 2048)
[2026-03-15T19:38:13Z INFO  bif_viewport::texture_loader] Viewport downscale //freya/E_rename/_houdiniFiles/USD/USD_ALab_0730/fragment/look/surfacing/decor_bonsai_jar01/render_high/texture/look_surfacing_decor_bonsai_jar01_render_high_texture/decor_bonsai_jar01_Normal_openGL.<UDIM>.jpg from 6144x2048 to 2048x682 (limit 2048)
[2026-03-15T19:38:13Z INFO  bif_viewport::texture_loader] Viewport downscale //freya/E_rename/_houdiniFiles/USD/USD_ALab_0730/fragment/look/surfacing/electronics_wire_spool04/render_high/texture/look_surfacing_electronics_wire_spool04_render_high_texture/electronics_wire_spool04_BaseColor.<UDIM>.jpg from 4096x2048 to 2048x1024 (limit 2048)
[2026-03-15T19:38:13Z INFO  bif_viewport::texture_loader] Viewport downscale //freya/E_rename/_houdiniFiles/USD/USD_ALab_0730/fragment/look/surfacing/electronics_wire_spool04/render_high/texture/look_surfacing_electronics_wire_spool04_render_high_texture/electronics_wire_spool04_Roughness.<UDIM>.jpg from 4096x2048 to 2048x1024 (limit 2048)
[2026-03-15T19:38:13Z INFO  bif_viewport::texture_loader] Viewport downscale //freya/E_rename/_houdiniFiles/USD/USD_ALab_0730/fragment/look/surfacing/electronics_wire_spool04/render_high/texture/look_surfacing_electronics_wire_spool04_render_high_texture/electronics_wire_spool04_Metallic.<UDIM>.jpg from 4096x2048 to 2048x1024 (limit 2048)
[2026-03-15T19:38:13Z INFO  bif_viewport::texture_loader] Viewport downscale //freya/E_rename/_houdiniFiles/USD/USD_ALab_0730/fragment/look/surfacing/electronics_wire_spool04/render_high/texture/look_surfacing_electronics_wire_spool04_render_high_texture/electronics_wire_spool04_Normal_openGL.<UDIM>.jpg from 4096x2048 to 2048x1024 (limit 2048)
[2026-03-15T19:38:13Z INFO  bif_viewport::texture_loader] Viewport downscale //freya/E_rename/_houdiniFiles/USD/USD_ALab_0730/fragment/look/surfacing/electronics_wire_spool05/render_high/texture/look_surfacing_electronics_wire_spool05_render_high_texture/electronics_wire_spool05_BaseColor.<UDIM>.jpg from 4096x2048 to 2048x1024 (limit 2048)
[2026-03-15T19:38:13Z INFO  bif_viewport::texture_loader] Viewport downscale //freya/E_rename/_houdiniFiles/USD/USD_ALab_0730/fragment/look/surfacing/electronics_wire_spool05/render_high/texture/look_surfacing_electronics_wire_spool05_render_high_texture/electronics_wire_spool05_Roughness.<UDIM>.jpg from 4096x2048 to 2048x1024 (limit 2048)
[2026-03-15T19:38:13Z INFO  bif_viewport::texture_loader] Viewport downscale //freya/E_rename/_houdiniFiles/USD/USD_ALab_0730/fragment/look/surfacing/electronics_wire_spool05/render_high/texture/look_surfacing_electronics_wire_spool05_render_high_texture/electronics_wire_spool05_Metallic.<UDIM>.jpg from 4096x2048 to 2048x1024 (limit 2048)
[2026-03-15T19:38:13Z INFO  bif_viewport::texture_loader] Viewport downscale //freya/E_rename/_houdiniFiles/USD/USD_ALab_0730/fragment/look/surfacing/electronics_wire_spool05/render_high/texture/look_surfacing_electronics_wire_spool05_render_high_texture/electronics_wire_spool05_Normal_openGL.<UDIM>.jpg from 4096x2048 to 2048x1024 (limit 2048)
[2026-03-15T19:38:13Z INFO  bif_viewport::texture_loader] Viewport downscale //freya/E_rename/_houdiniFiles/USD/USD_ALab_0730/fragment/look/surfacing/electronics_wire_spool06/render_high/texture/look_surfacing_electronics_wire_spool06_render_high_texture/electronics_wire_spool06_BaseColor.<UDIM>.jpg from 4096x2048 to 2048x1024 (limit 2048)
[2026-03-15T19:38:13Z INFO  bif_viewport::texture_loader] Viewport downscale //freya/E_rename/_houdiniFiles/USD/USD_ALab_0730/fragment/look/surfacing/electronics_wire_spool06/render_high/texture/look_surfacing_electronics_wire_spool06_render_high_texture/electronics_wire_spool06_Roughness.<UDIM>.jpg from 4096x2048 to 2048x1024 (limit 2048)
[2026-03-15T19:38:13Z INFO  bif_viewport::texture_loader] Viewport downscale //freya/E_rename/_houdiniFiles/USD/USD_ALab_0730/fragment/look/surfacing/electronics_wire_spool06/render_high/texture/look_surfacing_electronics_wire_spool06_render_high_texture/electronics_wire_spool06_Metallic.<UDIM>.jpg from 4096x2048 to 2048x1024 (limit 2048)
[2026-03-15T19:38:13Z INFO  bif_viewport::texture_loader] Viewport downscale //freya/E_rename/_houdiniFiles/USD/USD_ALab_0730/fragment/look/surfacing/electronics_wire_spool06/render_high/texture/look_surfacing_electronics_wire_spool06_render_high_texture/electronics_wire_spool06_Normal_openGL.<UDIM>.jpg from 4096x2048 to 2048x1024 (limit 2048)
[2026-03-15T19:38:13Z INFO  bif_viewport::texture_loader] Viewport downscale //freya/E_rename/_houdiniFiles/USD/USD_ALab_0730/fragment/look/surfacing/structure_wall_fibro01/render_high/texture/look_surfacing_structure_wall_fibro01_render_high_texture/structure_wall_fibro01_BaseColor.<UDIM>.jpg from 6144x4096 to 2048x1365 (limit 2048)
[2026-03-15T19:38:13Z INFO  bif_viewport::texture_loader] Viewport downscale //freya/E_rename/_houdiniFiles/USD/USD_ALab_0730/fragment/look/surfacing/structure_wall_fibro01/render_high/texture/look_surfacing_structure_wall_fibro01_render_high_texture/structure_wall_fibro01_Roughness.<UDIM>.jpg from 6144x4096 to 2048x1365 (limit 2048)
[2026-03-15T19:38:13Z INFO  bif_viewport::texture_loader] Viewport downscale //freya/E_rename/_houdiniFiles/USD/USD_ALab_0730/fragment/look/surfacing/structure_wall_fibro01/render_high/texture/look_surfacing_structure_wall_fibro01_render_high_texture/structure_wall_fibro01_Normal_openGL.<UDIM>.jpg from 6144x4096 to 2048x1365 (limit 2048)
[2026-03-15T19:38:13Z INFO  bif_viewport::texture_loader] Viewport downscale //freya/E_rename/_houdiniFiles/USD/USD_ALab_0730/fragment/look/surfacing/structure_wall_fibro02/render_high/texture/look_surfacing_structure_wall_fibro02_render_high_texture/structure_wall_fibro02_BaseColor.<UDIM>.jpg from 6144x4096 to 2048x1365 (limit 2048)
[2026-03-15T19:38:13Z INFO  bif_viewport::texture_loader] Viewport downscale //freya/E_rename/_houdiniFiles/USD/USD_ALab_0730/fragment/look/surfacing/structure_wall_fibro02/render_high/texture/look_surfacing_structure_wall_fibro02_render_high_texture/structure_wall_fibro02_Roughness.<UDIM>.jpg from 6144x4096 to 2048x1365 (limit 2048)
[2026-03-15T19:38:13Z INFO  bif_viewport::texture_loader] Viewport downscale //freya/E_rename/_houdiniFiles/USD/USD_ALab_0730/fragment/look/surfacing/structure_wall_fibro02/render_high/texture/look_surfacing_structure_wall_fibro02_render_high_texture/structure_wall_fibro02_Normal_openGL.<UDIM>.jpg from 6144x4096 to 2048x1365 (limit 2048)
[2026-03-15T19:38:13Z INFO  bif_viewport::texture_loader] Viewport downscale //freya/E_rename/_houdiniFiles/USD/USD_ALab_0730/fragment/look/surfacing/structure_wall_fibro03/render_high/texture/look_surfacing_structure_wall_fibro03_render_high_texture/structure_wall_fibro03_BaseColor.<UDIM>.jpg from 6144x4096 to 2048x1365 (limit 2048)
[2026-03-15T19:38:13Z INFO  bif_viewport::texture_loader] Viewport downscale //freya/E_rename/_houdiniFiles/USD/USD_ALab_0730/fragment/look/surfacing/structure_wall_fibro03/render_high/texture/look_surfacing_structure_wall_fibro03_render_high_texture/structure_wall_fibro03_Roughness.<UDIM>.jpg from 6144x4096 to 2048x1365 (limit 2048)
[2026-03-15T19:38:14Z INFO  bif_viewport::texture_loader] Viewport downscale //freya/E_rename/_houdiniFiles/USD/USD_ALab_0730/fragment/look/surfacing/structure_wall_fibro03/render_high/texture/look_surfacing_structure_wall_fibro03_render_high_texture/structure_wall_fibro03_Normal_openGL.<UDIM>.jpg from 6144x4096 to 2048x1365 (limit 2048)
[2026-03-15T19:38:14Z INFO  bif_viewport::texture_loader] Uploaded 272 textures to GPU: 4484.8ms
[2026-03-15T19:38:14Z INFO  bif_renderer::pick_scene] Pick scene built (indexed): 2566649 triangles, 914 instances, 1640725 shared verts
[2026-03-15T19:38:14Z INFO  bif_viewport] Pick scene rebuilt (indexed): 2566649 tris, 1640725 shared verts, 914 instances
[2026-03-15T19:38:14Z INFO  bif_viewport::scene_loader] Working scene reloaded: 444 protos, 914 instances, 2345917186 tris
[2026-03-15T19:38:14Z INFO  bif_viewport::scene_loader] Viewport Setup:
[2026-03-15T19:38:14Z INFO  bif_viewport::scene_loader]   GPU buffers:   157.9ms
[2026-03-15T19:38:14Z INFO  bif_viewport::scene_loader]   Textures:        2.8ms (273 textures)
[2026-03-15T19:38:14Z INFO  bif_viewport::scene_loader]   Total:       44242.9ms
[2026-03-15T19:38:14Z INFO  bif_viewport::ivar_build] Started material pre-warm (132 materials)
[2026-03-15T19:38:14Z INFO  bif_viewport::render] UsdRead NodeId(0) owns protos [0, 1, 2, 3, 4, 5, 6, 7, 8, 9, 10, 11, 12, 13, 14, 15, 16, 17, 18, 19, 20, 21, 22, 23, 24, 25, 26, 27, 28, 29, 30, 31, 32, 33, 34, 35, 36, 37, 38, 39, 40, 41, 42, 43, 44, 45, 46, 47, 48, 49, 50, 51, 52, 53, 54, 55, 56, 57, 58, 59, 60, 61, 62, 63, 64, 65, 66, 67, 68, 69, 70, 71, 72, 73, 74, 75, 76, 77, 78, 79, 80, 81, 82, 83, 84, 85, 86, 87, 88, 89, 90, 91, 92, 93, 94, 95, 96, 97, 98, 99, 100, 101, 102, 103, 104, 105, 106, 107, 108, 109, 110, 111, 112, 113, 114, 115, 116, 117, 118, 119, 120, 121, 122, 123, 124, 125, 126, 127, 128, 129, 130, 131, 132, 133, 134, 135, 136, 137, 138, 139, 140, 141, 142, 143, 144, 145, 146, 147, 148, 149, 150, 151, 152, 153, 154, 155, 156, 157, 158, 159, 160, 161, 162, 163, 164, 165, 166, 167, 168, 169, 170, 171, 172, 173, 174, 175, 176, 177, 178, 179, 180, 181, 182, 183, 184, 185, 186, 187, 188, 189, 190, 191, 192, 193, 194, 195, 196, 197, 198, 199, 200, 201, 202, 203, 204, 205, 206, 207, 208, 209, 210, 211, 212, 213, 214, 215, 216, 217, 218, 219, 220, 221, 222, 223, 224, 225, 226, 227, 228, 229, 230, 231, 232, 233, 234, 235, 236, 237, 238, 239, 240, 241, 242, 243, 244, 245, 246, 247, 248, 249, 250, 251, 252, 253, 254, 255, 256, 257, 258, 259, 260, 261, 262, 263, 264, 265, 266, 267, 268, 269, 270, 271, 272, 273, 274, 275, 276, 277, 278, 279, 280, 281, 282, 283, 284, 285, 286, 287, 288, 289, 290, 291, 292, 293, 294, 295, 296, 297, 298, 299, 300, 301, 302, 303, 304, 305, 306, 307, 308, 309, 310, 311, 312, 313, 314, 315, 316, 317, 318, 319, 320, 321, 322, 323, 324, 325, 326, 327, 328, 329, 330, 331, 332, 333, 334, 335, 336, 337, 338, 339, 340, 341, 342, 343, 344, 345, 346, 347, 348, 349, 350, 351, 352, 353, 354, 355, 356, 357, 358, 359, 360, 361, 362, 363, 364, 365, 366, 367, 368, 369, 370, 371, 372, 373, 374, 375, 376, 377, 378, 379, 380, 381, 382, 383, 384, 385, 386, 387, 388, 389, 390, 391, 392, 393, 394, 395, 396, 397, 398, 399, 400, 401, 402, 403, 404, 405, 406, 407, 408, 409, 410, 411, 412, 413, 414, 415, 416, 417, 418, 419, 420, 421, 422, 423, 424, 425, 426, 427, 428, 429, 430, 431, 432, 433, 434, 435, 436, 437, 438, 439, 440, 441, 442, 443]
[2026-03-15T19:38:14Z INFO  bif_viewport::render] USD file loaded successfully: Z:\_houdiniFiles\USD\USD_ALab_0730\entry.usda
[2026-03-15T19:38:14Z INFO  bif_core::texture] Texture furniture_workbench01_proxyTexture.jpg (512x512): decode=12.7ms, convert=0.7ms, linear=1.8ms, total=15.2ms
[2026-03-15T19:38:14Z WARN  wgpu_hal::vulkan::conv] Unrecognized present mode 1000361000
[2026-03-15T19:38:14Z INFO  bif_core::texture] Texture furniture_workbench01_BaseColor.1001.jpg (2048x2048): decode=52.5ms, convert=10.6ms, linear=23.5ms, total=86.5ms
[2026-03-15T19:38:14Z INFO  bif_core::texture] Texture furniture_workbench01_BaseColor.1002.jpg (2048x2048): decode=56.9ms, convert=9.9ms, linear=20.8ms, total=87.6ms
[2026-03-15T19:38:14Z INFO  bif_core::texture] Texture furniture_workbench01_BaseColor.1003.jpg (2048x2048): decode=61.2ms, convert=9.7ms, linear=20.6ms, total=91.5ms
[2026-03-15T19:38:14Z INFO  bif_viewer] Resized to 2157x957
[2026-03-15T19:38:14Z INFO  bif_core::texture] Texture furniture_workbench01_BaseColor.1004.jpg (2048x2048): decode=63.8ms, convert=10.0ms, linear=32.7ms, total=106.4ms
[2026-03-15T19:38:15Z INFO  bif_viewport::texture_loader] Viewport downscale //freya/E_rename/_houdiniFiles/USD/USD_ALab_0730/fragment/look/surfacing/furniture_workbench01/render_high/texture/look_surfacing_furniture_workbench01_render_high_texture/furniture_workbench01_BaseColor.<UDIM>.jpg from 8192x6144 to 2048x1536 (limit 2048)
[2026-03-15T19:38:15Z INFO  bif_core::texture] Texture furniture_workbench01_BaseColor.1011.jpg (2048x2048): decode=71.9ms, convert=12.6ms, linear=28.0ms, total=112.5ms
[2026-03-15T19:38:15Z INFO  bif_viewport::texture_loader] Viewport downscale //freya/E_rename/_houdiniFiles/USD/USD_ALab_0730/fragment/look/surfacing/furniture_workbench01/render_high/texture/look_surfacing_furniture_workbench01_render_high_texture/furniture_workbench01_Roughness.<UDIM>.jpg from 8192x6144 to 2048x1536 (limit 2048)
[2026-03-15T19:38:15Z INFO  bif_viewport::texture_loader] Viewport downscale //freya/E_rename/_houdiniFiles/USD/USD_ALab_0730/fragment/look/surfacing/furniture_workbench01/render_high/texture/look_surfacing_furniture_workbench01_render_high_texture/furniture_workbench01_Normal_openGL.<UDIM>.jpg from 8192x6144 to 2048x1536 (limit 2048)
[2026-03-15T19:38:15Z INFO  bif_core::texture] Texture furniture_workbench01_BaseColor.1012.jpg (2048x2048): decode=75.7ms, convert=13.7ms, linear=36.2ms, total=125.7ms
[2026-03-15T19:38:15Z INFO  bif_viewport::texture_loader] Viewport downscale //freya/E_rename/_houdiniFiles/USD/USD_ALab_0730/fragment/look/surfacing/electronics_oscilloscope01/render_high/texture/look_surfacing_electronics_oscilloscope01_render_high_texture/electronics_oscilloscope01_BaseColor.<UDIM>.jpg from 8192x6144 to 2048x1536 (limit 2048)
[2026-03-15T19:38:15Z INFO  bif_core::texture] Texture furniture_workbench01_BaseColor.1013.jpg (2048x2048): decode=75.2ms, convert=12.4ms, linear=30.3ms, total=118.0ms
[2026-03-15T19:38:15Z INFO  bif_viewport::texture_loader] Viewport downscale //freya/E_rename/_houdiniFiles/USD/USD_ALab_0730/fragment/look/surfacing/electronics_oscilloscope01/render_high/texture/look_surfacing_electronics_oscilloscope01_render_high_texture/electronics_oscilloscope01_Roughness.<UDIM>.jpg from 8192x6144 to 2048x1536 (limit 2048)
[2026-03-15T19:38:15Z INFO  bif_core::texture] Texture furniture_workbench01_BaseColor.1014.jpg (2048x2048): decode=72.9ms, convert=13.8ms, linear=39.0ms, total=125.8ms
[2026-03-15T19:38:15Z INFO  bif_viewport::texture_loader] Viewport downscale //freya/E_rename/_houdiniFiles/USD/USD_ALab_0730/fragment/look/surfacing/electronics_oscilloscope01/render_high/texture/look_surfacing_electronics_oscilloscope01_render_high_texture/electronics_oscilloscope01_Metallic.<UDIM>.jpg from 8192x6144 to 2048x1536 (limit 2048)
[2026-03-15T19:38:15Z INFO  bif_core::texture] Texture furniture_workbench01_BaseColor.1021.jpg (2048x2048): decode=75.1ms, convert=14.9ms, linear=36.4ms, total=126.4ms
[2026-03-15T19:38:15Z INFO  bif_viewport::texture_loader] Viewport downscale //freya/E_rename/_houdiniFiles/USD/USD_ALab_0730/fragment/look/surfacing/electronics_oscilloscope01/render_high/texture/look_surfacing_electronics_oscilloscope01_render_high_texture/electronics_oscilloscope01_Normal_openGL.<UDIM>.jpg from 8192x6144 to 2048x1536 (limit 2048)
[2026-03-15T19:38:16Z INFO  bif_core::texture] Texture furniture_workbench01_BaseColor.1022.jpg (2048x2048): decode=67.6ms, convert=12.8ms, linear=34.1ms, total=114.5ms
[2026-03-15T19:38:16Z INFO  bif_viewport::texture_loader] Viewport downscale //freya/E_rename/_houdiniFiles/USD/USD_ALab_0730/fragment/look/surfacing/electronics_portable_tv01/render_high/texture/look_surfacing_electronics_portable_tv01_render_high_texture/electronics_portable_tv01_BaseColor.<UDIM>.jpg from 10240x6144 to 2048x1228 (limit 2048)
[2026-03-15T19:38:16Z INFO  bif_core::texture] Texture furniture_workbench01_BaseColor.1023.jpg (2048x2048): decode=39.5ms, convert=11.0ms, linear=38.5ms, total=89.1ms
[2026-03-15T19:38:16Z INFO  bif_viewport::texture_loader] Viewport downscale //freya/E_rename/_houdiniFiles/USD/USD_ALab_0730/fragment/look/surfacing/electronics_portable_tv01/render_high/texture/look_surfacing_electronics_portable_tv01_render_high_texture/electronics_portable_tv01_Roughness.<UDIM>.jpg from 10240x6144 to 2048x1228 (limit 2048)
[2026-03-15T19:38:16Z INFO  bif_core::texture] Texture furniture_workbench01_BaseColor.1024.jpg (2048x2048): decode=36.9ms, convert=13.1ms, linear=31.3ms, total=81.3ms
[2026-03-15T19:38:16Z INFO  bif_core::texture] UDIM atlas (Ivar): 12 tiles -> 8192x6144 (4x3 grid, tile 2048x2048)
[2026-03-15T19:38:16Z INFO  bif_viewport::texture_loader] Viewport downscale //freya/E_rename/_houdiniFiles/USD/USD_ALab_0730/fragment/look/surfacing/electronics_portable_tv01/render_high/texture/look_surfacing_electronics_portable_tv01_render_high_texture/electronics_portable_tv01_Metallic.<UDIM>.jpg from 10240x6144 to 2048x1228 (limit 2048)
[2026-03-15T19:38:16Z INFO  bif_viewport::texture_loader] Viewport downscale //freya/E_rename/_houdiniFiles/USD/USD_ALab_0730/fragment/look/surfacing/electronics_portable_tv01/render_high/texture/look_surfacing_electronics_portable_tv01_render_high_texture/electronics_portable_tv01_Normal_openGL.<UDIM>.jpg from 10240x6144 to 2048x1228 (limit 2048)
[2026-03-15T19:38:16Z INFO  bif_viewport::texture_loader] Viewport downscale //freya/E_rename/_houdiniFiles/USD/USD_ALab_0730/fragment/look/surfacing/books_magazines01/render_high/texture/look_surfacing_books_magazines01_render_high_texture/books_magazines01_BaseColor.<UDIM>.jpg from 6144x4096 to 2048x1365 (limit 2048)
[2026-03-15T19:38:17Z INFO  bif_viewport::texture_loader] Viewport downscale //freya/E_rename/_houdiniFiles/USD/USD_ALab_0730/fragment/look/surfacing/books_magazines01/render_high/texture/look_surfacing_books_magazines01_render_high_texture/books_magazines01_Roughness.<UDIM>.jpg from 6144x4096 to 2048x1365 (limit 2048)
[2026-03-15T19:38:17Z INFO  bif_viewport::texture_loader] Viewport downscale //freya/E_rename/_houdiniFiles/USD/USD_ALab_0730/fragment/look/surfacing/books_magazines01/render_high/texture/look_surfacing_books_magazines01_render_high_texture/books_magazines01_Normal_openGL.<UDIM>.jpg from 6144x4096 to 2048x1365 (limit 2048)
[2026-03-15T19:38:17Z INFO  bif_viewport::texture_loader] Viewport downscale //freya/E_rename/_houdiniFiles/USD/USD_ALab_0730/fragment/look/surfacing/chemistry_beaker_stand01/render_high/texture/look_surfacing_chemistry_beaker_stand01_render_high_texture/chemistry_beaker_stand01_BaseColor.<UDIM>.jpg from 4096x2048 to 2048x1024 (limit 2048)
[2026-03-15T19:38:17Z INFO  bif_viewport::texture_loader] Viewport downscale //freya/E_rename/_houdiniFiles/USD/USD_ALab_0730/fragment/look/surfacing/chemistry_beaker_stand01/render_high/texture/look_surfacing_chemistry_beaker_stand01_render_high_texture/chemistry_beaker_stand01_Roughness.<UDIM>.jpg from 4096x2048 to 2048x1024 (limit 2048)
[2026-03-15T19:38:17Z INFO  bif_viewport::texture_loader] Viewport downscale //freya/E_rename/_houdiniFiles/USD/USD_ALab_0730/fragment/look/surfacing/chemistry_beaker_stand01/render_high/texture/look_surfacing_chemistry_beaker_stand01_render_high_texture/chemistry_beaker_stand01_Metallic.<UDIM>.jpg from 4096x2048 to 2048x1024 (limit 2048)
[2026-03-15T19:38:17Z INFO  bif_viewport::texture_loader] Viewport downscale //freya/E_rename/_houdiniFiles/USD/USD_ALab_0730/fragment/look/surfacing/chemistry_beaker_stand01/render_high/texture/look_surfacing_chemistry_beaker_stand01_render_high_texture/chemistry_beaker_stand01_Normal_openGL.<UDIM>.jpg from 4096x2048 to 2048x1024 (limit 2048)
[2026-03-15T19:38:17Z INFO  bif_viewport::texture_loader] Viewport downscale //freya/E_rename/_houdiniFiles/USD/USD_ALab_0730/fragment/look/surfacing/chemistry_flask_stand01/render_high/texture/look_surfacing_chemistry_flask_stand01_render_high_texture/chemistry_flask_stand01_BaseColor.<UDIM>.jpg from 6144x2048 to 2048x682 (limit 2048)
[2026-03-15T19:38:17Z INFO  bif_viewport::texture_loader] Viewport downscale //freya/E_rename/_houdiniFiles/USD/USD_ALab_0730/fragment/look/surfacing/chemistry_flask_stand01/render_high/texture/look_surfacing_chemistry_flask_stand01_render_high_texture/chemistry_flask_stand01_Roughness.<UDIM>.jpg from 6144x2048 to 2048x682 (limit 2048)
[2026-03-15T19:38:17Z INFO  bif_viewport::texture_loader] Viewport downscale //freya/E_rename/_houdiniFiles/USD/USD_ALab_0730/fragment/look/surfacing/chemistry_flask_stand01/render_high/texture/look_surfacing_chemistry_flask_stand01_render_high_texture/chemistry_flask_stand01_Normal_openGL.<UDIM>.jpg from 6144x2048 to 2048x682 (limit 2048)
[2026-03-15T19:38:17Z INFO  bif_viewport::texture_loader] Viewport downscale //freya/E_rename/_houdiniFiles/USD/USD_ALab_0730/fragment/look/surfacing/chemistry_kipps_apparatus01/render_high/texture/look_surfacing_chemistry_kipps_apparatus01_render_high_texture/chemistry_kipps_apparatus01_BaseColor.<UDIM>.jpg from 6144x2048 to 2048x682 (limit 2048)
[2026-03-15T19:38:17Z INFO  bif_viewport::texture_loader] Viewport downscale //freya/E_rename/_houdiniFiles/USD/USD_ALab_0730/fragment/look/surfacing/chemistry_kipps_apparatus01/render_high/texture/look_surfacing_chemistry_kipps_apparatus01_render_high_texture/chemistry_kipps_apparatus01_Roughness.<UDIM>.jpg from 6144x2048 to 2048x682 (limit 2048)
[2026-03-15T19:38:17Z INFO  bif_viewport::texture_loader] Viewport downscale //freya/E_rename/_houdiniFiles/USD/USD_ALab_0730/fragment/look/surfacing/chemistry_kipps_apparatus01/render_high/texture/look_surfacing_chemistry_kipps_apparatus01_render_high_texture/chemistry_kipps_apparatus01_Normal_openGL.<UDIM>.jpg from 6144x2048 to 2048x682 (limit 2048)
[2026-03-15T19:38:17Z INFO  bif_viewport::texture_loader] Viewport downscale //freya/E_rename/_houdiniFiles/USD/USD_ALab_0730/fragment/look/surfacing/chemistry_microscope01/render_high/texture/look_surfacing_chemistry_microscope01_render_high_texture/chemistry_microscope01_BaseColor.<UDIM>.jpg from 6144x4096 to 2048x1365 (limit 2048)
[2026-03-15T19:38:18Z INFO  bif_viewport::texture_loader] Viewport downscale //freya/E_rename/_houdiniFiles/USD/USD_ALab_0730/fragment/look/surfacing/chemistry_microscope01/render_high/texture/look_surfacing_chemistry_microscope01_render_high_texture/chemistry_microscope01_Roughness.<UDIM>.jpg from 6144x4096 to 2048x1365 (limit 2048)
[2026-03-15T19:38:18Z INFO  bif_viewport::texture_loader] Viewport downscale //freya/E_rename/_houdiniFiles/USD/USD_ALab_0730/fragment/look/surfacing/chemistry_microscope01/render_high/texture/look_surfacing_chemistry_microscope01_render_high_texture/chemistry_microscope01_Metallic.<UDIM>.jpg from 6144x4096 to 2048x1365 (limit 2048)
[2026-03-15T19:38:18Z INFO  bif_viewport::texture_loader] Viewport downscale //freya/E_rename/_houdiniFiles/USD/USD_ALab_0730/fragment/look/surfacing/chemistry_microscope01/render_high/texture/look_surfacing_chemistry_microscope01_render_high_texture/chemistry_microscope01_Normal_openGL.<UDIM>.jpg from 6144x4096 to 2048x1365 (limit 2048)
[2026-03-15T19:38:18Z INFO  bif_viewport::texture_loader] Viewport downscale //freya/E_rename/_houdiniFiles/USD/USD_ALab_0730/fragment/look/surfacing/decor_foam_hand/render_high/texture/look_surfacing_decor_foam_hand_render_high_texture/BakedDiffuse_porc_hand.<UDIM>.jpg from 4096x2048 to 2048x1024 (limit 2048)
[2026-03-15T19:38:18Z INFO  bif_viewport::texture_loader] Viewport downscale //freya/E_rename/_houdiniFiles/USD/USD_ALab_0730/fragment/look/surfacing/decor_helmet_head01/render_high/texture/look_surfacing_decor_helmet_head01_render_high_texture/decor_helmet_head01_BaseColor.<UDIM>.jpg from 4096x2048 to 2048x1024 (limit 2048)
[2026-03-15T19:38:18Z INFO  bif_viewport::texture_loader] Viewport downscale //freya/E_rename/_houdiniFiles/USD/USD_ALab_0730/fragment/look/surfacing/decor_helmet_head01/render_high/texture/look_surfacing_decor_helmet_head01_render_high_texture/decor_helmet_head01_Roughness.<UDIM>.jpg from 4096x2048 to 2048x1024 (limit 2048)
[2026-03-15T19:38:18Z INFO  bif_core::texture] UDIM atlas (Ivar): 12 tiles -> 8192x6144 (4x3 grid, tile 2048x2048)
[2026-03-15T19:38:18Z INFO  bif_viewport::texture_loader] Viewport downscale //freya/E_rename/_houdiniFiles/USD/USD_ALab_0730/fragment/look/surfacing/decor_helmet_head01/render_high/texture/look_surfacing_decor_helmet_head01_render_high_texture/decor_helmet_head01_Metallic.<UDIM>.jpg from 4096x2048 to 2048x1024 (limit 2048)
[2026-03-15T19:38:18Z INFO  bif_viewport::texture_loader] Viewport downscale //freya/E_rename/_houdiniFiles/USD/USD_ALab_0730/fragment/look/surfacing/decor_helmet_head01/render_high/texture/look_surfacing_decor_helmet_head01_render_high_texture/decor_helmet_head01_Normal_openGL.<UDIM>.jpg from 4096x2048 to 2048x1024 (limit 2048)
[2026-03-15T19:38:18Z INFO  bif_viewport::texture_loader] Viewport downscale //freya/E_rename/_houdiniFiles/USD/USD_ALab_0730/fragment/look/surfacing/decor_wooden_box01/render_high/texture/look_surfacing_decor_wooden_box01_render_high_texture/decor_wooden_box01_BaseColor.<UDIM>.jpg from 6144x4096 to 2048x1365 (limit 2048)
[2026-03-15T19:38:18Z INFO  bif_viewport::texture_loader] Viewport downscale //freya/E_rename/_houdiniFiles/USD/USD_ALab_0730/fragment/look/surfacing/decor_wooden_box01/render_high/texture/look_surfacing_decor_wooden_box01_render_high_texture/decor_wooden_box01_Roughness.<UDIM>.jpg from 6144x4096 to 2048x1365 (limit 2048)
[2026-03-15T19:38:18Z INFO  bif_viewport::texture_loader] Viewport downscale //freya/E_rename/_houdiniFiles/USD/USD_ALab_0730/fragment/look/surfacing/decor_wooden_box01/render_high/texture/look_surfacing_decor_wooden_box01_render_high_texture/decor_wooden_box01_Normal_openGL.<UDIM>.jpg from 6144x4096 to 2048x1365 (limit 2048)
[2026-03-15T19:38:18Z INFO  bif_viewport::texture_loader] Viewport downscale //freya/E_rename/_houdiniFiles/USD/USD_ALab_0730/fragment/look/surfacing/electronics_audio_generator01/render_high/texture/look_surfacing_electronics_audio_generator01_render_high_texture/electronics_audio_generator01_BaseColor.<UDIM>.jpg from 10240x4096 to 2048x819 (limit 2048)
[2026-03-15T19:38:18Z INFO  bif_viewport::texture_loader] Viewport downscale //freya/E_rename/_houdiniFiles/USD/USD_ALab_0730/fragment/look/surfacing/electronics_audio_generator01/render_high/texture/look_surfacing_electronics_audio_generator01_render_high_texture/electronics_audio_generator01_Roughness.<UDIM>.jpg from 10240x4096 to 2048x819 (limit 2048)
[2026-03-15T19:38:18Z INFO  bif_viewport::texture_loader] Viewport downscale //freya/E_rename/_houdiniFiles/USD/USD_ALab_0730/fragment/look/surfacing/electronics_audio_generator01/render_high/texture/look_surfacing_electronics_audio_generator01_render_high_texture/electronics_audio_generator01_Metallic.<UDIM>.jpg from 10240x4096 to 2048x819 (limit 2048)
[2026-03-15T19:38:18Z INFO  bif_viewport::texture_loader] Viewport downscale //freya/E_rename/_houdiniFiles/USD/USD_ALab_0730/fragment/look/surfacing/electronics_audio_generator01/render_high/texture/look_surfacing_electronics_audio_generator01_render_high_texture/electronics_audio_generator01_Normal_openGL.<UDIM>.jpg from 10240x4096 to 2048x819 (limit 2048)
[2026-03-15T19:38:19Z INFO  bif_viewport::texture_loader] Viewport downscale //freya/E_rename/_houdiniFiles/USD/USD_ALab_0730/fragment/look/surfacing/electronics_tesla_coil01/render_high/texture/look_surfacing_electronics_tesla_coil01_render_high_texture/electronics_tesla_coil01_BaseColor.<UDIM>.jpg from 10240x4096 to 2048x819 (limit 2048)
[2026-03-15T19:38:19Z INFO  bif_viewport::texture_loader] Viewport downscale //freya/E_rename/_houdiniFiles/USD/USD_ALab_0730/fragment/look/surfacing/electronics_tesla_coil01/render_high/texture/look_surfacing_electronics_tesla_coil01_render_high_texture/electronics_tesla_coil01_Roughness.<UDIM>.jpg from 10240x4096 to 2048x819 (limit 2048)
[2026-03-15T19:38:19Z INFO  bif_viewport::texture_loader] Viewport downscale //freya/E_rename/_houdiniFiles/USD/USD_ALab_0730/fragment/look/surfacing/electronics_tesla_coil01/render_high/texture/look_surfacing_electronics_tesla_coil01_render_high_texture/electronics_tesla_coil01_Metallic.<UDIM>.jpg from 10240x4096 to 2048x819 (limit 2048)
[2026-03-15T19:38:19Z INFO  bif_viewport::texture_loader] Viewport downscale //freya/E_rename/_houdiniFiles/USD/USD_ALab_0730/fragment/look/surfacing/electronics_tesla_coil01/render_high/texture/look_surfacing_electronics_tesla_coil01_render_high_texture/electronics_tesla_coil01_Normal_openGL.<UDIM>.jpg from 10240x4096 to 2048x819 (limit 2048)
[2026-03-15T19:38:19Z INFO  bif_viewport::texture_loader] Viewport downscale //freya/E_rename/_houdiniFiles/USD/USD_ALab_0730/fragment/look/surfacing/electronics_turntable01/render_high/texture/look_surfacing_electronics_turntable01_render_high_texture/electronics_turntable01_BaseColor.<UDIM>.jpg from 10240x4096 to 2048x819 (limit 2048)
[2026-03-15T19:38:19Z INFO  bif_viewport::texture_loader] Viewport downscale //freya/E_rename/_houdiniFiles/USD/USD_ALab_0730/fragment/look/surfacing/electronics_turntable01/render_high/texture/look_surfacing_electronics_turntable01_render_high_texture/electronics_turntable01_Roughness.<UDIM>.jpg from 10240x4096 to 2048x819 (limit 2048)
[2026-03-15T19:38:19Z INFO  bif_viewport::texture_loader] Viewport downscale //freya/E_rename/_houdiniFiles/USD/USD_ALab_0730/fragment/look/surfacing/electronics_turntable01/render_high/texture/look_surfacing_electronics_turntable01_render_high_texture/electronics_turntable01_Normal_openGL.<UDIM>.jpg from 10240x4096 to 2048x819 (limit 2048)
[2026-03-15T19:38:19Z INFO  bif_viewport::texture_loader] Viewport downscale //freya/E_rename/_houdiniFiles/USD/USD_ALab_0730/fragment/look/surfacing/electronics_wire_spool01/render_high/texture/look_surfacing_electronics_wire_spool01_render_high_texture/electronics_wire_spool01_BaseColor.<UDIM>.jpg from 4096x2048 to 2048x1024 (limit 2048)
[2026-03-15T19:38:19Z INFO  bif_viewport::texture_loader] Viewport downscale //freya/E_rename/_houdiniFiles/USD/USD_ALab_0730/fragment/look/surfacing/electronics_wire_spool01/render_high/texture/look_surfacing_electronics_wire_spool01_render_high_texture/electronics_wire_spool01_Roughness.<UDIM>.jpg from 4096x2048 to 2048x1024 (limit 2048)
[2026-03-15T19:38:19Z INFO  bif_viewport::texture_loader] Viewport downscale //freya/E_rename/_houdiniFiles/USD/USD_ALab_0730/fragment/look/surfacing/electronics_wire_spool01/render_high/texture/look_surfacing_electronics_wire_spool01_render_high_texture/electronics_wire_spool01_Metallic.<UDIM>.jpg from 4096x2048 to 2048x1024 (limit 2048)
[2026-03-15T19:38:19Z INFO  bif_viewport::texture_loader] Viewport downscale //freya/E_rename/_houdiniFiles/USD/USD_ALab_0730/fragment/look/surfacing/electronics_wire_spool01/render_high/texture/look_surfacing_electronics_wire_spool01_render_high_texture/electronics_wire_spool01_Normal_openGL.<UDIM>.jpg from 4096x2048 to 2048x1024 (limit 2048)
[2026-03-15T19:38:19Z INFO  bif_viewport::texture_loader] Viewport downscale //freya/E_rename/_houdiniFiles/USD/USD_ALab_0730/fragment/look/surfacing/furniture_blackboard01/render_high/texture/look_surfacing_furniture_blackboard01_render_high_texture/furniture_blackboard01_BaseColor.<UDIM>.jpg from 6144x2048 to 2048x682 (limit 2048)
[2026-03-15T19:38:19Z INFO  bif_viewport::texture_loader] Viewport downscale //freya/E_rename/_houdiniFiles/USD/USD_ALab_0730/fragment/look/surfacing/furniture_blackboard01/render_high/texture/look_surfacing_furniture_blackboard01_render_high_texture/furniture_blackboard01_Roughness.<UDIM>.jpg from 6144x2048 to 2048x682 (limit 2048)
[2026-03-15T19:38:19Z INFO  bif_viewport::texture_loader] Viewport downscale //freya/E_rename/_houdiniFiles/USD/USD_ALab_0730/fragment/look/surfacing/furniture_blackboard01/render_high/texture/look_surfacing_furniture_blackboard01_render_high_texture/furniture_blackboard01_Normal_openGL.<UDIM>.jpg from 6144x2048 to 2048x682 (limit 2048)
[2026-03-15T19:38:20Z INFO  bif_viewport::texture_loader] Viewport downscale //freya/E_rename/_houdiniFiles/USD/USD_ALab_0730/fragment/look/surfacing/furniture_shelving01/render_high/texture/look_surfacing_furniture_shelving01_render_high_texture/furniture_shelving01_BaseColor.<UDIM>.jpg from 4096x2048 to 2048x1024 (limit 2048)
[2026-03-15T19:38:20Z INFO  bif_viewport::texture_loader] Viewport downscale //freya/E_rename/_houdiniFiles/USD/USD_ALab_0730/fragment/look/surfacing/furniture_shelving01/render_high/texture/look_surfacing_furniture_shelving01_render_high_texture/furniture_shelving01_Roughness.<UDIM>.jpg from 4096x2048 to 2048x1024 (limit 2048)
[2026-03-15T19:38:20Z INFO  bif_viewport::texture_loader] Viewport downscale //freya/E_rename/_houdiniFiles/USD/USD_ALab_0730/fragment/look/surfacing/furniture_shelving01/render_high/texture/look_surfacing_furniture_shelving01_render_high_texture/furniture_shelving01_Normal_openGL.<UDIM>.jpg from 4096x2048 to 2048x1024 (limit 2048)
[2026-03-15T19:38:20Z INFO  bif_viewport::texture_loader] Viewport downscale //freya/E_rename/_houdiniFiles/USD/USD_ALab_0730/fragment/look/surfacing/stationary_notepad01/render_high/texture/look_surfacing_stationary_notepad01_render_high_texture/stationary_notepad01_BaseColor.<UDIM>.jpg from 6144x2048 to 2048x682 (limit 2048)
[2026-03-15T19:38:20Z INFO  bif_core::texture] UDIM atlas (Ivar): 12 tiles -> 8192x6144 (4x3 grid, tile 2048x2048)
[2026-03-15T19:38:20Z INFO  bif_core::texture] Texture electronics_oscilloscope01_proxyTexture.jpg (512x512): decode=10.8ms, convert=0.6ms, linear=1.2ms, total=12.7ms
[2026-03-15T19:38:20Z INFO  bif_viewport::texture_loader] Viewport downscale //freya/E_rename/_houdiniFiles/USD/USD_ALab_0730/fragment/look/surfacing/stationary_notepad01/render_high/texture/look_surfacing_stationary_notepad01_render_high_texture/stationary_notepad01_Roughness.<UDIM>.jpg from 6144x2048 to 2048x682 (limit 2048)
[2026-03-15T19:38:20Z INFO  bif_viewport::texture_loader] Viewport downscale //freya/E_rename/_houdiniFiles/USD/USD_ALab_0730/fragment/look/surfacing/stationary_notepad01/render_high/texture/look_surfacing_stationary_notepad01_render_high_texture/stationary_notepad01_Normal_openGL.<UDIM>.jpg from 6144x2048 to 2048x682 (limit 2048)
[2026-03-15T19:38:20Z INFO  bif_viewport::texture_loader] Viewport downscale //freya/E_rename/_houdiniFiles/USD/USD_ALab_0730/fragment/look/surfacing/stationary_protractor_box01/render_high/texture/look_surfacing_stationary_protractor_box01_render_high_texture/stationary_protractor_box01_BaseColor.<UDIM>.jpg from 4096x4096 to 2048x2048 (limit 2048)
[2026-03-15T19:38:20Z INFO  bif_viewport::texture_loader] Viewport downscale //freya/E_rename/_houdiniFiles/USD/USD_ALab_0730/fragment/look/surfacing/stationary_protractor_box01/render_high/texture/look_surfacing_stationary_protractor_box01_render_high_texture/stationary_protractor_box01_Roughness.<UDIM>.jpg from 4096x4096 to 2048x2048 (limit 2048)
[2026-03-15T19:38:20Z INFO  bif_core::texture] Texture electronics_oscilloscope01_BaseColor.1001.jpg (2048x2048): decode=45.6ms, convert=9.5ms, linear=21.9ms, total=76.9ms
[2026-03-15T19:38:20Z INFO  bif_viewport::texture_loader] Viewport downscale //freya/E_rename/_houdiniFiles/USD/USD_ALab_0730/fragment/look/surfacing/stationary_protractor_box01/render_high/texture/look_surfacing_stationary_protractor_box01_render_high_texture/stationary_protractor_box01_Normal_openGL.<UDIM>.jpg from 4096x4096 to 2048x2048 (limit 2048)
[2026-03-15T19:38:20Z INFO  bif_core::texture] Texture electronics_oscilloscope01_BaseColor.1002.jpg (2048x2048): decode=49.5ms, convert=9.5ms, linear=21.2ms, total=80.2ms
[2026-03-15T19:38:20Z INFO  bif_viewport::texture_loader] Viewport downscale //freya/E_rename/_houdiniFiles/USD/USD_ALab_0730/fragment/look/surfacing/stationary_slide_rule01/render_high/texture/look_surfacing_stationary_slide_rule01_render_high_texture/stationary_slide_rule01_BaseColor.<UDIM>.jpg from 6144x2048 to 2048x682 (limit 2048)
[2026-03-15T19:38:20Z INFO  bif_viewport::texture_loader] Viewport downscale //freya/E_rename/_houdiniFiles/USD/USD_ALab_0730/fragment/look/surfacing/stationary_slide_rule01/render_high/texture/look_surfacing_stationary_slide_rule01_render_high_texture/stationary_slide_rule01_Roughness.<UDIM>.jpg from 6144x2048 to 2048x682 (limit 2048)
[2026-03-15T19:38:20Z INFO  bif_viewport::texture_loader] Viewport downscale //freya/E_rename/_houdiniFiles/USD/USD_ALab_0730/fragment/look/surfacing/stationary_slide_rule01/render_high/texture/look_surfacing_stationary_slide_rule01_render_high_texture/stationary_slide_rule01_Normal_openGL.<UDIM>.jpg from 6144x2048 to 2048x682 (limit 2048)
[2026-03-15T19:38:20Z INFO  bif_core::texture] Texture electronics_oscilloscope01_BaseColor.1003.jpg (2048x2048): decode=54.6ms, convert=9.3ms, linear=20.6ms, total=84.4ms
[2026-03-15T19:38:20Z INFO  bif_core::texture] Texture electronics_oscilloscope01_BaseColor.1004.jpg (2048x2048): decode=45.4ms, convert=9.6ms, linear=20.6ms, total=75.7ms
[2026-03-15T19:38:20Z INFO  bif_viewport::texture_loader] Viewport downscale //freya/E_rename/_houdiniFiles/USD/USD_ALab_0730/fragment/look/surfacing/books_encyclopedias01/render_high/texture/look_surfacing_books_encyclopedias01_render_high_texture/books_encyclopedias01_BaseColor.<UDIM>.jpg from 6144x2048 to 2048x682 (limit 2048)
[2026-03-15T19:38:20Z INFO  bif_viewport::texture_loader] Viewport downscale //freya/E_rename/_houdiniFiles/USD/USD_ALab_0730/fragment/look/surfacing/books_encyclopedias01/render_high/texture/look_surfacing_books_encyclopedias01_render_high_texture/books_encyclopedias01_Roughness.<UDIM>.jpg from 6144x2048 to 2048x682 (limit 2048)
[2026-03-15T19:38:20Z INFO  bif_viewport::texture_loader] Viewport downscale //freya/E_rename/_houdiniFiles/USD/USD_ALab_0730/fragment/look/surfacing/books_encyclopedias01/render_high/texture/look_surfacing_books_encyclopedias01_render_high_texture/books_encyclopedias01_Normal_openGL.<UDIM>.jpg from 6144x2048 to 2048x682 (limit 2048)
[2026-03-15T19:38:20Z INFO  bif_viewport::texture_loader] Viewport downscale //freya/E_rename/_houdiniFiles/USD/USD_ALab_0730/fragment/look/surfacing/toy_box03/render_high/texture/look_surfacing_toy_box03_render_high_texture/toy_box03_BaseColor.<UDIM>.jpg from 6144x2048 to 2048x682 (limit 2048)
[2026-03-15T19:38:20Z INFO  bif_core::texture] Texture electronics_oscilloscope01_BaseColor.1011.jpg (2048x2048): decode=51.0ms, convert=9.7ms, linear=20.6ms, total=81.3ms
[2026-03-15T19:38:20Z INFO  bif_viewport::texture_loader] Viewport downscale //freya/E_rename/_houdiniFiles/USD/USD_ALab_0730/fragment/look/surfacing/toy_box03/render_high/texture/look_surfacing_toy_box03_render_high_texture/toy_box03_Roughness.<UDIM>.jpg from 6144x2048 to 2048x682 (limit 2048)
[2026-03-15T19:38:20Z INFO  bif_viewport::texture_loader] Viewport downscale //freya/E_rename/_houdiniFiles/USD/USD_ALab_0730/fragment/look/surfacing/toy_box03/render_high/texture/look_surfacing_toy_box03_render_high_texture/toy_box03_Normal_openGL.<UDIM>.jpg from 6144x2048 to 2048x682 (limit 2048)
[2026-03-15T19:38:21Z INFO  bif_core::texture] Texture electronics_oscilloscope01_BaseColor.1012.jpg (2048x2048): decode=34.9ms, convert=10.6ms, linear=22.0ms, total=67.5ms
[2026-03-15T19:38:21Z INFO  bif_viewport::texture_loader] Viewport downscale //freya/E_rename/_houdiniFiles/USD/USD_ALab_0730/fragment/look/surfacing/chemistry_magnetic_stirrer01/render_high/texture/look_surfacing_chemistry_magnetic_stirrer01_render_high_texture/chemistry_magnetic_stirrer01_BaseColor.<UDIM>.jpg from 4096x4096 to 2048x2048 (limit 2048)
[2026-03-15T19:38:21Z INFO  bif_viewport::texture_loader] Viewport downscale //freya/E_rename/_houdiniFiles/USD/USD_ALab_0730/fragment/look/surfacing/chemistry_magnetic_stirrer01/render_high/texture/look_surfacing_chemistry_magnetic_stirrer01_render_high_texture/chemistry_magnetic_stirrer01_Roughness.<UDIM>.jpg from 4096x4096 to 2048x2048 (limit 2048)
[2026-03-15T19:38:21Z INFO  bif_core::texture] Texture electronics_oscilloscope01_BaseColor.1013.jpg (2048x2048): decode=37.3ms, convert=11.8ms, linear=28.9ms, total=78.0ms
[2026-03-15T19:38:21Z INFO  bif_viewport::texture_loader] Viewport downscale //freya/E_rename/_houdiniFiles/USD/USD_ALab_0730/fragment/look/surfacing/chemistry_magnetic_stirrer01/render_high/texture/look_surfacing_chemistry_magnetic_stirrer01_render_high_texture/chemistry_magnetic_stirrer01_Normal_openGL.<UDIM>.jpg from 4096x4096 to 2048x2048 (limit 2048)
[2026-03-15T19:38:21Z INFO  bif_core::texture] Texture electronics_oscilloscope01_BaseColor.1014.jpg (2048x2048): decode=56.3ms, convert=11.4ms, linear=23.6ms, total=91.3ms
[2026-03-15T19:38:21Z INFO  bif_viewport::texture_loader] Viewport downscale //freya/E_rename/_houdiniFiles/USD/USD_ALab_0730/fragment/look/surfacing/electronics_spoolrack/render_high/texture/look_surfacing_electronics_spoolrack_render_high_texture/electronics_spoolrack_BaseColor.<UDIM>.jpg from 4096x2048 to 2048x1024 (limit 2048)
[2026-03-15T19:38:21Z INFO  bif_core::texture] Texture electronics_oscilloscope01_BaseColor.1021.jpg (2048x2048): decode=36.4ms, convert=11.6ms, linear=22.6ms, total=70.6ms
[2026-03-15T19:38:21Z INFO  bif_viewport::texture_loader] Viewport downscale //freya/E_rename/_houdiniFiles/USD/USD_ALab_0730/fragment/look/surfacing/electronics_spoolrack/render_high/texture/look_surfacing_electronics_spoolrack_render_high_texture/electronics_spoolrack_Roughness.<UDIM>.jpg from 4096x2048 to 2048x1024 (limit 2048)
[2026-03-15T19:38:21Z INFO  bif_viewport::texture_loader] Viewport downscale //freya/E_rename/_houdiniFiles/USD/USD_ALab_0730/fragment/look/surfacing/electronics_spoolrack/render_high/texture/look_surfacing_electronics_spoolrack_render_high_texture/electronics_spoolrack_Normal_openGL.<UDIM>.jpg from 4096x2048 to 2048x1024 (limit 2048)
[2026-03-15T19:38:21Z INFO  bif_viewport::texture_loader] Viewport downscale //freya/E_rename/_houdiniFiles/USD/USD_ALab_0730/fragment/look/surfacing/electronics_wire_spool02/render_high/texture/look_surfacing_electronics_wire_spool02_render_high_texture/electronics_wire_spool02_BaseColor.<UDIM>.jpg from 4096x2048 to 2048x1024 (limit 2048)
[2026-03-15T19:38:21Z INFO  bif_core::texture] Texture electronics_oscilloscope01_BaseColor.1022.jpg (2048x2048): decode=48.2ms, convert=11.1ms, linear=31.7ms, total=91.0ms
[2026-03-15T19:38:21Z INFO  bif_viewport::texture_loader] Viewport downscale //freya/E_rename/_houdiniFiles/USD/USD_ALab_0730/fragment/look/surfacing/electronics_wire_spool02/render_high/texture/look_surfacing_electronics_wire_spool02_render_high_texture/electronics_wire_spool02_Roughness.<UDIM>.jpg from 4096x2048 to 2048x1024 (limit 2048)
[2026-03-15T19:38:21Z INFO  bif_viewport::texture_loader] Viewport downscale //freya/E_rename/_houdiniFiles/USD/USD_ALab_0730/fragment/look/surfacing/electronics_wire_spool02/render_high/texture/look_surfacing_electronics_wire_spool02_render_high_texture/electronics_wire_spool02_Metallic.<UDIM>.jpg from 4096x2048 to 2048x1024 (limit 2048)
[2026-03-15T19:38:21Z INFO  bif_viewport::texture_loader] Viewport downscale //freya/E_rename/_houdiniFiles/USD/USD_ALab_0730/fragment/look/surfacing/electronics_wire_spool02/render_high/texture/look_surfacing_electronics_wire_spool02_render_high_texture/electronics_wire_spool02_Normal_openGL.<UDIM>.jpg from 4096x2048 to 2048x1024 (limit 2048)
[2026-03-15T19:38:21Z INFO  bif_core::texture] Texture electronics_oscilloscope01_BaseColor.1023.jpg (2048x2048): decode=45.9ms, convert=12.7ms, linear=30.1ms, total=88.7ms
[2026-03-15T19:38:21Z INFO  bif_viewport::texture_loader] Viewport downscale //freya/E_rename/_houdiniFiles/USD/USD_ALab_0730/fragment/look/surfacing/toy_curly_surgery/render_high/texture/look_surfacing_toy_curly_surgery_render_high_texture/toy_curly_surgery_BaseColor.<UDIM>.jpg from 8192x4096 to 2048x1024 (limit 2048)
[2026-03-15T19:38:21Z INFO  bif_core::texture] Texture electronics_oscilloscope01_BaseColor.1024.jpg (2048x2048): decode=53.5ms, convert=10.5ms, linear=19.5ms, total=83.5ms
[2026-03-15T19:38:22Z INFO  bif_core::texture] UDIM atlas (Ivar): 12 tiles -> 8192x6144 (4x3 grid, tile 2048x2048)
[2026-03-15T19:38:22Z INFO  bif_viewport::texture_loader] Viewport downscale //freya/E_rename/_houdiniFiles/USD/USD_ALab_0730/fragment/look/surfacing/toy_curly_surgery/render_high/texture/look_surfacing_toy_curly_surgery_render_high_texture/toy_curly_surgery_Roughness.<UDIM>.jpg from 8192x4096 to 2048x1024 (limit 2048)
[2026-03-15T19:38:22Z INFO  bif_viewport::texture_loader] Viewport downscale //freya/E_rename/_houdiniFiles/USD/USD_ALab_0730/fragment/look/surfacing/toy_curly_surgery/render_high/texture/look_surfacing_toy_curly_surgery_render_high_texture/toy_curly_surgery_Normal_openGL.<UDIM>.jpg from 8192x4096 to 2048x1024 (limit 2048)
[2026-03-15T19:38:22Z INFO  bif_viewport::texture_loader] Viewport downscale //freya/E_rename/_houdiniFiles/USD/USD_ALab_0730/fragment/look/surfacing/electronics_cabling/render_high/texture/look_surfacing_electronics_cabling_render_high_texture/electronics_cabling_BaseColor.<UDIM>.jpg from 8192x4096 to 2048x1024 (limit 2048)
[2026-03-15T19:38:22Z INFO  bif_viewport::texture_loader] Viewport downscale //freya/E_rename/_houdiniFiles/USD/USD_ALab_0730/fragment/look/surfacing/electronics_cabling/render_high/texture/look_surfacing_electronics_cabling_render_high_texture/electronics_cabling_Roughness.<UDIM>.jpg from 8192x4096 to 2048x1024 (limit 2048)
[2026-03-15T19:38:22Z INFO  bif_viewport::texture_loader] Viewport downscale //freya/E_rename/_houdiniFiles/USD/USD_ALab_0730/fragment/look/surfacing/electronics_cabling/render_high/texture/look_surfacing_electronics_cabling_render_high_texture/electronics_cabling_Normal_openGL.<UDIM>.jpg from 8192x4096 to 2048x1024 (limit 2048)
[2026-03-15T19:38:22Z INFO  bif_viewport::texture_loader] Viewport downscale //freya/E_rename/_houdiniFiles/USD/USD_ALab_0730/fragment/look/surfacing/decor_bonsai_jar01/render_high/texture/look_surfacing_decor_bonsai_jar01_render_high_texture/decor_bonsai_jar01_BaseColor.<UDIM>.jpg from 6144x2048 to 2048x682 (limit 2048)
[2026-03-15T19:38:22Z INFO  bif_viewport::texture_loader] Viewport downscale //freya/E_rename/_houdiniFiles/USD/USD_ALab_0730/fragment/look/surfacing/decor_bonsai_jar01/render_high/texture/look_surfacing_decor_bonsai_jar01_render_high_texture/decor_bonsai_jar01_Roughness.<UDIM>.jpg from 6144x2048 to 2048x682 (limit 2048)
[2026-03-15T19:38:22Z INFO  bif_viewport::texture_loader] Viewport downscale //freya/E_rename/_houdiniFiles/USD/USD_ALab_0730/fragment/look/surfacing/decor_bonsai_jar01/render_high/texture/look_surfacing_decor_bonsai_jar01_render_high_texture/decor_bonsai_jar01_Normal_openGL.<UDIM>.jpg from 6144x2048 to 2048x682 (limit 2048)
[2026-03-15T19:38:22Z INFO  bif_viewport::texture_loader] Viewport downscale //freya/E_rename/_houdiniFiles/USD/USD_ALab_0730/fragment/look/surfacing/electronics_wire_spool04/render_high/texture/look_surfacing_electronics_wire_spool04_render_high_texture/electronics_wire_spool04_BaseColor.<UDIM>.jpg from 4096x2048 to 2048x1024 (limit 2048)
[2026-03-15T19:38:23Z INFO  bif_viewport::texture_loader] Viewport downscale //freya/E_rename/_houdiniFiles/USD/USD_ALab_0730/fragment/look/surfacing/electronics_wire_spool04/render_high/texture/look_surfacing_electronics_wire_spool04_render_high_texture/electronics_wire_spool04_Roughness.<UDIM>.jpg from 4096x2048 to 2048x1024 (limit 2048)
[2026-03-15T19:38:23Z INFO  bif_viewport::texture_loader] Viewport downscale //freya/E_rename/_houdiniFiles/USD/USD_ALab_0730/fragment/look/surfacing/electronics_wire_spool04/render_high/texture/look_surfacing_electronics_wire_spool04_render_high_texture/electronics_wire_spool04_Metallic.<UDIM>.jpg from 4096x2048 to 2048x1024 (limit 2048)
[2026-03-15T19:38:23Z INFO  bif_viewport::texture_loader] Viewport downscale //freya/E_rename/_houdiniFiles/USD/USD_ALab_0730/fragment/look/surfacing/electronics_wire_spool04/render_high/texture/look_surfacing_electronics_wire_spool04_render_high_texture/electronics_wire_spool04_Normal_openGL.<UDIM>.jpg from 4096x2048 to 2048x1024 (limit 2048)
[2026-03-15T19:38:23Z INFO  bif_viewport::texture_loader] Viewport downscale //freya/E_rename/_houdiniFiles/USD/USD_ALab_0730/fragment/look/surfacing/electronics_wire_spool05/render_high/texture/look_surfacing_electronics_wire_spool05_render_high_texture/electronics_wire_spool05_BaseColor.<UDIM>.jpg from 4096x2048 to 2048x1024 (limit 2048)
[2026-03-15T19:38:23Z INFO  bif_viewport::texture_loader] Viewport downscale //freya/E_rename/_houdiniFiles/USD/USD_ALab_0730/fragment/look/surfacing/electronics_wire_spool05/render_high/texture/look_surfacing_electronics_wire_spool05_render_high_texture/electronics_wire_spool05_Roughness.<UDIM>.jpg from 4096x2048 to 2048x1024 (limit 2048)
[2026-03-15T19:38:23Z INFO  bif_viewport::texture_loader] Viewport downscale //freya/E_rename/_houdiniFiles/USD/USD_ALab_0730/fragment/look/surfacing/electronics_wire_spool05/render_high/texture/look_surfacing_electronics_wire_spool05_render_high_texture/electronics_wire_spool05_Metallic.<UDIM>.jpg from 4096x2048 to 2048x1024 (limit 2048)
[2026-03-15T19:38:23Z INFO  bif_viewport::texture_loader] Viewport downscale //freya/E_rename/_houdiniFiles/USD/USD_ALab_0730/fragment/look/surfacing/electronics_wire_spool05/render_high/texture/look_surfacing_electronics_wire_spool05_render_high_texture/electronics_wire_spool05_Normal_openGL.<UDIM>.jpg from 4096x2048 to 2048x1024 (limit 2048)
[2026-03-15T19:38:23Z INFO  bif_viewport::texture_loader] Viewport downscale //freya/E_rename/_houdiniFiles/USD/USD_ALab_0730/fragment/look/surfacing/electronics_wire_spool06/render_high/texture/look_surfacing_electronics_wire_spool06_render_high_texture/electronics_wire_spool06_BaseColor.<UDIM>.jpg from 4096x2048 to 2048x1024 (limit 2048)
[2026-03-15T19:38:23Z INFO  bif_viewport::texture_loader] Viewport downscale //freya/E_rename/_houdiniFiles/USD/USD_ALab_0730/fragment/look/surfacing/electronics_wire_spool06/render_high/texture/look_surfacing_electronics_wire_spool06_render_high_texture/electronics_wire_spool06_Roughness.<UDIM>.jpg from 4096x2048 to 2048x1024 (limit 2048)
[2026-03-15T19:38:23Z INFO  bif_viewport::texture_loader] Viewport downscale //freya/E_rename/_houdiniFiles/USD/USD_ALab_0730/fragment/look/surfacing/electronics_wire_spool06/render_high/texture/look_surfacing_electronics_wire_spool06_render_high_texture/electronics_wire_spool06_Metallic.<UDIM>.jpg from 4096x2048 to 2048x1024 (limit 2048)
[2026-03-15T19:38:23Z INFO  bif_viewport::texture_loader] Viewport downscale //freya/E_rename/_houdiniFiles/USD/USD_ALab_0730/fragment/look/surfacing/electronics_wire_spool06/render_high/texture/look_surfacing_electronics_wire_spool06_render_high_texture/electronics_wire_spool06_Normal_openGL.<UDIM>.jpg from 4096x2048 to 2048x1024 (limit 2048)
[2026-03-15T19:38:23Z INFO  bif_viewport::texture_loader] Viewport downscale //freya/E_rename/_houdiniFiles/USD/USD_ALab_0730/fragment/look/surfacing/structure_wall_fibro01/render_high/texture/look_surfacing_structure_wall_fibro01_render_high_texture/structure_wall_fibro01_BaseColor.<UDIM>.jpg from 6144x4096 to 2048x1365 (limit 2048)
[2026-03-15T19:38:24Z INFO  bif_viewport::texture_loader] Viewport downscale //freya/E_rename/_houdiniFiles/USD/USD_ALab_0730/fragment/look/surfacing/structure_wall_fibro01/render_high/texture/look_surfacing_structure_wall_fibro01_render_high_texture/structure_wall_fibro01_Roughness.<UDIM>.jpg from 6144x4096 to 2048x1365 (limit 2048)
[2026-03-15T19:38:24Z INFO  bif_viewport::texture_loader] Viewport downscale //freya/E_rename/_houdiniFiles/USD/USD_ALab_0730/fragment/look/surfacing/structure_wall_fibro01/render_high/texture/look_surfacing_structure_wall_fibro01_render_high_texture/structure_wall_fibro01_Normal_openGL.<UDIM>.jpg from 6144x4096 to 2048x1365 (limit 2048)
[2026-03-15T19:38:24Z INFO  bif_viewport::texture_loader] Viewport downscale //freya/E_rename/_houdiniFiles/USD/USD_ALab_0730/fragment/look/surfacing/structure_wall_fibro02/render_high/texture/look_surfacing_structure_wall_fibro02_render_high_texture/structure_wall_fibro02_BaseColor.<UDIM>.jpg from 6144x4096 to 2048x1365 (limit 2048)
[2026-03-15T19:38:24Z INFO  bif_viewport::texture_loader] Viewport downscale //freya/E_rename/_houdiniFiles/USD/USD_ALab_0730/fragment/look/surfacing/structure_wall_fibro02/render_high/texture/look_surfacing_structure_wall_fibro02_render_high_texture/structure_wall_fibro02_Roughness.<UDIM>.jpg from 6144x4096 to 2048x1365 (limit 2048)
[2026-03-15T19:38:24Z INFO  bif_core::texture] UDIM atlas (Ivar): 12 tiles -> 8192x6144 (4x3 grid, tile 2048x2048)
[2026-03-15T19:38:24Z INFO  bif_viewport::texture_loader] Viewport downscale //freya/E_rename/_houdiniFiles/USD/USD_ALab_0730/fragment/look/surfacing/structure_wall_fibro02/render_high/texture/look_surfacing_structure_wall_fibro02_render_high_texture/structure_wall_fibro02_Normal_openGL.<UDIM>.jpg from 6144x4096 to 2048x1365 (limit 2048)
[2026-03-15T19:38:24Z INFO  bif_viewport::texture_loader] Viewport downscale //freya/E_rename/_houdiniFiles/USD/USD_ALab_0730/fragment/look/surfacing/structure_wall_fibro03/render_high/texture/look_surfacing_structure_wall_fibro03_render_high_texture/structure_wall_fibro03_BaseColor.<UDIM>.jpg from 6144x4096 to 2048x1365 (limit 2048)
[2026-03-15T19:38:24Z INFO  bif_viewport::texture_loader] Viewport downscale //freya/E_rename/_houdiniFiles/USD/USD_ALab_0730/fragment/look/surfacing/structure_wall_fibro03/render_high/texture/look_surfacing_structure_wall_fibro03_render_high_texture/structure_wall_fibro03_Roughness.<UDIM>.jpg from 6144x4096 to 2048x1365 (limit 2048)
[2026-03-15T19:38:24Z INFO  bif_viewport::texture_loader] Viewport downscale //freya/E_rename/_houdiniFiles/USD/USD_ALab_0730/fragment/look/surfacing/structure_wall_fibro03/render_high/texture/look_surfacing_structure_wall_fibro03_render_high_texture/structure_wall_fibro03_Normal_openGL.<UDIM>.jpg from 6144x4096 to 2048x1365 (limit 2048)
[2026-03-15T19:38:24Z INFO  bif_viewport::scene_loader] Streamed 272 textures to GPU
[2026-03-15T19:38:24Z INFO  bif_viewport::scene_loader] Rebuilt material table with UDIM grid info
[2026-03-15T19:38:24Z WARN  wgpu_hal::vulkan::conv] Unrecognized present mode 1000361000
[2026-03-15T19:38:24Z INFO  bif_viewer] Resized to 2157x957
[2026-03-15T19:38:25Z INFO  bif_core::texture] UDIM atlas (Ivar): 12 tiles -> 8192x6144 (4x3 grid, tile 2048x2048)
[2026-03-15T19:38:27Z INFO  bif_core::texture] UDIM atlas (Ivar): 12 tiles -> 8192x6144 (4x3 grid, tile 2048x2048)
[2026-03-15T19:38:27Z INFO  bif_core::texture] Texture electronics_portable_tv01_proxyTexture.jpg (512x512): decode=10.2ms, convert=0.7ms, linear=1.8ms, total=12.7ms
[2026-03-15T19:38:27Z INFO  bif_core::texture] UDIM tiles capped 2048x2048 -> 1638x1638 for Ivar (5x3 grid)
[2026-03-15T19:38:27Z INFO  bif_core::texture] Texture electronics_portable_tv01_BaseColor.1001.jpg (2048x2048): decode=44.1ms, convert=9.2ms, linear=19.7ms, total=73.0ms
[2026-03-15T19:38:27Z INFO  bif_core::texture] Texture electronics_portable_tv01_BaseColor.1002.jpg (2048x2048): decode=28.2ms, convert=10.6ms, linear=22.2ms, total=61.0ms
[2026-03-15T19:38:27Z INFO  bif_core::texture] Texture electronics_portable_tv01_BaseColor.1003.jpg (2048x2048): decode=32.5ms, convert=9.6ms, linear=19.2ms, total=61.3ms
[2026-03-15T19:38:27Z INFO  bif_core::texture] Texture electronics_portable_tv01_BaseColor.1004.jpg (2048x2048): decode=59.4ms, convert=9.3ms, linear=31.9ms, total=100.5ms
[2026-03-15T19:38:27Z INFO  bif_core::texture] Texture electronics_portable_tv01_BaseColor.1005.jpg (2048x2048): decode=24.8ms, convert=9.1ms, linear=19.0ms, total=52.9ms
[2026-03-15T19:38:27Z INFO  bif_core::texture] Texture electronics_portable_tv01_BaseColor.1011.jpg (2048x2048): decode=41.0ms, convert=9.7ms, linear=24.2ms, total=74.9ms
[2026-03-15T19:38:28Z INFO  bif_core::texture] Texture electronics_portable_tv01_BaseColor.1012.jpg (2048x2048): decode=37.8ms, convert=10.6ms, linear=23.5ms, total=71.9ms
[2026-03-15T19:38:28Z INFO  bif_core::texture] Texture electronics_portable_tv01_BaseColor.1013.jpg (2048x2048): decode=33.8ms, convert=9.5ms, linear=18.6ms, total=61.9ms
[2026-03-15T19:38:28Z INFO  bif_core::texture] Texture electronics_portable_tv01_BaseColor.1014.jpg (2048x2048): decode=36.7ms, convert=9.6ms, linear=19.1ms, total=65.5ms
[2026-03-15T19:38:28Z INFO  bif_core::texture] Texture electronics_portable_tv01_BaseColor.1021.jpg (2048x2048): decode=38.0ms, convert=9.4ms, linear=22.8ms, total=70.2ms
[2026-03-15T19:38:28Z INFO  bif_core::texture] Texture electronics_portable_tv01_BaseColor.1022.jpg (2048x2048): decode=46.2ms, convert=10.3ms, linear=19.2ms, total=75.7ms
[2026-03-15T19:38:28Z INFO  bif_core::texture] Texture electronics_portable_tv01_BaseColor.1023.jpg (2048x2048): decode=30.4ms, convert=9.4ms, linear=19.3ms, total=59.0ms
[2026-03-15T19:38:28Z INFO  bif_core::texture] Texture electronics_portable_tv01_BaseColor.1024.jpg (2048x2048): decode=29.6ms, convert=9.2ms, linear=18.9ms, total=57.7ms
[2026-03-15T19:38:28Z INFO  bif_core::texture] UDIM atlas (Ivar): 13 tiles -> 8190x4914 (5x3 grid, tile 1638x1638)
[2026-03-15T19:38:29Z INFO  bif_core::texture] UDIM tiles capped 2048x2048 -> 1638x1638 for Ivar (5x3 grid)
[2026-03-15T19:38:30Z INFO  bif_core::texture] UDIM atlas (Ivar): 13 tiles -> 8190x4914 (5x3 grid, tile 1638x1638)
[2026-03-15T19:38:31Z INFO  bif_core::texture] UDIM tiles capped 2048x2048 -> 1638x1638 for Ivar (5x3 grid)
[2026-03-15T19:38:32Z INFO  bif_core::texture] UDIM atlas (Ivar): 13 tiles -> 8190x4914 (5x3 grid, tile 1638x1638)
[2026-03-15T19:38:32Z INFO  bif_core::texture] UDIM tiles capped 2048x2048 -> 1638x1638 for Ivar (5x3 grid)
[2026-03-15T19:38:34Z INFO  bif_core::texture] UDIM atlas (Ivar): 13 tiles -> 8190x4914 (5x3 grid, tile 1638x1638)
[2026-03-15T19:38:34Z INFO  bif_core::texture] Texture stationary_pencil01_proxyTexture.jpg (512x512): decode=7.4ms, convert=0.6ms, linear=1.7ms, total=9.8ms
[2026-03-15T19:38:34Z INFO  bif_core::texture] Texture stationary_pencil01_BaseColor.1001.jpg (2048x2048): decode=53.9ms, convert=9.1ms, linear=19.9ms, total=82.8ms
[2026-03-15T19:38:34Z INFO  bif_core::texture] UDIM atlas (Ivar): 1 tiles -> 2048x2048 (1x1 grid, tile 2048x2048)
[2026-03-15T19:38:34Z INFO  bif_core::texture] UDIM atlas (Ivar): 1 tiles -> 2048x2048 (1x1 grid, tile 2048x2048)
[2026-03-15T19:38:34Z INFO  bif_core::texture] UDIM atlas (Ivar): 1 tiles -> 2048x2048 (1x1 grid, tile 2048x2048)
[2026-03-15T19:38:34Z INFO  bif_core::texture] Texture stationary_pencil02_proxyTexture.jpg (512x512): decode=7.4ms, convert=0.6ms, linear=1.2ms, total=9.2ms
[2026-03-15T19:38:35Z INFO  bif_core::texture] Texture stationary_pencil02_BaseColor.1001.jpg (2048x2048): decode=41.1ms, convert=9.1ms, linear=19.0ms, total=69.3ms
[2026-03-15T19:38:35Z INFO  bif_core::texture] UDIM atlas (Ivar): 1 tiles -> 2048x2048 (1x1 grid, tile 2048x2048)
[2026-03-15T19:38:35Z INFO  bif_core::texture] UDIM atlas (Ivar): 1 tiles -> 2048x2048 (1x1 grid, tile 2048x2048)
[2026-03-15T19:38:35Z INFO  bif_core::texture] UDIM atlas (Ivar): 1 tiles -> 2048x2048 (1x1 grid, tile 2048x2048)
[2026-03-15T19:38:35Z INFO  bif_core::texture] Texture stationary_pencil03_proxyTexture.jpg (512x512): decode=7.3ms, convert=0.7ms, linear=1.5ms, total=9.5ms
[2026-03-15T19:38:35Z INFO  bif_core::texture] Texture stationary_pencil03_BaseColor.1001.jpg (2048x2048): decode=37.3ms, convert=9.2ms, linear=19.2ms, total=65.7ms
[2026-03-15T19:38:35Z INFO  bif_core::texture] UDIM atlas (Ivar): 1 tiles -> 2048x2048 (1x1 grid, tile 2048x2048)
[2026-03-15T19:38:36Z INFO  bif_core::texture] UDIM atlas (Ivar): 1 tiles -> 2048x2048 (1x1 grid, tile 2048x2048)
[2026-03-15T19:38:36Z INFO  bif_core::texture] UDIM atlas (Ivar): 1 tiles -> 2048x2048 (1x1 grid, tile 2048x2048)
[2026-03-15T19:38:36Z INFO  bif_core::texture] Texture books_magazines01_proxyTexture.jpg (512x512): decode=13.4ms, convert=0.6ms, linear=1.2ms, total=15.2ms
[2026-03-15T19:38:36Z INFO  bif_core::texture] Texture books_magazines01_BaseColor.1001.jpg (2048x2048): decode=70.6ms, convert=9.1ms, linear=19.1ms, total=98.8ms
[2026-03-15T19:38:36Z INFO  bif_core::texture] Texture books_magazines01_BaseColor.1002.jpg (2048x2048): decode=72.7ms, convert=9.3ms, linear=18.7ms, total=100.6ms
[2026-03-15T19:38:36Z INFO  bif_core::texture] Texture books_magazines01_BaseColor.1003.jpg (2048x2048): decode=72.1ms, convert=9.2ms, linear=19.1ms, total=100.5ms
[2026-03-15T19:38:36Z INFO  bif_core::texture] Texture books_magazines01_BaseColor.1011.jpg (2048x2048): decode=62.8ms, convert=9.2ms, linear=19.3ms, total=91.3ms
[2026-03-15T19:38:37Z INFO  bif_core::texture] Texture books_magazines01_BaseColor.1012.jpg (2048x2048): decode=67.9ms, convert=10.0ms, linear=20.6ms, total=98.5ms
[2026-03-15T19:38:37Z INFO  bif_core::texture] Texture books_magazines01_BaseColor.1013.jpg (2048x2048): decode=54.3ms, convert=9.2ms, linear=20.8ms, total=84.3ms
[2026-03-15T19:38:37Z INFO  bif_core::texture] UDIM atlas (Ivar): 6 tiles -> 6144x4096 (3x2 grid, tile 2048x2048)
[2026-03-15T19:38:38Z INFO  bif_core::texture] UDIM atlas (Ivar): 6 tiles -> 6144x4096 (3x2 grid, tile 2048x2048)
[2026-03-15T19:38:38Z INFO  bif_core::texture] UDIM atlas (Ivar): 6 tiles -> 6144x4096 (3x2 grid, tile 2048x2048)
[2026-03-15T19:38:38Z INFO  bif_core::texture] Texture chemistry_beaker01_proxyTexture.jpg (512x512): decode=8.9ms, convert=0.7ms, linear=1.9ms, total=11.5ms
[2026-03-15T19:38:39Z INFO  bif_core::texture] Texture chemistry_beaker01_BaseColor.1001.jpg (2048x2048): decode=36.5ms, convert=10.1ms, linear=19.1ms, total=65.8ms
[2026-03-15T19:38:39Z INFO  bif_core::texture] UDIM atlas (Ivar): 1 tiles -> 2048x2048 (1x1 grid, tile 2048x2048)
[2026-03-15T19:38:39Z INFO  bif_core::texture] UDIM atlas (Ivar): 1 tiles -> 2048x2048 (1x1 grid, tile 2048x2048)
[2026-03-15T19:38:39Z INFO  bif_core::texture] UDIM atlas (Ivar): 1 tiles -> 2048x2048 (1x1 grid, tile 2048x2048)
[2026-03-15T19:38:39Z INFO  bif_core::texture] Texture chemistry_beaker02_proxyTexture.jpg (512x512): decode=8.2ms, convert=0.6ms, linear=1.2ms, total=10.1ms
[2026-03-15T19:38:39Z INFO  bif_core::texture] Texture chemistry_beaker02_BaseColor.1001.jpg (2048x2048): decode=36.0ms, convert=9.0ms, linear=19.1ms, total=64.1ms
[2026-03-15T19:38:39Z INFO  bif_core::texture] UDIM atlas (Ivar): 1 tiles -> 2048x2048 (1x1 grid, tile 2048x2048)
[2026-03-15T19:38:40Z INFO  bif_core::texture] UDIM atlas (Ivar): 1 tiles -> 2048x2048 (1x1 grid, tile 2048x2048)
[2026-03-15T19:38:40Z INFO  bif_core::texture] UDIM atlas (Ivar): 1 tiles -> 2048x2048 (1x1 grid, tile 2048x2048)
[2026-03-15T19:38:40Z INFO  bif_core::texture] Texture chemistry_beaker03_proxyTexture.jpg (512x512): decode=8.3ms, convert=0.7ms, linear=1.2ms, total=10.3ms
[2026-03-15T19:38:40Z INFO  bif_core::texture] Texture chemistry_beaker03_BaseColor.1001.jpg (2048x2048): decode=39.0ms, convert=9.4ms, linear=20.8ms, total=69.2ms
[2026-03-15T19:38:40Z INFO  bif_core::texture] UDIM atlas (Ivar): 1 tiles -> 2048x2048 (1x1 grid, tile 2048x2048)
[2026-03-15T19:38:40Z INFO  bif_core::texture] UDIM atlas (Ivar): 1 tiles -> 2048x2048 (1x1 grid, tile 2048x2048)
[2026-03-15T19:38:40Z INFO  bif_core::texture] UDIM atlas (Ivar): 1 tiles -> 2048x2048 (1x1 grid, tile 2048x2048)
[2026-03-15T19:38:41Z INFO  bif_core::texture] Texture chemistry_beaker_rack01_proxyTexture.jpg (512x512): decode=9.3ms, convert=0.6ms, linear=1.3ms, total=11.3ms
[2026-03-15T19:38:41Z INFO  bif_core::texture] Texture chemistry_beaker_rack01_BaseColor.1001.jpg (2048x2048): decode=53.8ms, convert=8.9ms, linear=19.2ms, total=82.0ms
[2026-03-15T19:38:41Z INFO  bif_core::texture] UDIM atlas (Ivar): 1 tiles -> 2048x2048 (1x1 grid, tile 2048x2048)
[2026-03-15T19:38:41Z INFO  bif_core::texture] UDIM atlas (Ivar): 1 tiles -> 2048x2048 (1x1 grid, tile 2048x2048)
[2026-03-15T19:38:41Z INFO  bif_core::texture] UDIM atlas (Ivar): 1 tiles -> 2048x2048 (1x1 grid, tile 2048x2048)
[2026-03-15T19:38:41Z INFO  bif_core::texture] UDIM atlas (Ivar): 1 tiles -> 2048x2048 (1x1 grid, tile 2048x2048)
[2026-03-15T19:38:41Z INFO  bif_core::texture] Texture chemistry_beaker_stand01_proxyTexture.jpg (512x512): decode=9.7ms, convert=0.6ms, linear=1.3ms, total=11.6ms
[2026-03-15T19:38:42Z INFO  bif_core::texture] Texture chemistry_beaker_stand01_BaseColor.1001.jpg (2048x2048): decode=53.4ms, convert=9.3ms, linear=18.7ms, total=81.4ms
[2026-03-15T19:38:42Z INFO  bif_core::texture] Texture chemistry_beaker_stand01_BaseColor.1002.jpg (2048x2048): decode=49.6ms, convert=9.4ms, linear=19.3ms, total=78.4ms
[2026-03-15T19:38:42Z INFO  bif_core::texture] UDIM atlas (Ivar): 2 tiles -> 4096x2048 (2x1 grid, tile 2048x2048)
[2026-03-15T19:38:42Z INFO  bif_core::texture] UDIM atlas (Ivar): 2 tiles -> 4096x2048 (2x1 grid, tile 2048x2048)
[2026-03-15T19:38:43Z INFO  bif_core::texture] UDIM atlas (Ivar): 2 tiles -> 4096x2048 (2x1 grid, tile 2048x2048)
[2026-03-15T19:38:43Z INFO  bif_core::texture] UDIM atlas (Ivar): 2 tiles -> 4096x2048 (2x1 grid, tile 2048x2048)
[2026-03-15T19:38:43Z INFO  bif_core::texture] Texture chemistry_bottle01_proxyTexture.jpg (512x512): decode=8.3ms, convert=0.6ms, linear=1.6ms, total=10.6ms
[2026-03-15T19:38:43Z INFO  bif_core::texture] Texture chemistry_bottle01_BaseColor.1001.jpg (2048x2048): decode=28.8ms, convert=9.3ms, linear=22.0ms, total=60.2ms
[2026-03-15T19:38:43Z INFO  bif_core::texture] UDIM atlas (Ivar): 1 tiles -> 2048x2048 (1x1 grid, tile 2048x2048)
[2026-03-15T19:38:43Z INFO  bif_core::texture] UDIM atlas (Ivar): 1 tiles -> 2048x2048 (1x1 grid, tile 2048x2048)
[2026-03-15T19:38:44Z INFO  bif_core::texture] UDIM atlas (Ivar): 1 tiles -> 2048x2048 (1x1 grid, tile 2048x2048)
[2026-03-15T19:38:44Z INFO  bif_core::texture] Texture chemistry_bottle02_proxyTexture.jpg (512x512): decode=8.5ms, convert=0.6ms, linear=4.4ms, total=13.6ms
[2026-03-15T19:38:44Z INFO  bif_core::texture] Texture chemistry_bottle02_BaseColor.1001.jpg (2048x2048): decode=29.2ms, convert=9.4ms, linear=19.1ms, total=57.7ms
[2026-03-15T19:38:44Z INFO  bif_core::texture] UDIM atlas (Ivar): 1 tiles -> 2048x2048 (1x1 grid, tile 2048x2048)
[2026-03-15T19:38:44Z INFO  bif_core::texture] UDIM atlas (Ivar): 1 tiles -> 2048x2048 (1x1 grid, tile 2048x2048)
[2026-03-15T19:38:44Z INFO  bif_core::texture] UDIM atlas (Ivar): 1 tiles -> 2048x2048 (1x1 grid, tile 2048x2048)
[2026-03-15T19:38:44Z INFO  bif_core::texture] Texture chemistry_bottle03_proxyTexture.jpg (512x512): decode=8.6ms, convert=0.7ms, linear=1.7ms, total=11.0ms
[2026-03-15T19:38:44Z INFO  bif_core::texture] Texture chemistry_bottle03_BaseColor.1001.jpg (2048x2048): decode=33.8ms, convert=13.8ms, linear=35.4ms, total=83.0ms
[2026-03-15T19:38:45Z INFO  bif_core::texture] UDIM atlas (Ivar): 1 tiles -> 2048x2048 (1x1 grid, tile 2048x2048)
[2026-03-15T19:38:55Z INFO  bif_core::texture] UDIM atlas (Ivar): 1 tiles -> 2048x2048 (1x1 grid, tile 2048x2048)
[2026-03-15T19:38:55Z INFO  bif_core::texture] UDIM atlas (Ivar): 1 tiles -> 2048x2048 (1x1 grid, tile 2048x2048)
[2026-03-15T19:38:55Z INFO  bif_core::texture] Texture chemistry_flask_stand01_proxyTexture.jpg (512x512): decode=10.2ms, convert=0.7ms, linear=1.2ms, total=12.1ms
[2026-03-15T19:38:55Z INFO  bif_core::texture] Texture chemistry_flask_stand01_BaseColor.1001.jpg (2048x2048): decode=44.9ms, convert=9.2ms, linear=19.5ms, total=73.6ms
[2026-03-15T19:38:55Z INFO  bif_core::texture] Texture chemistry_flask_stand01_BaseColor.1002.jpg (2048x2048): decode=29.9ms, convert=11.5ms, linear=30.1ms, total=71.5ms
[2026-03-15T19:38:55Z INFO  bif_core::texture] Texture chemistry_flask_stand01_BaseColor.1003.jpg (2048x2048): decode=58.2ms, convert=12.0ms, linear=31.2ms, total=101.4ms
[2026-03-15T19:38:55Z INFO  bif_core::texture] UDIM atlas (Ivar): 3 tiles -> 6144x2048 (3x1 grid, tile 2048x2048)
[2026-03-15T19:38:56Z INFO  bif_core::texture] UDIM atlas (Ivar): 3 tiles -> 6144x2048 (3x1 grid, tile 2048x2048)
[2026-03-15T19:38:56Z INFO  bif_core::texture] UDIM atlas (Ivar): 3 tiles -> 6144x2048 (3x1 grid, tile 2048x2048)
[2026-03-15T19:38:56Z INFO  bif_core::texture] Texture chemistry_kipps_apparatus01_proxyTexture.jpg (512x512): decode=11.2ms, convert=0.8ms, linear=2.4ms, total=14.5ms
[2026-03-15T19:38:57Z INFO  bif_core::texture] Texture chemistry_kipps_apparatus01_BaseColor.1001.jpg (2048x2048): decode=32.5ms, convert=11.1ms, linear=28.1ms, total=71.8ms
[2026-03-15T19:38:57Z INFO  bif_core::texture] Texture chemistry_kipps_apparatus01_BaseColor.1002.jpg (2048x2048): decode=67.1ms, convert=9.2ms, linear=19.8ms, total=96.1ms
[2026-03-15T19:38:57Z INFO  bif_core::texture] Texture chemistry_kipps_apparatus01_BaseColor.1003.jpg (2048x2048): decode=25.1ms, convert=9.2ms, linear=25.7ms, total=60.0ms
[2026-03-15T19:38:57Z INFO  bif_core::texture] UDIM atlas (Ivar): 3 tiles -> 6144x2048 (3x1 grid, tile 2048x2048)
[2026-03-15T19:38:57Z INFO  bif_core::texture] UDIM atlas (Ivar): 3 tiles -> 6144x2048 (3x1 grid, tile 2048x2048)
[2026-03-15T19:38:58Z INFO  bif_core::texture] UDIM atlas (Ivar): 3 tiles -> 6144x2048 (3x1 grid, tile 2048x2048)
[2026-03-15T19:38:58Z INFO  bif_core::texture] Texture chemistry_microscope01_proxyTexture.jpg (512x512): decode=11.5ms, convert=0.6ms, linear=1.2ms, total=13.3ms
[2026-03-15T19:38:58Z INFO  bif_core::texture] Texture chemistry_microscope01_BaseColor.1001.jpg (2048x2048): decode=47.6ms, convert=9.5ms, linear=19.8ms, total=76.8ms
[2026-03-15T19:38:58Z INFO  bif_core::texture] Texture chemistry_microscope01_BaseColor.1002.jpg (2048x2048): decode=55.3ms, convert=12.4ms, linear=28.8ms, total=96.5ms
[2026-03-15T19:38:58Z INFO  bif_core::texture] Texture chemistry_microscope01_BaseColor.1003.jpg (2048x2048): decode=30.3ms, convert=11.7ms, linear=29.0ms, total=71.0ms
[2026-03-15T19:38:58Z INFO  bif_core::texture] Texture chemistry_microscope01_BaseColor.1011.jpg (2048x2048): decode=36.0ms, convert=11.2ms, linear=27.4ms, total=74.6ms
[2026-03-15T19:38:59Z INFO  bif_core::texture] Texture chemistry_microscope01_BaseColor.1012.jpg (2048x2048): decode=36.3ms, convert=9.5ms, linear=23.0ms, total=68.7ms
[2026-03-15T19:38:59Z INFO  bif_core::texture] UDIM atlas (Ivar): 5 tiles -> 6144x4096 (3x2 grid, tile 2048x2048)
[2026-03-15T19:38:59Z INFO  bif_core::texture] UDIM atlas (Ivar): 5 tiles -> 6144x4096 (3x2 grid, tile 2048x2048)
[2026-03-15T19:39:00Z INFO  bif_core::texture] UDIM atlas (Ivar): 5 tiles -> 6144x4096 (3x2 grid, tile 2048x2048)
[2026-03-15T19:39:01Z INFO  bif_core::texture] UDIM atlas (Ivar): 5 tiles -> 6144x4096 (3x2 grid, tile 2048x2048)
[2026-03-15T19:39:01Z INFO  bif_core::texture] Texture decor_foam_hand01_proxyTexture.jpg (512x512): decode=7.5ms, convert=0.6ms, linear=1.3ms, total=9.5ms
[2026-03-15T19:39:01Z INFO  bif_core::texture] Texture BakedDiffuse_porc_hand.1001.jpg (2048x2048): decode=32.1ms, convert=9.2ms, linear=21.5ms, total=62.8ms
[2026-03-15T19:39:01Z INFO  bif_core::texture] Texture BakedDiffuse_porc_hand.1002.jpg (2048x2048): decode=30.1ms, convert=9.3ms, linear=19.2ms, total=58.6ms
[2026-03-15T19:39:01Z INFO  bif_core::texture] UDIM atlas (Ivar): 2 tiles -> 4096x2048 (2x1 grid, tile 2048x2048)
[2026-03-15T19:39:01Z INFO  bif_core::texture] Texture decor_helmet_head01_proxyTexture.jpg (512x512): decode=11.3ms, convert=0.6ms, linear=1.2ms, total=13.1ms
[2026-03-15T19:39:01Z INFO  bif_core::texture] Texture decor_helmet_head01_BaseColor.1001.jpg (2048x2048): decode=65.3ms, convert=10.5ms, linear=19.2ms, total=95.0ms
[2026-03-15T19:39:01Z INFO  bif_core::texture] Texture decor_helmet_head01_BaseColor.1002.jpg (2048x2048): decode=55.0ms, convert=11.3ms, linear=31.1ms, total=97.4ms
[2026-03-15T19:39:02Z INFO  bif_core::texture] UDIM atlas (Ivar): 2 tiles -> 4096x2048 (2x1 grid, tile 2048x2048)
[2026-03-15T19:39:02Z INFO  bif_core::texture] UDIM atlas (Ivar): 2 tiles -> 4096x2048 (2x1 grid, tile 2048x2048)
[2026-03-15T19:39:02Z INFO  bif_core::texture] UDIM atlas (Ivar): 2 tiles -> 4096x2048 (2x1 grid, tile 2048x2048)
[2026-03-15T19:39:03Z INFO  bif_core::texture] UDIM atlas (Ivar): 2 tiles -> 4096x2048 (2x1 grid, tile 2048x2048)
[2026-03-15T19:39:03Z INFO  bif_core::texture] Texture decor_wooden_box01_proxyTexture.jpg (512x512): decode=12.3ms, convert=0.7ms, linear=1.4ms, total=14.3ms
[2026-03-15T19:39:03Z INFO  bif_core::texture] Texture decor_wooden_box01_BaseColor.1001.jpg (2048x2048): decode=64.4ms, convert=9.1ms, linear=19.5ms, total=93.0ms
[2026-03-15T19:39:03Z INFO  bif_core::texture] Texture decor_wooden_box01_BaseColor.1002.jpg (2048x2048): decode=61.6ms, convert=9.3ms, linear=19.0ms, total=89.9ms
[2026-03-15T19:39:03Z INFO  bif_core::texture] Texture decor_wooden_box01_BaseColor.1003.jpg (2048x2048): decode=45.5ms, convert=9.4ms, linear=19.7ms, total=74.6ms
[2026-03-15T19:39:03Z INFO  bif_core::texture] Texture decor_wooden_box01_BaseColor.1011.jpg (2048x2048): decode=70.7ms, convert=12.2ms, linear=25.2ms, total=108.1ms
[2026-03-15T19:39:03Z INFO  bif_core::texture] Texture decor_wooden_box01_BaseColor.1012.jpg (2048x2048): decode=31.9ms, convert=15.6ms, linear=21.8ms, total=69.3ms
[2026-03-15T19:39:03Z INFO  bif_core::texture] Texture decor_wooden_box01_BaseColor.1013.jpg (2048x2048): decode=51.1ms, convert=10.8ms, linear=27.1ms, total=89.0ms
[2026-03-15T19:39:04Z INFO  bif_core::texture] UDIM atlas (Ivar): 6 tiles -> 6144x4096 (3x2 grid, tile 2048x2048)
[2026-03-15T19:39:04Z INFO  bif_core::texture] UDIM atlas (Ivar): 6 tiles -> 6144x4096 (3x2 grid, tile 2048x2048)
[2026-03-15T19:39:05Z INFO  bif_core::texture] UDIM atlas (Ivar): 6 tiles -> 6144x4096 (3x2 grid, tile 2048x2048)
[2026-03-15T19:39:05Z INFO  bif_core::texture] Texture electronics_audio_generator01_proxyTexture.jpg (512x512): decode=8.5ms, convert=0.6ms, linear=1.2ms, total=10.4ms
[2026-03-15T19:39:05Z INFO  bif_core::texture] UDIM tiles capped 2048x2048 -> 1638x1638 for Ivar (5x2 grid)
[2026-03-15T19:39:06Z INFO  bif_core::texture] Texture electronics_audio_generator01_BaseColor.1001.jpg (2048x2048): decode=75.8ms, convert=9.3ms, linear=20.6ms, total=105.7ms
[2026-03-15T19:39:06Z INFO  bif_core::texture] Texture electronics_audio_generator01_BaseColor.1002.jpg (2048x2048): decode=46.2ms, convert=9.2ms, linear=21.4ms, total=76.8ms
[2026-03-15T19:39:06Z INFO  bif_core::texture] Texture electronics_audio_generator01_BaseColor.1003.jpg (2048x2048): decode=52.8ms, convert=10.7ms, linear=27.2ms, total=90.7ms
[2026-03-15T19:39:06Z INFO  bif_core::texture] Texture electronics_audio_generator01_BaseColor.1004.jpg (2048x2048): decode=36.1ms, convert=9.4ms, linear=19.5ms, total=65.1ms
[2026-03-15T19:39:06Z INFO  bif_core::texture] Texture electronics_audio_generator01_BaseColor.1005.jpg (2048x2048): decode=48.7ms, convert=9.3ms, linear=18.5ms, total=76.6ms
[2026-03-15T19:39:06Z INFO  bif_core::texture] Texture electronics_audio_generator01_BaseColor.1011.jpg (2048x2048): decode=48.2ms, convert=9.3ms, linear=18.9ms, total=76.4ms
[2026-03-15T19:39:06Z INFO  bif_core::texture] Texture electronics_audio_generator01_BaseColor.1012.jpg (2048x2048): decode=50.4ms, convert=9.1ms, linear=19.0ms, total=78.5ms
[2026-03-15T19:39:06Z INFO  bif_core::texture] Texture electronics_audio_generator01_BaseColor.1013.jpg (2048x2048): decode=53.9ms, convert=9.3ms, linear=19.7ms, total=82.9ms
[2026-03-15T19:39:07Z INFO  bif_core::texture] Texture electronics_audio_generator01_BaseColor.1014.jpg (2048x2048): decode=50.5ms, convert=10.1ms, linear=27.4ms, total=88.0ms
[2026-03-15T19:39:07Z INFO  bif_core::texture] UDIM atlas (Ivar): 9 tiles -> 8190x3276 (5x2 grid, tile 1638x1638)
[2026-03-15T19:39:07Z INFO  bif_viewport::render] Switched to Ivar mode - starting render
[2026-03-15T19:39:07Z INFO  bif_viewport::ivar_build] Starting background Ivar scene build: 914 instances, 2566649 tris/instance
[2026-03-15T19:39:07Z INFO  bif_viewport::ivar_build] Multi-prototype: using identity transform for Ivar (transforms baked into combined mesh)
[2026-03-15T19:39:07Z ERROR bif_viewport::ivar_build] Cannot start Ivar render: no scene
[2026-03-15T19:39:07Z INFO  bif_viewport::ivar_build] Background thread: Building Embree scene (2566649 tris, 1640725 shared verts, 1 instances)...
[2026-03-15T19:39:07Z INFO  bif_core::texture] Texture furniture_workbench01_proxyTexture.jpg (512x512): decode=11.1ms, convert=0.6ms, linear=1.3ms, total=13.0ms
[2026-03-15T19:39:07Z INFO  bif_core::texture] UDIM tiles capped 2048x2048 -> 1638x1638 for Ivar (5x2 grid)
[2026-03-15T19:39:07Z INFO  bif_core::texture] Texture furniture_workbench01_BaseColor.1001.jpg (2048x2048): decode=53.4ms, convert=10.2ms, linear=22.5ms, total=86.1ms
[2026-03-15T19:39:07Z INFO  bif_core::texture] Texture furniture_workbench01_BaseColor.1002.jpg (2048x2048): decode=59.2ms, convert=10.6ms, linear=26.0ms, total=95.8ms
[2026-03-15T19:39:07Z INFO  bif_core::texture] Texture furniture_workbench01_BaseColor.1003.jpg (2048x2048): decode=59.8ms, convert=9.8ms, linear=23.5ms, total=93.1ms
[2026-03-15T19:39:07Z INFO  bif_core::texture] Texture furniture_workbench01_BaseColor.1004.jpg (2048x2048): decode=59.5ms, convert=10.1ms, linear=22.1ms, total=91.7ms
[2026-03-15T19:39:08Z INFO  bif_core::texture] Texture furniture_workbench01_BaseColor.1011.jpg (2048x2048): decode=61.9ms, convert=9.6ms, linear=26.9ms, total=98.5ms
[2026-03-15T19:39:08Z INFO  bif_core::texture] Texture furniture_workbench01_BaseColor.1012.jpg (2048x2048): decode=68.6ms, convert=10.6ms, linear=29.1ms, total=108.2ms
[2026-03-15T19:39:08Z INFO  bif_core::texture] Texture furniture_workbench01_BaseColor.1013.jpg (2048x2048): decode=67.3ms, convert=10.8ms, linear=23.0ms, total=101.1ms
[2026-03-15T19:39:08Z INFO  bif_core::texture] Texture furniture_workbench01_BaseColor.1014.jpg (2048x2048): decode=60.9ms, convert=10.0ms, linear=23.2ms, total=94.1ms
[2026-03-15T19:39:08Z INFO  bif_core::texture] UDIM atlas (Ivar): 9 tiles -> 8190x3276 (5x2 grid, tile 1638x1638)
[2026-03-15T19:39:08Z INFO  bif_core::texture] Texture furniture_workbench01_BaseColor.1021.jpg (2048x2048): decode=54.9ms, convert=9.2ms, linear=19.7ms, total=83.7ms
[2026-03-15T19:39:08Z INFO  bif_core::texture] UDIM tiles capped 2048x2048 -> 1638x1638 for Ivar (5x2 grid)
[2026-03-15T19:39:08Z INFO  bif_core::texture] Texture furniture_workbench01_BaseColor.1022.jpg (2048x2048): decode=54.2ms, convert=9.6ms, linear=20.4ms, total=84.2ms
[2026-03-15T19:39:08Z INFO  bif_core::texture] Texture furniture_workbench01_BaseColor.1023.jpg (2048x2048): decode=32.8ms, convert=10.0ms, linear=22.3ms, total=65.0ms
[2026-03-15T19:39:09Z INFO  bif_core::texture] Texture furniture_workbench01_BaseColor.1024.jpg (2048x2048): decode=32.3ms, convert=12.0ms, linear=22.7ms, total=67.1ms
[2026-03-15T19:39:09Z INFO  bif_core::texture] UDIM atlas (Ivar): 12 tiles -> 8192x6144 (4x3 grid, tile 2048x2048)
[2026-03-15T19:39:09Z INFO  bif_core::texture] UDIM atlas (Ivar): 9 tiles -> 8190x3276 (5x2 grid, tile 1638x1638)
[2026-03-15T19:39:09Z INFO  bif_core::texture] UDIM tiles capped 2048x2048 -> 1638x1638 for Ivar (5x2 grid)
[2026-03-15T19:39:10Z INFO  bif_core::texture] UDIM atlas (Ivar): 12 tiles -> 8192x6144 (4x3 grid, tile 2048x2048)
[2026-03-15T19:39:11Z INFO  bif_core::texture] UDIM atlas (Ivar): 9 tiles -> 8190x3276 (5x2 grid, tile 1638x1638)
[2026-03-15T19:39:11Z INFO  bif_core::texture] Texture electronics_tesla_coil01_proxyTexture.jpg (512x512): decode=17.2ms, convert=0.6ms, linear=1.4ms, total=19.3ms
[2026-03-15T19:39:11Z INFO  bif_core::texture] UDIM tiles capped 2048x2048 -> 1638x1638 for Ivar (5x2 grid)
[2026-03-15T19:39:11Z INFO  bif_core::texture] Texture electronics_tesla_coil01_BaseColor.1001.jpg (2048x2048): decode=64.5ms, convert=9.8ms, linear=23.5ms, total=97.8ms
[2026-03-15T19:39:11Z INFO  bif_core::texture] Texture electronics_tesla_coil01_BaseColor.1002.jpg (2048x2048): decode=87.8ms, convert=11.4ms, linear=28.7ms, total=127.9ms
[2026-03-15T19:39:11Z INFO  bif_core::texture] Texture electronics_tesla_coil01_BaseColor.1003.jpg (2048x2048): decode=61.6ms, convert=11.1ms, linear=26.6ms, total=99.2ms
[2026-03-15T19:39:12Z INFO  bif_core::texture] Texture electronics_tesla_coil01_BaseColor.1004.jpg (2048x2048): decode=38.4ms, convert=10.6ms, linear=23.1ms, total=72.1ms
[2026-03-15T19:39:12Z INFO  bif_core::texture] Texture electronics_tesla_coil01_BaseColor.1005.jpg (2048x2048): decode=29.1ms, convert=11.1ms, linear=26.4ms, total=66.6ms
[2026-03-15T19:39:12Z INFO  bif_core::texture] Texture electronics_tesla_coil01_BaseColor.1011.jpg (2048x2048): decode=64.1ms, convert=12.5ms, linear=28.2ms, total=104.8ms
[2026-03-15T19:39:12Z INFO  bif_core::texture] Texture electronics_tesla_coil01_BaseColor.1012.jpg (2048x2048): decode=75.0ms, convert=10.5ms, linear=35.0ms, total=120.6ms
[2026-03-15T19:39:12Z INFO  bif_core::texture] Texture electronics_tesla_coil01_BaseColor.1013.jpg (2048x2048): decode=49.3ms, convert=12.0ms, linear=35.3ms, total=96.6ms
[2026-03-15T19:39:12Z INFO  bif_core::texture] UDIM atlas (Ivar): 12 tiles -> 8192x6144 (4x3 grid, tile 2048x2048)
[2026-03-15T19:39:12Z INFO  bif_core::texture] Texture electronics_oscilloscope01_proxyTexture.jpg (512x512): decode=10.9ms, convert=0.8ms, linear=1.8ms, total=13.5ms
[2026-03-15T19:39:12Z INFO  bif_core::texture] Texture electronics_tesla_coil01_BaseColor.1014.jpg (2048x2048): decode=33.9ms, convert=11.5ms, linear=29.8ms, total=75.2ms
[2026-03-15T19:39:12Z INFO  bif_core::texture] UDIM atlas (Ivar): 9 tiles -> 8190x3276 (5x2 grid, tile 1638x1638)
[2026-03-15T19:39:13Z INFO  bif_core::texture] Texture electronics_oscilloscope01_BaseColor.1001.jpg (2048x2048): decode=51.8ms, convert=9.2ms, linear=19.5ms, total=80.4ms
[2026-03-15T19:39:13Z INFO  bif_core::texture] UDIM tiles capped 2048x2048 -> 1638x1638 for Ivar (5x2 grid)
[2026-03-15T19:39:13Z INFO  bif_core::texture] Texture electronics_oscilloscope01_BaseColor.1002.jpg (2048x2048): decode=48.0ms, convert=11.3ms, linear=25.7ms, total=85.0ms
[2026-03-15T19:39:13Z INFO  bif_core::texture] Texture electronics_oscilloscope01_BaseColor.1003.jpg (2048x2048): decode=58.7ms, convert=11.3ms, linear=26.7ms, total=96.7ms
[2026-03-15T19:39:13Z INFO  bif_core::texture] Texture electronics_oscilloscope01_BaseColor.1004.jpg (2048x2048): decode=47.7ms, convert=10.8ms, linear=26.0ms, total=84.4ms
[2026-03-15T19:39:13Z INFO  bif_core::texture] Texture electronics_oscilloscope01_BaseColor.1011.jpg (2048x2048): decode=60.9ms, convert=11.5ms, linear=27.4ms, total=99.8ms
[2026-03-15T19:39:13Z INFO  bif_core::texture] Texture electronics_oscilloscope01_BaseColor.1012.jpg (2048x2048): decode=38.6ms, convert=10.8ms, linear=29.9ms, total=79.3ms
[2026-03-15T19:39:13Z INFO  bif_core::texture] Texture electronics_oscilloscope01_BaseColor.1013.jpg (2048x2048): decode=37.2ms, convert=11.0ms, linear=27.3ms, total=75.5ms
[2026-03-15T19:39:13Z INFO  bif_core::texture] Texture electronics_oscilloscope01_BaseColor.1014.jpg (2048x2048): decode=61.2ms, convert=11.9ms, linear=28.1ms, total=101.1ms
[2026-03-15T19:39:14Z INFO  bif_core::texture] Texture electronics_oscilloscope01_BaseColor.1021.jpg (2048x2048): decode=35.6ms, convert=11.4ms, linear=25.9ms, total=72.9ms
[2026-03-15T19:39:14Z INFO  bif_core::texture] Texture electronics_oscilloscope01_BaseColor.1022.jpg (2048x2048): decode=49.3ms, convert=11.7ms, linear=31.7ms, total=92.6ms
[2026-03-15T19:39:14Z INFO  bif_core::texture] UDIM atlas (Ivar): 9 tiles -> 8190x3276 (5x2 grid, tile 1638x1638)
[2026-03-15T19:39:14Z INFO  bif_core::texture] Texture electronics_oscilloscope01_BaseColor.1023.jpg (2048x2048): decode=50.2ms, convert=11.8ms, linear=34.4ms, total=96.4ms
[2026-03-15T19:39:14Z INFO  bif_core::texture] Texture electronics_oscilloscope01_BaseColor.1024.jpg (2048x2048): decode=56.0ms, convert=10.7ms, linear=26.3ms, total=93.0ms
[2026-03-15T19:39:14Z INFO  bif_core::texture] UDIM tiles capped 2048x2048 -> 1638x1638 for Ivar (5x2 grid)
[2026-03-15T19:39:14Z INFO  bif_core::texture] UDIM atlas (Ivar): 12 tiles -> 8192x6144 (4x3 grid, tile 2048x2048)
[2026-03-15T19:39:15Z INFO  bif_core::texture] UDIM atlas (Ivar): 9 tiles -> 8190x3276 (5x2 grid, tile 1638x1638)
[2026-03-15T19:39:15Z INFO  bif_core::texture] UDIM tiles capped 2048x2048 -> 1638x1638 for Ivar (5x2 grid)
[2026-03-15T19:39:16Z INFO  bif_core::texture] UDIM atlas (Ivar): 12 tiles -> 8192x6144 (4x3 grid, tile 2048x2048)
[2026-03-15T19:39:17Z INFO  bif_core::texture] UDIM atlas (Ivar): 9 tiles -> 8190x3276 (5x2 grid, tile 1638x1638)
[2026-03-15T19:39:17Z INFO  bif_core::texture] Texture electronics_turntable01_proxyTexture.jpg (512x512): decode=9.7ms, convert=0.7ms, linear=2.9ms, total=13.4ms
[2026-03-15T19:39:17Z INFO  bif_core::texture] UDIM tiles capped 2048x2048 -> 1638x1638 for Ivar (5x2 grid)
[2026-03-15T19:39:17Z INFO  bif_core::texture] Texture electronics_turntable01_BaseColor.1001.jpg (2048x2048): decode=35.0ms, convert=11.7ms, linear=29.1ms, total=75.8ms
[2026-03-15T19:39:17Z INFO  bif_core::texture] Texture electronics_turntable01_BaseColor.1002.jpg (2048x2048): decode=37.3ms, convert=11.8ms, linear=27.9ms, total=77.1ms
[2026-03-15T19:39:17Z INFO  bif_core::texture] Texture electronics_turntable01_BaseColor.1003.jpg (2048x2048): decode=78.8ms, convert=11.9ms, linear=29.8ms, total=120.5ms
[2026-03-15T19:39:17Z INFO  bif_core::texture] UDIM atlas (Ivar): 12 tiles -> 8192x6144 (4x3 grid, tile 2048x2048)
[2026-03-15T19:39:17Z INFO  bif_core::texture] Texture electronics_turntable01_BaseColor.1004.jpg (2048x2048): decode=43.9ms, convert=13.5ms, linear=23.9ms, total=81.3ms
[2026-03-15T19:39:18Z INFO  bif_core::texture] Texture electronics_turntable01_BaseColor.1005.jpg (2048x2048): decode=30.9ms, convert=10.8ms, linear=26.3ms, total=68.0ms
[2026-03-15T19:39:18Z INFO  bif_core::texture] Texture electronics_turntable01_BaseColor.1011.jpg (2048x2048): decode=38.5ms, convert=11.0ms, linear=31.2ms, total=80.8ms
[2026-03-15T19:39:18Z INFO  bif_core::texture] Texture electronics_turntable01_BaseColor.1012.jpg (2048x2048): decode=43.9ms, convert=12.8ms, linear=34.4ms, total=91.1ms
[2026-03-15T19:39:18Z INFO  bif_core::texture] Texture electronics_turntable01_BaseColor.1013.jpg (2048x2048): decode=61.2ms, convert=11.1ms, linear=27.1ms, total=99.4ms
[2026-03-15T19:39:18Z INFO  bif_core::texture] Texture electronics_turntable01_BaseColor.1014.jpg (2048x2048): decode=43.6ms, convert=11.3ms, linear=25.8ms, total=80.7ms
[2026-03-15T19:39:18Z INFO  bif_core::texture] UDIM atlas (Ivar): 9 tiles -> 8190x3276 (5x2 grid, tile 1638x1638)
[2026-03-15T19:39:18Z INFO  bif_core::texture] UDIM tiles capped 2048x2048 -> 1638x1638 for Ivar (5x2 grid)
[2026-03-15T19:39:19Z INFO  bif_core::texture] UDIM atlas (Ivar): 12 tiles -> 8192x6144 (4x3 grid, tile 2048x2048)
[2026-03-15T19:39:19Z INFO  bif_core::texture] Texture electronics_portable_tv01_proxyTexture.jpg (512x512): decode=9.6ms, convert=0.8ms, linear=1.6ms, total=12.0ms
[2026-03-15T19:39:19Z INFO  bif_core::texture] UDIM tiles capped 2048x2048 -> 1638x1638 for Ivar (5x3 grid)
[2026-03-15T19:39:19Z INFO  bif_core::texture] Texture electronics_portable_tv01_BaseColor.1001.jpg (2048x2048): decode=48.9ms, convert=11.9ms, linear=29.5ms, total=90.2ms
[2026-03-15T19:39:20Z INFO  bif_core::texture] Texture electronics_portable_tv01_BaseColor.1002.jpg (2048x2048): decode=28.7ms, convert=11.3ms, linear=28.0ms, total=68.0ms
[2026-03-15T19:39:20Z INFO  bif_core::texture] Texture electronics_portable_tv01_BaseColor.1003.jpg (2048x2048): decode=36.2ms, convert=11.0ms, linear=26.7ms, total=73.9ms
[2026-03-15T19:39:20Z INFO  bif_core::texture] UDIM atlas (Ivar): 9 tiles -> 8190x3276 (5x2 grid, tile 1638x1638)
[2026-03-15T19:39:20Z INFO  bif_core::texture] Texture electronics_portable_tv01_BaseColor.1004.jpg (2048x2048): decode=61.0ms, convert=11.0ms, linear=25.8ms, total=97.8ms
[2026-03-15T19:39:20Z INFO  bif_core::texture] UDIM tiles capped 2048x2048 -> 1638x1638 for Ivar (5x2 grid)
[2026-03-15T19:39:20Z INFO  bif_core::texture] Texture electronics_portable_tv01_BaseColor.1005.jpg (2048x2048): decode=27.5ms, convert=10.4ms, linear=29.0ms, total=66.9ms
[2026-03-15T19:39:20Z INFO  bif_core::texture] Texture electronics_portable_tv01_BaseColor.1011.jpg (2048x2048): decode=45.4ms, convert=12.5ms, linear=27.7ms, total=85.6ms
[2026-03-15T19:39:20Z INFO  bif_core::texture] Texture electronics_portable_tv01_BaseColor.1012.jpg (2048x2048): decode=38.9ms, convert=11.2ms, linear=28.7ms, total=78.8ms
[2026-03-15T19:39:20Z INFO  bif_core::texture] Texture electronics_portable_tv01_BaseColor.1013.jpg (2048x2048): decode=36.8ms, convert=11.0ms, linear=32.8ms, total=80.7ms
[2026-03-15T19:39:21Z INFO  bif_core::texture] Texture electronics_portable_tv01_BaseColor.1014.jpg (2048x2048): decode=44.9ms, convert=11.8ms, linear=29.8ms, total=86.5ms
[2026-03-15T19:39:21Z INFO  bif_core::texture] Texture electronics_portable_tv01_BaseColor.1021.jpg (2048x2048): decode=44.2ms, convert=11.8ms, linear=30.9ms, total=86.9ms
[2026-03-15T19:39:21Z INFO  bif_core::texture] Texture electronics_portable_tv01_BaseColor.1022.jpg (2048x2048): decode=49.0ms, convert=12.1ms, linear=27.5ms, total=88.6ms
[2026-03-15T19:39:21Z INFO  bif_core::texture] Texture electronics_portable_tv01_BaseColor.1023.jpg (2048x2048): decode=36.5ms, convert=11.5ms, linear=29.7ms, total=77.7ms
[2026-03-15T19:39:21Z INFO  bif_core::texture] Texture electronics_portable_tv01_BaseColor.1024.jpg (2048x2048): decode=33.5ms, convert=11.8ms, linear=27.6ms, total=72.9ms
[2026-03-15T19:39:21Z INFO  bif_core::texture] UDIM atlas (Ivar): 9 tiles -> 8190x3276 (5x2 grid, tile 1638x1638)
[2026-03-15T19:39:21Z INFO  bif_core::texture] UDIM atlas (Ivar): 13 tiles -> 8190x4914 (5x3 grid, tile 1638x1638)
[2026-03-15T19:39:21Z INFO  bif_core::texture] Texture electronics_wire_spool01_proxyTexture.jpg (512x512): decode=7.8ms, convert=0.7ms, linear=2.0ms, total=10.5ms
[2026-03-15T19:39:22Z INFO  bif_core::texture] UDIM tiles capped 2048x2048 -> 1638x1638 for Ivar (5x3 grid)
[2026-03-15T19:39:22Z INFO  bif_core::texture] Texture electronics_wire_spool01_BaseColor.1001.jpg (2048x2048): decode=42.2ms, convert=10.0ms, linear=18.8ms, total=71.0ms
[2026-03-15T19:39:22Z INFO  bif_core::texture] Texture electronics_wire_spool01_BaseColor.1002.jpg (2048x2048): decode=75.1ms, convert=10.3ms, linear=26.1ms, total=111.5ms
[2026-03-15T19:39:22Z INFO  bif_core::texture] UDIM atlas (Ivar): 2 tiles -> 4096x2048 (2x1 grid, tile 2048x2048)
[2026-03-15T19:39:22Z INFO  bif_core::texture] UDIM atlas (Ivar): 2 tiles -> 4096x2048 (2x1 grid, tile 2048x2048)
[2026-03-15T19:39:22Z INFO  bif_core::texture] UDIM atlas (Ivar): 2 tiles -> 4096x2048 (2x1 grid, tile 2048x2048)
[2026-03-15T19:39:23Z INFO  bif_core::texture] UDIM atlas (Ivar): 2 tiles -> 4096x2048 (2x1 grid, tile 2048x2048)
[2026-03-15T19:39:23Z INFO  bif_core::texture] Texture furniture_blackboard01_proxyTexture.jpg (512x512): decode=8.9ms, convert=0.7ms, linear=1.6ms, total=11.3ms
[2026-03-15T19:39:23Z INFO  bif_core::texture] Texture furniture_blackboard01_BaseColor.1001.jpg (2048x2048): decode=68.4ms, convert=11.1ms, linear=27.9ms, total=107.3ms
[2026-03-15T19:39:23Z INFO  bif_core::texture] Texture furniture_blackboard01_BaseColor.1002.jpg (2048x2048): decode=61.8ms, convert=11.1ms, linear=26.4ms, total=99.4ms
[2026-03-15T19:39:23Z INFO  bif_core::texture] Texture furniture_blackboard01_BaseColor.1003.jpg (2048x2048): decode=29.2ms, convert=10.9ms, linear=28.1ms, total=68.2ms
[2026-03-15T19:39:24Z INFO  bif_core::texture] UDIM atlas (Ivar): 3 tiles -> 6144x2048 (3x1 grid, tile 2048x2048)
[2026-03-15T19:39:24Z INFO  bif_core::texture] UDIM atlas (Ivar): 13 tiles -> 8190x4914 (5x3 grid, tile 1638x1638)
[2026-03-15T19:39:24Z INFO  bif_core::texture] UDIM tiles capped 2048x2048 -> 1638x1638 for Ivar (5x3 grid)
[2026-03-15T19:39:24Z INFO  bif_core::texture] UDIM atlas (Ivar): 3 tiles -> 6144x2048 (3x1 grid, tile 2048x2048)
[2026-03-15T19:39:25Z INFO  bif_core::texture] UDIM atlas (Ivar): 3 tiles -> 6144x2048 (3x1 grid, tile 2048x2048)
[2026-03-15T19:39:25Z INFO  bif_core::texture] Texture furniture_shelving01_proxyTexture.jpg (512x512): decode=8.7ms, convert=0.9ms, linear=1.7ms, total=11.3ms
[2026-03-15T19:39:25Z INFO  bif_core::texture] Texture furniture_shelving01_BaseColor.1001.jpg (2048x2048): decode=52.9ms, convert=11.0ms, linear=27.2ms, total=91.1ms
[2026-03-15T19:39:25Z INFO  bif_core::texture] Texture furniture_shelving01_BaseColor.1002.jpg (2048x2048): decode=70.9ms, convert=11.5ms, linear=26.7ms, total=109.2ms
[2026-03-15T19:39:25Z INFO  bif_core::texture] UDIM atlas (Ivar): 2 tiles -> 4096x2048 (2x1 grid, tile 2048x2048)
[2026-03-15T19:39:25Z INFO  bif_core::texture] UDIM atlas (Ivar): 13 tiles -> 8190x4914 (5x3 grid, tile 1638x1638)
[2026-03-15T19:39:25Z INFO  bif_core::texture] UDIM atlas (Ivar): 2 tiles -> 4096x2048 (2x1 grid, tile 2048x2048)
[2026-03-15T19:39:26Z INFO  bif_core::texture] UDIM tiles capped 2048x2048 -> 1638x1638 for Ivar (5x3 grid)
[2026-03-15T19:39:26Z INFO  bif_core::texture] UDIM atlas (Ivar): 2 tiles -> 4096x2048 (2x1 grid, tile 2048x2048)
[2026-03-15T19:39:26Z INFO  bif_viewport] USD camera '/root/camera_ztl01_060/GEO/camera_main_srt/camera_M_default_render_cam_srt/camera_M_default_render_cam_srtBuffer/camera_M_render_cam' at frame 1200: pos=Vec3(160.12311, 225.0419, 379.38004), target=Vec3(157.5691, 222.11368, 370.16577), up=Vec3(-0.07821262, 0.9561668, -0.28218403)
[2026-03-15T19:39:26Z INFO  bif_core::texture] Texture stationary_crayon_box01_proxyTexture.jpg (512x512): decode=12.1ms, convert=0.8ms, linear=1.6ms, total=14.4ms
[2026-03-15T19:39:26Z INFO  bif_core::texture] Texture stationary_crayon_box01_BaseColor.1001.jpg (2048x2048): decode=95.9ms, convert=11.2ms, linear=53.0ms, total=160.1ms
[2026-03-15T19:39:27Z INFO  bif_core::texture] UDIM atlas (Ivar): 1 tiles -> 2048x2048 (1x1 grid, tile 2048x2048)
[2026-03-15T19:39:27Z INFO  bif_core::texture] UDIM atlas (Ivar): 1 tiles -> 2048x2048 (1x1 grid, tile 2048x2048)
[2026-03-15T19:39:27Z INFO  bif_core::texture] UDIM atlas (Ivar): 1 tiles -> 2048x2048 (1x1 grid, tile 2048x2048)
[2026-03-15T19:39:27Z INFO  bif_core::texture] Texture stationary_notepad01_proxyTexture.jpg (512x512): decode=12.4ms, convert=1.7ms, linear=4.2ms, total=18.3ms
[2026-03-15T19:39:27Z INFO  bif_core::texture] Texture stationary_notepad01_BaseColor.1001.jpg (2048x2048): decode=81.2ms, convert=15.3ms, linear=39.0ms, total=135.5ms
[2026-03-15T19:39:28Z INFO  bif_core::texture] Texture stationary_notepad01_BaseColor.1002.jpg (2048x2048): decode=56.3ms, convert=11.1ms, linear=33.3ms, total=100.7ms
[2026-03-15T19:39:28Z INFO  bif_core::texture] Texture stationary_notepad01_BaseColor.1003.jpg (2048x2048): decode=35.1ms, convert=12.1ms, linear=30.8ms, total=78.0ms
[2026-03-15T19:39:28Z INFO  bif_core::texture] UDIM atlas (Ivar): 3 tiles -> 6144x2048 (3x1 grid, tile 2048x2048)
[2026-03-15T19:39:29Z INFO  bif_core::texture] UDIM atlas (Ivar): 13 tiles -> 8190x4914 (5x3 grid, tile 1638x1638)
[2026-03-15T19:39:29Z INFO  bif_core::texture] Texture stationary_pencil01_proxyTexture.jpg (512x512): decode=12.0ms, convert=0.7ms, linear=2.3ms, total=15.0ms
[2026-03-15T19:39:29Z INFO  bif_core::texture] Texture stationary_pencil01_BaseColor.1001.jpg (2048x2048): decode=58.4ms, convert=14.5ms, linear=75.1ms, total=148.0ms
[2026-03-15T19:39:29Z INFO  bif_core::texture] UDIM atlas (Ivar): 1 tiles -> 2048x2048 (1x1 grid, tile 2048x2048)
[2026-03-15T19:39:29Z INFO  bif_core::texture] UDIM atlas (Ivar): 3 tiles -> 6144x2048 (3x1 grid, tile 2048x2048)
[2026-03-15T19:39:30Z INFO  bif_core::texture] UDIM atlas (Ivar): 1 tiles -> 2048x2048 (1x1 grid, tile 2048x2048)
[2026-03-15T19:39:30Z INFO  bif_core::texture] UDIM atlas (Ivar): 1 tiles -> 2048x2048 (1x1 grid, tile 2048x2048)
[2026-03-15T19:39:30Z INFO  bif_core::texture] Texture stationary_pencil02_proxyTexture.jpg (512x512): decode=8.2ms, convert=1.5ms, linear=4.0ms, total=13.8ms
[2026-03-15T19:39:30Z INFO  bif_core::texture] UDIM atlas (Ivar): 3 tiles -> 6144x2048 (3x1 grid, tile 2048x2048)
[2026-03-15T19:39:30Z INFO  bif_core::texture] Texture stationary_pencil02_BaseColor.1001.jpg (2048x2048): decode=70.7ms, convert=22.1ms, linear=54.1ms, total=146.9ms
[2026-03-15T19:39:30Z INFO  bif_core::texture] Texture stationary_paper01_proxyTexture.jpg (512x512): decode=13.0ms, convert=0.9ms, linear=2.0ms, total=15.8ms
[2026-03-15T19:39:30Z INFO  bif_core::texture] UDIM atlas (Ivar): 1 tiles -> 2048x2048 (1x1 grid, tile 2048x2048)
[2026-03-15T19:39:31Z INFO  bif_core::texture] Texture stationary_paper01_BaseColor.1001.jpg (2048x2048): decode=63.6ms, convert=10.1ms, linear=38.5ms, total=112.2ms
[2026-03-15T19:39:31Z INFO  bif_core::texture] UDIM atlas (Ivar): 1 tiles -> 2048x2048 (1x1 grid, tile 2048x2048)
[2026-03-15T19:39:31Z INFO  bif_core::texture] UDIM atlas (Ivar): 1 tiles -> 2048x2048 (1x1 grid, tile 2048x2048)
[2026-03-15T19:39:31Z INFO  bif_core::texture] UDIM atlas (Ivar): 1 tiles -> 2048x2048 (1x1 grid, tile 2048x2048)
[2026-03-15T19:39:31Z INFO  bif_core::texture] UDIM atlas (Ivar): 1 tiles -> 2048x2048 (1x1 grid, tile 2048x2048)
[2026-03-15T19:39:31Z INFO  bif_core::texture] Texture stationary_pencil03_proxyTexture.jpg (512x512): decode=5.8ms, convert=0.7ms, linear=1.5ms, total=8.0ms
[2026-03-15T19:39:31Z INFO  bif_core::texture] Texture stationary_pencil03_BaseColor.1001.jpg (2048x2048): decode=41.8ms, convert=11.3ms, linear=26.2ms, total=79.2ms
[2026-03-15T19:39:31Z INFO  bif_core::texture] UDIM atlas (Ivar): 1 tiles -> 2048x2048 (1x1 grid, tile 2048x2048)
[2026-03-15T19:39:31Z INFO  bif_core::texture] Texture stationary_paper02_proxyTexture.jpg (512x512): decode=12.4ms, convert=1.0ms, linear=1.8ms, total=15.2ms
[2026-03-15T19:39:31Z INFO  bif_core::texture] UDIM atlas (Ivar): 1 tiles -> 2048x2048 (1x1 grid, tile 2048x2048)
[2026-03-15T19:39:31Z INFO  bif_core::texture] Texture stationary_paper02_BaseColor.1001.jpg (2048x2048): decode=60.0ms, convert=12.1ms, linear=29.8ms, total=101.8ms
[2026-03-15T19:39:31Z INFO  bif_core::texture] UDIM atlas (Ivar): 1 tiles -> 2048x2048 (1x1 grid, tile 2048x2048)
[2026-03-15T19:39:31Z INFO  bif_core::texture] UDIM atlas (Ivar): 1 tiles -> 2048x2048 (1x1 grid, tile 2048x2048)
[2026-03-15T19:39:32Z INFO  bif_core::texture] UDIM atlas (Ivar): 1 tiles -> 2048x2048 (1x1 grid, tile 2048x2048)
[2026-03-15T19:39:32Z INFO  bif_core::texture] UDIM atlas (Ivar): 1 tiles -> 2048x2048 (1x1 grid, tile 2048x2048)
[2026-03-15T19:39:32Z INFO  bif_core::texture] Texture books_magazines01_proxyTexture.jpg (512x512): decode=13.4ms, convert=0.7ms, linear=1.6ms, total=15.7ms
[2026-03-15T19:39:32Z INFO  bif_core::texture] UDIM atlas (Ivar): 1 tiles -> 2048x2048 (1x1 grid, tile 2048x2048)
[2026-03-15T19:39:32Z INFO  bif_core::texture] Texture stationary_protractor_box01_proxyTexture.jpg (512x512): decode=10.9ms, convert=1.1ms, linear=2.2ms, total=14.3ms
[2026-03-15T19:39:32Z INFO  bif_core::texture] Texture books_magazines01_BaseColor.1001.jpg (2048x2048): decode=76.2ms, convert=14.8ms, linear=30.3ms, total=121.2ms
[2026-03-15T19:39:32Z INFO  bif_core::texture] Texture books_magazines01_BaseColor.1002.jpg (2048x2048): decode=75.4ms, convert=11.2ms, linear=25.7ms, total=112.3ms
[2026-03-15T19:39:32Z INFO  bif_core::texture] Texture stationary_protractor_box01_BaseColor.1001.jpg (2048x2048): decode=53.3ms, convert=10.7ms, linear=27.1ms, total=91.1ms
[2026-03-15T19:39:32Z INFO  bif_core::texture] Texture books_magazines01_BaseColor.1003.jpg (2048x2048): decode=77.5ms, convert=10.8ms, linear=34.3ms, total=122.6ms
[2026-03-15T19:39:32Z INFO  bif_core::texture] Texture stationary_protractor_box01_BaseColor.1002.jpg (2048x2048): decode=44.8ms, convert=11.5ms, linear=29.9ms, total=86.3ms
[2026-03-15T19:39:32Z INFO  bif_core::texture] Texture books_magazines01_BaseColor.1011.jpg (2048x2048): decode=65.7ms, convert=10.7ms, linear=31.4ms, total=107.9ms
[2026-03-15T19:39:32Z INFO  bif_core::texture] Texture stationary_protractor_box01_BaseColor.1011.jpg (2048x2048): decode=59.8ms, convert=11.6ms, linear=28.7ms, total=100.1ms
[2026-03-15T19:39:33Z INFO  bif_core::texture] Texture stationary_protractor_box01_BaseColor.1012.jpg (2048x2048): decode=28.4ms, convert=13.3ms, linear=28.3ms, total=70.1ms
[2026-03-15T19:39:33Z INFO  bif_core::texture] Texture books_magazines01_BaseColor.1012.jpg (2048x2048): decode=71.0ms, convert=12.0ms, linear=27.2ms, total=110.2ms
[2026-03-15T19:39:33Z INFO  bif_core::texture] UDIM atlas (Ivar): 4 tiles -> 4096x4096 (2x2 grid, tile 2048x2048)
[2026-03-15T19:39:33Z INFO  bif_core::texture] Texture books_magazines01_BaseColor.1013.jpg (2048x2048): decode=56.7ms, convert=11.0ms, linear=31.7ms, total=99.4ms
[2026-03-15T19:39:33Z INFO  bif_core::texture] UDIM atlas (Ivar): 6 tiles -> 6144x4096 (3x2 grid, tile 2048x2048)
[2026-03-15T19:39:33Z INFO  bif_viewport] USD camera '/root/camera_ztl01_140/GEO/camera_main_srt/camera_M_default_render_cam_srt/camera_M_default_render_cam_srtBuffer/camera_M_render_cam' at frame 1200: pos=Vec3(-96.95729, 109.58708, 42.84084), target=Vec3(-87.18138, 110.327866, 40.87035), up=Vec3(-0.07261765, 0.9972524, 0.014638722)
[2026-03-15T19:39:33Z INFO  bif_core::texture] UDIM atlas (Ivar): 4 tiles -> 4096x4096 (2x2 grid, tile 2048x2048)
[2026-03-15T19:39:34Z INFO  bif_core::texture] UDIM atlas (Ivar): 6 tiles -> 6144x4096 (3x2 grid, tile 2048x2048)
[2026-03-15T19:39:34Z INFO  bif_core::texture] UDIM atlas (Ivar): 4 tiles -> 4096x4096 (2x2 grid, tile 2048x2048)
[2026-03-15T19:39:34Z INFO  bif_core::texture] Texture stationary_set_square01_proxyTexture.jpg (512x512): decode=8.0ms, convert=0.8ms, linear=1.9ms, total=10.8ms
[2026-03-15T19:39:34Z INFO  bif_core::texture] Texture stationary_set_square01_BaseColor.1001.jpg (2048x2048): decode=42.4ms, convert=11.5ms, linear=26.9ms, total=80.8ms
[2026-03-15T19:39:34Z INFO  bif_core::texture] UDIM atlas (Ivar): 1 tiles -> 2048x2048 (1x1 grid, tile 2048x2048)
[2026-03-15T19:39:34Z INFO  bif_core::texture] UDIM atlas (Ivar): 1 tiles -> 2048x2048 (1x1 grid, tile 2048x2048)
[2026-03-15T19:39:35Z INFO  bif_core::texture] UDIM atlas (Ivar): 1 tiles -> 2048x2048 (1x1 grid, tile 2048x2048)
[2026-03-15T19:39:35Z INFO  bif_core::texture] Texture stationary_set_square02_proxyTexture.jpg (512x512): decode=7.4ms, convert=0.7ms, linear=2.1ms, total=10.3ms
[2026-03-15T19:39:35Z INFO  bif_core::texture] UDIM atlas (Ivar): 6 tiles -> 6144x4096 (3x2 grid, tile 2048x2048)
[2026-03-15T19:39:35Z INFO  bif_core::texture] Texture chemistry_beaker01_proxyTexture.jpg (512x512): decode=6.5ms, convert=0.7ms, linear=1.5ms, total=8.7ms
[2026-03-15T19:39:35Z INFO  bif_core::texture] Texture stationary_set_square02_BaseColor.1001.jpg (2048x2048): decode=34.6ms, convert=10.6ms, linear=26.2ms, total=71.4ms
[2026-03-15T19:39:35Z INFO  bif_core::texture] UDIM atlas (Ivar): 1 tiles -> 2048x2048 (1x1 grid, tile 2048x2048)
[2026-03-15T19:39:35Z INFO  bif_core::texture] Texture chemistry_beaker01_BaseColor.1001.jpg (2048x2048): decode=40.8ms, convert=10.7ms, linear=27.0ms, total=78.4ms
[2026-03-15T19:39:35Z INFO  bif_core::texture] UDIM atlas (Ivar): 1 tiles -> 2048x2048 (1x1 grid, tile 2048x2048)
[2026-03-15T19:39:35Z INFO  bif_core::texture] UDIM atlas (Ivar): 1 tiles -> 2048x2048 (1x1 grid, tile 2048x2048)
[2026-03-15T19:39:35Z INFO  bif_core::texture] UDIM atlas (Ivar): 1 tiles -> 2048x2048 (1x1 grid, tile 2048x2048)
[2026-03-15T19:39:35Z INFO  bif_core::texture] UDIM atlas (Ivar): 1 tiles -> 2048x2048 (1x1 grid, tile 2048x2048)
[2026-03-15T19:39:35Z INFO  bif_core::texture] Texture stationary_slide_rule01_proxyTexture.jpg (512x512): decode=9.6ms, convert=0.6ms, linear=1.2ms, total=11.4ms
[2026-03-15T19:39:36Z INFO  bif_core::texture] UDIM atlas (Ivar): 1 tiles -> 2048x2048 (1x1 grid, tile 2048x2048)
[2026-03-15T19:39:36Z INFO  bif_core::texture] Texture chemistry_beaker02_proxyTexture.jpg (512x512): decode=7.2ms, convert=0.7ms, linear=1.6ms, total=9.5ms
[2026-03-15T19:39:36Z INFO  bif_core::texture] Texture stationary_slide_rule01_BaseColor.1001.jpg (2048x2048): decode=48.5ms, convert=10.9ms, linear=27.7ms, total=87.1ms
[2026-03-15T19:39:36Z INFO  bif_core::texture] Texture chemistry_beaker02_BaseColor.1001.jpg (2048x2048): decode=42.3ms, convert=17.9ms, linear=26.2ms, total=86.3ms
[2026-03-15T19:39:36Z INFO  bif_core::texture] UDIM atlas (Ivar): 1 tiles -> 2048x2048 (1x1 grid, tile 2048x2048)
[2026-03-15T19:39:36Z INFO  bif_core::texture] Texture stationary_slide_rule01_BaseColor.1002.jpg (2048x2048): decode=84.2ms, convert=10.9ms, linear=26.4ms, total=121.6ms
[2026-03-15T19:39:36Z INFO  bif_core::texture] Texture stationary_slide_rule01_BaseColor.1003.jpg (2048x2048): decode=28.5ms, convert=10.6ms, linear=26.6ms, total=65.7ms
[2026-03-15T19:39:36Z INFO  bif_core::texture] UDIM atlas (Ivar): 3 tiles -> 6144x2048 (3x1 grid, tile 2048x2048)
[2026-03-15T19:39:36Z INFO  bif_core::texture] UDIM atlas (Ivar): 1 tiles -> 2048x2048 (1x1 grid, tile 2048x2048)
[2026-03-15T19:39:36Z INFO  bif_core::texture] UDIM atlas (Ivar): 1 tiles -> 2048x2048 (1x1 grid, tile 2048x2048)
[2026-03-15T19:39:36Z INFO  bif_core::texture] Texture chemistry_beaker03_proxyTexture.jpg (512x512): decode=8.1ms, convert=0.7ms, linear=1.5ms, total=10.2ms
[2026-03-15T19:39:36Z INFO  bif_core::texture] Texture chemistry_beaker03_BaseColor.1001.jpg (2048x2048): decode=43.7ms, convert=12.2ms, linear=42.4ms, total=98.3ms
[2026-03-15T19:39:37Z INFO  bif_core::texture] UDIM atlas (Ivar): 3 tiles -> 6144x2048 (3x1 grid, tile 2048x2048)
[2026-03-15T19:39:37Z INFO  bif_core::texture] UDIM atlas (Ivar): 1 tiles -> 2048x2048 (1x1 grid, tile 2048x2048)
[2026-03-15T19:39:37Z INFO  bif_core::texture] UDIM atlas (Ivar): 1 tiles -> 2048x2048 (1x1 grid, tile 2048x2048)
[2026-03-15T19:39:37Z INFO  bif_core::texture] UDIM atlas (Ivar): 1 tiles -> 2048x2048 (1x1 grid, tile 2048x2048)
[2026-03-15T19:39:37Z INFO  bif_core::texture] UDIM atlas (Ivar): 3 tiles -> 6144x2048 (3x1 grid, tile 2048x2048)
[2026-03-15T19:39:37Z INFO  bif_core::texture] Texture chemistry_beaker_rack01_proxyTexture.jpg (512x512): decode=9.5ms, convert=0.9ms, linear=1.8ms, total=12.1ms
[2026-03-15T19:39:37Z INFO  bif_core::texture] Texture toy_box01_proxyTexture.jpg (512x512): decode=8.2ms, convert=0.8ms, linear=1.9ms, total=10.9ms
[2026-03-15T19:39:37Z INFO  bif_core::texture] Texture toy_box01_BaseColor.1001.jpg (2048x2048): decode=55.7ms, convert=11.5ms, linear=31.2ms, total=98.4ms
[2026-03-15T19:39:37Z INFO  bif_core::texture] Texture chemistry_beaker_rack01_BaseColor.1001.jpg (2048x2048): decode=58.5ms, convert=11.6ms, linear=31.1ms, total=101.2ms
[2026-03-15T19:39:37Z INFO  bif_core::texture] UDIM atlas (Ivar): 1 tiles -> 2048x2048 (1x1 grid, tile 2048x2048)
[2026-03-15T19:39:37Z INFO  bif_core::texture] UDIM atlas (Ivar): 1 tiles -> 2048x2048 (1x1 grid, tile 2048x2048)
[2026-03-15T19:39:38Z INFO  bif_core::texture] UDIM atlas (Ivar): 1 tiles -> 2048x2048 (1x1 grid, tile 2048x2048)
[2026-03-15T19:39:38Z INFO  bif_core::texture] UDIM atlas (Ivar): 1 tiles -> 2048x2048 (1x1 grid, tile 2048x2048)
[2026-03-15T19:39:38Z INFO  bif_core::texture] UDIM atlas (Ivar): 1 tiles -> 2048x2048 (1x1 grid, tile 2048x2048)
[2026-03-15T19:39:38Z INFO  bif_core::texture] UDIM atlas (Ivar): 1 tiles -> 2048x2048 (1x1 grid, tile 2048x2048)
[2026-03-15T19:39:38Z INFO  bif_core::texture] Texture toy_box02_proxyTexture.jpg (512x512): decode=8.4ms, convert=0.7ms, linear=1.5ms, total=10.6ms
[2026-03-15T19:39:38Z INFO  bif_core::texture] UDIM atlas (Ivar): 1 tiles -> 2048x2048 (1x1 grid, tile 2048x2048)
[2026-03-15T19:39:38Z INFO  bif_core::texture] Texture toy_box02_BaseColor.1001.jpg (2048x2048): decode=71.1ms, convert=10.9ms, linear=28.0ms, total=110.0ms
[2026-03-15T19:39:38Z INFO  bif_core::texture] Texture chemistry_beaker_stand01_proxyTexture.jpg (512x512): decode=10.1ms, convert=0.8ms, linear=1.9ms, total=12.8ms
[2026-03-15T19:39:38Z INFO  bif_core::texture] UDIM atlas (Ivar): 1 tiles -> 2048x2048 (1x1 grid, tile 2048x2048)
[2026-03-15T19:39:38Z INFO  bif_core::texture] Texture chemistry_beaker_stand01_BaseColor.1001.jpg (2048x2048): decode=52.8ms, convert=13.1ms, linear=34.7ms, total=100.6ms
[2026-03-15T19:39:38Z INFO  bif_core::texture] UDIM atlas (Ivar): 1 tiles -> 2048x2048 (1x1 grid, tile 2048x2048)
[2026-03-15T19:39:38Z INFO  bif_core::texture] Texture chemistry_beaker_stand01_BaseColor.1002.jpg (2048x2048): decode=50.7ms, convert=10.7ms, linear=25.5ms, total=86.9ms
[2026-03-15T19:39:38Z INFO  bif_core::texture] UDIM atlas (Ivar): 2 tiles -> 4096x2048 (2x1 grid, tile 2048x2048)
[2026-03-15T19:39:39Z INFO  bif_core::texture] UDIM atlas (Ivar): 1 tiles -> 2048x2048 (1x1 grid, tile 2048x2048)
[2026-03-15T19:39:39Z INFO  bif_core::texture] Texture toy_box04_proxyTexture.jpg (512x512): decode=8.6ms, convert=0.7ms, linear=1.6ms, total=10.9ms
[2026-03-15T19:39:39Z INFO  bif_core::texture] Texture toy_box04_BaseColor.1001.jpg (2048x2048): decode=52.1ms, convert=12.0ms, linear=32.1ms, total=96.2ms
[2026-03-15T19:39:39Z INFO  bif_core::texture] UDIM atlas (Ivar): 1 tiles -> 2048x2048 (1x1 grid, tile 2048x2048)
[2026-03-15T19:39:39Z INFO  bif_core::texture] UDIM atlas (Ivar): 2 tiles -> 4096x2048 (2x1 grid, tile 2048x2048)
[2026-03-15T19:39:39Z INFO  bif_core::texture] UDIM atlas (Ivar): 1 tiles -> 2048x2048 (1x1 grid, tile 2048x2048)
[2026-03-15T19:39:39Z INFO  bif_core::texture] UDIM atlas (Ivar): 2 tiles -> 4096x2048 (2x1 grid, tile 2048x2048)
[2026-03-15T19:39:39Z INFO  bif_core::texture] UDIM atlas (Ivar): 1 tiles -> 2048x2048 (1x1 grid, tile 2048x2048)
[2026-03-15T19:39:39Z INFO  bif_core::texture] Texture books_encyclopedias01_proxyTexture.jpg (512x512): decode=9.6ms, convert=0.7ms, linear=1.5ms, total=11.9ms
[2026-03-15T19:39:40Z INFO  bif_core::texture] Texture books_encyclopedias01_BaseColor.1001.jpg (2048x2048): decode=79.6ms, convert=11.7ms, linear=28.7ms, total=120.1ms
[2026-03-15T19:39:40Z INFO  bif_core::texture] UDIM atlas (Ivar): 2 tiles -> 4096x2048 (2x1 grid, tile 2048x2048)
[2026-03-15T19:39:40Z INFO  bif_core::texture] Texture chemistry_bottle01_proxyTexture.jpg (512x512): decode=9.4ms, convert=0.7ms, linear=1.6ms, total=11.7ms
[2026-03-15T19:39:40Z INFO  bif_core::texture] Texture books_encyclopedias01_BaseColor.1002.jpg (2048x2048): decode=75.1ms, convert=10.7ms, linear=28.6ms, total=114.3ms
[2026-03-15T19:39:40Z INFO  bif_core::texture] Texture chemistry_bottle01_BaseColor.1001.jpg (2048x2048): decode=32.1ms, convert=10.9ms, linear=31.8ms, total=74.7ms
[2026-03-15T19:39:40Z INFO  bif_core::texture] UDIM atlas (Ivar): 1 tiles -> 2048x2048 (1x1 grid, tile 2048x2048)
[2026-03-15T19:39:40Z INFO  bif_core::texture] Texture books_encyclopedias01_BaseColor.1003.jpg (2048x2048): decode=60.7ms, convert=11.3ms, linear=24.8ms, total=96.7ms
[2026-03-15T19:39:40Z INFO  bif_core::texture] UDIM atlas (Ivar): 3 tiles -> 6144x2048 (3x1 grid, tile 2048x2048)
[2026-03-15T19:39:40Z INFO  bif_core::texture] UDIM atlas (Ivar): 1 tiles -> 2048x2048 (1x1 grid, tile 2048x2048)
[2026-03-15T19:39:40Z INFO  bif_core::texture] UDIM atlas (Ivar): 1 tiles -> 2048x2048 (1x1 grid, tile 2048x2048)
[2026-03-15T19:39:40Z INFO  bif_core::texture] Texture chemistry_bottle02_proxyTexture.jpg (512x512): decode=8.8ms, convert=0.9ms, linear=1.8ms, total=11.5ms
[2026-03-15T19:39:40Z INFO  bif_core::texture] UDIM atlas (Ivar): 3 tiles -> 6144x2048 (3x1 grid, tile 2048x2048)
[2026-03-15T19:39:41Z INFO  bif_core::texture] Texture chemistry_bottle02_BaseColor.1001.jpg (2048x2048): decode=30.5ms, convert=12.0ms, linear=26.6ms, total=69.0ms
[2026-03-15T19:39:41Z INFO  bif_core::texture] UDIM atlas (Ivar): 1 tiles -> 2048x2048 (1x1 grid, tile 2048x2048)
[2026-03-15T19:39:41Z INFO  bif_core::texture] UDIM atlas (Ivar): 1 tiles -> 2048x2048 (1x1 grid, tile 2048x2048)
[2026-03-15T19:39:41Z INFO  bif_core::texture] UDIM atlas (Ivar): 3 tiles -> 6144x2048 (3x1 grid, tile 2048x2048)
[2026-03-15T19:39:41Z INFO  bif_core::texture] Texture toy_box03_proxyTexture.jpg (512x512): decode=13.4ms, convert=0.7ms, linear=1.9ms, total=16.1ms
[2026-03-15T19:39:41Z INFO  bif_core::texture] UDIM atlas (Ivar): 1 tiles -> 2048x2048 (1x1 grid, tile 2048x2048)
[2026-03-15T19:39:41Z INFO  bif_core::texture] Texture chemistry_bottle03_proxyTexture.jpg (512x512): decode=9.2ms, convert=0.7ms, linear=1.5ms, total=11.4ms
[2026-03-15T19:39:41Z INFO  bif_core::texture] Texture chemistry_bottle03_BaseColor.1001.jpg (2048x2048): decode=30.3ms, convert=12.0ms, linear=30.2ms, total=72.5ms
[2026-03-15T19:39:41Z INFO  bif_core::texture] Texture toy_box03_BaseColor.1001.jpg (2048x2048): decode=78.3ms, convert=12.0ms, linear=33.2ms, total=123.6ms
[2026-03-15T19:39:41Z INFO  bif_core::texture] UDIM atlas (Ivar): 1 tiles -> 2048x2048 (1x1 grid, tile 2048x2048)
[2026-03-15T19:39:41Z INFO  bif_core::texture] Texture toy_box03_BaseColor.1002.jpg (2048x2048): decode=68.6ms, convert=11.0ms, linear=29.0ms, total=108.6ms
[2026-03-15T19:39:42Z INFO  bif_core::texture] UDIM atlas (Ivar): 1 tiles -> 2048x2048 (1x1 grid, tile 2048x2048)
[2026-03-15T19:39:42Z INFO  bif_core::texture] Texture toy_box03_BaseColor.1003.jpg (2048x2048): decode=75.9ms, convert=12.0ms, linear=27.5ms, total=115.4ms
[2026-03-15T19:39:42Z INFO  bif_core::texture] UDIM atlas (Ivar): 3 tiles -> 6144x2048 (3x1 grid, tile 2048x2048)
[2026-03-15T19:39:42Z INFO  bif_core::texture] UDIM atlas (Ivar): 1 tiles -> 2048x2048 (1x1 grid, tile 2048x2048)
[2026-03-15T19:39:42Z INFO  bif_core::texture] Texture chemistry_flask_stand01_proxyTexture.jpg (512x512): decode=10.1ms, convert=0.9ms, linear=1.6ms, total=12.6ms
[2026-03-15T19:39:42Z INFO  bif_core::texture] Texture chemistry_flask_stand01_BaseColor.1001.jpg (2048x2048): decode=48.0ms, convert=12.2ms, linear=28.2ms, total=88.4ms
[2026-03-15T19:39:42Z INFO  bif_core::texture] Texture chemistry_flask_stand01_BaseColor.1002.jpg (2048x2048): decode=29.5ms, convert=11.7ms, linear=30.3ms, total=71.4ms
[2026-03-15T19:39:42Z INFO  bif_core::texture] UDIM atlas (Ivar): 3 tiles -> 6144x2048 (3x1 grid, tile 2048x2048)
[2026-03-15T19:39:42Z INFO  bif_core::texture] Texture chemistry_flask_stand01_BaseColor.1003.jpg (2048x2048): decode=49.9ms, convert=10.8ms, linear=26.4ms, total=87.1ms
[2026-03-15T19:39:42Z INFO  bif_core::texture] UDIM atlas (Ivar): 3 tiles -> 6144x2048 (3x1 grid, tile 2048x2048)
[2026-03-15T19:39:43Z INFO  bif_core::texture] UDIM atlas (Ivar): 3 tiles -> 6144x2048 (3x1 grid, tile 2048x2048)
[2026-03-15T19:39:43Z INFO  bif_core::texture] Texture chemistry_magnetic_stirrer01_proxyTexture.jpg (512x512): decode=11.7ms, convert=0.9ms, linear=1.5ms, total=14.2ms
[2026-03-15T19:39:43Z INFO  bif_core::texture] UDIM atlas (Ivar): 3 tiles -> 6144x2048 (3x1 grid, tile 2048x2048)
[2026-03-15T19:39:43Z INFO  bif_core::texture] Texture chemistry_magnetic_stirrer01_BaseColor.1001.jpg (2048x2048): decode=52.1ms, convert=10.6ms, linear=24.8ms, total=87.5ms
[2026-03-15T19:39:43Z INFO  bif_core::texture] Texture chemistry_magnetic_stirrer01_BaseColor.1002.jpg (2048x2048): decode=53.2ms, convert=10.7ms, linear=26.1ms, total=90.0ms
[2026-03-15T19:39:43Z INFO  bif_viewport] USD camera '/root/camera_ztl01_150/GEO/camera_main_srt/camera_M_default_render_cam_srt/camera_M_default_render_cam_srtBuffer/camera_M_render_cam' at frame 1200: pos=Vec3(145.48636, 117.398384, 50.73795), target=Vec3(142.24985, 117.06106, 41.282196), up=Vec3(-0.0109244585, 0.999431, -0.031914715)
[2026-03-15T19:39:43Z INFO  bif_core::texture] Texture chemistry_magnetic_stirrer01_BaseColor.1011.jpg (2048x2048): decode=52.2ms, convert=11.5ms, linear=28.1ms, total=91.8ms
[2026-03-15T19:39:43Z INFO  bif_core::texture] UDIM atlas (Ivar): 3 tiles -> 4096x4096 (2x2 grid, tile 2048x2048)
[2026-03-15T19:39:43Z INFO  bif_core::texture] UDIM atlas (Ivar): 3 tiles -> 6144x2048 (3x1 grid, tile 2048x2048)
[2026-03-15T19:39:43Z INFO  bif_core::texture] Texture chemistry_kipps_apparatus01_proxyTexture.jpg (512x512): decode=11.4ms, convert=0.9ms, linear=2.3ms, total=14.5ms
[2026-03-15T19:39:44Z INFO  bif_core::texture] Texture chemistry_kipps_apparatus01_BaseColor.1001.jpg (2048x2048): decode=29.1ms, convert=11.0ms, linear=26.1ms, total=66.1ms
[2026-03-15T19:39:44Z INFO  bif_core::texture] Texture chemistry_kipps_apparatus01_BaseColor.1002.jpg (2048x2048): decode=70.6ms, convert=11.6ms, linear=26.5ms, total=108.7ms
[2026-03-15T19:39:44Z INFO  bif_core::texture] UDIM atlas (Ivar): 3 tiles -> 4096x4096 (2x2 grid, tile 2048x2048)
[2026-03-15T19:39:44Z INFO  bif_core::texture] Texture chemistry_kipps_apparatus01_BaseColor.1003.jpg (2048x2048): decode=30.6ms, convert=11.8ms, linear=26.9ms, total=69.3ms
[2026-03-15T19:39:44Z INFO  bif_core::texture] UDIM atlas (Ivar): 3 tiles -> 6144x2048 (3x1 grid, tile 2048x2048)
[2026-03-15T19:39:44Z INFO  bif_core::texture] UDIM atlas (Ivar): 3 tiles -> 4096x4096 (2x2 grid, tile 2048x2048)
[2026-03-15T19:39:44Z INFO  bif_core::texture] Texture chemistry_test_tube01_proxyTexture.jpg (512x512): decode=7.8ms, convert=0.8ms, linear=2.7ms, total=11.4ms
[2026-03-15T19:39:44Z INFO  bif_core::texture] UDIM atlas (Ivar): 3 tiles -> 6144x2048 (3x1 grid, tile 2048x2048)
[2026-03-15T19:39:45Z INFO  bif_core::texture] Texture chemistry_test_tube01_BaseColor.1001.jpg (2048x2048): decode=32.2ms, convert=10.6ms, linear=29.8ms, total=72.6ms
[2026-03-15T19:39:45Z INFO  bif_core::texture] UDIM atlas (Ivar): 1 tiles -> 2048x2048 (1x1 grid, tile 2048x2048)
[2026-03-15T19:39:45Z INFO  bif_core::texture] UDIM atlas (Ivar): 1 tiles -> 2048x2048 (1x1 grid, tile 2048x2048)
[2026-03-15T19:39:45Z INFO  bif_core::texture] UDIM atlas (Ivar): 3 tiles -> 6144x2048 (3x1 grid, tile 2048x2048)
[2026-03-15T19:39:45Z INFO  bif_core::texture] Texture chemistry_microscope01_proxyTexture.jpg (512x512): decode=10.0ms, convert=0.7ms, linear=1.6ms, total=12.3ms
[2026-03-15T19:39:45Z INFO  bif_core::texture] UDIM atlas (Ivar): 1 tiles -> 2048x2048 (1x1 grid, tile 2048x2048)
[2026-03-15T19:39:45Z INFO  bif_core::texture] Texture chemistry_test_tube02_proxyTexture.jpg (512x512): decode=8.8ms, convert=0.7ms, linear=1.5ms, total=11.0ms
[2026-03-15T19:39:45Z INFO  bif_core::texture] Texture chemistry_microscope01_BaseColor.1001.jpg (2048x2048): decode=51.8ms, convert=11.1ms, linear=30.7ms, total=93.6ms
[2026-03-15T19:39:45Z INFO  bif_core::texture] Texture chemistry_microscope01_BaseColor.1002.jpg (2048x2048): decode=62.0ms, convert=11.1ms, linear=27.1ms, total=100.2ms
[2026-03-15T19:39:45Z INFO  bif_core::texture] Texture chemistry_test_tube02_BaseColor.1001.jpg (2048x2048): decode=42.7ms, convert=11.1ms, linear=30.9ms, total=84.7ms
[2026-03-15T19:39:45Z INFO  bif_core::texture] UDIM atlas (Ivar): 1 tiles -> 2048x2048 (1x1 grid, tile 2048x2048)
[2026-03-15T19:39:46Z INFO  bif_core::texture] Texture chemistry_microscope01_BaseColor.1003.jpg (2048x2048): decode=29.5ms, convert=10.6ms, linear=25.8ms, total=65.9ms
[2026-03-15T19:39:46Z INFO  bif_core::texture] Texture chemistry_microscope01_BaseColor.1011.jpg (2048x2048): decode=35.8ms, convert=10.9ms, linear=28.6ms, total=75.3ms
[2026-03-15T19:39:46Z INFO  bif_core::texture] UDIM atlas (Ivar): 1 tiles -> 2048x2048 (1x1 grid, tile 2048x2048)
[2026-03-15T19:39:46Z INFO  bif_core::texture] Texture chemistry_microscope01_BaseColor.1012.jpg (2048x2048): decode=33.7ms, convert=11.7ms, linear=26.1ms, total=71.5ms
[2026-03-15T19:39:46Z INFO  bif_core::texture] UDIM atlas (Ivar): 5 tiles -> 6144x4096 (3x2 grid, tile 2048x2048)
[2026-03-15T19:39:46Z INFO  bif_core::texture] UDIM atlas (Ivar): 1 tiles -> 2048x2048 (1x1 grid, tile 2048x2048)
[2026-03-15T19:39:46Z INFO  bif_core::texture] Texture chemistry_test_tube03_proxyTexture.jpg (512x512): decode=7.9ms, convert=0.7ms, linear=1.5ms, total=10.2ms
[2026-03-15T19:39:46Z INFO  bif_core::texture] Texture chemistry_test_tube03_BaseColor.1001.jpg (2048x2048): decode=34.9ms, convert=10.7ms, linear=26.4ms, total=72.0ms
[2026-03-15T19:39:46Z INFO  bif_core::texture] UDIM atlas (Ivar): 1 tiles -> 2048x2048 (1x1 grid, tile 2048x2048)
[2026-03-15T19:39:46Z INFO  bif_core::texture] UDIM atlas (Ivar): 1 tiles -> 2048x2048 (1x1 grid, tile 2048x2048)
[2026-03-15T19:39:47Z INFO  bif_core::texture] UDIM atlas (Ivar): 5 tiles -> 6144x4096 (3x2 grid, tile 2048x2048)
[2026-03-15T19:39:47Z INFO  bif_core::texture] UDIM atlas (Ivar): 1 tiles -> 2048x2048 (1x1 grid, tile 2048x2048)
[2026-03-15T19:39:47Z INFO  bif_core::texture] Texture electronics_spoolrack_proxyTexture.jpg (512x512): decode=8.4ms, convert=0.7ms, linear=1.8ms, total=10.8ms
[2026-03-15T19:39:47Z INFO  bif_viewport] USD camera '/root/camera_ztl01_150/GEO/camera_main_srt/camera_M_default_render_cam_srt/camera_M_default_render_cam_srtBuffer/camera_M_render_cam' at frame 1202: pos=Vec3(145.39919, 117.398384, 50.609455), target=Vec3(142.16267, 117.06106, 41.1537), up=Vec3(-0.0109244585, 0.999431, -0.031914715)
[2026-03-15T19:39:47Z INFO  bif_core::texture] Texture electronics_spoolrack_BaseColor.1001.jpg (2048x2048): decode=129.1ms, convert=11.5ms, linear=27.3ms, total=167.9ms
[2026-03-15T19:39:47Z INFO  bif_viewport] USD camera '/root/camera_ztl01_150/GEO/camera_main_srt/camera_M_default_render_cam_srt/camera_M_default_render_cam_srtBuffer/camera_M_render_cam' at frame 1203: pos=Vec3(145.35559, 117.398384, 50.545208), target=Vec3(142.11908, 117.06106, 41.089455), up=Vec3(-0.0109244585, 0.999431, -0.031914715)
[2026-03-15T19:39:47Z INFO  bif_viewport] USD camera '/root/camera_ztl01_150/GEO/camera_main_srt/camera_M_default_render_cam_srt/camera_M_default_render_cam_srtBuffer/camera_M_render_cam' at frame 1205: pos=Vec3(145.2684, 117.398384, 50.416714), target=Vec3(142.03189, 117.06106, 40.96096), up=Vec3(-0.0109244585, 0.999431, -0.031914715)
[2026-03-15T19:39:47Z INFO  bif_viewport] USD camera '/root/camera_ztl01_150/GEO/camera_main_srt/camera_M_default_render_cam_srt/camera_M_default_render_cam_srtBuffer/camera_M_render_cam' at frame 1206: pos=Vec3(145.22482, 117.398384, 50.352467), target=Vec3(141.98831, 117.06106, 40.896713), up=Vec3(-0.0109244585, 0.999431, -0.031914715)
[2026-03-15T19:39:47Z INFO  bif_viewport] USD camera '/root/camera_ztl01_150/GEO/camera_main_srt/camera_M_default_render_cam_srt/camera_M_default_render_cam_srtBuffer/camera_M_render_cam' at frame 1210: pos=Vec3(145.05046, 117.398384, 50.095478), target=Vec3(141.81395, 117.06106, 40.639725), up=Vec3(-0.0109244585, 0.999431, -0.031914715)
[2026-03-15T19:39:47Z INFO  bif_viewport] USD camera '/root/camera_ztl01_150/GEO/camera_main_srt/camera_M_default_render_cam_srt/camera_M_default_render_cam_srtBuffer/camera_M_render_cam' at frame 1211: pos=Vec3(145.00687, 117.398384, 50.03123), target=Vec3(141.77036, 117.06106, 40.575478), up=Vec3(-0.0109244585, 0.999431, -0.031914715)
[2026-03-15T19:39:47Z INFO  bif_core::texture] Texture electronics_spoolrack_BaseColor.1002.jpg (2048x2048): decode=137.0ms, convert=11.8ms, linear=29.2ms, total=178.1ms
[2026-03-15T19:39:47Z INFO  bif_viewport] USD camera '/root/camera_ztl01_150/GEO/camera_main_srt/camera_M_default_render_cam_srt/camera_M_default_render_cam_srtBuffer/camera_M_render_cam' at frame 1212: pos=Vec3(144.96327, 117.398384, 49.966984), target=Vec3(141.72676, 117.06106, 40.51123), up=Vec3(-0.0109244585, 0.999431, -0.031914715)
[2026-03-15T19:39:47Z INFO  bif_core::texture] UDIM atlas (Ivar): 2 tiles -> 4096x2048 (2x1 grid, tile 2048x2048)
[2026-03-15T19:39:47Z INFO  bif_viewport] USD camera '/root/camera_ztl01_150/GEO/camera_main_srt/camera_M_default_render_cam_srt/camera_M_default_render_cam_srtBuffer/camera_M_render_cam' at frame 1213: pos=Vec3(144.91968, 117.398384, 49.902737), target=Vec3(141.68317, 117.06106, 40.446983), up=Vec3(-0.0109244585, 0.999431, -0.031914715)
[2026-03-15T19:39:47Z INFO  bif_viewport] USD camera '/root/camera_ztl01_150/GEO/camera_main_srt/camera_M_default_render_cam_srt/camera_M_default_render_cam_srtBuffer/camera_M_render_cam' at frame 1215: pos=Vec3(144.8325, 117.398384, 49.774242), target=Vec3(141.596, 117.06106, 40.31849), up=Vec3(-0.0109244585, 0.999431, -0.031914715)
[2026-03-15T19:39:47Z INFO  bif_core::texture] UDIM atlas (Ivar): 5 tiles -> 6144x4096 (3x2 grid, tile 2048x2048)
[2026-03-15T19:39:47Z INFO  bif_viewport] USD camera '/root/camera_ztl01_150/GEO/camera_main_srt/camera_M_default_render_cam_srt/camera_M_default_render_cam_srtBuffer/camera_M_render_cam' at frame 1217: pos=Vec3(144.74532, 117.398384, 49.64575), target=Vec3(141.5088, 117.06106, 40.189995), up=Vec3(-0.0109244585, 0.999431, -0.031914715)
[2026-03-15T19:39:48Z INFO  bif_viewport] USD camera '/root/camera_ztl01_150/GEO/camera_main_srt/camera_M_default_render_cam_srt/camera_M_default_render_cam_srtBuffer/camera_M_render_cam' at frame 1218: pos=Vec3(144.70174, 117.398384, 49.5815), target=Vec3(141.46523, 117.06106, 40.125748), up=Vec3(-0.0109244585, 0.999431, -0.031914715)
[2026-03-15T19:39:48Z INFO  bif_viewport] USD camera '/root/camera_ztl01_150/GEO/camera_main_srt/camera_M_default_render_cam_srt/camera_M_default_render_cam_srtBuffer/camera_M_render_cam' at frame 1220: pos=Vec3(144.61455, 117.398384, 49.453007), target=Vec3(141.37804, 117.06106, 39.997253), up=Vec3(-0.0109244585, 0.999431, -0.031914715)
[2026-03-15T19:39:48Z INFO  bif_viewport] USD camera '/root/camera_ztl01_150/GEO/camera_main_srt/camera_M_default_render_cam_srt/camera_M_default_render_cam_srtBuffer/camera_M_render_cam' at frame 1222: pos=Vec3(144.52737, 117.398384, 49.32451), target=Vec3(141.29086, 117.06106, 39.86876), up=Vec3(-0.0109244585, 0.999431, -0.031914715)
[2026-03-15T19:39:48Z INFO  bif_viewport] USD camera '/root/camera_ztl01_150/GEO/camera_main_srt/camera_M_default_render_cam_srt/camera_M_default_render_cam_srtBuffer/camera_M_render_cam' at frame 1223: pos=Vec3(144.48378, 117.398384, 49.26026), target=Vec3(141.24727, 117.06106, 39.804512), up=Vec3(-0.0109244585, 0.999431, -0.031914715)
[2026-03-15T19:39:48Z INFO  bif_viewport] USD camera '/root/camera_ztl01_150/GEO/camera_main_srt/camera_M_default_render_cam_srt/camera_M_default_render_cam_srtBuffer/camera_M_render_cam' at frame 1225: pos=Vec3(144.39659, 117.398384, 49.131767), target=Vec3(141.16008, 117.06106, 39.676018), up=Vec3(-0.0109244585, 0.999431, -0.031914715)
[2026-03-15T19:39:48Z INFO  bif_viewport] USD camera '/root/camera_ztl01_150/GEO/camera_main_srt/camera_M_default_render_cam_srt/camera_M_default_render_cam_srtBuffer/camera_M_render_cam' at frame 1227: pos=Vec3(144.30942, 117.398384, 49.003273), target=Vec3(141.0729, 117.06106, 39.547523), up=Vec3(-0.0109244585, 0.999431, -0.031914715)
[2026-03-15T19:39:48Z INFO  bif_viewport] USD camera '/root/camera_ztl01_150/GEO/camera_main_srt/camera_M_default_render_cam_srt/camera_M_default_render_cam_srtBuffer/camera_M_render_cam' at frame 1230: pos=Vec3(144.17865, 117.398384, 48.81053), target=Vec3(140.94214, 117.06106, 39.354782), up=Vec3(-0.0109244585, 0.999431, -0.031914715)
[2026-03-15T19:39:48Z INFO  bif_viewport] USD camera '/root/camera_ztl01_150/GEO/camera_main_srt/camera_M_default_render_cam_srt/camera_M_default_render_cam_srtBuffer/camera_M_render_cam' at frame 1231: pos=Vec3(144.13506, 117.398384, 48.746284), target=Vec3(140.89854, 117.06106, 39.290535), up=Vec3(-0.0109244585, 0.999431, -0.031914715)
[2026-03-15T19:39:48Z INFO  bif_viewport] USD camera '/root/camera_ztl01_150/GEO/camera_main_srt/camera_M_default_render_cam_srt/camera_M_default_render_cam_srtBuffer/camera_M_render_cam' at frame 1232: pos=Vec3(144.09146, 117.398384, 48.682037), target=Vec3(140.85495, 117.06106, 39.226288), up=Vec3(-0.0109244585, 0.999431, -0.031914715)
[2026-03-15T19:39:48Z INFO  bif_core::texture] UDIM atlas (Ivar): 2 tiles -> 4096x2048 (2x1 grid, tile 2048x2048)
[2026-03-15T19:39:48Z INFO  bif_viewport] USD camera '/root/camera_ztl01_150/GEO/camera_main_srt/camera_M_default_render_cam_srt/camera_M_default_render_cam_srtBuffer/camera_M_render_cam' at frame 1233: pos=Vec3(144.04787, 117.398384, 48.61779), target=Vec3(140.81136, 117.06106, 39.16204), up=Vec3(-0.0109244585, 0.999431, -0.031914715)
[2026-03-15T19:39:48Z INFO  bif_viewport] USD camera '/root/camera_ztl01_150/GEO/camera_main_srt/camera_M_default_render_cam_srt/camera_M_default_render_cam_srtBuffer/camera_M_render_cam' at frame 1235: pos=Vec3(143.9607, 117.398384, 48.489296), target=Vec3(140.72418, 117.06106, 39.033546), up=Vec3(-0.0109244585, 0.999431, -0.031914715)
[2026-03-15T19:39:48Z INFO  bif_viewport] USD camera '/root/camera_ztl01_150/GEO/camera_main_srt/camera_M_default_render_cam_srt/camera_M_default_render_cam_srtBuffer/camera_M_render_cam' at frame 1237: pos=Vec3(143.8735, 117.398384, 48.3608), target=Vec3(140.637, 117.06106, 38.905052), up=Vec3(-0.0109244585, 0.999431, -0.031914715)
[2026-03-15T19:39:48Z INFO  bif_viewport] USD camera '/root/camera_ztl01_150/GEO/camera_main_srt/camera_M_default_render_cam_srt/camera_M_default_render_cam_srtBuffer/camera_M_render_cam' at frame 1240: pos=Vec3(143.74274, 117.398384, 48.16806), target=Vec3(140.50623, 117.06106, 38.71231), up=Vec3(-0.0109244585, 0.999431, -0.031914715)
[2026-03-15T19:39:48Z INFO  bif_viewport] USD camera '/root/camera_ztl01_150/GEO/camera_main_srt/camera_M_default_render_cam_srt/camera_M_default_render_cam_srtBuffer/camera_M_render_cam' at frame 1241: pos=Vec3(143.69914, 117.398384, 48.103813), target=Vec3(140.46263, 117.06106, 38.648064), up=Vec3(-0.0109244585, 0.999431, -0.031914715)
[2026-03-15T19:39:48Z INFO  bif_viewport] USD camera '/root/camera_ztl01_150/GEO/camera_main_srt/camera_M_default_render_cam_srt/camera_M_default_render_cam_srtBuffer/camera_M_render_cam' at frame 1243: pos=Vec3(143.61197, 117.398384, 47.97532), target=Vec3(140.37546, 117.06106, 38.51957), up=Vec3(-0.0109244585, 0.999431, -0.031914715)
[2026-03-15T19:39:48Z INFO  bif_viewport] USD camera '/root/camera_ztl01_150/GEO/camera_main_srt/camera_M_default_render_cam_srt/camera_M_default_render_cam_srtBuffer/camera_M_render_cam' at frame 1245: pos=Vec3(143.52478, 117.398384, 47.846825), target=Vec3(140.28827, 117.06106, 38.391075), up=Vec3(-0.0109244585, 0.999431, -0.031914715)
[2026-03-15T19:39:48Z INFO  bif_viewport] USD camera '/root/camera_ztl01_150/GEO/camera_main_srt/camera_M_default_render_cam_srt/camera_M_default_render_cam_srtBuffer/camera_M_render_cam' at frame 1247: pos=Vec3(143.4376, 117.398384, 47.71833), target=Vec3(140.2011, 117.06106, 38.26258), up=Vec3(-0.0109244585, 0.999431, -0.031914715)
[2026-03-15T19:39:48Z INFO  bif_viewport] USD camera '/root/camera_ztl01_150/GEO/camera_main_srt/camera_M_default_render_cam_srt/camera_M_default_render_cam_srtBuffer/camera_M_render_cam' at frame 1250: pos=Vec3(143.35042, 117.398384, 47.589836), target=Vec3(140.1139, 117.06106, 38.134087), up=Vec3(-0.0109244585, 0.999431, -0.031914715)
[2026-03-15T19:39:48Z INFO  bif_viewport] USD camera '/root/camera_ztl01_150/GEO/camera_main_srt/camera_M_default_render_cam_srt/camera_M_default_render_cam_srtBuffer/camera_M_render_cam' at frame 1251: pos=Vec3(143.35042, 117.398384, 47.589836), target=Vec3(140.1139, 117.06106, 38.134087), up=Vec3(-0.0109244585, 0.999431, -0.031914715)
[2026-03-15T19:39:48Z INFO  bif_viewport] USD camera '/root/camera_ztl01_150/GEO/camera_main_srt/camera_M_default_render_cam_srt/camera_M_default_render_cam_srtBuffer/camera_M_render_cam' at frame 1252: pos=Vec3(143.35042, 117.398384, 47.589836), target=Vec3(140.1139, 117.06106, 38.134087), up=Vec3(-0.0109244585, 0.999431, -0.031914715)
[2026-03-15T19:39:48Z INFO  bif_viewport] USD camera '/root/camera_ztl01_150/GEO/camera_main_srt/camera_M_default_render_cam_srt/camera_M_default_render_cam_srtBuffer/camera_M_render_cam' at frame 1255: pos=Vec3(143.35042, 117.398384, 47.589836), target=Vec3(140.1139, 117.06106, 38.134087), up=Vec3(-0.0109244585, 0.999431, -0.031914715)
[2026-03-15T19:39:48Z INFO  bif_viewport] USD camera '/root/camera_ztl01_150/GEO/camera_main_srt/camera_M_default_render_cam_srt/camera_M_default_render_cam_srtBuffer/camera_M_render_cam' at frame 1258: pos=Vec3(143.35042, 117.398384, 47.589836), target=Vec3(140.1139, 117.06106, 38.134087), up=Vec3(-0.0109244585, 0.999431, -0.031914715)
[2026-03-15T19:39:48Z INFO  bif_core::texture] UDIM atlas (Ivar): 5 tiles -> 6144x4096 (3x2 grid, tile 2048x2048)
[2026-03-15T19:39:48Z INFO  bif_core::texture] Texture decor_foam_hand01_proxyTexture.jpg (512x512): decode=10.0ms, convert=0.7ms, linear=1.8ms, total=12.5ms
[2026-03-15T19:39:48Z INFO  bif_viewport] USD camera '/root/camera_ztl01_150/GEO/camera_main_srt/camera_M_default_render_cam_srt/camera_M_default_render_cam_srtBuffer/camera_M_render_cam' at frame 1260: pos=Vec3(143.35042, 117.398384, 47.589836), target=Vec3(140.1139, 117.06106, 38.134087), up=Vec3(-0.0109244585, 0.999431, -0.031914715)
[2026-03-15T19:39:48Z INFO  bif_viewport] USD camera '/root/camera_ztl01_150/GEO/camera_main_srt/camera_M_default_render_cam_srt/camera_M_default_render_cam_srtBuffer/camera_M_render_cam' at frame 1265: pos=Vec3(143.35042, 117.398384, 47.589836), target=Vec3(140.1139, 117.06106, 38.134087), up=Vec3(-0.0109244585, 0.999431, -0.031914715)
[2026-03-15T19:39:48Z INFO  bif_viewport] USD camera '/root/camera_ztl01_150/GEO/camera_main_srt/camera_M_default_render_cam_srt/camera_M_default_render_cam_srtBuffer/camera_M_render_cam' at frame 1273: pos=Vec3(143.35042, 117.398384, 47.589836), target=Vec3(140.1139, 117.06106, 38.134087), up=Vec3(-0.0109244585, 0.999431, -0.031914715)
[2026-03-15T19:39:48Z INFO  bif_viewport] USD camera '/root/camera_ztl01_150/GEO/camera_main_srt/camera_M_default_render_cam_srt/camera_M_default_render_cam_srtBuffer/camera_M_render_cam' at frame 1275: pos=Vec3(143.35042, 117.398384, 47.589836), target=Vec3(140.1139, 117.06106, 38.134087), up=Vec3(-0.0109244585, 0.999431, -0.031914715)
[2026-03-15T19:39:48Z INFO  bif_viewport] USD camera '/root/camera_ztl01_150/GEO/camera_main_srt/camera_M_default_render_cam_srt/camera_M_default_render_cam_srtBuffer/camera_M_render_cam' at frame 1277: pos=Vec3(143.35042, 117.398384, 47.589836), target=Vec3(140.1139, 117.06106, 38.134087), up=Vec3(-0.0109244585, 0.999431, -0.031914715)
[2026-03-15T19:39:48Z INFO  bif_viewport] USD camera '/root/camera_ztl01_150/GEO/camera_main_srt/camera_M_default_render_cam_srt/camera_M_default_render_cam_srtBuffer/camera_M_render_cam' at frame 1278: pos=Vec3(143.35042, 117.398384, 47.589836), target=Vec3(140.1139, 117.06106, 38.134087), up=Vec3(-0.0109244585, 0.999431, -0.031914715)
[2026-03-15T19:39:48Z INFO  bif_viewport] USD camera '/root/camera_ztl01_150/GEO/camera_main_srt/camera_M_default_render_cam_srt/camera_M_default_render_cam_srtBuffer/camera_M_render_cam' at frame 1280: pos=Vec3(143.35042, 117.398384, 47.589836), target=Vec3(140.1139, 117.06106, 38.134087), up=Vec3(-0.0109244585, 0.999431, -0.031914715)
[2026-03-15T19:39:48Z INFO  bif_viewport] USD camera '/root/camera_ztl01_150/GEO/camera_main_srt/camera_M_default_render_cam_srt/camera_M_default_render_cam_srtBuffer/camera_M_render_cam' at frame 1281: pos=Vec3(143.35042, 117.398384, 47.589836), target=Vec3(140.1139, 117.06106, 38.134087), up=Vec3(-0.0109244585, 0.999431, -0.031914715)
[2026-03-15T19:39:48Z INFO  bif_viewport] USD camera '/root/camera_ztl01_150/GEO/camera_main_srt/camera_M_default_render_cam_srt/camera_M_default_render_cam_srtBuffer/camera_M_render_cam' at frame 1285: pos=Vec3(143.35042, 117.398384, 47.589836), target=Vec3(140.1139, 117.06106, 38.134087), up=Vec3(-0.0109244585, 0.999431, -0.031914715)
[2026-03-15T19:39:48Z INFO  bif_core::texture] Texture BakedDiffuse_porc_hand.1001.jpg (2048x2048): decode=45.2ms, convert=10.6ms, linear=29.6ms, total=85.4ms
[2026-03-15T19:39:48Z INFO  bif_viewport] USD camera '/root/camera_ztl01_150/GEO/camera_main_srt/camera_M_default_render_cam_srt/camera_M_default_render_cam_srtBuffer/camera_M_render_cam' at frame 1300: pos=Vec3(143.35042, 117.398384, 47.589836), target=Vec3(140.1139, 117.06106, 38.134087), up=Vec3(-0.0109244585, 0.999431, -0.031914715)
[2026-03-15T19:39:49Z INFO  bif_core::texture] Texture BakedDiffuse_porc_hand.1002.jpg (2048x2048): decode=40.5ms, convert=10.8ms, linear=30.3ms, total=81.6ms
[2026-03-15T19:39:49Z INFO  bif_core::texture] UDIM atlas (Ivar): 2 tiles -> 4096x2048 (2x1 grid, tile 2048x2048)
[2026-03-15T19:39:49Z INFO  bif_core::texture] Texture decor_helmet_head01_proxyTexture.jpg (512x512): decode=22.8ms, convert=0.8ms, linear=1.7ms, total=25.4ms
[2026-03-15T19:39:49Z INFO  bif_core::texture] UDIM atlas (Ivar): 2 tiles -> 4096x2048 (2x1 grid, tile 2048x2048)
[2026-03-15T19:39:49Z INFO  bif_core::texture] Texture electronics_wire_spool02_proxyTexture.jpg (512x512): decode=7.7ms, convert=1.0ms, linear=1.7ms, total=10.4ms
[2026-03-15T19:39:49Z INFO  bif_core::texture] Texture electronics_wire_spool02_BaseColor.1001.jpg (2048x2048): decode=43.4ms, convert=10.9ms, linear=26.0ms, total=80.4ms
[2026-03-15T19:39:49Z INFO  bif_core::texture] Texture decor_helmet_head01_BaseColor.1001.jpg (2048x2048): decode=176.5ms, convert=10.9ms, linear=25.9ms, total=213.4ms
[2026-03-15T19:39:49Z INFO  bif_core::texture] Texture electronics_wire_spool02_BaseColor.1002.jpg (2048x2048): decode=196.9ms, convert=11.4ms, linear=25.2ms, total=233.5ms
[2026-03-15T19:39:49Z INFO  bif_core::texture] UDIM atlas (Ivar): 2 tiles -> 4096x2048 (2x1 grid, tile 2048x2048)
[2026-03-15T19:39:49Z INFO  bif_core::texture] Texture decor_helmet_head01_BaseColor.1002.jpg (2048x2048): decode=129.1ms, convert=12.1ms, linear=29.9ms, total=171.0ms
[2026-03-15T19:39:49Z INFO  bif_core::texture] UDIM atlas (Ivar): 2 tiles -> 4096x2048 (2x1 grid, tile 2048x2048)
[2026-03-15T19:39:49Z INFO  bif_viewport] USD camera '/root/camera_ztl01_150/GEO/camera_main_srt/camera_M_default_render_cam_srt/camera_M_default_render_cam_srtBuffer/camera_M_render_cam' at frame 1296: pos=Vec3(143.35042, 117.398384, 47.589836), target=Vec3(140.1139, 117.06106, 38.134087), up=Vec3(-0.0109244585, 0.999431, -0.031914715)
[2026-03-15T19:39:49Z INFO  bif_viewport] USD camera '/root/camera_ztl01_150/GEO/camera_main_srt/camera_M_default_render_cam_srt/camera_M_default_render_cam_srtBuffer/camera_M_render_cam' at frame 1290: pos=Vec3(143.35042, 117.398384, 47.589836), target=Vec3(140.1139, 117.06106, 38.134087), up=Vec3(-0.0109244585, 0.999431, -0.031914715)
[2026-03-15T19:39:50Z INFO  bif_viewport] USD camera '/root/camera_ztl01_150/GEO/camera_main_srt/camera_M_default_render_cam_srt/camera_M_default_render_cam_srtBuffer/camera_M_render_cam' at frame 1286: pos=Vec3(143.35042, 117.398384, 47.589836), target=Vec3(140.1139, 117.06106, 38.134087), up=Vec3(-0.0109244585, 0.999431, -0.031914715)
[2026-03-15T19:39:50Z INFO  bif_viewport] USD camera '/root/camera_ztl01_150/GEO/camera_main_srt/camera_M_default_render_cam_srt/camera_M_default_render_cam_srtBuffer/camera_M_render_cam' at frame 1278: pos=Vec3(143.35042, 117.398384, 47.589836), target=Vec3(140.1139, 117.06106, 38.134087), up=Vec3(-0.0109244585, 0.999431, -0.031914715)
[2026-03-15T19:39:50Z INFO  bif_viewport] USD camera '/root/camera_ztl01_150/GEO/camera_main_srt/camera_M_default_render_cam_srt/camera_M_default_render_cam_srtBuffer/camera_M_render_cam' at frame 1277: pos=Vec3(143.35042, 117.398384, 47.589836), target=Vec3(140.1139, 117.06106, 38.134087), up=Vec3(-0.0109244585, 0.999431, -0.031914715)
[2026-03-15T19:39:50Z INFO  bif_viewport] USD camera '/root/camera_ztl01_150/GEO/camera_main_srt/camera_M_default_render_cam_srt/camera_M_default_render_cam_srtBuffer/camera_M_render_cam' at frame 1273: pos=Vec3(143.35042, 117.398384, 47.589836), target=Vec3(140.1139, 117.06106, 38.134087), up=Vec3(-0.0109244585, 0.999431, -0.031914715)
[2026-03-15T19:39:50Z INFO  bif_viewport] USD camera '/root/camera_ztl01_150/GEO/camera_main_srt/camera_M_default_render_cam_srt/camera_M_default_render_cam_srtBuffer/camera_M_render_cam' at frame 1272: pos=Vec3(143.35042, 117.398384, 47.589836), target=Vec3(140.1139, 117.06106, 38.134087), up=Vec3(-0.0109244585, 0.999431, -0.031914715)
[2026-03-15T19:39:50Z INFO  bif_viewport] USD camera '/root/camera_ztl01_150/GEO/camera_main_srt/camera_M_default_render_cam_srt/camera_M_default_render_cam_srtBuffer/camera_M_render_cam' at frame 1268: pos=Vec3(143.35042, 117.398384, 47.589836), target=Vec3(140.1139, 117.06106, 38.134087), up=Vec3(-0.0109244585, 0.999431, -0.031914715)
[2026-03-15T19:39:50Z INFO  bif_viewport] USD camera '/root/camera_ztl01_150/GEO/camera_main_srt/camera_M_default_render_cam_srt/camera_M_default_render_cam_srtBuffer/camera_M_render_cam' at frame 1266: pos=Vec3(143.35042, 117.398384, 47.589836), target=Vec3(140.1139, 117.06106, 38.134087), up=Vec3(-0.0109244585, 0.999431, -0.031914715)
[2026-03-15T19:39:50Z INFO  bif_viewport] USD camera '/root/camera_ztl01_150/GEO/camera_main_srt/camera_M_default_render_cam_srt/camera_M_default_render_cam_srtBuffer/camera_M_render_cam' at frame 1263: pos=Vec3(143.35042, 117.398384, 47.589836), target=Vec3(140.1139, 117.06106, 38.134087), up=Vec3(-0.0109244585, 0.999431, -0.031914715)
[2026-03-15T19:39:50Z INFO  bif_viewport] USD camera '/root/camera_ztl01_150/GEO/camera_main_srt/camera_M_default_render_cam_srt/camera_M_default_render_cam_srtBuffer/camera_M_render_cam' at frame 1260: pos=Vec3(143.35042, 117.398384, 47.589836), target=Vec3(140.1139, 117.06106, 38.134087), up=Vec3(-0.0109244585, 0.999431, -0.031914715)
[2026-03-15T19:39:50Z INFO  bif_core::texture] UDIM atlas (Ivar): 2 tiles -> 4096x2048 (2x1 grid, tile 2048x2048)
[2026-03-15T19:39:50Z INFO  bif_core::texture] UDIM atlas (Ivar): 2 tiles -> 4096x2048 (2x1 grid, tile 2048x2048)
[2026-03-15T19:39:50Z INFO  bif_viewport] USD camera '/root/camera_ztl01_150/GEO/camera_main_srt/camera_M_default_render_cam_srt/camera_M_default_render_cam_srtBuffer/camera_M_render_cam' at frame 1250: pos=Vec3(143.35042, 117.398384, 47.589836), target=Vec3(140.1139, 117.06106, 38.134087), up=Vec3(-0.0109244585, 0.999431, -0.031914715)
[2026-03-15T19:39:50Z INFO  bif_viewport] USD camera '/root/camera_ztl01_150/GEO/camera_main_srt/camera_M_default_render_cam_srt/camera_M_default_render_cam_srtBuffer/camera_M_render_cam' at frame 1245: pos=Vec3(143.52478, 117.398384, 47.846825), target=Vec3(140.28827, 117.06106, 38.391075), up=Vec3(-0.0109244585, 0.999431, -0.031914715)
[2026-03-15T19:39:50Z INFO  bif_viewport] USD camera '/root/camera_ztl01_150/GEO/camera_main_srt/camera_M_default_render_cam_srt/camera_M_default_render_cam_srtBuffer/camera_M_render_cam' at frame 1240: pos=Vec3(143.74274, 117.398384, 48.16806), target=Vec3(140.50623, 117.06106, 38.71231), up=Vec3(-0.0109244585, 0.999431, -0.031914715)
[2026-03-15T19:39:50Z INFO  bif_viewport] USD camera '/root/camera_ztl01_150/GEO/camera_main_srt/camera_M_default_render_cam_srt/camera_M_default_render_cam_srtBuffer/camera_M_render_cam' at frame 1237: pos=Vec3(143.8735, 117.398384, 48.3608), target=Vec3(140.637, 117.06106, 38.905052), up=Vec3(-0.0109244585, 0.999431, -0.031914715)
[2026-03-15T19:39:50Z INFO  bif_viewport] USD camera '/root/camera_ztl01_150/GEO/camera_main_srt/camera_M_default_render_cam_srt/camera_M_default_render_cam_srtBuffer/camera_M_render_cam' at frame 1235: pos=Vec3(143.9607, 117.398384, 48.489296), target=Vec3(140.72418, 117.06106, 39.033546), up=Vec3(-0.0109244585, 0.999431, -0.031914715)
[2026-03-15T19:39:50Z INFO  bif_viewport] USD camera '/root/camera_ztl01_150/GEO/camera_main_srt/camera_M_default_render_cam_srt/camera_M_default_render_cam_srtBuffer/camera_M_render_cam' at frame 1233: pos=Vec3(144.04787, 117.398384, 48.61779), target=Vec3(140.81136, 117.06106, 39.16204), up=Vec3(-0.0109244585, 0.999431, -0.031914715)
[2026-03-15T19:39:50Z INFO  bif_viewport] USD camera '/root/camera_ztl01_150/GEO/camera_main_srt/camera_M_default_render_cam_srt/camera_M_default_render_cam_srtBuffer/camera_M_render_cam' at frame 1225: pos=Vec3(144.39659, 117.398384, 49.131767), target=Vec3(141.16008, 117.06106, 39.676018), up=Vec3(-0.0109244585, 0.999431, -0.031914715)
[2026-03-15T19:39:50Z INFO  bif_viewport] USD camera '/root/camera_ztl01_150/GEO/camera_main_srt/camera_M_default_render_cam_srt/camera_M_default_render_cam_srtBuffer/camera_M_render_cam' at frame 1220: pos=Vec3(144.61455, 117.398384, 49.453007), target=Vec3(141.37804, 117.06106, 39.997253), up=Vec3(-0.0109244585, 0.999431, -0.031914715)
[2026-03-15T19:39:50Z INFO  bif_viewport] USD camera '/root/camera_ztl01_150/GEO/camera_main_srt/camera_M_default_render_cam_srt/camera_M_default_render_cam_srtBuffer/camera_M_render_cam' at frame 1213: pos=Vec3(144.91968, 117.398384, 49.902737), target=Vec3(141.68317, 117.06106, 40.446983), up=Vec3(-0.0109244585, 0.999431, -0.031914715)
[2026-03-15T19:39:50Z INFO  bif_viewport] USD camera '/root/camera_ztl01_150/GEO/camera_main_srt/camera_M_default_render_cam_srt/camera_M_default_render_cam_srtBuffer/camera_M_render_cam' at frame 1210: pos=Vec3(145.05046, 117.398384, 50.095478), target=Vec3(141.81395, 117.06106, 40.639725), up=Vec3(-0.0109244585, 0.999431, -0.031914715)
[2026-03-15T19:39:50Z INFO  bif_viewport] USD camera '/root/camera_ztl01_150/GEO/camera_main_srt/camera_M_default_render_cam_srt/camera_M_default_render_cam_srtBuffer/camera_M_render_cam' at frame 1206: pos=Vec3(145.22482, 117.398384, 50.352467), target=Vec3(141.98831, 117.06106, 40.896713), up=Vec3(-0.0109244585, 0.999431, -0.031914715)
[2026-03-15T19:39:50Z INFO  bif_core::texture] UDIM atlas (Ivar): 2 tiles -> 4096x2048 (2x1 grid, tile 2048x2048)
[2026-03-15T19:39:50Z INFO  bif_core::texture] UDIM atlas (Ivar): 2 tiles -> 4096x2048 (2x1 grid, tile 2048x2048)
[2026-03-15T19:39:50Z INFO  bif_viewport] USD camera '/root/camera_ztl01_150/GEO/camera_main_srt/camera_M_default_render_cam_srt/camera_M_default_render_cam_srtBuffer/camera_M_render_cam' at frame 1200: pos=Vec3(145.48636, 117.398384, 50.73795), target=Vec3(142.24985, 117.06106, 41.282196), up=Vec3(-0.0109244585, 0.999431, -0.031914715)
[2026-03-15T19:39:50Z INFO  bif_core::texture] UDIM atlas (Ivar): 2 tiles -> 4096x2048 (2x1 grid, tile 2048x2048)
[2026-03-15T19:39:50Z INFO  bif_core::texture] UDIM atlas (Ivar): 2 tiles -> 4096x2048 (2x1 grid, tile 2048x2048)
[2026-03-15T19:39:50Z INFO  bif_core::texture] Texture decor_wooden_box01_proxyTexture.jpg (512x512): decode=11.9ms, convert=0.7ms, linear=1.9ms, total=14.5ms
[2026-03-15T19:39:51Z INFO  bif_core::texture] Texture toy_fun_coil_proxyTexture.jpg (512x512): decode=9.7ms, convert=0.8ms, linear=1.5ms, total=11.9ms
[2026-03-15T19:39:51Z INFO  bif_viewport] USD camera '/root/camera_ztl01_150/GEO/camera_main_srt/camera_M_default_render_cam_srt/camera_M_default_render_cam_srtBuffer/camera_M_render_cam' at frame 1203: pos=Vec3(145.35559, 117.398384, 50.545208), target=Vec3(142.11908, 117.06106, 41.089455), up=Vec3(-0.0109244585, 0.999431, -0.031914715)
[2026-03-15T19:39:51Z INFO  bif_viewport] USD camera '/root/camera_ztl01_150/GEO/camera_main_srt/camera_M_default_render_cam_srt/camera_M_default_render_cam_srtBuffer/camera_M_render_cam' at frame 1205: pos=Vec3(145.2684, 117.398384, 50.416714), target=Vec3(142.03189, 117.06106, 40.96096), up=Vec3(-0.0109244585, 0.999431, -0.031914715)
[2026-03-15T19:39:51Z INFO  bif_viewport] USD camera '/root/camera_ztl01_150/GEO/camera_main_srt/camera_M_default_render_cam_srt/camera_M_default_render_cam_srtBuffer/camera_M_render_cam' at frame 1210: pos=Vec3(145.05046, 117.398384, 50.095478), target=Vec3(141.81395, 117.06106, 40.639725), up=Vec3(-0.0109244585, 0.999431, -0.031914715)
[2026-03-15T19:39:51Z INFO  bif_viewport] USD camera '/root/camera_ztl01_150/GEO/camera_main_srt/camera_M_default_render_cam_srt/camera_M_default_render_cam_srtBuffer/camera_M_render_cam' at frame 1211: pos=Vec3(145.00687, 117.398384, 50.03123), target=Vec3(141.77036, 117.06106, 40.575478), up=Vec3(-0.0109244585, 0.999431, -0.031914715)
[2026-03-15T19:39:51Z INFO  bif_viewport] USD camera '/root/camera_ztl01_150/GEO/camera_main_srt/camera_M_default_render_cam_srt/camera_M_default_render_cam_srtBuffer/camera_M_render_cam' at frame 1213: pos=Vec3(144.91968, 117.398384, 49.902737), target=Vec3(141.68317, 117.06106, 40.446983), up=Vec3(-0.0109244585, 0.999431, -0.031914715)
[2026-03-15T19:39:51Z INFO  bif_viewport] USD camera '/root/camera_ztl01_150/GEO/camera_main_srt/camera_M_default_render_cam_srt/camera_M_default_render_cam_srtBuffer/camera_M_render_cam' at frame 1217: pos=Vec3(144.74532, 117.398384, 49.64575), target=Vec3(141.5088, 117.06106, 40.189995), up=Vec3(-0.0109244585, 0.999431, -0.031914715)
[2026-03-15T19:39:51Z INFO  bif_viewport] USD camera '/root/camera_ztl01_150/GEO/camera_main_srt/camera_M_default_render_cam_srt/camera_M_default_render_cam_srtBuffer/camera_M_render_cam' at frame 1220: pos=Vec3(144.61455, 117.398384, 49.453007), target=Vec3(141.37804, 117.06106, 39.997253), up=Vec3(-0.0109244585, 0.999431, -0.031914715)
[2026-03-15T19:39:51Z INFO  bif_viewport] USD camera '/root/camera_ztl01_150/GEO/camera_main_srt/camera_M_default_render_cam_srt/camera_M_default_render_cam_srtBuffer/camera_M_render_cam' at frame 1222: pos=Vec3(144.52737, 117.398384, 49.32451), target=Vec3(141.29086, 117.06106, 39.86876), up=Vec3(-0.0109244585, 0.999431, -0.031914715)
[2026-03-15T19:39:51Z INFO  bif_core::texture] Texture toy_fun_coil_BaseColor.1001.jpg (2048x2048): decode=48.1ms, convert=10.7ms, linear=29.5ms, total=88.3ms
[2026-03-15T19:39:51Z INFO  bif_viewport] USD camera '/root/camera_ztl01_150/GEO/camera_main_srt/camera_M_default_render_cam_srt/camera_M_default_render_cam_srtBuffer/camera_M_render_cam' at frame 1226: pos=Vec3(144.35301, 117.398384, 49.06752), target=Vec3(141.1165, 117.06106, 39.61177), up=Vec3(-0.0109244585, 0.999431, -0.031914715)
[2026-03-15T19:39:51Z INFO  bif_core::texture] Texture decor_wooden_box01_BaseColor.1001.jpg (2048x2048): decode=68.2ms, convert=11.9ms, linear=29.5ms, total=109.6ms
[2026-03-15T19:39:51Z INFO  bif_core::texture] UDIM atlas (Ivar): 1 tiles -> 2048x2048 (1x1 grid, tile 2048x2048)
[2026-03-15T19:39:51Z INFO  bif_viewport] USD camera '/root/camera_ztl01_150/GEO/camera_main_srt/camera_M_default_render_cam_srt/camera_M_default_render_cam_srtBuffer/camera_M_render_cam' at frame 1230: pos=Vec3(144.17865, 117.398384, 48.81053), target=Vec3(140.94214, 117.06106, 39.354782), up=Vec3(-0.0109244585, 0.999431, -0.031914715)
[2026-03-15T19:39:51Z INFO  bif_viewport] USD camera '/root/camera_ztl01_150/GEO/camera_main_srt/camera_M_default_render_cam_srt/camera_M_default_render_cam_srtBuffer/camera_M_render_cam' at frame 1231: pos=Vec3(144.13506, 117.398384, 48.746284), target=Vec3(140.89854, 117.06106, 39.290535), up=Vec3(-0.0109244585, 0.999431, -0.031914715)
[2026-03-15T19:39:51Z INFO  bif_viewport] USD camera '/root/camera_ztl01_150/GEO/camera_main_srt/camera_M_default_render_cam_srt/camera_M_default_render_cam_srtBuffer/camera_M_render_cam' at frame 1233: pos=Vec3(144.04787, 117.398384, 48.61779), target=Vec3(140.81136, 117.06106, 39.16204), up=Vec3(-0.0109244585, 0.999431, -0.031914715)
[2026-03-15T19:39:51Z INFO  bif_viewport] USD camera '/root/camera_ztl01_150/GEO/camera_main_srt/camera_M_default_render_cam_srt/camera_M_default_render_cam_srtBuffer/camera_M_render_cam' at frame 1235: pos=Vec3(143.9607, 117.398384, 48.489296), target=Vec3(140.72418, 117.06106, 39.033546), up=Vec3(-0.0109244585, 0.999431, -0.031914715)
[2026-03-15T19:39:51Z INFO  bif_viewport] USD camera '/root/camera_ztl01_150/GEO/camera_main_srt/camera_M_default_render_cam_srt/camera_M_default_render_cam_srtBuffer/camera_M_render_cam' at frame 1240: pos=Vec3(143.74274, 117.398384, 48.16806), target=Vec3(140.50623, 117.06106, 38.71231), up=Vec3(-0.0109244585, 0.999431, -0.031914715)
[2026-03-15T19:39:51Z INFO  bif_viewport] USD camera '/root/camera_ztl01_150/GEO/camera_main_srt/camera_M_default_render_cam_srt/camera_M_default_render_cam_srtBuffer/camera_M_render_cam' at frame 1245: pos=Vec3(143.52478, 117.398384, 47.846825), target=Vec3(140.28827, 117.06106, 38.391075), up=Vec3(-0.0109244585, 0.999431, -0.031914715)
[2026-03-15T19:39:51Z INFO  bif_viewport] USD camera '/root/camera_ztl01_150/GEO/camera_main_srt/camera_M_default_render_cam_srt/camera_M_default_render_cam_srtBuffer/camera_M_render_cam' at frame 1251: pos=Vec3(143.35042, 117.398384, 47.589836), target=Vec3(140.1139, 117.06106, 38.134087), up=Vec3(-0.0109244585, 0.999431, -0.031914715)
[2026-03-15T19:39:51Z INFO  bif_viewport] USD camera '/root/camera_ztl01_150/GEO/camera_main_srt/camera_M_default_render_cam_srt/camera_M_default_render_cam_srtBuffer/camera_M_render_cam' at frame 1263: pos=Vec3(143.35042, 117.398384, 47.589836), target=Vec3(140.1139, 117.06106, 38.134087), up=Vec3(-0.0109244585, 0.999431, -0.031914715)
[2026-03-15T19:39:51Z INFO  bif_core::texture] Texture decor_wooden_box01_BaseColor.1002.jpg (2048x2048): decode=63.3ms, convert=13.2ms, linear=28.5ms, total=104.9ms
[2026-03-15T19:39:51Z INFO  bif_core::texture] UDIM atlas (Ivar): 1 tiles -> 2048x2048 (1x1 grid, tile 2048x2048)
[2026-03-15T19:39:51Z INFO  bif_core::texture] Texture decor_wooden_box01_BaseColor.1003.jpg (2048x2048): decode=53.5ms, convert=11.2ms, linear=28.2ms, total=92.9ms
[2026-03-15T19:39:51Z INFO  bif_viewport] USD camera '/root/camera_ztl01_150/GEO/camera_main_srt/camera_M_default_render_cam_srt/camera_M_default_render_cam_srtBuffer/camera_M_render_cam' at frame 1260: pos=Vec3(143.35042, 117.398384, 47.589836), target=Vec3(140.1139, 117.06106, 38.134087), up=Vec3(-0.0109244585, 0.999431, -0.031914715)
[2026-03-15T19:39:51Z INFO  bif_viewport] USD camera '/root/camera_ztl01_150/GEO/camera_main_srt/camera_M_default_render_cam_srt/camera_M_default_render_cam_srtBuffer/camera_M_render_cam' at frame 1255: pos=Vec3(143.35042, 117.398384, 47.589836), target=Vec3(140.1139, 117.06106, 38.134087), up=Vec3(-0.0109244585, 0.999431, -0.031914715)
[2026-03-15T19:39:51Z INFO  bif_viewport] USD camera '/root/camera_ztl01_150/GEO/camera_main_srt/camera_M_default_render_cam_srt/camera_M_default_render_cam_srtBuffer/camera_M_render_cam' at frame 1250: pos=Vec3(143.35042, 117.398384, 47.589836), target=Vec3(140.1139, 117.06106, 38.134087), up=Vec3(-0.0109244585, 0.999431, -0.031914715)
[2026-03-15T19:39:51Z INFO  bif_viewport] USD camera '/root/camera_ztl01_150/GEO/camera_main_srt/camera_M_default_render_cam_srt/camera_M_default_render_cam_srtBuffer/camera_M_render_cam' at frame 1245: pos=Vec3(143.52478, 117.398384, 47.846825), target=Vec3(140.28827, 117.06106, 38.391075), up=Vec3(-0.0109244585, 0.999431, -0.031914715)
[2026-03-15T19:39:51Z INFO  bif_core::texture] Texture decor_wooden_box01_BaseColor.1011.jpg (2048x2048): decode=71.3ms, convert=11.4ms, linear=26.7ms, total=109.5ms
[2026-03-15T19:39:51Z INFO  bif_viewport] USD camera '/root/camera_ztl01_150/GEO/camera_main_srt/camera_M_default_render_cam_srt/camera_M_default_render_cam_srtBuffer/camera_M_render_cam' at frame 1231: pos=Vec3(144.13506, 117.398384, 48.746284), target=Vec3(140.89854, 117.06106, 39.290535), up=Vec3(-0.0109244585, 0.999431, -0.031914715)
[2026-03-15T19:39:51Z INFO  bif_viewport] USD camera '/root/camera_ztl01_150/GEO/camera_main_srt/camera_M_default_render_cam_srt/camera_M_default_render_cam_srtBuffer/camera_M_render_cam' at frame 1227: pos=Vec3(144.30942, 117.398384, 49.003273), target=Vec3(141.0729, 117.06106, 39.547523), up=Vec3(-0.0109244585, 0.999431, -0.031914715)
[2026-03-15T19:39:51Z INFO  bif_core::texture] UDIM atlas (Ivar): 1 tiles -> 2048x2048 (1x1 grid, tile 2048x2048)
[2026-03-15T19:39:51Z INFO  bif_viewport] USD camera '/root/camera_ztl01_150/GEO/camera_main_srt/camera_M_default_render_cam_srt/camera_M_default_render_cam_srtBuffer/camera_M_render_cam' at frame 1218: pos=Vec3(144.70174, 117.398384, 49.5815), target=Vec3(141.46523, 117.06106, 40.125748), up=Vec3(-0.0109244585, 0.999431, -0.031914715)
[2026-03-15T19:39:51Z INFO  bif_core::texture] Texture decor_wooden_box01_BaseColor.1012.jpg (2048x2048): decode=32.5ms, convert=10.9ms, linear=26.3ms, total=69.7ms
[2026-03-15T19:39:51Z INFO  bif_viewport] USD camera '/root/camera_ztl01_150/GEO/camera_main_srt/camera_M_default_render_cam_srt/camera_M_default_render_cam_srtBuffer/camera_M_render_cam' at frame 1210: pos=Vec3(145.05046, 117.398384, 50.095478), target=Vec3(141.81395, 117.06106, 40.639725), up=Vec3(-0.0109244585, 0.999431, -0.031914715)
[2026-03-15T19:39:51Z INFO  bif_viewport] USD camera '/root/camera_ztl01_150/GEO/camera_main_srt/camera_M_default_render_cam_srt/camera_M_default_render_cam_srtBuffer/camera_M_render_cam' at frame 1206: pos=Vec3(145.22482, 117.398384, 50.352467), target=Vec3(141.98831, 117.06106, 40.896713), up=Vec3(-0.0109244585, 0.999431, -0.031914715)
[2026-03-15T19:39:51Z INFO  bif_viewport] USD camera '/root/camera_ztl01_150/GEO/camera_main_srt/camera_M_default_render_cam_srt/camera_M_default_render_cam_srtBuffer/camera_M_render_cam' at frame 1205: pos=Vec3(145.2684, 117.398384, 50.416714), target=Vec3(142.03189, 117.06106, 40.96096), up=Vec3(-0.0109244585, 0.999431, -0.031914715)
[2026-03-15T19:39:51Z INFO  bif_viewport] USD camera '/root/camera_ztl01_150/GEO/camera_main_srt/camera_M_default_render_cam_srt/camera_M_default_render_cam_srtBuffer/camera_M_render_cam' at frame 1200: pos=Vec3(145.48636, 117.398384, 50.73795), target=Vec3(142.24985, 117.06106, 41.282196), up=Vec3(-0.0109244585, 0.999431, -0.031914715)
[2026-03-15T19:39:51Z INFO  bif_core::texture] Texture decor_wooden_box01_BaseColor.1013.jpg (2048x2048): decode=51.0ms, convert=11.0ms, linear=32.6ms, total=94.6ms
[2026-03-15T19:39:52Z INFO  bif_core::texture] UDIM atlas (Ivar): 6 tiles -> 6144x4096 (3x2 grid, tile 2048x2048)
[2026-03-15T19:39:52Z INFO  bif_core::texture] UDIM atlas (Ivar): 1 tiles -> 2048x2048 (1x1 grid, tile 2048x2048)
[2026-03-15T19:39:52Z INFO  bif_core::texture] Texture toy_curly_surgery_proxyTexture.jpg (512x512): decode=9.4ms, convert=0.7ms, linear=1.6ms, total=11.8ms
[2026-03-15T19:39:52Z INFO  bif_core::texture] Texture toy_curly_surgery_BaseColor.1001.jpg (2048x2048): decode=65.9ms, convert=11.2ms, linear=27.0ms, total=104.1ms
[2026-03-15T19:39:52Z INFO  bif_core::texture] Texture toy_curly_surgery_BaseColor.1002.jpg (2048x2048): decode=42.3ms, convert=11.1ms, linear=25.7ms, total=79.1ms
[2026-03-15T19:39:52Z INFO  bif_viewport] USD camera '/root/camera_ztl01_150/GEO/camera_main_srt/camera_M_default_render_cam_srt/camera_M_default_render_cam_srtBuffer/camera_M_render_cam' at frame 1205: pos=Vec3(145.2684, 117.398384, 50.416714), target=Vec3(142.03189, 117.06106, 40.96096), up=Vec3(-0.0109244585, 0.999431, -0.031914715)
[2026-03-15T19:39:52Z INFO  bif_viewport] USD camera '/root/camera_ztl01_150/GEO/camera_main_srt/camera_M_default_render_cam_srt/camera_M_default_render_cam_srtBuffer/camera_M_render_cam' at frame 1206: pos=Vec3(145.22482, 117.398384, 50.352467), target=Vec3(141.98831, 117.06106, 40.896713), up=Vec3(-0.0109244585, 0.999431, -0.031914715)
[2026-03-15T19:39:52Z INFO  bif_viewport] USD camera '/root/camera_ztl01_150/GEO/camera_main_srt/camera_M_default_render_cam_srt/camera_M_default_render_cam_srtBuffer/camera_M_render_cam' at frame 1215: pos=Vec3(144.8325, 117.398384, 49.774242), target=Vec3(141.596, 117.06106, 40.31849), up=Vec3(-0.0109244585, 0.999431, -0.031914715)
[2026-03-15T19:39:52Z INFO  bif_core::texture] Texture toy_curly_surgery_BaseColor.1003.jpg (2048x2048): decode=40.9ms, convert=11.7ms, linear=28.0ms, total=80.6ms
[2026-03-15T19:39:52Z INFO  bif_viewport] USD camera '/root/camera_ztl01_150/GEO/camera_main_srt/camera_M_default_render_cam_srt/camera_M_default_render_cam_srtBuffer/camera_M_render_cam' at frame 1218: pos=Vec3(144.70174, 117.398384, 49.5815), target=Vec3(141.46523, 117.06106, 40.125748), up=Vec3(-0.0109244585, 0.999431, -0.031914715)
[2026-03-15T19:39:52Z INFO  bif_viewport] USD camera '/root/camera_ztl01_150/GEO/camera_main_srt/camera_M_default_render_cam_srt/camera_M_default_render_cam_srtBuffer/camera_M_render_cam' at frame 1223: pos=Vec3(144.48378, 117.398384, 49.26026), target=Vec3(141.24727, 117.06106, 39.804512), up=Vec3(-0.0109244585, 0.999431, -0.031914715)
[2026-03-15T19:39:52Z INFO  bif_viewport] USD camera '/root/camera_ztl01_150/GEO/camera_main_srt/camera_M_default_render_cam_srt/camera_M_default_render_cam_srtBuffer/camera_M_render_cam' at frame 1225: pos=Vec3(144.39659, 117.398384, 49.131767), target=Vec3(141.16008, 117.06106, 39.676018), up=Vec3(-0.0109244585, 0.999431, -0.031914715)
[2026-03-15T19:39:52Z INFO  bif_viewport] USD camera '/root/camera_ztl01_150/GEO/camera_main_srt/camera_M_default_render_cam_srt/camera_M_default_render_cam_srtBuffer/camera_M_render_cam' at frame 1226: pos=Vec3(144.35301, 117.398384, 49.06752), target=Vec3(141.1165, 117.06106, 39.61177), up=Vec3(-0.0109244585, 0.999431, -0.031914715)
[2026-03-15T19:39:52Z INFO  bif_viewport] USD camera '/root/camera_ztl01_150/GEO/camera_main_srt/camera_M_default_render_cam_srt/camera_M_default_render_cam_srtBuffer/camera_M_render_cam' at frame 1227: pos=Vec3(144.30942, 117.398384, 49.003273), target=Vec3(141.0729, 117.06106, 39.547523), up=Vec3(-0.0109244585, 0.999431, -0.031914715)
[2026-03-15T19:39:52Z INFO  bif_core::texture] Texture toy_curly_surgery_BaseColor.1004.jpg (2048x2048): decode=31.5ms, convert=12.1ms, linear=28.5ms, total=72.1ms
[2026-03-15T19:39:52Z INFO  bif_viewport] USD camera '/root/camera_ztl01_150/GEO/camera_main_srt/camera_M_default_render_cam_srt/camera_M_default_render_cam_srtBuffer/camera_M_render_cam' at frame 1230: pos=Vec3(144.17865, 117.398384, 48.81053), target=Vec3(140.94214, 117.06106, 39.354782), up=Vec3(-0.0109244585, 0.999431, -0.031914715)
[2026-03-15T19:39:52Z INFO  bif_viewport] USD camera '/root/camera_ztl01_150/GEO/camera_main_srt/camera_M_default_render_cam_srt/camera_M_default_render_cam_srtBuffer/camera_M_render_cam' at frame 1231: pos=Vec3(144.13506, 117.398384, 48.746284), target=Vec3(140.89854, 117.06106, 39.290535), up=Vec3(-0.0109244585, 0.999431, -0.031914715)
[2026-03-15T19:39:52Z INFO  bif_viewport] USD camera '/root/camera_ztl01_150/GEO/camera_main_srt/camera_M_default_render_cam_srt/camera_M_default_render_cam_srtBuffer/camera_M_render_cam' at frame 1238: pos=Vec3(143.82993, 117.398384, 48.296555), target=Vec3(140.59341, 117.06106, 38.840805), up=Vec3(-0.0109244585, 0.999431, -0.031914715)
[2026-03-15T19:39:52Z INFO  bif_viewport] USD camera '/root/camera_ztl01_150/GEO/camera_main_srt/camera_M_default_render_cam_srt/camera_M_default_render_cam_srtBuffer/camera_M_render_cam' at frame 1250: pos=Vec3(143.35042, 117.398384, 47.589836), target=Vec3(140.1139, 117.06106, 38.134087), up=Vec3(-0.0109244585, 0.999431, -0.031914715)
[2026-03-15T19:39:52Z INFO  bif_core::texture] Texture toy_curly_surgery_BaseColor.1011.jpg (2048x2048): decode=27.0ms, convert=11.0ms, linear=27.1ms, total=65.2ms
[2026-03-15T19:39:52Z INFO  bif_viewport] USD camera '/root/camera_ztl01_150/GEO/camera_main_srt/camera_M_default_render_cam_srt/camera_M_default_render_cam_srtBuffer/camera_M_render_cam' at frame 1258: pos=Vec3(143.35042, 117.398384, 47.589836), target=Vec3(140.1139, 117.06106, 38.134087), up=Vec3(-0.0109244585, 0.999431, -0.031914715)
[2026-03-15T19:39:52Z INFO  bif_viewport] USD camera '/root/camera_ztl01_150/GEO/camera_main_srt/camera_M_default_render_cam_srt/camera_M_default_render_cam_srtBuffer/camera_M_render_cam' at frame 1260: pos=Vec3(143.35042, 117.398384, 47.589836), target=Vec3(140.1139, 117.06106, 38.134087), up=Vec3(-0.0109244585, 0.999431, -0.031914715)
[2026-03-15T19:39:52Z INFO  bif_viewport] USD camera '/root/camera_ztl01_150/GEO/camera_main_srt/camera_M_default_render_cam_srt/camera_M_default_render_cam_srtBuffer/camera_M_render_cam' at frame 1265: pos=Vec3(143.35042, 117.398384, 47.589836), target=Vec3(140.1139, 117.06106, 38.134087), up=Vec3(-0.0109244585, 0.999431, -0.031914715)
[2026-03-15T19:39:52Z INFO  bif_viewport] USD camera '/root/camera_ztl01_150/GEO/camera_main_srt/camera_M_default_render_cam_srt/camera_M_default_render_cam_srtBuffer/camera_M_render_cam' at frame 1266: pos=Vec3(143.35042, 117.398384, 47.589836), target=Vec3(140.1139, 117.06106, 38.134087), up=Vec3(-0.0109244585, 0.999431, -0.031914715)
[2026-03-15T19:39:52Z INFO  bif_viewport] USD camera '/root/camera_ztl01_150/GEO/camera_main_srt/camera_M_default_render_cam_srt/camera_M_default_render_cam_srtBuffer/camera_M_render_cam' at frame 1268: pos=Vec3(143.35042, 117.398384, 47.589836), target=Vec3(140.1139, 117.06106, 38.134087), up=Vec3(-0.0109244585, 0.999431, -0.031914715)
[2026-03-15T19:39:52Z INFO  bif_core::texture] Texture toy_curly_surgery_BaseColor.1012.jpg (2048x2048): decode=30.0ms, convert=11.1ms, linear=32.7ms, total=73.9ms
[2026-03-15T19:39:52Z INFO  bif_viewport] USD camera '/root/camera_ztl01_150/GEO/camera_main_srt/camera_M_default_render_cam_srt/camera_M_default_render_cam_srtBuffer/camera_M_render_cam' at frame 1272: pos=Vec3(143.35042, 117.398384, 47.589836), target=Vec3(140.1139, 117.06106, 38.134087), up=Vec3(-0.0109244585, 0.999431, -0.031914715)
[2026-03-15T19:39:52Z INFO  bif_viewport] USD camera '/root/camera_ztl01_150/GEO/camera_main_srt/camera_M_default_render_cam_srt/camera_M_default_render_cam_srtBuffer/camera_M_render_cam' at frame 1275: pos=Vec3(143.35042, 117.398384, 47.589836), target=Vec3(140.1139, 117.06106, 38.134087), up=Vec3(-0.0109244585, 0.999431, -0.031914715)
[2026-03-15T19:39:52Z INFO  bif_core::texture] UDIM atlas (Ivar): 6 tiles -> 6144x4096 (3x2 grid, tile 2048x2048)
[2026-03-15T19:39:53Z INFO  bif_core::texture] Texture toy_curly_surgery_BaseColor.1013.jpg (2048x2048): decode=56.2ms, convert=9.3ms, linear=23.7ms, total=89.2ms
[2026-03-15T19:39:53Z INFO  bif_viewport] USD camera '/root/camera_ztl01_150/GEO/camera_main_srt/camera_M_default_render_cam_srt/camera_M_default_render_cam_srtBuffer/camera_M_render_cam' at frame 1273: pos=Vec3(143.35042, 117.398384, 47.589836), target=Vec3(140.1139, 117.06106, 38.134087), up=Vec3(-0.0109244585, 0.999431, -0.031914715)
[2026-03-15T19:39:53Z INFO  bif_core::texture] UDIM atlas (Ivar): 7 tiles -> 8192x4096 (4x2 grid, tile 2048x2048)
[2026-03-15T19:39:53Z INFO  bif_viewport] USD camera '/root/camera_ztl01_150/GEO/camera_main_srt/camera_M_default_render_cam_srt/camera_M_default_render_cam_srtBuffer/camera_M_render_cam' at frame 1272: pos=Vec3(143.35042, 117.398384, 47.589836), target=Vec3(140.1139, 117.06106, 38.134087), up=Vec3(-0.0109244585, 0.999431, -0.031914715)
[2026-03-15T19:39:53Z INFO  bif_viewport] USD camera '/root/camera_ztl01_150/GEO/camera_main_srt/camera_M_default_render_cam_srt/camera_M_default_render_cam_srtBuffer/camera_M_render_cam' at frame 1270: pos=Vec3(143.35042, 117.398384, 47.589836), target=Vec3(140.1139, 117.06106, 38.134087), up=Vec3(-0.0109244585, 0.999431, -0.031914715)
[2026-03-15T19:39:53Z INFO  bif_viewport] USD camera '/root/camera_ztl01_150/GEO/camera_main_srt/camera_M_default_render_cam_srt/camera_M_default_render_cam_srtBuffer/camera_M_render_cam' at frame 1268: pos=Vec3(143.35042, 117.398384, 47.589836), target=Vec3(140.1139, 117.06106, 38.134087), up=Vec3(-0.0109244585, 0.999431, -0.031914715)
[2026-03-15T19:39:53Z INFO  bif_viewport] USD camera '/root/camera_ztl01_150/GEO/camera_main_srt/camera_M_default_render_cam_srt/camera_M_default_render_cam_srtBuffer/camera_M_render_cam' at frame 1265: pos=Vec3(143.35042, 117.398384, 47.589836), target=Vec3(140.1139, 117.06106, 38.134087), up=Vec3(-0.0109244585, 0.999431, -0.031914715)
[2026-03-15T19:39:53Z INFO  bif_viewport] USD camera '/root/camera_ztl01_150/GEO/camera_main_srt/camera_M_default_render_cam_srt/camera_M_default_render_cam_srtBuffer/camera_M_render_cam' at frame 1263: pos=Vec3(143.35042, 117.398384, 47.589836), target=Vec3(140.1139, 117.06106, 38.134087), up=Vec3(-0.0109244585, 0.999431, -0.031914715)
[2026-03-15T19:39:53Z INFO  bif_viewport] USD camera '/root/camera_ztl01_150/GEO/camera_main_srt/camera_M_default_render_cam_srt/camera_M_default_render_cam_srtBuffer/camera_M_render_cam' at frame 1261: pos=Vec3(143.35042, 117.398384, 47.589836), target=Vec3(140.1139, 117.06106, 38.134087), up=Vec3(-0.0109244585, 0.999431, -0.031914715)
[2026-03-15T19:39:53Z INFO  bif_viewport] USD camera '/root/camera_ztl01_150/GEO/camera_main_srt/camera_M_default_render_cam_srt/camera_M_default_render_cam_srtBuffer/camera_M_render_cam' at frame 1258: pos=Vec3(143.35042, 117.398384, 47.589836), target=Vec3(140.1139, 117.06106, 38.134087), up=Vec3(-0.0109244585, 0.999431, -0.031914715)
[2026-03-15T19:39:53Z INFO  bif_viewport] USD camera '/root/camera_ztl01_150/GEO/camera_main_srt/camera_M_default_render_cam_srt/camera_M_default_render_cam_srtBuffer/camera_M_render_cam' at frame 1250: pos=Vec3(143.35042, 117.398384, 47.589836), target=Vec3(140.1139, 117.06106, 38.134087), up=Vec3(-0.0109244585, 0.999431, -0.031914715)
[2026-03-15T19:39:53Z INFO  bif_viewport] USD camera '/root/camera_ztl01_150/GEO/camera_main_srt/camera_M_default_render_cam_srt/camera_M_default_render_cam_srtBuffer/camera_M_render_cam' at frame 1247: pos=Vec3(143.4376, 117.398384, 47.71833), target=Vec3(140.2011, 117.06106, 38.26258), up=Vec3(-0.0109244585, 0.999431, -0.031914715)
[2026-03-15T19:39:53Z INFO  bif_viewport] USD camera '/root/camera_ztl01_150/GEO/camera_main_srt/camera_M_default_render_cam_srt/camera_M_default_render_cam_srtBuffer/camera_M_render_cam' at frame 1241: pos=Vec3(143.69914, 117.398384, 48.103813), target=Vec3(140.46263, 117.06106, 38.648064), up=Vec3(-0.0109244585, 0.999431, -0.031914715)
[2026-03-15T19:39:53Z INFO  bif_viewport] USD camera '/root/camera_ztl01_150/GEO/camera_main_srt/camera_M_default_render_cam_srt/camera_M_default_render_cam_srtBuffer/camera_M_render_cam' at frame 1235: pos=Vec3(143.9607, 117.398384, 48.489296), target=Vec3(140.72418, 117.06106, 39.033546), up=Vec3(-0.0109244585, 0.999431, -0.031914715)
[2026-03-15T19:39:53Z INFO  bif_viewport] USD camera '/root/camera_ztl01_150/GEO/camera_main_srt/camera_M_default_render_cam_srt/camera_M_default_render_cam_srtBuffer/camera_M_render_cam' at frame 1233: pos=Vec3(144.04787, 117.398384, 48.61779), target=Vec3(140.81136, 117.06106, 39.16204), up=Vec3(-0.0109244585, 0.999431, -0.031914715)
[2026-03-15T19:39:53Z INFO  bif_viewport] USD camera '/root/camera_ztl01_150/GEO/camera_main_srt/camera_M_default_render_cam_srt/camera_M_default_render_cam_srtBuffer/camera_M_render_cam' at frame 1231: pos=Vec3(144.13506, 117.398384, 48.746284), target=Vec3(140.89854, 117.06106, 39.290535), up=Vec3(-0.0109244585, 0.999431, -0.031914715)
[2026-03-15T19:39:53Z INFO  bif_viewport] USD camera '/root/camera_ztl01_150/GEO/camera_main_srt/camera_M_default_render_cam_srt/camera_M_default_render_cam_srtBuffer/camera_M_render_cam' at frame 1230: pos=Vec3(144.17865, 117.398384, 48.81053), target=Vec3(140.94214, 117.06106, 39.354782), up=Vec3(-0.0109244585, 0.999431, -0.031914715)
[2026-03-15T19:39:53Z INFO  bif_viewport] USD camera '/root/camera_ztl01_150/GEO/camera_main_srt/camera_M_default_render_cam_srt/camera_M_default_render_cam_srtBuffer/camera_M_render_cam' at frame 1225: pos=Vec3(144.39659, 117.398384, 49.131767), target=Vec3(141.16008, 117.06106, 39.676018), up=Vec3(-0.0109244585, 0.999431, -0.031914715)
[2026-03-15T19:39:53Z INFO  bif_viewport] USD camera '/root/camera_ztl01_150/GEO/camera_main_srt/camera_M_default_render_cam_srt/camera_M_default_render_cam_srtBuffer/camera_M_render_cam' at frame 1220: pos=Vec3(144.61455, 117.398384, 49.453007), target=Vec3(141.37804, 117.06106, 39.997253), up=Vec3(-0.0109244585, 0.999431, -0.031914715)
[2026-03-15T19:39:53Z INFO  bif_viewport] USD camera '/root/camera_ztl01_150/GEO/camera_main_srt/camera_M_default_render_cam_srt/camera_M_default_render_cam_srtBuffer/camera_M_render_cam' at frame 1212: pos=Vec3(144.96327, 117.398384, 49.966984), target=Vec3(141.72676, 117.06106, 40.51123), up=Vec3(-0.0109244585, 0.999431, -0.031914715)
[2026-03-15T19:39:53Z INFO  bif_viewport] USD camera '/root/camera_ztl01_150/GEO/camera_main_srt/camera_M_default_render_cam_srt/camera_M_default_render_cam_srtBuffer/camera_M_render_cam' at frame 1211: pos=Vec3(145.00687, 117.398384, 50.03123), target=Vec3(141.77036, 117.06106, 40.575478), up=Vec3(-0.0109244585, 0.999431, -0.031914715)
[2026-03-15T19:39:53Z INFO  bif_viewport] USD camera '/root/camera_ztl01_150/GEO/camera_main_srt/camera_M_default_render_cam_srt/camera_M_default_render_cam_srtBuffer/camera_M_render_cam' at frame 1210: pos=Vec3(145.05046, 117.398384, 50.095478), target=Vec3(141.81395, 117.06106, 40.639725), up=Vec3(-0.0109244585, 0.999431, -0.031914715)
[2026-03-15T19:39:53Z INFO  bif_viewport] USD camera '/root/camera_ztl01_150/GEO/camera_main_srt/camera_M_default_render_cam_srt/camera_M_default_render_cam_srtBuffer/camera_M_render_cam' at frame 1208: pos=Vec3(145.13763, 117.398384, 50.223972), target=Vec3(141.90112, 117.06106, 40.76822), up=Vec3(-0.0109244585, 0.999431, -0.031914715)
[2026-03-15T19:39:53Z INFO  bif_viewport] USD camera '/root/camera_ztl01_150/GEO/camera_main_srt/camera_M_default_render_cam_srt/camera_M_default_render_cam_srtBuffer/camera_M_render_cam' at frame 1206: pos=Vec3(145.22482, 117.398384, 50.352467), target=Vec3(141.98831, 117.06106, 40.896713), up=Vec3(-0.0109244585, 0.999431, -0.031914715)
[2026-03-15T19:39:53Z INFO  bif_viewport] USD camera '/root/camera_ztl01_150/GEO/camera_main_srt/camera_M_default_render_cam_srt/camera_M_default_render_cam_srtBuffer/camera_M_render_cam' at frame 1205: pos=Vec3(145.2684, 117.398384, 50.416714), target=Vec3(142.03189, 117.06106, 40.96096), up=Vec3(-0.0109244585, 0.999431, -0.031914715)
[2026-03-15T19:39:53Z INFO  bif_viewport] USD camera '/root/camera_ztl01_150/GEO/camera_main_srt/camera_M_default_render_cam_srt/camera_M_default_render_cam_srtBuffer/camera_M_render_cam' at frame 1200: pos=Vec3(145.48636, 117.398384, 50.73795), target=Vec3(142.24985, 117.06106, 41.282196), up=Vec3(-0.0109244585, 0.999431, -0.031914715)
[2026-03-15T19:39:53Z INFO  bif_viewport] USD camera '/root/camera_ztl01_150/GEO/camera_main_srt/camera_M_default_render_cam_srt/camera_M_default_render_cam_srtBuffer/camera_M_render_cam' at frame 1205: pos=Vec3(145.2684, 117.398384, 50.416714), target=Vec3(142.03189, 117.06106, 40.96096), up=Vec3(-0.0109244585, 0.999431, -0.031914715)
[2026-03-15T19:39:54Z INFO  bif_core::texture] UDIM atlas (Ivar): 6 tiles -> 6144x4096 (3x2 grid, tile 2048x2048)
[2026-03-15T19:39:54Z INFO  bif_viewport] USD camera '/root/camera_ztl01_150/GEO/camera_main_srt/camera_M_default_render_cam_srt/camera_M_default_render_cam_srtBuffer/camera_M_render_cam' at frame 1208: pos=Vec3(145.13763, 117.398384, 50.223972), target=Vec3(141.90112, 117.06106, 40.76822), up=Vec3(-0.0109244585, 0.999431, -0.031914715)
[2026-03-15T19:39:54Z INFO  bif_core::texture] Texture electronics_audio_generator01_proxyTexture.jpg (512x512): decode=9.4ms, convert=0.7ms, linear=1.6ms, total=11.7ms
[2026-03-15T19:39:54Z INFO  bif_viewport] USD camera '/root/camera_ztl01_150/GEO/camera_main_srt/camera_M_default_render_cam_srt/camera_M_default_render_cam_srtBuffer/camera_M_render_cam' at frame 1210: pos=Vec3(145.05046, 117.398384, 50.095478), target=Vec3(141.81395, 117.06106, 40.639725), up=Vec3(-0.0109244585, 0.999431, -0.031914715)
[2026-03-15T19:39:54Z INFO  bif_viewport] USD camera '/root/camera_ztl01_150/GEO/camera_main_srt/camera_M_default_render_cam_srt/camera_M_default_render_cam_srtBuffer/camera_M_render_cam' at frame 1213: pos=Vec3(144.91968, 117.398384, 49.902737), target=Vec3(141.68317, 117.06106, 40.446983), up=Vec3(-0.0109244585, 0.999431, -0.031914715)
[2026-03-15T19:39:54Z INFO  bif_viewport] USD camera '/root/camera_ztl01_150/GEO/camera_main_srt/camera_M_default_render_cam_srt/camera_M_default_render_cam_srtBuffer/camera_M_render_cam' at frame 1215: pos=Vec3(144.8325, 117.398384, 49.774242), target=Vec3(141.596, 117.06106, 40.31849), up=Vec3(-0.0109244585, 0.999431, -0.031914715)
[2026-03-15T19:39:54Z INFO  bif_viewport] USD camera '/root/camera_ztl01_150/GEO/camera_main_srt/camera_M_default_render_cam_srt/camera_M_default_render_cam_srtBuffer/camera_M_render_cam' at frame 1218: pos=Vec3(144.70174, 117.398384, 49.5815), target=Vec3(141.46523, 117.06106, 40.125748), up=Vec3(-0.0109244585, 0.999431, -0.031914715)
[2026-03-15T19:39:54Z INFO  bif_viewport] USD camera '/root/camera_ztl01_150/GEO/camera_main_srt/camera_M_default_render_cam_srt/camera_M_default_render_cam_srtBuffer/camera_M_render_cam' at frame 1223: pos=Vec3(144.48378, 117.398384, 49.26026), target=Vec3(141.24727, 117.06106, 39.804512), up=Vec3(-0.0109244585, 0.999431, -0.031914715)
[2026-03-15T19:39:54Z INFO  bif_core::texture] UDIM atlas (Ivar): 7 tiles -> 8192x4096 (4x2 grid, tile 2048x2048)
[2026-03-15T19:39:54Z INFO  bif_viewport] USD camera '/root/camera_ztl01_150/GEO/camera_main_srt/camera_M_default_render_cam_srt/camera_M_default_render_cam_srtBuffer/camera_M_render_cam' at frame 1231: pos=Vec3(144.13506, 117.398384, 48.746284), target=Vec3(140.89854, 117.06106, 39.290535), up=Vec3(-0.0109244585, 0.999431, -0.031914715)
[2026-03-15T19:39:54Z INFO  bif_viewport] USD camera '/root/camera_ztl01_150/GEO/camera_main_srt/camera_M_default_render_cam_srt/camera_M_default_render_cam_srtBuffer/camera_M_render_cam' at frame 1241: pos=Vec3(143.69914, 117.398384, 48.103813), target=Vec3(140.46263, 117.06106, 38.648064), up=Vec3(-0.0109244585, 0.999431, -0.031914715)
[2026-03-15T19:39:54Z INFO  bif_core::texture] UDIM tiles capped 2048x2048 -> 1638x1638 for Ivar (5x2 grid)
[2026-03-15T19:39:54Z INFO  bif_viewport] USD camera '/root/camera_ztl01_150/GEO/camera_main_srt/camera_M_default_render_cam_srt/camera_M_default_render_cam_srtBuffer/camera_M_render_cam' at frame 1245: pos=Vec3(143.52478, 117.398384, 47.846825), target=Vec3(140.28827, 117.06106, 38.391075), up=Vec3(-0.0109244585, 0.999431, -0.031914715)
[2026-03-15T19:39:54Z INFO  bif_viewport] USD camera '/root/camera_ztl01_150/GEO/camera_main_srt/camera_M_default_render_cam_srt/camera_M_default_render_cam_srtBuffer/camera_M_render_cam' at frame 1250: pos=Vec3(143.35042, 117.398384, 47.589836), target=Vec3(140.1139, 117.06106, 38.134087), up=Vec3(-0.0109244585, 0.999431, -0.031914715)
[2026-03-15T19:39:54Z INFO  bif_viewport] USD camera '/root/camera_ztl01_150/GEO/camera_main_srt/camera_M_default_render_cam_srt/camera_M_default_render_cam_srtBuffer/camera_M_render_cam' at frame 1252: pos=Vec3(143.35042, 117.398384, 47.589836), target=Vec3(140.1139, 117.06106, 38.134087), up=Vec3(-0.0109244585, 0.999431, -0.031914715)
[2026-03-15T19:39:54Z INFO  bif_viewport] USD camera '/root/camera_ztl01_150/GEO/camera_main_srt/camera_M_default_render_cam_srt/camera_M_default_render_cam_srtBuffer/camera_M_render_cam' at frame 1260: pos=Vec3(143.35042, 117.398384, 47.589836), target=Vec3(140.1139, 117.06106, 38.134087), up=Vec3(-0.0109244585, 0.999431, -0.031914715)
[2026-03-15T19:39:54Z INFO  bif_viewport] USD camera '/root/camera_ztl01_150/GEO/camera_main_srt/camera_M_default_render_cam_srt/camera_M_default_render_cam_srtBuffer/camera_M_render_cam' at frame 1265: pos=Vec3(143.35042, 117.398384, 47.589836), target=Vec3(140.1139, 117.06106, 38.134087), up=Vec3(-0.0109244585, 0.999431, -0.031914715)
[2026-03-15T19:39:54Z INFO  bif_core::texture] Texture electronics_audio_generator01_BaseColor.1001.jpg (2048x2048): decode=75.8ms, convert=10.9ms, linear=25.3ms, total=112.0ms
[2026-03-15T19:39:54Z INFO  bif_viewport] USD camera '/root/camera_ztl01_150/GEO/camera_main_srt/camera_M_default_render_cam_srt/camera_M_default_render_cam_srtBuffer/camera_M_render_cam' at frame 1268: pos=Vec3(143.35042, 117.398384, 47.589836), target=Vec3(140.1139, 117.06106, 38.134087), up=Vec3(-0.0109244585, 0.999431, -0.031914715)
[2026-03-15T19:39:54Z INFO  bif_viewport] USD camera '/root/camera_ztl01_150/GEO/camera_main_srt/camera_M_default_render_cam_srt/camera_M_default_render_cam_srtBuffer/camera_M_render_cam' at frame 1270: pos=Vec3(143.35042, 117.398384, 47.589836), target=Vec3(140.1139, 117.06106, 38.134087), up=Vec3(-0.0109244585, 0.999431, -0.031914715)
[2026-03-15T19:39:54Z INFO  bif_viewport] USD camera '/root/camera_ztl01_150/GEO/camera_main_srt/camera_M_default_render_cam_srt/camera_M_default_render_cam_srtBuffer/camera_M_render_cam' at frame 1275: pos=Vec3(143.35042, 117.398384, 47.589836), target=Vec3(140.1139, 117.06106, 38.134087), up=Vec3(-0.0109244585, 0.999431, -0.031914715)
[2026-03-15T19:39:54Z INFO  bif_viewport] USD camera '/root/camera_ztl01_150/GEO/camera_main_srt/camera_M_default_render_cam_srt/camera_M_default_render_cam_srtBuffer/camera_M_render_cam' at frame 1280: pos=Vec3(143.35042, 117.398384, 47.589836), target=Vec3(140.1139, 117.06106, 38.134087), up=Vec3(-0.0109244585, 0.999431, -0.031914715)
[2026-03-15T19:39:54Z INFO  bif_viewport] USD camera '/root/camera_ztl01_150/GEO/camera_main_srt/camera_M_default_render_cam_srt/camera_M_default_render_cam_srtBuffer/camera_M_render_cam' at frame 1286: pos=Vec3(143.35042, 117.398384, 47.589836), target=Vec3(140.1139, 117.06106, 38.134087), up=Vec3(-0.0109244585, 0.999431, -0.031914715)
[2026-03-15T19:39:54Z INFO  bif_viewport] USD camera '/root/camera_ztl01_150/GEO/camera_main_srt/camera_M_default_render_cam_srt/camera_M_default_render_cam_srtBuffer/camera_M_render_cam' at frame 1290: pos=Vec3(143.35042, 117.398384, 47.589836), target=Vec3(140.1139, 117.06106, 38.134087), up=Vec3(-0.0109244585, 0.999431, -0.031914715)
[2026-03-15T19:39:54Z INFO  bif_core::texture] Texture electronics_audio_generator01_BaseColor.1002.jpg (2048x2048): decode=48.6ms, convert=10.6ms, linear=41.9ms, total=101.2ms
[2026-03-15T19:39:54Z INFO  bif_viewport] USD camera '/root/camera_ztl01_150/GEO/camera_main_srt/camera_M_default_render_cam_srt/camera_M_default_render_cam_srtBuffer/camera_M_render_cam' at frame 1285: pos=Vec3(143.35042, 117.398384, 47.589836), target=Vec3(140.1139, 117.06106, 38.134087), up=Vec3(-0.0109244585, 0.999431, -0.031914715)
[2026-03-15T19:39:54Z INFO  bif_viewport] USD camera '/root/camera_ztl01_150/GEO/camera_main_srt/camera_M_default_render_cam_srt/camera_M_default_render_cam_srtBuffer/camera_M_render_cam' at frame 1275: pos=Vec3(143.35042, 117.398384, 47.589836), target=Vec3(140.1139, 117.06106, 38.134087), up=Vec3(-0.0109244585, 0.999431, -0.031914715)
[2026-03-15T19:39:54Z INFO  bif_core::texture] Texture electronics_audio_generator01_BaseColor.1003.jpg (2048x2048): decode=55.0ms, convert=12.4ms, linear=26.5ms, total=93.9ms
[2026-03-15T19:39:54Z INFO  bif_viewport] USD camera '/root/camera_ztl01_150/GEO/camera_main_srt/camera_M_default_render_cam_srt/camera_M_default_render_cam_srtBuffer/camera_M_render_cam' at frame 1267: pos=Vec3(143.35042, 117.398384, 47.589836), target=Vec3(140.1139, 117.06106, 38.134087), up=Vec3(-0.0109244585, 0.999431, -0.031914715)
[2026-03-15T19:39:54Z INFO  bif_viewport] USD camera '/root/camera_ztl01_150/GEO/camera_main_srt/camera_M_default_render_cam_srt/camera_M_default_render_cam_srtBuffer/camera_M_render_cam' at frame 1260: pos=Vec3(143.35042, 117.398384, 47.589836), target=Vec3(140.1139, 117.06106, 38.134087), up=Vec3(-0.0109244585, 0.999431, -0.031914715)
[2026-03-15T19:39:54Z INFO  bif_viewport] USD camera '/root/camera_ztl01_150/GEO/camera_main_srt/camera_M_default_render_cam_srt/camera_M_default_render_cam_srtBuffer/camera_M_render_cam' at frame 1258: pos=Vec3(143.35042, 117.398384, 47.589836), target=Vec3(140.1139, 117.06106, 38.134087), up=Vec3(-0.0109244585, 0.999431, -0.031914715)
[2026-03-15T19:39:54Z INFO  bif_viewport] USD camera '/root/camera_ztl01_150/GEO/camera_main_srt/camera_M_default_render_cam_srt/camera_M_default_render_cam_srtBuffer/camera_M_render_cam' at frame 1250: pos=Vec3(143.35042, 117.398384, 47.589836), target=Vec3(140.1139, 117.06106, 38.134087), up=Vec3(-0.0109244585, 0.999431, -0.031914715)
[2026-03-15T19:39:54Z INFO  bif_viewport] USD camera '/root/camera_ztl01_150/GEO/camera_main_srt/camera_M_default_render_cam_srt/camera_M_default_render_cam_srtBuffer/camera_M_render_cam' at frame 1245: pos=Vec3(143.52478, 117.398384, 47.846825), target=Vec3(140.28827, 117.06106, 38.391075), up=Vec3(-0.0109244585, 0.999431, -0.031914715)
[2026-03-15T19:39:54Z INFO  bif_viewport] USD camera '/root/camera_ztl01_150/GEO/camera_main_srt/camera_M_default_render_cam_srt/camera_M_default_render_cam_srtBuffer/camera_M_render_cam' at frame 1232: pos=Vec3(144.09146, 117.398384, 48.682037), target=Vec3(140.85495, 117.06106, 39.226288), up=Vec3(-0.0109244585, 0.999431, -0.031914715)
[2026-03-15T19:39:54Z INFO  bif_core::texture] Texture electronics_audio_generator01_BaseColor.1004.jpg (2048x2048): decode=37.9ms, convert=11.9ms, linear=31.1ms, total=80.9ms
[2026-03-15T19:39:54Z INFO  bif_viewport] USD camera '/root/camera_ztl01_150/GEO/camera_main_srt/camera_M_default_render_cam_srt/camera_M_default_render_cam_srtBuffer/camera_M_render_cam' at frame 1225: pos=Vec3(144.39659, 117.398384, 49.131767), target=Vec3(141.16008, 117.06106, 39.676018), up=Vec3(-0.0109244585, 0.999431, -0.031914715)
[2026-03-15T19:39:54Z INFO  bif_viewport] USD camera '/root/camera_ztl01_150/GEO/camera_main_srt/camera_M_default_render_cam_srt/camera_M_default_render_cam_srtBuffer/camera_M_render_cam' at frame 1223: pos=Vec3(144.48378, 117.398384, 49.26026), target=Vec3(141.24727, 117.06106, 39.804512), up=Vec3(-0.0109244585, 0.999431, -0.031914715)
[2026-03-15T19:39:54Z INFO  bif_viewport] USD camera '/root/camera_ztl01_150/GEO/camera_main_srt/camera_M_default_render_cam_srt/camera_M_default_render_cam_srtBuffer/camera_M_render_cam' at frame 1217: pos=Vec3(144.74532, 117.398384, 49.64575), target=Vec3(141.5088, 117.06106, 40.189995), up=Vec3(-0.0109244585, 0.999431, -0.031914715)
[2026-03-15T19:39:54Z INFO  bif_viewport] USD camera '/root/camera_ztl01_150/GEO/camera_main_srt/camera_M_default_render_cam_srt/camera_M_default_render_cam_srtBuffer/camera_M_render_cam' at frame 1208: pos=Vec3(145.13763, 117.398384, 50.223972), target=Vec3(141.90112, 117.06106, 40.76822), up=Vec3(-0.0109244585, 0.999431, -0.031914715)
[2026-03-15T19:39:54Z INFO  bif_viewport] USD camera '/root/camera_ztl01_150/GEO/camera_main_srt/camera_M_default_render_cam_srt/camera_M_default_render_cam_srtBuffer/camera_M_render_cam' at frame 1205: pos=Vec3(145.2684, 117.398384, 50.416714), target=Vec3(142.03189, 117.06106, 40.96096), up=Vec3(-0.0109244585, 0.999431, -0.031914715)
[2026-03-15T19:39:54Z INFO  bif_viewport] USD camera '/root/camera_ztl01_150/GEO/camera_main_srt/camera_M_default_render_cam_srt/camera_M_default_render_cam_srtBuffer/camera_M_render_cam' at frame 1200: pos=Vec3(145.48636, 117.398384, 50.73795), target=Vec3(142.24985, 117.06106, 41.282196), up=Vec3(-0.0109244585, 0.999431, -0.031914715)
[2026-03-15T19:39:54Z INFO  bif_core::texture] Texture electronics_audio_generator01_BaseColor.1005.jpg (2048x2048): decode=57.5ms, convert=11.7ms, linear=31.8ms, total=101.0ms
[2026-03-15T19:39:55Z INFO  bif_core::texture] Texture electronics_audio_generator01_BaseColor.1011.jpg (2048x2048): decode=54.1ms, convert=11.3ms, linear=31.1ms, total=96.5ms
[2026-03-15T19:39:55Z INFO  bif_core::texture] UDIM atlas (Ivar): 7 tiles -> 8192x4096 (4x2 grid, tile 2048x2048)
[2026-03-15T19:39:55Z INFO  bif_core::texture] Texture electronics_cabling_proxyTexture.jpg (512x512): decode=9.2ms, convert=0.7ms, linear=1.5ms, total=11.4ms
[2026-03-15T19:39:55Z INFO  bif_core::texture] Texture electronics_audio_generator01_BaseColor.1012.jpg (2048x2048): decode=51.1ms, convert=10.8ms, linear=37.6ms, total=99.5ms
[2026-03-15T19:39:55Z INFO  bif_viewport] USD camera '/root/camera_ztl01_150/GEO/camera_main_srt/camera_M_default_render_cam_srt/camera_M_default_render_cam_srtBuffer/camera_M_render_cam' at frame 1213: pos=Vec3(144.91968, 117.398384, 49.902737), target=Vec3(141.68317, 117.06106, 40.446983), up=Vec3(-0.0109244585, 0.999431, -0.031914715)
[2026-03-15T19:39:55Z INFO  bif_viewport] USD camera '/root/camera_ztl01_150/GEO/camera_main_srt/camera_M_default_render_cam_srt/camera_M_default_render_cam_srtBuffer/camera_M_render_cam' at frame 1226: pos=Vec3(144.35301, 117.398384, 49.06752), target=Vec3(141.1165, 117.06106, 39.61177), up=Vec3(-0.0109244585, 0.999431, -0.031914715)
[2026-03-15T19:39:55Z INFO  bif_viewport] USD camera '/root/camera_ztl01_150/GEO/camera_main_srt/camera_M_default_render_cam_srt/camera_M_default_render_cam_srtBuffer/camera_M_render_cam' at frame 1230: pos=Vec3(144.17865, 117.398384, 48.81053), target=Vec3(140.94214, 117.06106, 39.354782), up=Vec3(-0.0109244585, 0.999431, -0.031914715)
[2026-03-15T19:39:55Z INFO  bif_viewport] USD camera '/root/camera_ztl01_150/GEO/camera_main_srt/camera_M_default_render_cam_srt/camera_M_default_render_cam_srtBuffer/camera_M_render_cam' at frame 1238: pos=Vec3(143.82993, 117.398384, 48.296555), target=Vec3(140.59341, 117.06106, 38.840805), up=Vec3(-0.0109244585, 0.999431, -0.031914715)
[2026-03-15T19:39:55Z INFO  bif_viewport] USD camera '/root/camera_ztl01_150/GEO/camera_main_srt/camera_M_default_render_cam_srt/camera_M_default_render_cam_srtBuffer/camera_M_render_cam' at frame 1247: pos=Vec3(143.4376, 117.398384, 47.71833), target=Vec3(140.2011, 117.06106, 38.26258), up=Vec3(-0.0109244585, 0.999431, -0.031914715)
[2026-03-15T19:39:55Z INFO  bif_core::texture] Texture electronics_cabling_BaseColor.1001.jpg (2048x2048): decode=35.5ms, convert=11.7ms, linear=29.6ms, total=76.8ms
[2026-03-15T19:39:55Z INFO  bif_core::texture] Texture electronics_audio_generator01_BaseColor.1013.jpg (2048x2048): decode=75.6ms, convert=11.5ms, linear=30.0ms, total=117.1ms
[2026-03-15T19:39:55Z INFO  bif_viewport] USD camera '/root/camera_ztl01_150/GEO/camera_main_srt/camera_M_default_render_cam_srt/camera_M_default_render_cam_srtBuffer/camera_M_render_cam' at frame 1250: pos=Vec3(143.35042, 117.398384, 47.589836), target=Vec3(140.1139, 117.06106, 38.134087), up=Vec3(-0.0109244585, 0.999431, -0.031914715)
[2026-03-15T19:39:55Z INFO  bif_viewport] USD camera '/root/camera_ztl01_150/GEO/camera_main_srt/camera_M_default_render_cam_srt/camera_M_default_render_cam_srtBuffer/camera_M_render_cam' at frame 1260: pos=Vec3(143.35042, 117.398384, 47.589836), target=Vec3(140.1139, 117.06106, 38.134087), up=Vec3(-0.0109244585, 0.999431, -0.031914715)
[2026-03-15T19:39:55Z INFO  bif_viewport] USD camera '/root/camera_ztl01_150/GEO/camera_main_srt/camera_M_default_render_cam_srt/camera_M_default_render_cam_srtBuffer/camera_M_render_cam' at frame 1272: pos=Vec3(143.35042, 117.398384, 47.589836), target=Vec3(140.1139, 117.06106, 38.134087), up=Vec3(-0.0109244585, 0.999431, -0.031914715)
[2026-03-15T19:39:55Z INFO  bif_viewport] USD camera '/root/camera_ztl01_150/GEO/camera_main_srt/camera_M_default_render_cam_srt/camera_M_default_render_cam_srtBuffer/camera_M_render_cam' at frame 1281: pos=Vec3(143.35042, 117.398384, 47.589836), target=Vec3(140.1139, 117.06106, 38.134087), up=Vec3(-0.0109244585, 0.999431, -0.031914715)
[2026-03-15T19:39:55Z INFO  bif_viewport] USD camera '/root/camera_ztl01_150/GEO/camera_main_srt/camera_M_default_render_cam_srt/camera_M_default_render_cam_srtBuffer/camera_M_render_cam' at frame 1290: pos=Vec3(143.35042, 117.398384, 47.589836), target=Vec3(140.1139, 117.06106, 38.134087), up=Vec3(-0.0109244585, 0.999431, -0.031914715)
[2026-03-15T19:39:55Z INFO  bif_core::texture] Texture electronics_cabling_BaseColor.1002.jpg (2048x2048): decode=38.5ms, convert=10.6ms, linear=30.5ms, total=79.6ms
[2026-03-15T19:39:55Z INFO  bif_viewport] USD camera '/root/camera_ztl01_150/GEO/camera_main_srt/camera_M_default_render_cam_srt/camera_M_default_render_cam_srtBuffer/camera_M_render_cam' at frame 1293: pos=Vec3(143.35042, 117.398384, 47.589836), target=Vec3(140.1139, 117.06106, 38.134087), up=Vec3(-0.0109244585, 0.999431, -0.031914715)
[2026-03-15T19:39:55Z INFO  bif_viewport] USD camera '/root/camera_ztl01_150/GEO/camera_main_srt/camera_M_default_render_cam_srt/camera_M_default_render_cam_srtBuffer/camera_M_render_cam' at frame 1300: pos=Vec3(143.35042, 117.398384, 47.589836), target=Vec3(140.1139, 117.06106, 38.134087), up=Vec3(-0.0109244585, 0.999431, -0.031914715)
[2026-03-15T19:39:55Z INFO  bif_core::texture] Texture electronics_audio_generator01_BaseColor.1014.jpg (2048x2048): decode=52.7ms, convert=11.9ms, linear=29.0ms, total=93.5ms
[2026-03-15T19:39:55Z INFO  bif_core::texture] UDIM atlas (Ivar): 9 tiles -> 8190x3276 (5x2 grid, tile 1638x1638)
[2026-03-15T19:39:55Z INFO  bif_core::texture] Texture electronics_cabling_BaseColor.1003.jpg (2048x2048): decode=40.9ms, convert=10.8ms, linear=25.6ms, total=77.4ms
[2026-03-15T19:39:55Z INFO  bif_core::texture] Texture electronics_cabling_BaseColor.1004.jpg (2048x2048): decode=40.4ms, convert=11.2ms, linear=26.9ms, total=78.4ms
[2026-03-15T19:39:55Z INFO  bif_core::texture] UDIM tiles capped 2048x2048 -> 1638x1638 for Ivar (5x2 grid)
[2026-03-15T19:39:55Z INFO  bif_viewport] USD camera '/root/camera_ztl01_150/GEO/camera_main_srt/camera_M_default_render_cam_srt/camera_M_default_render_cam_srtBuffer/camera_M_render_cam' at frame 1286: pos=Vec3(143.35042, 117.398384, 47.589836), target=Vec3(140.1139, 117.06106, 38.134087), up=Vec3(-0.0109244585, 0.999431, -0.031914715)
[2026-03-15T19:39:55Z INFO  bif_viewport] USD camera '/root/camera_ztl01_150/GEO/camera_main_srt/camera_M_default_render_cam_srt/camera_M_default_render_cam_srtBuffer/camera_M_render_cam' at frame 1275: pos=Vec3(143.35042, 117.398384, 47.589836), target=Vec3(140.1139, 117.06106, 38.134087), up=Vec3(-0.0109244585, 0.999431, -0.031914715)
[2026-03-15T19:39:55Z INFO  bif_viewport] USD camera '/root/camera_ztl01_150/GEO/camera_main_srt/camera_M_default_render_cam_srt/camera_M_default_render_cam_srtBuffer/camera_M_render_cam' at frame 1265: pos=Vec3(143.35042, 117.398384, 47.589836), target=Vec3(140.1139, 117.06106, 38.134087), up=Vec3(-0.0109244585, 0.999431, -0.031914715)
[2026-03-15T19:39:55Z INFO  bif_core::texture] Texture electronics_cabling_BaseColor.1011.jpg (2048x2048): decode=40.4ms, convert=11.8ms, linear=30.1ms, total=82.3ms
[2026-03-15T19:39:55Z INFO  bif_viewport] USD camera '/root/camera_ztl01_150/GEO/camera_main_srt/camera_M_default_render_cam_srt/camera_M_default_render_cam_srtBuffer/camera_M_render_cam' at frame 1233: pos=Vec3(144.04787, 117.398384, 48.61779), target=Vec3(140.81136, 117.06106, 39.16204), up=Vec3(-0.0109244585, 0.999431, -0.031914715)
[2026-03-15T19:39:55Z INFO  bif_viewport] USD camera '/root/camera_ztl01_150/GEO/camera_main_srt/camera_M_default_render_cam_srt/camera_M_default_render_cam_srtBuffer/camera_M_render_cam' at frame 1231: pos=Vec3(144.13506, 117.398384, 48.746284), target=Vec3(140.89854, 117.06106, 39.290535), up=Vec3(-0.0109244585, 0.999431, -0.031914715)
[2026-03-15T19:39:56Z INFO  bif_viewport] USD camera '/root/camera_ztl01_150/GEO/camera_main_srt/camera_M_default_render_cam_srt/camera_M_default_render_cam_srtBuffer/camera_M_render_cam' at frame 1225: pos=Vec3(144.39659, 117.398384, 49.131767), target=Vec3(141.16008, 117.06106, 39.676018), up=Vec3(-0.0109244585, 0.999431, -0.031914715)
[2026-03-15T19:39:56Z INFO  bif_viewport] USD camera '/root/camera_ztl01_150/GEO/camera_main_srt/camera_M_default_render_cam_srt/camera_M_default_render_cam_srtBuffer/camera_M_render_cam' at frame 1220: pos=Vec3(144.61455, 117.398384, 49.453007), target=Vec3(141.37804, 117.06106, 39.997253), up=Vec3(-0.0109244585, 0.999431, -0.031914715)
[2026-03-15T19:39:56Z INFO  bif_viewport] USD camera '/root/camera_ztl01_150/GEO/camera_main_srt/camera_M_default_render_cam_srt/camera_M_default_render_cam_srtBuffer/camera_M_render_cam' at frame 1213: pos=Vec3(144.91968, 117.398384, 49.902737), target=Vec3(141.68317, 117.06106, 40.446983), up=Vec3(-0.0109244585, 0.999431, -0.031914715)
[2026-03-15T19:39:56Z INFO  bif_viewport] USD camera '/root/camera_ztl01_150/GEO/camera_main_srt/camera_M_default_render_cam_srt/camera_M_default_render_cam_srtBuffer/camera_M_render_cam' at frame 1211: pos=Vec3(145.00687, 117.398384, 50.03123), target=Vec3(141.77036, 117.06106, 40.575478), up=Vec3(-0.0109244585, 0.999431, -0.031914715)
[2026-03-15T19:39:56Z INFO  bif_viewport] USD camera '/root/camera_ztl01_150/GEO/camera_main_srt/camera_M_default_render_cam_srt/camera_M_default_render_cam_srtBuffer/camera_M_render_cam' at frame 1200: pos=Vec3(145.48636, 117.398384, 50.73795), target=Vec3(142.24985, 117.06106, 41.282196), up=Vec3(-0.0109244585, 0.999431, -0.031914715)
[2026-03-15T19:39:56Z INFO  bif_core::texture] Texture electronics_cabling_BaseColor.1012.jpg (2048x2048): decode=40.2ms, convert=11.4ms, linear=28.0ms, total=79.5ms
[2026-03-15T19:39:56Z INFO  bif_core::texture] Texture electronics_cabling_BaseColor.1013.jpg (2048x2048): decode=53.0ms, convert=10.6ms, linear=28.6ms, total=92.3ms
[2026-03-15T19:39:56Z INFO  bif_core::texture] Texture electronics_cabling_BaseColor.1014.jpg (2048x2048): decode=41.0ms, convert=10.7ms, linear=26.0ms, total=77.6ms
[2026-03-15T19:39:56Z INFO  bif_core::texture] UDIM atlas (Ivar): 8 tiles -> 8192x4096 (4x2 grid, tile 2048x2048)
[2026-03-15T19:39:56Z INFO  bif_viewport] USD camera '/root/camera_ztl01_150/GEO/camera_main_srt/camera_M_default_render_cam_srt/camera_M_default_render_cam_srtBuffer/camera_M_render_cam' at frame 1255: pos=Vec3(143.35042, 117.398384, 47.589836), target=Vec3(140.1139, 117.06106, 38.134087), up=Vec3(-0.0109244585, 0.999431, -0.031914715)
[2026-03-15T19:39:56Z INFO  bif_viewport] USD camera '/root/camera_ztl01_150/GEO/camera_main_srt/camera_M_default_render_cam_srt/camera_M_default_render_cam_srtBuffer/camera_M_render_cam' at frame 1261: pos=Vec3(143.35042, 117.398384, 47.589836), target=Vec3(140.1139, 117.06106, 38.134087), up=Vec3(-0.0109244585, 0.999431, -0.031914715)
[2026-03-15T19:39:56Z INFO  bif_viewport] USD camera '/root/camera_ztl01_150/GEO/camera_main_srt/camera_M_default_render_cam_srt/camera_M_default_render_cam_srtBuffer/camera_M_render_cam' at frame 1273: pos=Vec3(143.35042, 117.398384, 47.589836), target=Vec3(140.1139, 117.06106, 38.134087), up=Vec3(-0.0109244585, 0.999431, -0.031914715)
[2026-03-15T19:39:56Z INFO  bif_viewport] USD camera '/root/camera_ztl01_150/GEO/camera_main_srt/camera_M_default_render_cam_srt/camera_M_default_render_cam_srtBuffer/camera_M_render_cam' at frame 1275: pos=Vec3(143.35042, 117.398384, 47.589836), target=Vec3(140.1139, 117.06106, 38.134087), up=Vec3(-0.0109244585, 0.999431, -0.031914715)
[2026-03-15T19:39:56Z INFO  bif_viewport] USD camera '/root/camera_ztl01_150/GEO/camera_main_srt/camera_M_default_render_cam_srt/camera_M_default_render_cam_srtBuffer/camera_M_render_cam' at frame 1281: pos=Vec3(143.35042, 117.398384, 47.589836), target=Vec3(140.1139, 117.06106, 38.134087), up=Vec3(-0.0109244585, 0.999431, -0.031914715)
[2026-03-15T19:39:56Z INFO  bif_viewport] USD camera '/root/camera_ztl01_150/GEO/camera_main_srt/camera_M_default_render_cam_srt/camera_M_default_render_cam_srtBuffer/camera_M_render_cam' at frame 1282: pos=Vec3(143.35042, 117.398384, 47.589836), target=Vec3(140.1139, 117.06106, 38.134087), up=Vec3(-0.0109244585, 0.999431, -0.031914715)
[2026-03-15T19:39:56Z INFO  bif_viewport] USD camera '/root/camera_ztl01_150/GEO/camera_main_srt/camera_M_default_render_cam_srt/camera_M_default_render_cam_srtBuffer/camera_M_render_cam' at frame 1290: pos=Vec3(143.35042, 117.398384, 47.589836), target=Vec3(140.1139, 117.06106, 38.134087), up=Vec3(-0.0109244585, 0.999431, -0.031914715)
[2026-03-15T19:39:56Z INFO  bif_viewport] USD camera '/root/camera_ztl01_150/GEO/camera_main_srt/camera_M_default_render_cam_srt/camera_M_default_render_cam_srtBuffer/camera_M_render_cam' at frame 1292: pos=Vec3(143.35042, 117.398384, 47.589836), target=Vec3(140.1139, 117.06106, 38.134087), up=Vec3(-0.0109244585, 0.999431, -0.031914715)
[2026-03-15T19:39:56Z INFO  bif_viewport] USD camera '/root/camera_ztl01_150/GEO/camera_main_srt/camera_M_default_render_cam_srt/camera_M_default_render_cam_srtBuffer/camera_M_render_cam' at frame 1300: pos=Vec3(143.35042, 117.398384, 47.589836), target=Vec3(140.1139, 117.06106, 38.134087), up=Vec3(-0.0109244585, 0.999431, -0.031914715)
[2026-03-15T19:39:56Z INFO  bif_viewport] USD camera '/root/camera_ztl01_150/GEO/camera_main_srt/camera_M_default_render_cam_srt/camera_M_default_render_cam_srtBuffer/camera_M_render_cam' at frame 1293: pos=Vec3(143.35042, 117.398384, 47.589836), target=Vec3(140.1139, 117.06106, 38.134087), up=Vec3(-0.0109244585, 0.999431, -0.031914715)
[2026-03-15T19:39:56Z INFO  bif_viewport] USD camera '/root/camera_ztl01_150/GEO/camera_main_srt/camera_M_default_render_cam_srt/camera_M_default_render_cam_srtBuffer/camera_M_render_cam' at frame 1275: pos=Vec3(143.35042, 117.398384, 47.589836), target=Vec3(140.1139, 117.06106, 38.134087), up=Vec3(-0.0109244585, 0.999431, -0.031914715)
[2026-03-15T19:39:56Z INFO  bif_viewport] USD camera '/root/camera_ztl01_150/GEO/camera_main_srt/camera_M_default_render_cam_srt/camera_M_default_render_cam_srtBuffer/camera_M_render_cam' at frame 1272: pos=Vec3(143.35042, 117.398384, 47.589836), target=Vec3(140.1139, 117.06106, 38.134087), up=Vec3(-0.0109244585, 0.999431, -0.031914715)
[2026-03-15T19:39:56Z INFO  bif_viewport] USD camera '/root/camera_ztl01_150/GEO/camera_main_srt/camera_M_default_render_cam_srt/camera_M_default_render_cam_srtBuffer/camera_M_render_cam' at frame 1268: pos=Vec3(143.35042, 117.398384, 47.589836), target=Vec3(140.1139, 117.06106, 38.134087), up=Vec3(-0.0109244585, 0.999431, -0.031914715)
[2026-03-15T19:39:56Z INFO  bif_viewport] USD camera '/root/camera_ztl01_150/GEO/camera_main_srt/camera_M_default_render_cam_srt/camera_M_default_render_cam_srtBuffer/camera_M_render_cam' at frame 1265: pos=Vec3(143.35042, 117.398384, 47.589836), target=Vec3(140.1139, 117.06106, 38.134087), up=Vec3(-0.0109244585, 0.999431, -0.031914715)
[2026-03-15T19:39:56Z INFO  bif_viewport] USD camera '/root/camera_ztl01_150/GEO/camera_main_srt/camera_M_default_render_cam_srt/camera_M_default_render_cam_srtBuffer/camera_M_render_cam' at frame 1245: pos=Vec3(143.52478, 117.398384, 47.846825), target=Vec3(140.28827, 117.06106, 38.391075), up=Vec3(-0.0109244585, 0.999431, -0.031914715)
[2026-03-15T19:39:56Z INFO  bif_viewport] USD camera '/root/camera_ztl01_150/GEO/camera_main_srt/camera_M_default_render_cam_srt/camera_M_default_render_cam_srtBuffer/camera_M_render_cam' at frame 1243: pos=Vec3(143.61197, 117.398384, 47.97532), target=Vec3(140.37546, 117.06106, 38.51957), up=Vec3(-0.0109244585, 0.999431, -0.031914715)
[2026-03-15T19:39:57Z INFO  bif_viewport] USD camera '/root/camera_ztl01_150/GEO/camera_main_srt/camera_M_default_render_cam_srt/camera_M_default_render_cam_srtBuffer/camera_M_render_cam' at frame 1235: pos=Vec3(143.9607, 117.398384, 48.489296), target=Vec3(140.72418, 117.06106, 39.033546), up=Vec3(-0.0109244585, 0.999431, -0.031914715)
[2026-03-15T19:39:57Z INFO  bif_viewport] USD camera '/root/camera_ztl01_150/GEO/camera_main_srt/camera_M_default_render_cam_srt/camera_M_default_render_cam_srtBuffer/camera_M_render_cam' at frame 1233: pos=Vec3(144.04787, 117.398384, 48.61779), target=Vec3(140.81136, 117.06106, 39.16204), up=Vec3(-0.0109244585, 0.999431, -0.031914715)
[2026-03-15T19:39:57Z INFO  bif_viewport] USD camera '/root/camera_ztl01_150/GEO/camera_main_srt/camera_M_default_render_cam_srt/camera_M_default_render_cam_srtBuffer/camera_M_render_cam' at frame 1230: pos=Vec3(144.17865, 117.398384, 48.81053), target=Vec3(140.94214, 117.06106, 39.354782), up=Vec3(-0.0109244585, 0.999431, -0.031914715)
[2026-03-15T19:39:57Z INFO  bif_viewport] USD camera '/root/camera_ztl01_150/GEO/camera_main_srt/camera_M_default_render_cam_srt/camera_M_default_render_cam_srtBuffer/camera_M_render_cam' at frame 1225: pos=Vec3(144.39659, 117.398384, 49.131767), target=Vec3(141.16008, 117.06106, 39.676018), up=Vec3(-0.0109244585, 0.999431, -0.031914715)
[2026-03-15T19:39:57Z INFO  bif_viewport] USD camera '/root/camera_ztl01_150/GEO/camera_main_srt/camera_M_default_render_cam_srt/camera_M_default_render_cam_srtBuffer/camera_M_render_cam' at frame 1222: pos=Vec3(144.52737, 117.398384, 49.32451), target=Vec3(141.29086, 117.06106, 39.86876), up=Vec3(-0.0109244585, 0.999431, -0.031914715)
[2026-03-15T19:39:57Z INFO  bif_viewport] USD camera '/root/camera_ztl01_150/GEO/camera_main_srt/camera_M_default_render_cam_srt/camera_M_default_render_cam_srtBuffer/camera_M_render_cam' at frame 1206: pos=Vec3(145.22482, 117.398384, 50.352467), target=Vec3(141.98831, 117.06106, 40.896713), up=Vec3(-0.0109244585, 0.999431, -0.031914715)
[2026-03-15T19:39:57Z INFO  bif_viewport] USD camera '/root/camera_ztl01_150/GEO/camera_main_srt/camera_M_default_render_cam_srt/camera_M_default_render_cam_srtBuffer/camera_M_render_cam' at frame 1200: pos=Vec3(145.48636, 117.398384, 50.73795), target=Vec3(142.24985, 117.06106, 41.282196), up=Vec3(-0.0109244585, 0.999431, -0.031914715)
[2026-03-15T19:39:57Z INFO  bif_core::texture] UDIM atlas (Ivar): 9 tiles -> 8190x3276 (5x2 grid, tile 1638x1638)
[2026-03-15T19:39:57Z INFO  bif_core::texture] UDIM tiles capped 2048x2048 -> 1638x1638 for Ivar (5x2 grid)
[2026-03-15T19:39:57Z INFO  bif_core::texture] UDIM atlas (Ivar): 8 tiles -> 8192x4096 (4x2 grid, tile 2048x2048)
[2026-03-15T19:39:58Z INFO  bif_core::texture] UDIM atlas (Ivar): 9 tiles -> 8190x3276 (5x2 grid, tile 1638x1638)
[2026-03-15T19:39:58Z INFO  bif_core::texture] UDIM atlas (Ivar): 8 tiles -> 8192x4096 (4x2 grid, tile 2048x2048)
[2026-03-15T19:39:58Z INFO  bif_core::texture] Texture decor_bonsai_jar01_proxyTexture.jpg (512x512): decode=7.6ms, convert=0.7ms, linear=1.6ms, total=10.0ms
[2026-03-15T19:39:58Z INFO  bif_core::texture] UDIM tiles capped 2048x2048 -> 1638x1638 for Ivar (5x2 grid)
[2026-03-15T19:39:58Z INFO  bif_core::texture] Texture decor_bonsai_jar01_BaseColor.1001.jpg (2048x2048): decode=30.5ms, convert=11.0ms, linear=26.4ms, total=68.0ms
[2026-03-15T19:39:59Z INFO  bif_core::texture] Texture decor_bonsai_jar01_BaseColor.1002.jpg (2048x2048): decode=78.7ms, convert=10.3ms, linear=27.9ms, total=116.9ms
[2026-03-15T19:39:59Z INFO  bif_core::texture] Texture decor_bonsai_jar01_BaseColor.1003.jpg (2048x2048): decode=65.0ms, convert=10.7ms, linear=30.8ms, total=106.5ms
[2026-03-15T19:39:59Z INFO  bif_core::texture] UDIM atlas (Ivar): 3 tiles -> 6144x2048 (3x1 grid, tile 2048x2048)
[2026-03-15T19:39:59Z INFO  bif_core::texture] UDIM atlas (Ivar): 3 tiles -> 6144x2048 (3x1 grid, tile 2048x2048)
[2026-03-15T19:40:00Z INFO  bif_core::texture] UDIM atlas (Ivar): 9 tiles -> 8190x3276 (5x2 grid, tile 1638x1638)
[2026-03-15T19:40:00Z INFO  bif_core::texture] Texture electronics_tesla_coil01_proxyTexture.jpg (512x512): decode=14.5ms, convert=0.8ms, linear=2.0ms, total=17.3ms
[2026-03-15T19:40:00Z INFO  bif_core::texture] UDIM tiles capped 2048x2048 -> 1638x1638 for Ivar (5x2 grid)
[2026-03-15T19:40:00Z INFO  bif_core::texture] Texture electronics_tesla_coil01_BaseColor.1001.jpg (2048x2048): decode=70.6ms, convert=11.3ms, linear=32.7ms, total=114.5ms
[2026-03-15T19:40:00Z INFO  bif_core::texture] UDIM atlas (Ivar): 3 tiles -> 6144x2048 (3x1 grid, tile 2048x2048)
[2026-03-15T19:40:00Z INFO  bif_core::texture] Texture electronics_wire_spool04_proxyTexture.jpg (512x512): decode=6.3ms, convert=0.8ms, linear=1.5ms, total=8.6ms
[2026-03-15T19:40:00Z INFO  bif_core::texture] Texture electronics_tesla_coil01_BaseColor.1002.jpg (2048x2048): decode=85.0ms, convert=12.6ms, linear=27.1ms, total=124.8ms
[2026-03-15T19:40:00Z INFO  bif_core::texture] Texture electronics_wire_spool04_BaseColor.1001.jpg (2048x2048): decode=47.8ms, convert=11.7ms, linear=29.9ms, total=89.4ms
[2026-03-15T19:40:00Z INFO  bif_core::texture] Texture electronics_tesla_coil01_BaseColor.1003.jpg (2048x2048): decode=63.8ms, convert=12.2ms, linear=35.5ms, total=111.5ms
[2026-03-15T19:40:00Z INFO  bif_core::texture] Texture electronics_tesla_coil01_BaseColor.1004.jpg (2048x2048): decode=36.8ms, convert=10.8ms, linear=31.4ms, total=79.0ms
[2026-03-15T19:40:00Z INFO  bif_core::texture] Texture electronics_wire_spool04_BaseColor.1002.jpg (2048x2048): decode=76.3ms, convert=11.7ms, linear=29.1ms, total=117.1ms
[2026-03-15T19:40:00Z INFO  bif_core::texture] UDIM atlas (Ivar): 2 tiles -> 4096x2048 (2x1 grid, tile 2048x2048)
[2026-03-15T19:40:00Z INFO  bif_core::texture] Texture electronics_tesla_coil01_BaseColor.1005.jpg (2048x2048): decode=27.6ms, convert=11.9ms, linear=27.6ms, total=67.1ms
[2026-03-15T19:40:01Z INFO  bif_core::texture] Texture electronics_tesla_coil01_BaseColor.1011.jpg (2048x2048): decode=60.5ms, convert=11.1ms, linear=25.9ms, total=97.5ms
[2026-03-15T19:40:01Z INFO  bif_core::texture] Texture electronics_tesla_coil01_BaseColor.1012.jpg (2048x2048): decode=77.0ms, convert=12.0ms, linear=29.6ms, total=118.6ms
[2026-03-15T19:40:01Z INFO  bif_core::texture] UDIM atlas (Ivar): 2 tiles -> 4096x2048 (2x1 grid, tile 2048x2048)
[2026-03-15T19:40:01Z INFO  bif_core::texture] Texture electronics_tesla_coil01_BaseColor.1013.jpg (2048x2048): decode=46.2ms, convert=10.5ms, linear=30.0ms, total=86.7ms
[2026-03-15T19:40:01Z INFO  bif_core::texture] Texture electronics_tesla_coil01_BaseColor.1014.jpg (2048x2048): decode=36.3ms, convert=11.3ms, linear=26.1ms, total=73.7ms
[2026-03-15T19:40:01Z INFO  bif_core::texture] UDIM atlas (Ivar): 9 tiles -> 8190x3276 (5x2 grid, tile 1638x1638)
[2026-03-15T19:40:01Z INFO  bif_core::texture] UDIM atlas (Ivar): 2 tiles -> 4096x2048 (2x1 grid, tile 2048x2048)
[2026-03-15T19:40:01Z INFO  bif_core::texture] UDIM tiles capped 2048x2048 -> 1638x1638 for Ivar (5x2 grid)
[2026-03-15T19:40:02Z INFO  bif_core::texture] UDIM atlas (Ivar): 2 tiles -> 4096x2048 (2x1 grid, tile 2048x2048)
[2026-03-15T19:40:02Z INFO  bif_core::texture] Texture electronics_wire_spool05_proxyTexture.jpg (512x512): decode=6.8ms, convert=0.7ms, linear=1.5ms, total=9.0ms
[2026-03-15T19:40:02Z INFO  bif_core::texture] Texture electronics_wire_spool05_BaseColor.1001.jpg (2048x2048): decode=35.3ms, convert=12.1ms, linear=31.2ms, total=78.6ms
[2026-03-15T19:40:02Z INFO  bif_core::texture] Texture electronics_wire_spool05_BaseColor.1002.jpg (2048x2048): decode=73.3ms, convert=11.5ms, linear=28.2ms, total=113.1ms
[2026-03-15T19:40:02Z INFO  bif_core::texture] UDIM atlas (Ivar): 2 tiles -> 4096x2048 (2x1 grid, tile 2048x2048)
[2026-03-15T19:40:03Z INFO  bif_core::texture] UDIM atlas (Ivar): 2 tiles -> 4096x2048 (2x1 grid, tile 2048x2048)
[2026-03-15T19:40:03Z INFO  bif_core::texture] UDIM atlas (Ivar): 9 tiles -> 8190x3276 (5x2 grid, tile 1638x1638)
[2026-03-15T19:40:03Z INFO  bif_core::texture] UDIM tiles capped 2048x2048 -> 1638x1638 for Ivar (5x2 grid)
[2026-03-15T19:40:03Z INFO  bif_core::texture] UDIM atlas (Ivar): 2 tiles -> 4096x2048 (2x1 grid, tile 2048x2048)
[2026-03-15T19:40:03Z INFO  bif_core::texture] UDIM atlas (Ivar): 2 tiles -> 4096x2048 (2x1 grid, tile 2048x2048)
[2026-03-15T19:40:03Z INFO  bif_core::texture] Texture electronics_wire_spool06_proxyTexture.jpg (512x512): decode=7.6ms, convert=1.1ms, linear=1.8ms, total=10.5ms
[2026-03-15T19:40:04Z INFO  bif_core::texture] Texture electronics_wire_spool06_BaseColor.1001.jpg (2048x2048): decode=37.5ms, convert=12.1ms, linear=30.6ms, total=80.2ms
[2026-03-15T19:40:04Z INFO  bif_core::texture] Texture electronics_wire_spool06_BaseColor.1002.jpg (2048x2048): decode=72.6ms, convert=12.3ms, linear=29.8ms, total=114.6ms
[2026-03-15T19:40:04Z INFO  bif_core::texture] UDIM atlas (Ivar): 2 tiles -> 4096x2048 (2x1 grid, tile 2048x2048)
[2026-03-15T19:40:04Z INFO  bif_core::texture] UDIM atlas (Ivar): 9 tiles -> 8190x3276 (5x2 grid, tile 1638x1638)
[2026-03-15T19:40:04Z INFO  bif_core::texture] UDIM tiles capped 2048x2048 -> 1638x1638 for Ivar (5x2 grid)
[2026-03-15T19:40:04Z INFO  bif_core::texture] UDIM atlas (Ivar): 2 tiles -> 4096x2048 (2x1 grid, tile 2048x2048)
[2026-03-15T19:40:05Z INFO  bif_core::texture] UDIM atlas (Ivar): 2 tiles -> 4096x2048 (2x1 grid, tile 2048x2048)
[2026-03-15T19:40:05Z INFO  bif_core::texture] UDIM atlas (Ivar): 2 tiles -> 4096x2048 (2x1 grid, tile 2048x2048)
[2026-03-15T19:40:05Z INFO  bif_core::texture] Texture electronics_powerpoint01_proxyTexture.jpg (512x512): decode=9.5ms, convert=1.8ms, linear=1.8ms, total=13.1ms
[2026-03-15T19:40:05Z INFO  bif_core::texture] Texture electronics_powerpoint01_BaseColor.1001.jpg (2048x2048): decode=57.1ms, convert=11.9ms, linear=28.6ms, total=97.6ms
[2026-03-15T19:40:05Z INFO  bif_core::texture] UDIM atlas (Ivar): 1 tiles -> 2048x2048 (1x1 grid, tile 2048x2048)
[2026-03-15T19:40:06Z INFO  bif_core::texture] UDIM atlas (Ivar): 9 tiles -> 8190x3276 (5x2 grid, tile 1638x1638)
[2026-03-15T19:40:06Z INFO  bif_core::texture] Texture electronics_turntable01_proxyTexture.jpg (512x512): decode=9.7ms, convert=0.8ms, linear=1.7ms, total=12.1ms
[2026-03-15T19:40:06Z INFO  bif_core::texture] UDIM atlas (Ivar): 1 tiles -> 2048x2048 (1x1 grid, tile 2048x2048)
[2026-03-15T19:40:06Z INFO  bif_core::texture] UDIM tiles capped 2048x2048 -> 1638x1638 for Ivar (5x2 grid)
[2026-03-15T19:40:06Z INFO  bif_core::texture] Texture electronics_turntable01_BaseColor.1001.jpg (2048x2048): decode=32.6ms, convert=10.9ms, linear=24.4ms, total=67.9ms
[2026-03-15T19:40:06Z INFO  bif_core::texture] UDIM atlas (Ivar): 1 tiles -> 2048x2048 (1x1 grid, tile 2048x2048)
[2026-03-15T19:40:06Z INFO  bif_core::texture] Texture vegetation_bonsai_trunk01_proxyTexture.jpg (512x512): decode=13.3ms, convert=0.7ms, linear=1.9ms, total=15.9ms
[2026-03-15T19:40:06Z INFO  bif_core::texture] Texture electronics_turntable01_BaseColor.1002.jpg (2048x2048): decode=37.2ms, convert=11.1ms, linear=25.8ms, total=74.2ms
[2026-03-15T19:40:06Z INFO  bif_core::texture] Texture electronics_turntable01_BaseColor.1003.jpg (2048x2048): decode=74.5ms, convert=11.5ms, linear=30.6ms, total=116.6ms
[2026-03-15T19:40:06Z INFO  bif_core::texture] Texture vegetation_bonsai_trunk01_BaseColor.1001.jpg (2048x2048): decode=69.0ms, convert=10.9ms, linear=26.8ms, total=106.7ms
[2026-03-15T19:40:06Z INFO  bif_core::texture] UDIM atlas (Ivar): 1 tiles -> 2048x2048 (1x1 grid, tile 2048x2048)
[2026-03-15T19:40:06Z INFO  bif_core::texture] Texture electronics_turntable01_BaseColor.1004.jpg (2048x2048): decode=44.0ms, convert=14.1ms, linear=26.7ms, total=84.8ms
[2026-03-15T19:40:06Z INFO  bif_core::texture] Texture vegetation_bonsai_branch01_proxyTexture.jpg (512x512): decode=11.3ms, convert=0.9ms, linear=1.7ms, total=13.8ms
[2026-03-15T19:40:06Z INFO  bif_core::texture] Texture electronics_turntable01_BaseColor.1005.jpg (2048x2048): decode=34.5ms, convert=10.5ms, linear=26.4ms, total=71.4ms
[2026-03-15T19:40:06Z INFO  bif_core::texture] Texture electronics_turntable01_BaseColor.1011.jpg (2048x2048): decode=36.5ms, convert=12.8ms, linear=24.6ms, total=73.9ms
[2026-03-15T19:40:07Z INFO  bif_core::texture] Texture vegetation_bonsai_branch01_BaseColor.1001.jpg (2048x2048): decode=65.6ms, convert=12.1ms, linear=28.3ms, total=106.0ms
[2026-03-15T19:40:07Z INFO  bif_core::texture] UDIM atlas (Ivar): 1 tiles -> 2048x2048 (1x1 grid, tile 2048x2048)
[2026-03-15T19:40:07Z INFO  bif_core::texture] Texture electronics_turntable01_BaseColor.1012.jpg (2048x2048): decode=50.7ms, convert=12.1ms, linear=26.4ms, total=89.3ms
[2026-03-15T19:40:07Z INFO  bif_core::texture] Texture vegetation_bonsai_branch02_proxyTexture.jpg (512x512): decode=10.1ms, convert=0.8ms, linear=1.9ms, total=12.9ms
[2026-03-15T19:40:07Z INFO  bif_core::texture] Texture electronics_turntable01_BaseColor.1013.jpg (2048x2048): decode=62.5ms, convert=11.8ms, linear=33.5ms, total=107.8ms
[2026-03-15T19:40:07Z INFO  bif_core::texture] Texture electronics_turntable01_BaseColor.1014.jpg (2048x2048): decode=42.5ms, convert=11.5ms, linear=31.4ms, total=85.4ms
[2026-03-15T19:40:07Z INFO  bif_core::texture] UDIM atlas (Ivar): 9 tiles -> 8190x3276 (5x2 grid, tile 1638x1638)
[2026-03-15T19:40:07Z INFO  bif_core::texture] Texture vegetation_bonsai_branch02_BaseColor.1001.jpg (2048x2048): decode=68.7ms, convert=12.5ms, linear=29.6ms, total=110.8ms
[2026-03-15T19:40:07Z INFO  bif_core::texture] UDIM atlas (Ivar): 1 tiles -> 2048x2048 (1x1 grid, tile 2048x2048)
[2026-03-15T19:40:07Z INFO  bif_core::texture] UDIM tiles capped 2048x2048 -> 1638x1638 for Ivar (5x2 grid)
[2026-03-15T19:40:07Z INFO  bif_core::texture] Texture vegetation_bonsai_branch03_proxyTexture.jpg (512x512): decode=9.3ms, convert=0.8ms, linear=1.8ms, total=11.8ms
[2026-03-15T19:40:08Z INFO  bif_core::texture] Texture vegetation_bonsai_branch03_BaseColor.1001.jpg (2048x2048): decode=66.9ms, convert=11.6ms, linear=29.6ms, total=108.1ms
[2026-03-15T19:40:08Z INFO  bif_core::texture] UDIM atlas (Ivar): 1 tiles -> 2048x2048 (1x1 grid, tile 2048x2048)
[2026-03-15T19:40:08Z INFO  bif_core::texture] Texture vegetation_bonsai_twig01_proxyTexture.jpg (512x512): decode=8.6ms, convert=0.9ms, linear=1.6ms, total=11.1ms
[2026-03-15T19:40:08Z INFO  bif_core::texture] Texture vegetation_bonsai_twig01_BaseColor.1001.jpg (2048x2048): decode=72.1ms, convert=10.4ms, linear=26.5ms, total=108.9ms
[2026-03-15T19:40:08Z INFO  bif_core::texture] Texture vegetation_bonsai_twig02_proxyTexture.jpg (512x512): decode=10.4ms, convert=0.8ms, linear=1.7ms, total=12.9ms
[2026-03-15T19:40:08Z INFO  bif_core::texture] Texture vegetation_bonsai_twig02_BaseColor.1001.jpg (2048x2048): decode=73.2ms, convert=11.2ms, linear=29.9ms, total=114.3ms
[2026-03-15T19:40:08Z INFO  bif_core::texture] Texture vegetation_bonsai_twig03_proxyTexture.jpg (512x512): decode=8.9ms, convert=0.7ms, linear=1.9ms, total=11.6ms
[2026-03-15T19:40:09Z INFO  bif_core::texture] Texture vegetation_bonsai_twig03_BaseColor.1001.jpg (2048x2048): decode=69.4ms, convert=10.6ms, linear=27.7ms, total=107.7ms
[2026-03-15T19:40:09Z INFO  bif_core::texture] UDIM atlas (Ivar): 9 tiles -> 8190x3276 (5x2 grid, tile 1638x1638)
[2026-03-15T19:40:09Z INFO  bif_core::texture] Texture test202009demo_ll_leaf01_sm01_proxyTexture.jpg (512x512): decode=5.2ms, convert=0.7ms, linear=1.5ms, total=7.4ms
[2026-03-15T19:40:09Z INFO  bif_core::texture] Texture test202009demo_ll_leaf01_sm01_BaseColor.1001.jpg (2048x2048): decode=39.8ms, convert=10.7ms, linear=25.3ms, total=75.8ms
[2026-03-15T19:40:09Z INFO  bif_core::texture] UDIM tiles capped 2048x2048 -> 1638x1638 for Ivar (5x2 grid)
[2026-03-15T19:40:09Z INFO  bif_core::texture] Texture structure_wall_fibro01_proxyTexture.jpg (512x512): decode=8.8ms, convert=0.7ms, linear=2.8ms, total=12.4ms
[2026-03-15T19:40:09Z INFO  bif_core::texture] Texture structure_wall_fibro01_BaseColor.1001.jpg (2048x2048): decode=49.0ms, convert=11.2ms, linear=26.7ms, total=86.9ms
[2026-03-15T19:40:09Z INFO  bif_core::texture] Texture structure_wall_fibro01_BaseColor.1002.jpg (2048x2048): decode=49.2ms, convert=13.3ms, linear=30.5ms, total=93.0ms
[2026-03-15T19:40:10Z INFO  bif_core::texture] Texture structure_wall_fibro01_BaseColor.1003.jpg (2048x2048): decode=64.0ms, convert=12.4ms, linear=29.1ms, total=105.5ms
[2026-03-15T19:40:10Z INFO  bif_core::texture] Texture structure_wall_fibro01_BaseColor.1011.jpg (2048x2048): decode=51.8ms, convert=12.4ms, linear=30.4ms, total=94.6ms
[2026-03-15T19:40:10Z INFO  bif_core::texture] Texture structure_wall_fibro01_BaseColor.1012.jpg (2048x2048): decode=49.5ms, convert=12.2ms, linear=29.0ms, total=90.6ms
[2026-03-15T19:40:10Z INFO  bif_core::texture] UDIM atlas (Ivar): 5 tiles -> 6144x4096 (3x2 grid, tile 2048x2048)
[2026-03-15T19:40:10Z INFO  bif_core::texture] UDIM atlas (Ivar): 9 tiles -> 8190x3276 (5x2 grid, tile 1638x1638)
[2026-03-15T19:40:10Z INFO  bif_core::texture] Texture electronics_wire_spool01_proxyTexture.jpg (512x512): decode=8.7ms, convert=0.9ms, linear=1.7ms, total=11.4ms
[2026-03-15T19:40:10Z INFO  bif_core::texture] Texture electronics_wire_spool01_BaseColor.1001.jpg (2048x2048): decode=41.0ms, convert=11.8ms, linear=28.0ms, total=80.8ms
[2026-03-15T19:40:11Z INFO  bif_core::texture] Texture electronics_wire_spool01_BaseColor.1002.jpg (2048x2048): decode=76.5ms, convert=10.7ms, linear=26.6ms, total=113.9ms
[2026-03-15T19:40:11Z INFO  bif_core::texture] UDIM atlas (Ivar): 2 tiles -> 4096x2048 (2x1 grid, tile 2048x2048)
[2026-03-15T19:40:11Z INFO  bif_core::texture] UDIM atlas (Ivar): 5 tiles -> 6144x4096 (3x2 grid, tile 2048x2048)
[2026-03-15T19:40:11Z INFO  bif_core::texture] UDIM atlas (Ivar): 2 tiles -> 4096x2048 (2x1 grid, tile 2048x2048)
[2026-03-15T19:40:11Z INFO  bif_core::texture] UDIM atlas (Ivar): 2 tiles -> 4096x2048 (2x1 grid, tile 2048x2048)
[2026-03-15T19:40:12Z INFO  bif_core::texture] UDIM atlas (Ivar): 5 tiles -> 6144x4096 (3x2 grid, tile 2048x2048)
[2026-03-15T19:40:12Z INFO  bif_core::texture] Texture structure_wall_fibro02_proxyTexture.jpg (512x512): decode=9.1ms, convert=0.8ms, linear=1.8ms, total=11.6ms
[2026-03-15T19:40:12Z INFO  bif_core::texture] UDIM atlas (Ivar): 2 tiles -> 4096x2048 (2x1 grid, tile 2048x2048)
[2026-03-15T19:40:12Z INFO  bif_core::texture] Texture furniture_blackboard01_proxyTexture.jpg (512x512): decode=8.6ms, convert=0.7ms, linear=1.5ms, total=10.8ms
[2026-03-15T19:40:12Z INFO  bif_core::texture] Texture structure_wall_fibro02_BaseColor.1001.jpg (2048x2048): decode=46.2ms, convert=10.7ms, linear=25.4ms, total=82.3ms
[2026-03-15T19:40:12Z INFO  bif_core::texture] Texture structure_wall_fibro02_BaseColor.1002.jpg (2048x2048): decode=46.0ms, convert=11.1ms, linear=26.1ms, total=83.2ms
[2026-03-15T19:40:12Z INFO  bif_core::texture] Texture furniture_blackboard01_BaseColor.1001.jpg (2048x2048): decode=69.1ms, convert=11.6ms, linear=28.7ms, total=109.4ms
[2026-03-15T19:40:12Z INFO  bif_core::texture] Texture structure_wall_fibro02_BaseColor.1003.jpg (2048x2048): decode=66.8ms, convert=10.8ms, linear=25.8ms, total=103.4ms
[2026-03-15T19:40:12Z INFO  bif_core::texture] Texture furniture_blackboard01_BaseColor.1002.jpg (2048x2048): decode=61.6ms, convert=10.7ms, linear=36.2ms, total=108.5ms
[2026-03-15T19:40:12Z INFO  bif_core::texture] Texture structure_wall_fibro02_BaseColor.1011.jpg (2048x2048): decode=52.5ms, convert=10.6ms, linear=28.4ms, total=91.5ms
[2026-03-15T19:40:12Z INFO  bif_core::texture] Texture furniture_blackboard01_BaseColor.1003.jpg (2048x2048): decode=27.7ms, convert=11.3ms, linear=26.0ms, total=65.0ms
[2026-03-15T19:40:12Z INFO  bif_core::texture] UDIM atlas (Ivar): 3 tiles -> 6144x2048 (3x1 grid, tile 2048x2048)
[2026-03-15T19:40:12Z INFO  bif_core::texture] Texture structure_wall_fibro02_BaseColor.1012.jpg (2048x2048): decode=46.0ms, convert=12.8ms, linear=26.8ms, total=85.5ms
[2026-03-15T19:40:13Z INFO  bif_core::texture] UDIM atlas (Ivar): 5 tiles -> 6144x4096 (3x2 grid, tile 2048x2048)
[2026-03-15T19:40:13Z INFO  bif_core::texture] UDIM atlas (Ivar): 3 tiles -> 6144x2048 (3x1 grid, tile 2048x2048)
[2026-03-15T19:40:13Z INFO  bif_viewport::render] Switched to Ivar mode - starting render
[2026-03-15T19:40:13Z ERROR bif_viewport::ivar_build] Cannot start Ivar render: no scene
[2026-03-15T19:40:13Z INFO  bif_core::texture] UDIM atlas (Ivar): 5 tiles -> 6144x4096 (3x2 grid, tile 2048x2048)
[2026-03-15T19:40:14Z INFO  bif_core::texture] UDIM atlas (Ivar): 3 tiles -> 6144x2048 (3x1 grid, tile 2048x2048)
[2026-03-15T19:40:14Z INFO  bif_core::texture] Texture furniture_shelving01_proxyTexture.jpg (512x512): decode=9.3ms, convert=1.0ms, linear=1.7ms, total=12.0ms
[2026-03-15T19:40:14Z INFO  bif_core::texture] Texture furniture_shelving01_BaseColor.1001.jpg (2048x2048): decode=57.7ms, convert=12.6ms, linear=30.3ms, total=100.7ms
[2026-03-15T19:40:14Z INFO  bif_core::texture] Texture furniture_shelving01_BaseColor.1002.jpg (2048x2048): decode=70.0ms, convert=11.7ms, linear=28.6ms, total=110.2ms
[2026-03-15T19:40:14Z INFO  bif_core::texture] UDIM atlas (Ivar): 2 tiles -> 4096x2048 (2x1 grid, tile 2048x2048)
[2026-03-15T19:40:14Z INFO  bif_core::texture] UDIM atlas (Ivar): 5 tiles -> 6144x4096 (3x2 grid, tile 2048x2048)
[2026-03-15T19:40:14Z INFO  bif_core::texture] Texture structure_wall_fibro03_proxyTexture.jpg (512x512): decode=8.1ms, convert=0.7ms, linear=1.5ms, total=10.3ms
[2026-03-15T19:40:14Z INFO  bif_core::texture] UDIM atlas (Ivar): 2 tiles -> 4096x2048 (2x1 grid, tile 2048x2048)
[2026-03-15T19:40:15Z INFO  bif_core::texture] Texture structure_wall_fibro03_BaseColor.1001.jpg (2048x2048): decode=44.8ms, convert=9.4ms, linear=24.4ms, total=78.6ms
[2026-03-15T19:40:15Z INFO  bif_core::texture] Texture structure_wall_fibro03_BaseColor.1002.jpg (2048x2048): decode=48.7ms, convert=11.8ms, linear=32.2ms, total=92.7ms
[2026-03-15T19:40:15Z INFO  bif_core::texture] UDIM atlas (Ivar): 2 tiles -> 4096x2048 (2x1 grid, tile 2048x2048)
[2026-03-15T19:40:15Z INFO  bif_core::texture] Texture structure_wall_fibro03_BaseColor.1003.jpg (2048x2048): decode=65.1ms, convert=11.3ms, linear=25.3ms, total=101.7ms
[2026-03-15T19:40:34Z INFO  bif_core::texture] Texture stationary_crayon_box01_proxyTexture.jpg (512x512): decode=10.0ms, convert=0.7ms, linear=1.3ms, total=12.1ms
[2026-03-15T19:40:34Z INFO  bif_core::texture] Texture structure_wall_fibro03_BaseColor.1011.jpg (2048x2048): decode=46.6ms, convert=9.5ms, linear=20.4ms, total=76.5ms
[2026-03-15T19:40:34Z INFO  bif_core::texture] Texture structure_wall_fibro03_BaseColor.1012.jpg (2048x2048): decode=53.8ms, convert=12.4ms, linear=34.5ms, total=100.7ms
[2026-03-15T19:40:34Z INFO  bif_core::texture] Texture stationary_crayon_box01_BaseColor.1001.jpg (2048x2048): decode=85.5ms, convert=12.6ms, linear=33.0ms, total=131.1ms
[2026-03-15T19:40:34Z INFO  bif_core::texture] UDIM atlas (Ivar): 1 tiles -> 2048x2048 (1x1 grid, tile 2048x2048)
[2026-03-15T19:40:34Z INFO  bif_core::texture] UDIM atlas (Ivar): 5 tiles -> 6144x4096 (3x2 grid, tile 2048x2048)
[2026-03-15T19:40:35Z INFO  bif_core::texture] UDIM atlas (Ivar): 1 tiles -> 2048x2048 (1x1 grid, tile 2048x2048)
[2026-03-15T19:40:35Z INFO  bif_core::texture] UDIM atlas (Ivar): 1 tiles -> 2048x2048 (1x1 grid, tile 2048x2048)
[2026-03-15T19:40:35Z INFO  bif_core::texture] Texture stationary_notepad01_proxyTexture.jpg (512x512): decode=10.2ms, convert=0.8ms, linear=2.4ms, total=13.4ms
[2026-03-15T19:40:35Z INFO  bif_core::texture] Texture stationary_notepad01_BaseColor.1001.jpg (2048x2048): decode=86.6ms, convert=10.6ms, linear=26.0ms, total=123.3ms
[2026-03-15T19:40:35Z INFO  bif_core::texture] UDIM atlas (Ivar): 5 tiles -> 6144x4096 (3x2 grid, tile 2048x2048)
[2026-03-15T19:40:35Z INFO  bif_core::texture] Texture stationary_notepad01_BaseColor.1002.jpg (2048x2048): decode=45.2ms, convert=10.7ms, linear=26.0ms, total=82.0ms
[2026-03-15T19:40:35Z INFO  bif_core::texture] Texture stationary_notepad01_BaseColor.1003.jpg (2048x2048): decode=27.4ms, convert=10.7ms, linear=31.5ms, total=69.6ms
[2026-03-15T19:40:35Z INFO  bif_core::texture] UDIM atlas (Ivar): 3 tiles -> 6144x2048 (3x1 grid, tile 2048x2048)
[2026-03-15T19:40:36Z INFO  bif_core::texture] UDIM atlas (Ivar): 3 tiles -> 6144x2048 (3x1 grid, tile 2048x2048)
[2026-03-15T19:40:36Z INFO  bif_core::texture] UDIM atlas (Ivar): 5 tiles -> 6144x4096 (3x2 grid, tile 2048x2048)
[2026-03-15T19:40:36Z INFO  bif_viewport::batch_render] Built 132 materials (textures cached: 272)
[2026-03-15T19:40:36Z INFO  bif_viewport::ivar_build] Pre-warmed 132 materials in 142531.48ms
[2026-03-15T19:40:36Z INFO  bif_viewport::ivar_build] Pre-warmed 132 materials received on main thread
[2026-03-15T19:40:37Z INFO  bif_core::texture] UDIM atlas (Ivar): 3 tiles -> 6144x2048 (3x1 grid, tile 2048x2048)
[2026-03-15T19:40:37Z INFO  bif_core::texture] Texture stationary_paper01_proxyTexture.jpg (512x512): decode=10.6ms, convert=0.7ms, linear=1.5ms, total=12.7ms
[2026-03-15T19:40:37Z INFO  bif_core::texture] Texture stationary_paper01_BaseColor.1001.jpg (2048x2048): decode=61.8ms, convert=10.6ms, linear=26.3ms, total=98.7ms
[2026-03-15T19:40:37Z INFO  bif_core::texture] UDIM atlas (Ivar): 1 tiles -> 2048x2048 (1x1 grid, tile 2048x2048)
[2026-03-15T19:40:37Z INFO  bif_core::texture] UDIM atlas (Ivar): 1 tiles -> 2048x2048 (1x1 grid, tile 2048x2048)
[2026-03-15T19:40:37Z INFO  bif_core::texture] UDIM atlas (Ivar): 1 tiles -> 2048x2048 (1x1 grid, tile 2048x2048)
[2026-03-15T19:40:37Z INFO  bif_core::texture] Texture stationary_paper02_proxyTexture.jpg (512x512): decode=11.4ms, convert=0.7ms, linear=1.5ms, total=13.6ms
[2026-03-15T19:40:38Z INFO  bif_core::texture] Texture stationary_paper02_BaseColor.1001.jpg (2048x2048): decode=55.9ms, convert=9.3ms, linear=28.8ms, total=94.1ms
[2026-03-15T19:40:38Z INFO  bif_core::texture] UDIM atlas (Ivar): 1 tiles -> 2048x2048 (1x1 grid, tile 2048x2048)
[2026-03-15T19:40:38Z INFO  bif_core::texture] UDIM atlas (Ivar): 1 tiles -> 2048x2048 (1x1 grid, tile 2048x2048)
[2026-03-15T19:40:38Z INFO  bif_core::texture] UDIM atlas (Ivar): 1 tiles -> 2048x2048 (1x1 grid, tile 2048x2048)
[2026-03-15T19:40:38Z INFO  bif_core::texture] Texture stationary_protractor_box01_proxyTexture.jpg (512x512): decode=10.9ms, convert=0.7ms, linear=1.6ms, total=13.2ms
[2026-03-15T19:40:38Z INFO  bif_core::texture] Texture stationary_protractor_box01_BaseColor.1001.jpg (2048x2048): decode=50.6ms, convert=11.2ms, linear=26.1ms, total=87.9ms
[2026-03-15T19:40:38Z INFO  bif_core::texture] Texture stationary_protractor_box01_BaseColor.1002.jpg (2048x2048): decode=45.6ms, convert=10.7ms, linear=37.9ms, total=94.2ms
[2026-03-15T19:40:39Z INFO  bif_core::texture] Texture stationary_protractor_box01_BaseColor.1011.jpg (2048x2048): decode=56.7ms, convert=10.5ms, linear=25.9ms, total=93.1ms
[2026-03-15T19:40:39Z INFO  bif_core::texture] Texture stationary_protractor_box01_BaseColor.1012.jpg (2048x2048): decode=26.8ms, convert=10.3ms, linear=24.6ms, total=61.8ms
[2026-03-15T19:40:39Z INFO  bif_core::texture] UDIM atlas (Ivar): 4 tiles -> 4096x4096 (2x2 grid, tile 2048x2048)
[2026-03-15T19:40:39Z INFO  bif_core::texture] UDIM atlas (Ivar): 4 tiles -> 4096x4096 (2x2 grid, tile 2048x2048)
[2026-03-15T19:40:40Z INFO  bif_core::texture] UDIM atlas (Ivar): 4 tiles -> 4096x4096 (2x2 grid, tile 2048x2048)
[2026-03-15T19:40:40Z INFO  bif_core::texture] Texture stationary_set_square01_proxyTexture.jpg (512x512): decode=7.6ms, convert=0.7ms, linear=1.5ms, total=9.8ms
[2026-03-15T19:40:40Z INFO  bif_core::texture] Texture stationary_set_square01_BaseColor.1001.jpg (2048x2048): decode=40.5ms, convert=10.7ms, linear=25.2ms, total=76.4ms
[2026-03-15T19:40:40Z INFO  bif_core::texture] UDIM atlas (Ivar): 1 tiles -> 2048x2048 (1x1 grid, tile 2048x2048)
[2026-03-15T19:40:41Z INFO  bif_core::texture] UDIM atlas (Ivar): 1 tiles -> 2048x2048 (1x1 grid, tile 2048x2048)
[2026-03-15T19:40:41Z INFO  bif_core::texture] UDIM atlas (Ivar): 1 tiles -> 2048x2048 (1x1 grid, tile 2048x2048)
[2026-03-15T19:40:41Z INFO  bif_core::texture] Texture stationary_set_square02_proxyTexture.jpg (512x512): decode=7.4ms, convert=1.0ms, linear=1.6ms, total=10.0ms
[2026-03-15T19:40:41Z INFO  bif_core::texture] Texture stationary_set_square02_BaseColor.1001.jpg (2048x2048): decode=33.6ms, convert=10.9ms, linear=25.3ms, total=69.8ms
[2026-03-15T19:40:41Z INFO  bif_core::texture] UDIM atlas (Ivar): 1 tiles -> 2048x2048 (1x1 grid, tile 2048x2048)
[2026-03-15T19:40:41Z INFO  bif_core::texture] UDIM atlas (Ivar): 1 tiles -> 2048x2048 (1x1 grid, tile 2048x2048)
[2026-03-15T19:40:41Z INFO  bif_core::texture] UDIM atlas (Ivar): 1 tiles -> 2048x2048 (1x1 grid, tile 2048x2048)
[2026-03-15T19:40:41Z INFO  bif_core::texture] Texture stationary_slide_rule01_proxyTexture.jpg (512x512): decode=10.3ms, convert=0.7ms, linear=1.5ms, total=12.5ms
[2026-03-15T19:40:42Z INFO  bif_core::texture] Texture stationary_slide_rule01_BaseColor.1001.jpg (2048x2048): decode=46.3ms, convert=9.5ms, linear=24.5ms, total=80.3ms
[2026-03-15T19:40:42Z INFO  bif_core::texture] Texture stationary_slide_rule01_BaseColor.1002.jpg (2048x2048): decode=77.9ms, convert=10.8ms, linear=25.1ms, total=113.7ms
[2026-03-15T19:40:42Z INFO  bif_core::texture] Texture stationary_slide_rule01_BaseColor.1003.jpg (2048x2048): decode=27.1ms, convert=11.1ms, linear=24.7ms, total=62.8ms
[2026-03-15T19:40:42Z INFO  bif_core::texture] UDIM atlas (Ivar): 3 tiles -> 6144x2048 (3x1 grid, tile 2048x2048)
[2026-03-15T19:40:42Z INFO  bif_core::texture] UDIM atlas (Ivar): 3 tiles -> 6144x2048 (3x1 grid, tile 2048x2048)
[2026-03-15T19:40:43Z INFO  bif_core::texture] UDIM atlas (Ivar): 3 tiles -> 6144x2048 (3x1 grid, tile 2048x2048)
[2026-03-15T19:40:43Z INFO  bif_core::texture] Texture toy_box01_proxyTexture.jpg (512x512): decode=8.9ms, convert=0.7ms, linear=1.6ms, total=11.2ms
[2026-03-15T19:40:43Z INFO  bif_core::texture] Texture toy_box01_BaseColor.1001.jpg (2048x2048): decode=46.6ms, convert=10.7ms, linear=25.7ms, total=83.1ms
[2026-03-15T19:40:43Z INFO  bif_core::texture] UDIM atlas (Ivar): 1 tiles -> 2048x2048 (1x1 grid, tile 2048x2048)
[2026-03-15T19:40:43Z INFO  bif_core::texture] UDIM atlas (Ivar): 1 tiles -> 2048x2048 (1x1 grid, tile 2048x2048)
[2026-03-15T19:40:44Z INFO  bif_core::texture] UDIM atlas (Ivar): 1 tiles -> 2048x2048 (1x1 grid, tile 2048x2048)
[2026-03-15T19:40:44Z INFO  bif_core::texture] Texture toy_box02_proxyTexture.jpg (512x512): decode=9.1ms, convert=0.7ms, linear=1.6ms, total=11.3ms
[2026-03-15T19:40:44Z INFO  bif_core::texture] Texture toy_box02_BaseColor.1001.jpg (2048x2048): decode=67.5ms, convert=11.0ms, linear=24.5ms, total=103.0ms
[2026-03-15T19:40:44Z INFO  bif_core::texture] UDIM atlas (Ivar): 1 tiles -> 2048x2048 (1x1 grid, tile 2048x2048)
[2026-03-15T19:40:44Z INFO  bif_core::texture] UDIM atlas (Ivar): 1 tiles -> 2048x2048 (1x1 grid, tile 2048x2048)
[2026-03-15T19:40:44Z INFO  bif_core::texture] UDIM atlas (Ivar): 1 tiles -> 2048x2048 (1x1 grid, tile 2048x2048)
[2026-03-15T19:40:44Z INFO  bif_core::texture] Texture toy_box04_proxyTexture.jpg (512x512): decode=10.0ms, convert=0.7ms, linear=1.5ms, total=12.3ms
[2026-03-15T19:40:45Z INFO  bif_core::texture] Texture toy_box04_BaseColor.1001.jpg (2048x2048): decode=46.4ms, convert=9.3ms, linear=24.1ms, total=79.8ms
[2026-03-15T19:40:45Z INFO  bif_core::texture] UDIM atlas (Ivar): 1 tiles -> 2048x2048 (1x1 grid, tile 2048x2048)
[2026-03-15T19:40:45Z INFO  bif_core::texture] UDIM atlas (Ivar): 1 tiles -> 2048x2048 (1x1 grid, tile 2048x2048)
[2026-03-15T19:40:45Z INFO  bif_core::texture] UDIM atlas (Ivar): 1 tiles -> 2048x2048 (1x1 grid, tile 2048x2048)
[2026-03-15T19:40:45Z INFO  bif_core::texture] Texture books_encyclopedias01_proxyTexture.jpg (512x512): decode=11.3ms, convert=0.7ms, linear=2.1ms, total=14.1ms
[2026-03-15T19:40:45Z INFO  bif_core::texture] Texture books_encyclopedias01_BaseColor.1001.jpg (2048x2048): decode=72.3ms, convert=10.8ms, linear=25.5ms, total=108.6ms
[2026-03-15T19:40:46Z INFO  bif_core::texture] Texture books_encyclopedias01_BaseColor.1002.jpg (2048x2048): decode=71.7ms, convert=9.1ms, linear=23.3ms, total=104.1ms
[2026-03-15T19:40:46Z INFO  bif_core::texture] Texture books_encyclopedias01_BaseColor.1003.jpg (2048x2048): decode=57.9ms, convert=10.8ms, linear=30.1ms, total=98.8ms
[2026-03-15T19:40:46Z INFO  bif_core::texture] UDIM atlas (Ivar): 3 tiles -> 6144x2048 (3x1 grid, tile 2048x2048)
[2026-03-15T19:40:46Z INFO  bif_core::texture] UDIM atlas (Ivar): 3 tiles -> 6144x2048 (3x1 grid, tile 2048x2048)
[2026-03-15T19:40:47Z INFO  bif_core::texture] UDIM atlas (Ivar): 3 tiles -> 6144x2048 (3x1 grid, tile 2048x2048)
[2026-03-15T19:40:47Z INFO  bif_core::texture] Texture toy_box03_proxyTexture.jpg (512x512): decode=12.8ms, convert=0.7ms, linear=1.5ms, total=15.0ms
[2026-03-15T19:40:47Z INFO  bif_core::texture] Texture toy_box03_BaseColor.1001.jpg (2048x2048): decode=73.6ms, convert=10.4ms, linear=24.8ms, total=108.8ms
[2026-03-15T19:40:47Z INFO  bif_core::texture] Texture toy_box03_BaseColor.1002.jpg (2048x2048): decode=67.9ms, convert=10.7ms, linear=24.4ms, total=103.0ms
[2026-03-15T19:40:47Z INFO  bif_core::texture] Texture toy_box03_BaseColor.1003.jpg (2048x2048): decode=73.8ms, convert=10.6ms, linear=24.7ms, total=109.2ms
[2026-03-15T19:40:47Z INFO  bif_core::texture] UDIM atlas (Ivar): 3 tiles -> 6144x2048 (3x1 grid, tile 2048x2048)
[2026-03-15T19:40:48Z INFO  bif_core::texture] UDIM atlas (Ivar): 3 tiles -> 6144x2048 (3x1 grid, tile 2048x2048)
[2026-03-15T19:40:48Z INFO  bif_core::texture] UDIM atlas (Ivar): 3 tiles -> 6144x2048 (3x1 grid, tile 2048x2048)
[2026-03-15T19:40:48Z INFO  bif_core::texture] Texture chemistry_magnetic_stirrer01_proxyTexture.jpg (512x512): decode=11.5ms, convert=0.7ms, linear=1.6ms, total=13.8ms
[2026-03-15T19:40:49Z INFO  bif_core::texture] Texture chemistry_magnetic_stirrer01_BaseColor.1001.jpg (2048x2048): decode=50.4ms, convert=9.0ms, linear=24.6ms, total=84.1ms
[2026-03-15T19:40:49Z INFO  bif_core::texture] Texture chemistry_magnetic_stirrer01_BaseColor.1002.jpg (2048x2048): decode=52.6ms, convert=10.6ms, linear=25.8ms, total=89.0ms
[2026-03-15T19:40:49Z INFO  bif_core::texture] Texture chemistry_magnetic_stirrer01_BaseColor.1011.jpg (2048x2048): decode=47.4ms, convert=12.6ms, linear=25.3ms, total=85.3ms
[2026-03-15T19:40:49Z INFO  bif_core::texture] UDIM atlas (Ivar): 3 tiles -> 4096x4096 (2x2 grid, tile 2048x2048)
[2026-03-15T19:40:50Z INFO  bif_core::texture] UDIM atlas (Ivar): 3 tiles -> 4096x4096 (2x2 grid, tile 2048x2048)
[2026-03-15T19:40:50Z INFO  bif_core::texture] UDIM atlas (Ivar): 3 tiles -> 4096x4096 (2x2 grid, tile 2048x2048)
[2026-03-15T19:40:50Z INFO  bif_core::texture] Texture chemistry_test_tube01_proxyTexture.jpg (512x512): decode=8.0ms, convert=0.7ms, linear=1.5ms, total=10.1ms
[2026-03-15T19:40:50Z INFO  bif_core::texture] Texture chemistry_test_tube01_BaseColor.1001.jpg (2048x2048): decode=31.7ms, convert=10.5ms, linear=24.9ms, total=67.0ms
[2026-03-15T19:40:50Z INFO  bif_core::texture] UDIM atlas (Ivar): 1 tiles -> 2048x2048 (1x1 grid, tile 2048x2048)
[2026-03-15T19:40:50Z INFO  bif_core::texture] UDIM atlas (Ivar): 1 tiles -> 2048x2048 (1x1 grid, tile 2048x2048)
[2026-03-15T19:40:51Z INFO  bif_core::texture] UDIM atlas (Ivar): 1 tiles -> 2048x2048 (1x1 grid, tile 2048x2048)
[2026-03-15T19:40:51Z INFO  bif_core::texture] Texture chemistry_test_tube02_proxyTexture.jpg (512x512): decode=8.9ms, convert=0.7ms, linear=1.5ms, total=11.1ms
[2026-03-15T19:40:51Z INFO  bif_core::texture] Texture chemistry_test_tube02_BaseColor.1001.jpg (2048x2048): decode=35.7ms, convert=10.8ms, linear=25.2ms, total=71.8ms
[2026-03-15T19:40:51Z INFO  bif_core::texture] UDIM atlas (Ivar): 1 tiles -> 2048x2048 (1x1 grid, tile 2048x2048)
[2026-03-15T19:40:51Z INFO  bif_core::texture] UDIM atlas (Ivar): 1 tiles -> 2048x2048 (1x1 grid, tile 2048x2048)
[2026-03-15T19:40:51Z INFO  bif_core::texture] UDIM atlas (Ivar): 1 tiles -> 2048x2048 (1x1 grid, tile 2048x2048)
[2026-03-15T19:40:51Z INFO  bif_core::texture] Texture chemistry_test_tube03_proxyTexture.jpg (512x512): decode=8.2ms, convert=0.7ms, linear=1.5ms, total=10.4ms
[2026-03-15T19:40:52Z INFO  bif_core::texture] Texture chemistry_test_tube03_BaseColor.1001.jpg (2048x2048): decode=32.1ms, convert=9.8ms, linear=26.2ms, total=68.1ms
[2026-03-15T19:40:52Z INFO  bif_core::texture] UDIM atlas (Ivar): 1 tiles -> 2048x2048 (1x1 grid, tile 2048x2048)
[2026-03-15T19:40:52Z INFO  bif_core::texture] UDIM atlas (Ivar): 1 tiles -> 2048x2048 (1x1 grid, tile 2048x2048)
[2026-03-15T19:40:52Z INFO  bif_core::texture] UDIM atlas (Ivar): 1 tiles -> 2048x2048 (1x1 grid, tile 2048x2048)
[2026-03-15T19:40:52Z INFO  bif_core::texture] Texture electronics_spoolrack_proxyTexture.jpg (512x512): decode=9.0ms, convert=0.9ms, linear=1.5ms, total=11.3ms
[2026-03-15T19:40:52Z INFO  bif_core::texture] Texture electronics_spoolrack_BaseColor.1001.jpg (2048x2048): decode=70.6ms, convert=10.6ms, linear=24.9ms, total=106.1ms
[2026-03-15T19:40:53Z INFO  bif_core::texture] Texture electronics_spoolrack_BaseColor.1002.jpg (2048x2048): decode=56.6ms, convert=9.4ms, linear=28.8ms, total=94.8ms
[2026-03-15T19:40:53Z INFO  bif_core::texture] UDIM atlas (Ivar): 2 tiles -> 4096x2048 (2x1 grid, tile 2048x2048)
[2026-03-15T19:40:53Z INFO  bif_core::texture] UDIM atlas (Ivar): 2 tiles -> 4096x2048 (2x1 grid, tile 2048x2048)
[2026-03-15T19:40:53Z INFO  bif_core::texture] UDIM atlas (Ivar): 2 tiles -> 4096x2048 (2x1 grid, tile 2048x2048)
[2026-03-15T19:40:53Z INFO  bif_core::texture] Texture electronics_wire_spool02_proxyTexture.jpg (512x512): decode=7.6ms, convert=0.7ms, linear=1.6ms, total=9.9ms
[2026-03-15T19:40:54Z INFO  bif_core::texture] Texture electronics_wire_spool02_BaseColor.1001.jpg (2048x2048): decode=30.5ms, convert=10.3ms, linear=32.9ms, total=73.7ms
[2026-03-15T19:40:54Z INFO  bif_core::texture] Texture electronics_wire_spool02_BaseColor.1002.jpg (2048x2048): decode=70.5ms, convert=10.9ms, linear=24.9ms, total=106.2ms
[2026-03-15T19:40:54Z INFO  bif_core::texture] UDIM atlas (Ivar): 2 tiles -> 4096x2048 (2x1 grid, tile 2048x2048)
[2026-03-15T19:40:54Z INFO  bif_core::texture] UDIM atlas (Ivar): 2 tiles -> 4096x2048 (2x1 grid, tile 2048x2048)
[2026-03-15T19:40:55Z INFO  bif_core::texture] UDIM atlas (Ivar): 2 tiles -> 4096x2048 (2x1 grid, tile 2048x2048)
[2026-03-15T19:40:55Z INFO  bif_core::texture] UDIM atlas (Ivar): 2 tiles -> 4096x2048 (2x1 grid, tile 2048x2048)
[2026-03-15T19:40:55Z INFO  bif_core::texture] Texture toy_fun_coil_proxyTexture.jpg (512x512): decode=8.7ms, convert=0.7ms, linear=1.5ms, total=10.9ms
[2026-03-15T19:40:55Z INFO  bif_core::texture] Texture toy_fun_coil_BaseColor.1001.jpg (2048x2048): decode=46.5ms, convert=10.6ms, linear=25.1ms, total=82.2ms
[2026-03-15T19:40:55Z INFO  bif_core::texture] UDIM atlas (Ivar): 1 tiles -> 2048x2048 (1x1 grid, tile 2048x2048)
[2026-03-15T19:40:55Z INFO  bif_core::texture] UDIM atlas (Ivar): 1 tiles -> 2048x2048 (1x1 grid, tile 2048x2048)
[2026-03-15T19:40:56Z INFO  bif_core::texture] UDIM atlas (Ivar): 1 tiles -> 2048x2048 (1x1 grid, tile 2048x2048)
[2026-03-15T19:40:56Z INFO  bif_core::texture] UDIM atlas (Ivar): 1 tiles -> 2048x2048 (1x1 grid, tile 2048x2048)
[2026-03-15T19:40:56Z INFO  bif_core::texture] Texture toy_curly_surgery_proxyTexture.jpg (512x512): decode=10.4ms, convert=0.7ms, linear=1.5ms, total=12.6ms
[2026-03-15T19:40:56Z INFO  bif_core::texture] Texture toy_curly_surgery_BaseColor.1001.jpg (2048x2048): decode=62.0ms, convert=10.7ms, linear=25.4ms, total=98.1ms
[2026-03-15T19:40:56Z INFO  bif_core::texture] Texture toy_curly_surgery_BaseColor.1002.jpg (2048x2048): decode=39.6ms, convert=10.8ms, linear=26.2ms, total=76.6ms
[2026-03-15T19:40:56Z INFO  bif_core::texture] Texture toy_curly_surgery_BaseColor.1003.jpg (2048x2048): decode=41.1ms, convert=11.4ms, linear=26.2ms, total=78.7ms
[2026-03-15T19:40:57Z INFO  bif_core::texture] Texture toy_curly_surgery_BaseColor.1004.jpg (2048x2048): decode=29.4ms, convert=9.1ms, linear=31.8ms, total=70.3ms
[2026-03-15T19:40:57Z INFO  bif_core::texture] Texture toy_curly_surgery_BaseColor.1011.jpg (2048x2048): decode=28.1ms, convert=10.9ms, linear=25.0ms, total=64.0ms
[2026-03-15T19:40:57Z INFO  bif_core::texture] Texture toy_curly_surgery_BaseColor.1012.jpg (2048x2048): decode=28.3ms, convert=10.8ms, linear=25.3ms, total=64.4ms
[2026-03-15T19:40:57Z INFO  bif_core::texture] Texture toy_curly_surgery_BaseColor.1013.jpg (2048x2048): decode=51.6ms, convert=10.9ms, linear=25.0ms, total=87.5ms
[2026-03-15T19:40:57Z INFO  bif_core::texture] UDIM atlas (Ivar): 7 tiles -> 8192x4096 (4x2 grid, tile 2048x2048)
[2026-03-15T19:40:58Z INFO  bif_core::texture] UDIM atlas (Ivar): 7 tiles -> 8192x4096 (4x2 grid, tile 2048x2048)
[2026-03-15T19:40:59Z INFO  bif_core::texture] UDIM atlas (Ivar): 7 tiles -> 8192x4096 (4x2 grid, tile 2048x2048)
[2026-03-15T19:40:59Z INFO  bif_core::texture] Texture electronics_cabling_proxyTexture.jpg (512x512): decode=8.9ms, convert=0.8ms, linear=1.5ms, total=11.3ms
[2026-03-15T19:40:59Z INFO  bif_core::texture] Texture electronics_cabling_BaseColor.1001.jpg (2048x2048): decode=29.3ms, convert=10.4ms, linear=25.0ms, total=64.7ms
[2026-03-15T19:40:59Z INFO  bif_core::texture] Texture electronics_cabling_BaseColor.1002.jpg (2048x2048): decode=38.2ms, convert=11.2ms, linear=31.6ms, total=81.0ms
[2026-03-15T19:40:59Z INFO  bif_core::texture] Texture electronics_cabling_BaseColor.1003.jpg (2048x2048): decode=40.3ms, convert=11.0ms, linear=25.1ms, total=76.4ms
[2026-03-15T19:40:59Z INFO  bif_core::texture] Texture electronics_cabling_BaseColor.1004.jpg (2048x2048): decode=41.4ms, convert=10.7ms, linear=29.8ms, total=81.9ms
[2026-03-15T19:41:00Z INFO  bif_core::texture] Texture electronics_cabling_BaseColor.1011.jpg (2048x2048): decode=40.6ms, convert=11.5ms, linear=34.9ms, total=87.0ms
[2026-03-15T19:41:00Z INFO  bif_core::texture] Texture electronics_cabling_BaseColor.1012.jpg (2048x2048): decode=43.7ms, convert=10.9ms, linear=28.3ms, total=82.9ms
[2026-03-15T19:41:00Z INFO  bif_core::texture] Texture electronics_cabling_BaseColor.1013.jpg (2048x2048): decode=45.1ms, convert=11.3ms, linear=26.2ms, total=82.6ms
[2026-03-15T19:41:00Z INFO  bif_core::texture] Texture electronics_cabling_BaseColor.1014.jpg (2048x2048): decode=40.1ms, convert=10.6ms, linear=25.3ms, total=76.1ms
[2026-03-15T19:41:00Z INFO  bif_core::texture] UDIM atlas (Ivar): 8 tiles -> 8192x4096 (4x2 grid, tile 2048x2048)
[2026-03-15T19:41:01Z INFO  bif_core::texture] UDIM atlas (Ivar): 8 tiles -> 8192x4096 (4x2 grid, tile 2048x2048)
[2026-03-15T19:41:02Z INFO  bif_core::texture] UDIM atlas (Ivar): 8 tiles -> 8192x4096 (4x2 grid, tile 2048x2048)
[2026-03-15T19:41:02Z INFO  bif_core::texture] Texture decor_bonsai_jar01_proxyTexture.jpg (512x512): decode=9.1ms, convert=0.7ms, linear=1.5ms, total=11.3ms
[2026-03-15T19:41:03Z INFO  bif_core::texture] Texture decor_bonsai_jar01_BaseColor.1001.jpg (2048x2048): decode=24.4ms, convert=9.4ms, linear=24.5ms, total=58.2ms
[2026-03-15T19:41:03Z INFO  bif_core::texture] Texture decor_bonsai_jar01_BaseColor.1002.jpg (2048x2048): decode=76.2ms, convert=10.8ms, linear=24.9ms, total=111.9ms
[2026-03-15T19:41:03Z INFO  bif_core::texture] Texture decor_bonsai_jar01_BaseColor.1003.jpg (2048x2048): decode=64.0ms, convert=10.9ms, linear=25.2ms, total=100.1ms
[2026-03-15T19:41:03Z INFO  bif_core::texture] UDIM atlas (Ivar): 3 tiles -> 6144x2048 (3x1 grid, tile 2048x2048)
[2026-03-15T19:41:03Z INFO  bif_core::texture] UDIM atlas (Ivar): 3 tiles -> 6144x2048 (3x1 grid, tile 2048x2048)
[2026-03-15T19:41:04Z INFO  bif_core::texture] UDIM atlas (Ivar): 3 tiles -> 6144x2048 (3x1 grid, tile 2048x2048)
[2026-03-15T19:41:04Z INFO  bif_core::texture] Texture electronics_wire_spool04_proxyTexture.jpg (512x512): decode=7.0ms, convert=0.8ms, linear=2.4ms, total=10.1ms
[2026-03-15T19:41:04Z INFO  bif_core::texture] Texture electronics_wire_spool04_BaseColor.1001.jpg (2048x2048): decode=41.2ms, convert=10.7ms, linear=28.1ms, total=80.1ms
[2026-03-15T19:41:04Z INFO  bif_core::texture] Texture electronics_wire_spool04_BaseColor.1002.jpg (2048x2048): decode=72.9ms, convert=11.2ms, linear=28.0ms, total=112.1ms
[2026-03-15T19:41:05Z INFO  bif_core::texture] UDIM atlas (Ivar): 2 tiles -> 4096x2048 (2x1 grid, tile 2048x2048)
[2026-03-15T19:41:05Z INFO  bif_core::texture] UDIM atlas (Ivar): 2 tiles -> 4096x2048 (2x1 grid, tile 2048x2048)
[2026-03-15T19:41:05Z INFO  bif_core::texture] UDIM atlas (Ivar): 2 tiles -> 4096x2048 (2x1 grid, tile 2048x2048)
[2026-03-15T19:41:06Z INFO  bif_core::texture] UDIM atlas (Ivar): 2 tiles -> 4096x2048 (2x1 grid, tile 2048x2048)
[2026-03-15T19:41:06Z INFO  bif_core::texture] Texture electronics_wire_spool05_proxyTexture.jpg (512x512): decode=6.6ms, convert=0.7ms, linear=1.5ms, total=8.8ms
[2026-03-15T19:41:06Z INFO  bif_core::texture] Texture electronics_wire_spool05_BaseColor.1001.jpg (2048x2048): decode=34.2ms, convert=11.1ms, linear=27.1ms, total=72.3ms
[2026-03-15T19:41:06Z INFO  bif_core::texture] Texture electronics_wire_spool05_BaseColor.1002.jpg (2048x2048): decode=73.6ms, convert=10.9ms, linear=26.8ms, total=111.3ms
[2026-03-15T19:41:06Z INFO  bif_core::texture] UDIM atlas (Ivar): 2 tiles -> 4096x2048 (2x1 grid, tile 2048x2048)
[2026-03-15T19:41:07Z INFO  bif_core::texture] UDIM atlas (Ivar): 2 tiles -> 4096x2048 (2x1 grid, tile 2048x2048)
[2026-03-15T19:41:07Z INFO  bif_core::texture] UDIM atlas (Ivar): 2 tiles -> 4096x2048 (2x1 grid, tile 2048x2048)
[2026-03-15T19:41:07Z INFO  bif_core::texture] UDIM atlas (Ivar): 2 tiles -> 4096x2048 (2x1 grid, tile 2048x2048)
[2026-03-15T19:41:07Z INFO  bif_core::texture] Texture electronics_wire_spool06_proxyTexture.jpg (512x512): decode=7.4ms, convert=0.7ms, linear=1.7ms, total=9.8ms
[2026-03-15T19:41:08Z INFO  bif_core::texture] Texture electronics_wire_spool06_BaseColor.1001.jpg (2048x2048): decode=31.5ms, convert=9.3ms, linear=23.4ms, total=64.2ms
[2026-03-15T19:41:08Z INFO  bif_core::texture] Texture electronics_wire_spool06_BaseColor.1002.jpg (2048x2048): decode=70.2ms, convert=10.4ms, linear=26.0ms, total=106.6ms
[2026-03-15T19:41:08Z INFO  bif_core::texture] UDIM atlas (Ivar): 2 tiles -> 4096x2048 (2x1 grid, tile 2048x2048)
[2026-03-15T19:41:08Z INFO  bif_core::texture] UDIM atlas (Ivar): 2 tiles -> 4096x2048 (2x1 grid, tile 2048x2048)
[2026-03-15T19:41:08Z INFO  bif_core::texture] UDIM atlas (Ivar): 2 tiles -> 4096x2048 (2x1 grid, tile 2048x2048)
[2026-03-15T19:41:09Z INFO  bif_core::texture] UDIM atlas (Ivar): 2 tiles -> 4096x2048 (2x1 grid, tile 2048x2048)
[2026-03-15T19:41:09Z INFO  bif_core::texture] Texture electronics_powerpoint01_proxyTexture.jpg (512x512): decode=9.8ms, convert=0.7ms, linear=1.5ms, total=12.1ms
[2026-03-15T19:41:09Z INFO  bif_core::texture] Texture electronics_powerpoint01_BaseColor.1001.jpg (2048x2048): decode=54.9ms, convert=10.5ms, linear=25.0ms, total=90.4ms
[2026-03-15T19:41:09Z INFO  bif_core::texture] UDIM atlas (Ivar): 1 tiles -> 2048x2048 (1x1 grid, tile 2048x2048)
[2026-03-15T19:41:09Z INFO  bif_core::texture] UDIM atlas (Ivar): 1 tiles -> 2048x2048 (1x1 grid, tile 2048x2048)
[2026-03-15T19:41:10Z INFO  bif_core::texture] UDIM atlas (Ivar): 1 tiles -> 2048x2048 (1x1 grid, tile 2048x2048)
[2026-03-15T19:41:10Z INFO  bif_core::texture] Texture vegetation_bonsai_trunk01_proxyTexture.jpg (512x512): decode=11.5ms, convert=1.0ms, linear=1.6ms, total=14.0ms
[2026-03-15T19:41:10Z INFO  bif_core::texture] Texture vegetation_bonsai_trunk01_BaseColor.1001.jpg (2048x2048): decode=64.9ms, convert=10.9ms, linear=25.3ms, total=101.1ms
[2026-03-15T19:41:10Z INFO  bif_core::texture] UDIM atlas (Ivar): 1 tiles -> 2048x2048 (1x1 grid, tile 2048x2048)
[2026-03-15T19:41:10Z INFO  bif_core::texture] Texture vegetation_bonsai_branch01_proxyTexture.jpg (512x512): decode=10.0ms, convert=0.8ms, linear=1.7ms, total=12.4ms
[2026-03-15T19:41:10Z INFO  bif_core::texture] Texture vegetation_bonsai_branch01_BaseColor.1001.jpg (2048x2048): decode=64.6ms, convert=11.6ms, linear=25.2ms, total=101.3ms
[2026-03-15T19:41:10Z INFO  bif_core::texture] UDIM atlas (Ivar): 1 tiles -> 2048x2048 (1x1 grid, tile 2048x2048)
[2026-03-15T19:41:11Z INFO  bif_core::texture] Texture vegetation_bonsai_branch02_proxyTexture.jpg (512x512): decode=9.9ms, convert=0.8ms, linear=1.5ms, total=12.2ms
[2026-03-15T19:41:11Z INFO  bif_core::texture] Texture vegetation_bonsai_branch02_BaseColor.1001.jpg (2048x2048): decode=66.2ms, convert=12.6ms, linear=26.3ms, total=105.1ms
[2026-03-15T19:41:20Z INFO  bif_core::texture] UDIM atlas (Ivar): 1 tiles -> 2048x2048 (1x1 grid, tile 2048x2048)
[2026-03-15T19:41:20Z INFO  bif_core::texture] Texture vegetation_bonsai_branch03_proxyTexture.jpg (512x512): decode=8.2ms, convert=0.7ms, linear=1.6ms, total=10.6ms
[2026-03-15T19:41:20Z INFO  bif_core::texture] Texture vegetation_bonsai_branch03_BaseColor.1001.jpg (2048x2048): decode=66.6ms, convert=11.0ms, linear=26.5ms, total=104.1ms
[2026-03-15T19:41:20Z INFO  bif_core::texture] UDIM atlas (Ivar): 1 tiles -> 2048x2048 (1x1 grid, tile 2048x2048)
[2026-03-15T19:41:20Z INFO  bif_core::texture] Texture vegetation_bonsai_twig01_proxyTexture.jpg (512x512): decode=8.7ms, convert=0.7ms, linear=1.6ms, total=11.1ms
[2026-03-15T19:41:20Z INFO  bif_core::texture] Texture vegetation_bonsai_twig01_BaseColor.1001.jpg (2048x2048): decode=66.8ms, convert=10.5ms, linear=24.1ms, total=101.4ms
[2026-03-15T19:41:20Z INFO  bif_core::texture] Texture vegetation_bonsai_twig02_proxyTexture.jpg (512x512): decode=9.4ms, convert=0.7ms, linear=1.5ms, total=11.6ms
[2026-03-15T19:41:21Z INFO  bif_core::texture] Texture vegetation_bonsai_twig02_BaseColor.1001.jpg (2048x2048): decode=68.6ms, convert=13.3ms, linear=25.9ms, total=107.8ms
[2026-03-15T19:41:21Z INFO  bif_core::texture] Texture vegetation_bonsai_twig03_proxyTexture.jpg (512x512): decode=8.4ms, convert=0.7ms, linear=1.5ms, total=10.6ms
[2026-03-15T19:41:21Z INFO  bif_core::texture] Texture vegetation_bonsai_twig03_BaseColor.1001.jpg (2048x2048): decode=68.1ms, convert=10.4ms, linear=23.8ms, total=102.3ms
[2026-03-15T19:41:21Z INFO  bif_core::texture] Texture test202009demo_ll_leaf01_sm01_proxyTexture.jpg (512x512): decode=6.9ms, convert=0.7ms, linear=1.5ms, total=9.1ms
[2026-03-15T19:41:21Z INFO  bif_core::texture] Texture test202009demo_ll_leaf01_sm01_BaseColor.1001.jpg (2048x2048): decode=40.6ms, convert=10.5ms, linear=26.8ms, total=77.9ms
[2026-03-15T19:41:21Z INFO  bif_core::texture] Texture structure_wall_fibro01_proxyTexture.jpg (512x512): decode=8.4ms, convert=0.8ms, linear=1.5ms, total=10.8ms
[2026-03-15T19:41:22Z INFO  bif_core::texture] Texture structure_wall_fibro01_BaseColor.1001.jpg (2048x2048): decode=64.6ms, convert=12.0ms, linear=30.5ms, total=107.1ms
[2026-03-15T19:41:22Z INFO  bif_core::texture] Texture structure_wall_fibro01_BaseColor.1002.jpg (2048x2048): decode=47.4ms, convert=10.6ms, linear=28.8ms, total=86.8ms
[2026-03-15T19:41:22Z INFO  bif_core::texture] Texture structure_wall_fibro01_BaseColor.1003.jpg (2048x2048): decode=63.2ms, convert=10.6ms, linear=25.4ms, total=99.1ms
[2026-03-15T19:41:22Z INFO  bif_core::texture] Texture structure_wall_fibro01_BaseColor.1011.jpg (2048x2048): decode=47.9ms, convert=10.7ms, linear=25.2ms, total=83.8ms
[2026-03-15T19:41:22Z INFO  bif_core::texture] Texture structure_wall_fibro01_BaseColor.1012.jpg (2048x2048): decode=47.0ms, convert=10.5ms, linear=25.2ms, total=82.7ms
[2026-03-15T19:41:22Z INFO  bif_core::texture] UDIM atlas (Ivar): 5 tiles -> 6144x4096 (3x2 grid, tile 2048x2048)
[2026-03-15T19:41:23Z INFO  bif_core::texture] UDIM atlas (Ivar): 5 tiles -> 6144x4096 (3x2 grid, tile 2048x2048)
[2026-03-15T19:41:24Z INFO  bif_core::texture] UDIM atlas (Ivar): 5 tiles -> 6144x4096 (3x2 grid, tile 2048x2048)
[2026-03-15T19:41:24Z INFO  bif_core::texture] Texture structure_wall_fibro02_proxyTexture.jpg (512x512): decode=8.7ms, convert=0.7ms, linear=1.6ms, total=11.1ms
[2026-03-15T19:41:24Z INFO  bif_core::texture] Texture structure_wall_fibro02_BaseColor.1001.jpg (2048x2048): decode=44.7ms, convert=11.4ms, linear=27.2ms, total=83.2ms
[2026-03-15T19:41:24Z INFO  bif_core::texture] Texture structure_wall_fibro02_BaseColor.1002.jpg (2048x2048): decode=46.5ms, convert=10.6ms, linear=25.9ms, total=83.0ms
[2026-03-15T19:41:24Z INFO  bif_core::texture] Texture structure_wall_fibro02_BaseColor.1003.jpg (2048x2048): decode=65.5ms, convert=10.9ms, linear=25.6ms, total=102.0ms
[2026-03-15T19:41:25Z INFO  bif_core::texture] Texture structure_wall_fibro02_BaseColor.1011.jpg (2048x2048): decode=47.8ms, convert=10.8ms, linear=31.9ms, total=90.5ms
[2026-03-15T19:41:25Z INFO  bif_core::texture] Texture structure_wall_fibro02_BaseColor.1012.jpg (2048x2048): decode=52.1ms, convert=10.7ms, linear=25.4ms, total=88.2ms
[2026-03-15T19:41:25Z INFO  bif_core::texture] UDIM atlas (Ivar): 5 tiles -> 6144x4096 (3x2 grid, tile 2048x2048)
[2026-03-15T19:41:25Z INFO  bif_core::texture] UDIM atlas (Ivar): 5 tiles -> 6144x4096 (3x2 grid, tile 2048x2048)
[2026-03-15T19:41:26Z INFO  bif_core::texture] UDIM atlas (Ivar): 5 tiles -> 6144x4096 (3x2 grid, tile 2048x2048)
[2026-03-15T19:41:26Z INFO  bif_core::texture] Texture structure_wall_fibro03_proxyTexture.jpg (512x512): decode=8.6ms, convert=0.8ms, linear=1.9ms, total=11.3ms
[2026-03-15T19:41:27Z INFO  bif_core::texture] Texture structure_wall_fibro03_BaseColor.1001.jpg (2048x2048): decode=46.7ms, convert=10.0ms, linear=26.8ms, total=83.6ms
[2026-03-15T19:41:27Z INFO  bif_core::texture] Texture structure_wall_fibro03_BaseColor.1002.jpg (2048x2048): decode=45.5ms, convert=10.7ms, linear=25.0ms, total=81.3ms
[2026-03-15T19:41:27Z INFO  bif_core::texture] Texture structure_wall_fibro03_BaseColor.1003.jpg (2048x2048): decode=62.4ms, convert=10.8ms, linear=24.5ms, total=97.7ms
[2026-03-15T19:41:27Z INFO  bif_core::texture] Texture structure_wall_fibro03_BaseColor.1011.jpg (2048x2048): decode=46.6ms, convert=10.7ms, linear=25.9ms, total=83.3ms
[2026-03-15T19:41:27Z INFO  bif_core::texture] Texture structure_wall_fibro03_BaseColor.1012.jpg (2048x2048): decode=46.4ms, convert=10.6ms, linear=24.7ms, total=81.7ms
[2026-03-15T19:41:27Z INFO  bif_core::texture] UDIM atlas (Ivar): 5 tiles -> 6144x4096 (3x2 grid, tile 2048x2048)
[2026-03-15T19:41:28Z INFO  bif_core::texture] UDIM atlas (Ivar): 5 tiles -> 6144x4096 (3x2 grid, tile 2048x2048)
[2026-03-15T19:41:29Z INFO  bif_core::texture] UDIM atlas (Ivar): 5 tiles -> 6144x4096 (3x2 grid, tile 2048x2048)
[2026-03-15T19:41:29Z INFO  bif_viewport::batch_render] Built 132 materials (textures cached: 272)
[2026-03-15T19:41:29Z INFO  bif_renderer::embree] EmbreeScene::from_indexed() timing: total=200.7ms (device=0.0, pad=27.0, bvh=148.1, instances=0.1, hitdata=16.2, normats=0.0) | 2566649 tris, 1 instances, 1640725 shared verts
[2026-03-15T19:41:29Z INFO  bif_viewport::ivar_build] Using Embree (indexed) for hardware-accelerated ray tracing
[2026-03-15T19:41:29Z INFO  bif_viewport::ivar_build] Background thread: Ivar scene built in 142537.76ms
[2026-03-15T19:41:29Z INFO  bif_viewport::ivar_build] Scene build completed, received on main thread
[2026-03-15T19:41:29Z INFO  bif_viewport::ivar_build] SHARC radiance cache created
[2026-03-15T19:41:29Z INFO  bif_viewport::ivar_build] Starting Ivar render with built scene
[2026-03-15T19:41:29Z INFO  bif_viewport::ivar_build] Restarting Ivar at 1/1 scale (1403x697)
[2026-03-15T19:41:29Z INFO  bif_renderer::embree] Ray hit #1: t=9.922145, geom_id=0, prim_id=1077879, normal=(0.914782, 0.053717095, -0.025234846)
[2026-03-15T19:41:29Z INFO  bif_renderer::embree] Ray hit #2: t=2.0318513, geom_id=0, prim_id=49777, normal=(-0.5268862, 0.17433274, 0.3567298)
[2026-03-15T19:41:29Z INFO  bif_renderer::embree] Ray hit #4: t=2.2990382, geom_id=0, prim_id=203162, normal=(0.20481916, 0.0041035344, 0.3005182)
[2026-03-15T19:41:29Z INFO  bif_renderer::embree] Ray hit #3: t=4.405176, geom_id=0, prim_id=551517, normal=(3.4739635, 0.0000000057625584, 4.9830933)
[2026-03-15T19:41:29Z INFO  bif_renderer::embree] Ray hit #5: t=1.7085654, geom_id=0, prim_id=50071, normal=(-0.52688473, 0.17433995, 0.35671782)
[2026-03-15T19:41:30Z INFO  bif_viewport::ivar_build] Pass 0 complete (1/16 SPP)
[2026-03-15T19:41:30Z INFO  bif_viewport::ivar_build] Pass 1 complete (2/16 SPP)
[2026-03-15T19:41:30Z INFO  bif_viewport::ivar_build] Pass 2 complete (3/16 SPP)
[2026-03-15T19:41:30Z INFO  bif_viewport::ivar_build] Pass 3 complete (4/16 SPP)
[2026-03-15T19:41:31Z INFO  bif_viewport::ivar_build] Pass 4 complete (5/16 SPP)
[2026-03-15T19:41:31Z INFO  bif_viewport::ivar_build] Pass 5 complete (6/16 SPP)
[2026-03-15T19:41:31Z INFO  bif_viewport::ivar_build] Pass 6 complete (7/16 SPP)
[2026-03-15T19:41:31Z INFO  bif_viewport::ivar_build] Pass 7 complete (8/16 SPP)
[2026-03-15T19:41:32Z INFO  bif_viewport::ivar_build] Pass 8 complete (9/16 SPP)
[2026-03-15T19:41:32Z INFO  bif_viewport::ivar_build] Pass 9 complete (10/16 SPP)
[2026-03-15T19:41:32Z INFO  bif_viewport::ivar_build] Pass 10 complete (11/16 SPP)
[2026-03-15T19:41:32Z INFO  bif_viewport::ivar_build] Pass 11 complete (12/16 SPP)
[2026-03-15T19:41:33Z INFO  bif_viewport::ivar_build] Pass 12 complete (13/16 SPP)
[2026-03-15T19:41:33Z INFO  bif_viewport::ivar_build] Pass 13 complete (14/16 SPP)
[2026-03-15T19:41:33Z INFO  bif_viewport::ivar_build] Pass 14 complete (15/16 SPP)
[2026-03-15T19:41:33Z INFO  bif_viewport::ivar_build] Pass 15 complete (16/16 SPP)
[2026-03-15T19:41:33Z INFO  bif_viewport::ivar_build] Progressive render complete: 16 SPP in 4.01s
[2026-03-15T19:41:38Z INFO  bif_viewport] USD camera '/root/camera_ztl01_150/GEO/camera_main_srt/camera_M_default_render_cam_srt/camera_M_default_render_cam_srtBuffer/camera_M_render_cam' at frame 1220: pos=Vec3(144.61455, 117.398384, 49.453007), target=Vec3(141.37804, 117.06106, 39.997253), up=Vec3(-0.0109244585, 0.999431, -0.031914715)
[2026-03-15T19:41:38Z INFO  bif_viewport::ivar_build] Restarting Ivar at 1/4 scale (351x174)
[2026-03-15T19:41:38Z INFO  bif_viewport::ivar_build] Pass 0 complete (1/16 SPP)
[2026-03-15T19:41:38Z INFO  bif_viewport] USD camera '/root/camera_ztl01_150/GEO/camera_main_srt/camera_M_default_render_cam_srt/camera_M_default_render_cam_srtBuffer/camera_M_render_cam' at frame 1222: pos=Vec3(144.52737, 117.398384, 49.32451), target=Vec3(141.29086, 117.06106, 39.86876), up=Vec3(-0.0109244585, 0.999431, -0.031914715)
[2026-03-15T19:41:38Z INFO  bif_viewport::ivar_build] Restarting Ivar at 1/4 scale (351x174)
[2026-03-15T19:41:38Z INFO  bif_viewport] USD camera '/root/camera_ztl01_150/GEO/camera_main_srt/camera_M_default_render_cam_srt/camera_M_default_render_cam_srtBuffer/camera_M_render_cam' at frame 1223: pos=Vec3(144.48378, 117.398384, 49.26026), target=Vec3(141.24727, 117.06106, 39.804512), up=Vec3(-0.0109244585, 0.999431, -0.031914715)
[2026-03-15T19:41:38Z INFO  bif_viewport::ivar_build] Pass 0 complete (1/16 SPP)
[2026-03-15T19:41:38Z INFO  bif_viewport] USD camera '/root/camera_ztl01_150/GEO/camera_main_srt/camera_M_default_render_cam_srt/camera_M_default_render_cam_srtBuffer/camera_M_render_cam' at frame 1225: pos=Vec3(144.39659, 117.398384, 49.131767), target=Vec3(141.16008, 117.06106, 39.676018), up=Vec3(-0.0109244585, 0.999431, -0.031914715)
[2026-03-15T19:41:38Z INFO  bif_viewport] USD camera '/root/camera_ztl01_150/GEO/camera_main_srt/camera_M_default_render_cam_srt/camera_M_default_render_cam_srtBuffer/camera_M_render_cam' at frame 1226: pos=Vec3(144.35301, 117.398384, 49.06752), target=Vec3(141.1165, 117.06106, 39.61177), up=Vec3(-0.0109244585, 0.999431, -0.031914715)
[2026-03-15T19:41:38Z INFO  bif_viewport::ivar_build] Restarting Ivar at 1/4 scale (351x174)
[2026-03-15T19:41:38Z INFO  bif_viewport::ivar_build] Pass 0 complete (1/16 SPP)
[2026-03-15T19:41:38Z INFO  bif_viewport::ivar_build] Restarting Ivar at 1/2 scale (702x349)
[2026-03-15T19:41:38Z INFO  bif_viewport::ivar_build] Pass 0 complete (1/16 SPP)
[2026-03-15T19:41:38Z INFO  bif_viewport::ivar_build] Restarting Ivar at 1/1 scale (1403x697)
[2026-03-15T19:41:39Z INFO  bif_viewport::ivar_build] Pass 0 complete (1/16 SPP)
[2026-03-15T19:41:39Z INFO  bif_viewport::ivar_build] Pass 1 complete (2/16 SPP)
[2026-03-15T19:41:39Z INFO  bif_viewport::ivar_build] Pass 2 complete (3/16 SPP)
[2026-03-15T19:41:39Z INFO  bif_viewport::ivar_build] Pass 3 complete (4/16 SPP)
[2026-03-15T19:41:39Z INFO  bif_viewport] USD camera '/root/camera_ztl01_150/GEO/camera_main_srt/camera_M_default_render_cam_srt/camera_M_default_render_cam_srtBuffer/camera_M_render_cam' at frame 1227: pos=Vec3(144.30942, 117.398384, 49.003273), target=Vec3(141.0729, 117.06106, 39.547523), up=Vec3(-0.0109244585, 0.999431, -0.031914715)
[2026-03-15T19:41:39Z INFO  bif_viewport] USD camera '/root/camera_ztl01_150/GEO/camera_main_srt/camera_M_default_render_cam_srt/camera_M_default_render_cam_srtBuffer/camera_M_render_cam' at frame 1230: pos=Vec3(144.17865, 117.398384, 48.81053), target=Vec3(140.94214, 117.06106, 39.354782), up=Vec3(-0.0109244585, 0.999431, -0.031914715)
[2026-03-15T19:41:39Z INFO  bif_viewport::ivar_build] Restarting Ivar at 1/4 scale (351x174)
[2026-03-15T19:41:39Z INFO  bif_viewport] USD camera '/root/camera_ztl01_150/GEO/camera_main_srt/camera_M_default_render_cam_srt/camera_M_default_render_cam_srtBuffer/camera_M_render_cam' at frame 1231: pos=Vec3(144.13506, 117.398384, 48.746284), target=Vec3(140.89854, 117.06106, 39.290535), up=Vec3(-0.0109244585, 0.999431, -0.031914715)
[2026-03-15T19:41:39Z INFO  bif_viewport::ivar_build] Pass 0 complete (1/16 SPP)
[2026-03-15T19:41:39Z INFO  bif_viewport] USD camera '/root/camera_ztl01_150/GEO/camera_main_srt/camera_M_default_render_cam_srt/camera_M_default_render_cam_srtBuffer/camera_M_render_cam' at frame 1232: pos=Vec3(144.09146, 117.398384, 48.682037), target=Vec3(140.85495, 117.06106, 39.226288), up=Vec3(-0.0109244585, 0.999431, -0.031914715)
[2026-03-15T19:41:39Z INFO  bif_viewport::ivar_build] Restarting Ivar at 1/4 scale (351x174)
[2026-03-15T19:41:40Z INFO  bif_viewport::ivar_build] Pass 0 complete (1/16 SPP)
[2026-03-15T19:41:40Z INFO  bif_viewport::ivar_build] Restarting Ivar at 1/2 scale (702x349)
[2026-03-15T19:41:40Z INFO  bif_viewport::ivar_build] Pass 0 complete (1/16 SPP)
[2026-03-15T19:41:40Z INFO  bif_viewport::ivar_build] Restarting Ivar at 1/1 scale (1403x697)
[2026-03-15T19:41:40Z INFO  bif_viewport::ivar_build] Pass 0 complete (1/16 SPP)
[2026-03-15T19:41:40Z INFO  bif_viewport::ivar_build] Pass 1 complete (2/16 SPP)
[2026-03-15T19:41:41Z INFO  bif_viewport::ivar_build] Pass 2 complete (3/16 SPP)
[2026-03-15T19:41:41Z INFO  bif_viewport::ivar_build] Pass 3 complete (4/16 SPP)
[2026-03-15T19:41:41Z INFO  bif_viewport::ivar_build] Pass 4 complete (5/16 SPP)
[2026-03-15T19:41:41Z INFO  bif_viewport::ivar_build] Pass 5 complete (6/16 SPP)
[2026-03-15T19:41:41Z INFO  bif_viewport] USD camera '/root/camera_ztl01_150/GEO/camera_main_srt/camera_M_default_render_cam_srt/camera_M_default_render_cam_srtBuffer/camera_M_render_cam' at frame 1230: pos=Vec3(144.17865, 117.398384, 48.81053), target=Vec3(140.94214, 117.06106, 39.354782), up=Vec3(-0.0109244585, 0.999431, -0.031914715)
[2026-03-15T19:41:41Z INFO  bif_viewport] USD camera '/root/camera_ztl01_150/GEO/camera_main_srt/camera_M_default_render_cam_srt/camera_M_default_render_cam_srtBuffer/camera_M_render_cam' at frame 1227: pos=Vec3(144.30942, 117.398384, 49.003273), target=Vec3(141.0729, 117.06106, 39.547523), up=Vec3(-0.0109244585, 0.999431, -0.031914715)
[2026-03-15T19:41:41Z INFO  bif_viewport::ivar_build] Restarting Ivar at 1/4 scale (351x174)
[2026-03-15T19:41:41Z INFO  bif_viewport] USD camera '/root/camera_ztl01_150/GEO/camera_main_srt/camera_M_default_render_cam_srt/camera_M_default_render_cam_srtBuffer/camera_M_render_cam' at frame 1225: pos=Vec3(144.39659, 117.398384, 49.131767), target=Vec3(141.16008, 117.06106, 39.676018), up=Vec3(-0.0109244585, 0.999431, -0.031914715)
[2026-03-15T19:41:42Z INFO  bif_viewport::ivar_build] Pass 0 complete (1/16 SPP)
[2026-03-15T19:41:42Z INFO  bif_viewport] USD camera '/root/camera_ztl01_150/GEO/camera_main_srt/camera_M_default_render_cam_srt/camera_M_default_render_cam_srtBuffer/camera_M_render_cam' at frame 1223: pos=Vec3(144.48378, 117.398384, 49.26026), target=Vec3(141.24727, 117.06106, 39.804512), up=Vec3(-0.0109244585, 0.999431, -0.031914715)
[2026-03-15T19:41:42Z INFO  bif_viewport::ivar_build] Restarting Ivar at 1/4 scale (351x174)
[2026-03-15T19:41:42Z INFO  bif_viewport::ivar_build] Pass 0 complete (1/16 SPP)
[2026-03-15T19:41:42Z INFO  bif_viewport] USD camera '/root/camera_ztl01_150/GEO/camera_main_srt/camera_M_default_render_cam_srt/camera_M_default_render_cam_srtBuffer/camera_M_render_cam' at frame 1222: pos=Vec3(144.52737, 117.398384, 49.32451), target=Vec3(141.29086, 117.06106, 39.86876), up=Vec3(-0.0109244585, 0.999431, -0.031914715)
[2026-03-15T19:41:42Z INFO  bif_viewport::ivar_build] Restarting Ivar at 1/4 scale (351x174)
[2026-03-15T19:41:42Z INFO  bif_viewport::ivar_build] Pass 0 complete (1/16 SPP)
[2026-03-15T19:41:42Z INFO  bif_viewport] USD camera '/root/camera_ztl01_150/GEO/camera_main_srt/camera_M_default_render_cam_srt/camera_M_default_render_cam_srtBuffer/camera_M_render_cam' at frame 1220: pos=Vec3(144.61455, 117.398384, 49.453007), target=Vec3(141.37804, 117.06106, 39.997253), up=Vec3(-0.0109244585, 0.999431, -0.031914715)
[2026-03-15T19:41:42Z INFO  bif_viewport::ivar_build] Restarting Ivar at 1/4 scale (351x174)
[2026-03-15T19:41:42Z INFO  bif_viewport::ivar_build] Pass 0 complete (1/16 SPP)
[2026-03-15T19:41:42Z INFO  bif_viewport::ivar_build] Restarting Ivar at 1/2 scale (702x349)
[2026-03-15T19:41:42Z INFO  bif_viewport::ivar_build] Pass 0 complete (1/16 SPP)
[2026-03-15T19:41:42Z INFO  bif_viewport::ivar_build] Restarting Ivar at 1/1 scale (1403x697)
[2026-03-15T19:41:43Z INFO  bif_viewport::ivar_build] Pass 0 complete (1/16 SPP)
[2026-03-15T19:41:43Z INFO  bif_viewport::ivar_build] Pass 1 complete (2/16 SPP)
[2026-03-15T19:41:43Z INFO  bif_viewport] USD camera '/root/camera_ztl01_150/GEO/camera_main_srt/camera_M_default_render_cam_srt/camera_M_default_render_cam_srtBuffer/camera_M_render_cam' at frame 1215: pos=Vec3(144.8325, 117.398384, 49.774242), target=Vec3(141.596, 117.06106, 40.31849), up=Vec3(-0.0109244585, 0.999431, -0.031914715)
[2026-03-15T19:41:43Z INFO  bif_viewport::ivar_build] Restarting Ivar at 1/4 scale (351x174)
[2026-03-15T19:41:43Z INFO  bif_viewport::ivar_build] Pass 0 complete (1/16 SPP)
[2026-03-15T19:41:43Z INFO  bif_viewport] USD camera '/root/camera_ztl01_150/GEO/camera_main_srt/camera_M_default_render_cam_srt/camera_M_default_render_cam_srtBuffer/camera_M_render_cam' at frame 1213: pos=Vec3(144.91968, 117.398384, 49.902737), target=Vec3(141.68317, 117.06106, 40.446983), up=Vec3(-0.0109244585, 0.999431, -0.031914715)
[2026-03-15T19:41:43Z INFO  bif_viewport] USD camera '/root/camera_ztl01_150/GEO/camera_main_srt/camera_M_default_render_cam_srt/camera_M_default_render_cam_srtBuffer/camera_M_render_cam' at frame 1212: pos=Vec3(144.96327, 117.398384, 49.966984), target=Vec3(141.72676, 117.06106, 40.51123), up=Vec3(-0.0109244585, 0.999431, -0.031914715)
[2026-03-15T19:41:43Z INFO  bif_viewport::ivar_build] Restarting Ivar at 1/4 scale (351x174)
[2026-03-15T19:41:43Z INFO  bif_viewport::ivar_build] Pass 0 complete (1/16 SPP)
[2026-03-15T19:41:43Z INFO  bif_viewport] USD camera '/root/camera_ztl01_150/GEO/camera_main_srt/camera_M_default_render_cam_srt/camera_M_default_render_cam_srtBuffer/camera_M_render_cam' at frame 1211: pos=Vec3(145.00687, 117.398384, 50.03123), target=Vec3(141.77036, 117.06106, 40.575478), up=Vec3(-0.0109244585, 0.999431, -0.031914715)
[2026-03-15T19:41:43Z INFO  bif_viewport::ivar_build] Restarting Ivar at 1/4 scale (351x174)
[2026-03-15T19:41:43Z INFO  bif_viewport::ivar_build] Pass 0 complete (1/16 SPP)
[2026-03-15T19:41:43Z INFO  bif_viewport::ivar_build] Restarting Ivar at 1/2 scale (702x349)
[2026-03-15T19:41:43Z INFO  bif_viewport::ivar_build] Pass 0 complete (1/16 SPP)
[2026-03-15T19:41:44Z INFO  bif_viewport::ivar_build] Restarting Ivar at 1/1 scale (1403x697)
[2026-03-15T19:41:44Z INFO  bif_viewport::ivar_build] Pass 0 complete (1/16 SPP)
[2026-03-15T19:41:44Z INFO  bif_viewport::ivar_build] Pass 1 complete (2/16 SPP)
[2026-03-15T19:41:44Z INFO  bif_viewport::ivar_build] Pass 2 complete (3/16 SPP)
[2026-03-15T19:41:45Z INFO  bif_viewport::ivar_build] Pass 3 complete (4/16 SPP)
[2026-03-15T19:41:45Z INFO  bif_viewport::ivar_build] Pass 4 complete (5/16 SPP)
[2026-03-15T19:41:45Z INFO  bif_viewport::ivar_build] Pass 5 complete (6/16 SPP)
[2026-03-15T19:41:45Z INFO  bif_viewport::ivar_build] Pass 6 complete (7/16 SPP)
[2026-03-15T19:41:46Z INFO  bif_viewport::ivar_build] Pass 7 complete (8/16 SPP)
[2026-03-15T19:41:46Z INFO  bif_viewport::ivar_build] Pass 8 complete (9/16 SPP)
[2026-03-15T19:41:46Z INFO  bif_viewport::ivar_build] Pass 9 complete (10/16 SPP)
[2026-03-15T19:41:46Z INFO  bif_viewer] Close requested
