warning: bif_core@0.1.0: Building USD bridge via CMake...
    Finished `dev` profile [optimized + debuginfo] target(s) in 0.67s
     Running `target\debug\bif_viewer.exe`
[2026-03-15T08:39:41Z INFO  bif_viewer] Starting BIF Viewer (default scene)
[2026-03-15T08:39:41Z INFO  bif_viewer] Running event loop
[2026-03-15T08:39:42Z INFO  bif_viewer] Starting with blank scene (load USD via node graph)
[2026-03-15T08:39:42Z WARN  wgpu_hal::vulkan::instance] InstanceFlags::VALIDATION requested, but unable to find layer: VK_LAYER_KHRONOS_validation
[2026-03-15T08:39:42Z WARN  wgpu_hal::vulkan::instance] GENERAL [Loader Message (0x0)]
    	Layer name GalaxyOverlayVkLayer does not conform to naming standard (Policy #LLP_LAYER_3)
[2026-03-15T08:39:42Z WARN  wgpu_hal::vulkan::instance] 	objects: (type: INSTANCE, hndl: 0x1a5babf2100, name: ?)
[2026-03-15T08:39:42Z WARN  wgpu_hal::vulkan::instance] GENERAL [Loader Message (0x0)]
    	Layer name GalaxyOverlayVkLayer_VERBOSE does not conform to naming standard (Policy #LLP_LAYER_3)
[2026-03-15T08:39:42Z WARN  wgpu_hal::vulkan::instance] 	objects: (type: INSTANCE, hndl: 0x1a5babf2100, name: ?)
[2026-03-15T08:39:42Z WARN  wgpu_hal::vulkan::instance] GENERAL [Loader Message (0x0)]
    	Layer name GalaxyOverlayVkLayer_DEBUG does not conform to naming standard (Policy #LLP_LAYER_3)
[2026-03-15T08:39:42Z WARN  wgpu_hal::vulkan::instance] 	objects: (type: INSTANCE, hndl: 0x1a5babf2100, name: ?)
[2026-03-15T08:39:42Z ERROR wgpu_hal::vulkan::instance] GENERAL [Loader Message (0x0)]
    	loader_get_json: Failed to open JSON file C:\Program Files\Rockstar Games\Social Club\SocialClubVulkanLayer.json
[2026-03-15T08:39:42Z ERROR wgpu_hal::vulkan::instance] 	objects: (type: INSTANCE, hndl: 0x1a5babf2100, name: ?)
[2026-03-15T08:39:42Z WARN  wgpu_hal::vulkan::conv] Unrecognized present mode 1000361000
[2026-03-15T08:39:43Z WARN  wgpu_hal::vulkan::conv] Unrecognized present mode 1000361000
[2026-03-15T08:39:43Z WARN  wgpu_hal::vulkan::conv] Unrecognized present mode 1000361000
[2026-03-15T08:39:43Z INFO  bif_viewport] Initializing blank scene (no default geometry)
[2026-03-15T08:39:43Z INFO  bif_viewport] Camera positioned at Vec3(0.0, 10.0, 50.0), looking at Vec3(0.0, 0.0, 0.0)
[2026-03-15T08:39:43Z INFO  bif_viewport] Camera near=0.10, far=1000.00
[2026-03-15T08:39:43Z INFO  bif_viewport] Created dynamic instance buffer (capacity: 100000 instances)
[2026-03-15T08:39:43Z INFO  bif_viewport] Created culling manager
[2026-03-15T08:39:43Z WARN  egui_wgpu::renderer] Detected a linear (sRGBA aware) framebuffer Bgra8UnormSrgb. egui prefers Rgba8Unorm or Bgra8Unorm
[2026-03-15T08:39:43Z INFO  bif_viewport] egui initialized
[2026-03-15T08:39:43Z INFO  bif_viewport] Gnomon initialized
[2026-03-15T08:39:43Z INFO  bif_viewport] Grid initialized
[2026-03-15T08:39:43Z INFO  bif_viewport] Point preview initialized
[2026-03-15T08:39:43Z INFO  bif_viewport] Ivar resources initialized
[2026-03-15T08:39:43Z INFO  bif_viewer] Window and renderer initialized
[2026-03-15T08:39:43Z WARN  wgpu_hal::vulkan::conv] Unrecognized present mode 1000361000
[2026-03-15T08:39:43Z INFO  bif_viewer] Resized to 1904x990
[2026-03-15T08:39:43Z WARN  wgpu_hal::vulkan::conv] Unrecognized present mode 1000361000
[2026-03-15T08:39:43Z INFO  bif_viewer] Resized to 1280x720
[2026-03-15T08:39:43Z WARN  wgpu_hal::vulkan::conv] Unrecognized present mode 1000361000
[2026-03-15T08:39:43Z INFO  bif_viewer] Resized to 1280x720
[2026-03-15T08:39:59Z INFO  bif_viewport::render] Node graph: Loading USD file: Z:\_houdiniFiles\USD\USD_ALab_0730\entry.usda
[2026-03-15T08:39:59Z INFO  bif_viewport::scene_loader] Loading USD scene: "Z:\\_houdiniFiles\\USD\\USD_ALab_0730\\entry.usda"
Warning: in BindingsAtPrim at line 671 of D:\__projects\_programming\vcpkg\buildtrees\usd\src\v25.11-c5a1a786cc.clean\pxr\usd\usdShade\materialBindingAPI.cpp -- Found material bindings on prim at path (/root/thelab01/workbench_grp/furniture_workbench01_0001/GEO) but MaterialBindingAPI is not applied on the prim
Warning: in BindingsAtPrim at line 671 of D:\__projects\_programming\vcpkg\buildtrees\usd\src\v25.11-c5a1a786cc.clean\pxr\usd\usdShade\materialBindingAPI.cpp -- Found material bindings on prim at path (/root/thelab01/workbench_grp/furniture_workbench01_0001/GEO) but MaterialBindingAPI is not applied on the prim
Warning: in BindingsAtPrim at line 671 of D:\__projects\_programming\vcpkg\buildtrees\usd\src\v25.11-c5a1a786cc.clean\pxr\usd\usdShade\materialBindingAPI.cpp -- Found material bindings on prim at path (/root/thelab01/workbench_grp/furniture_workbench01_0001/GEO) but MaterialBindingAPI is not applied on the prim
Warning: in BindingsAtPrim at line 671 of D:\__projects\_programming\vcpkg\buildtrees\usd\src\v25.11-c5a1a786cc.clean\pxr\usd\usdShade\materialBindingAPI.cpp -- Found material bindings on prim at path (/root/thelab01/workbench_grp/furniture_workbench01_0001/GEO) but MaterialBindingAPI is not applied on the prim
Warning: in BindingsAtPrim at line 671 of D:\__projects\_programming\vcpkg\buildtrees\usd\src\v25.11-c5a1a786cc.clean\pxr\usd\usdShade\materialBindingAPI.cpp -- Found material bindings on prim at path (/root/thelab01/workbench_grp/furniture_workbench01_0001/GEO) but MaterialBindingAPI is not applied on the prim
Warning: in BindingsAtPrim at line 671 of D:\__projects\_programming\vcpkg\buildtrees\usd\src\v25.11-c5a1a786cc.clean\pxr\usd\usdShade\materialBindingAPI.cpp -- Found material bindings on prim at path (/root/thelab01/workbench_grp/furniture_workbench01_0001/GEO) but MaterialBindingAPI is not applied on the prim
Warning: in BindingsAtPrim at line 671 of D:\__projects\_programming\vcpkg\buildtrees\usd\src\v25.11-c5a1a786cc.clean\pxr\usd\usdShade\materialBindingAPI.cpp -- Found material bindings on prim at path (/root/thelab01/workbench_grp/furniture_workbench01_0001/GEO) but MaterialBindingAPI is not applied on the prim
Warning: in BindingsAtPrim at line 671 of D:\__projects\_programming\vcpkg\buildtrees\usd\src\v25.11-c5a1a786cc.clean\pxr\usd\usdShade\materialBindingAPI.cpp -- Found material bindings on prim at path (/root/thelab01/workbench_grp/furniture_workbench01_0001/GEO) but MaterialBindingAPI is not applied on the prim
Warning: in BindingsAtPrim at line 671 of D:\__projects\_programming\vcpkg\buildtrees\usd\src\v25.11-c5a1a786cc.clean\pxr\usd\usdShade\materialBindingAPI.cpp -- Found material bindings on prim at path (/root/thelab01/workbench_grp/furniture_workbench01_0001/GEO) but MaterialBindingAPI is not applied on the prim
Warning: in BindingsAtPrim at line 671 of D:\__projects\_programming\vcpkg\buildtrees\usd\src\v25.11-c5a1a786cc.clean\pxr\usd\usdShade\materialBindingAPI.cpp -- Found material bindings on prim at path (/root/thelab01/workbench_grp/furniture_workbench01_0001/GEO) but MaterialBindingAPI is not applied on the prim
Warning: in BindingsAtPrim at line 671 of D:\__projects\_programming\vcpkg\buildtrees\usd\src\v25.11-c5a1a786cc.clean\pxr\usd\usdShade\materialBindingAPI.cpp -- Found material bindings on prim at path (/root/thelab01/workbench_grp/furniture_workbench01_0001/GEO) but MaterialBindingAPI is not applied on the prim
Warning: in BindingsAtPrim at line 671 of D:\__projects\_programming\vcpkg\buildtrees\usd\src\v25.11-c5a1a786cc.clean\pxr\usd\usdShade\materialBindingAPI.cpp -- Found material bindings on prim at path (/root/thelab01/workbench_grp/furniture_workbench01_0001/GEO) but MaterialBindingAPI is not applied on the prim
Warning: in BindingsAtPrim at line 671 of D:\__projects\_programming\vcpkg\buildtrees\usd\src\v25.11-c5a1a786cc.clean\pxr\usd\usdShade\materialBindingAPI.cpp -- Found material bindings on prim at path (/root/thelab01/workbench_grp/furniture_workbench01_0001/GEO) but MaterialBindingAPI is not applied on the prim
Warning: in BindingsAtPrim at line 671 of D:\__projects\_programming\vcpkg\buildtrees\usd\src\v25.11-c5a1a786cc.clean\pxr\usd\usdShade\materialBindingAPI.cpp -- Found material bindings on prim at path (/root/thelab01/workbench_grp/furniture_workbench01_0001/GEO) but MaterialBindingAPI is not applied on the prim
Warning: in BindingsAtPrim at line 671 of D:\__projects\_programming\vcpkg\buildtrees\usd\src\v25.11-c5a1a786cc.clean\pxr\usd\usdShade\materialBindingAPI.cpp -- Found material bindings on prim at path (/root/thelab01/workbench_grp/furniture_workbench01_0001/GEO) but MaterialBindingAPI is not applied on the prim
Warning: in BindingsAtPrim at line 671 of D:\__projects\_programming\vcpkg\buildtrees\usd\src\v25.11-c5a1a786cc.clean\pxr\usd\usdShade\materialBindingAPI.cpp -- Found material bindings on prim at path (/root/thelab01/workbench_grp/furniture_workbench01_0001/GEO) but MaterialBindingAPI is not applied on the prim
Warning: in BindingsAtPrim at line 671 of D:\__projects\_programming\vcpkg\buildtrees\usd\src\v25.11-c5a1a786cc.clean\pxr\usd\usdShade\materialBindingAPI.cpp -- Found material bindings on prim at path (/root/thelab01/workbench_grp/furniture_workbench01_0001/GEO) but MaterialBindingAPI is not applied on the prim
Warning: in BindingsAtPrim at line 671 of D:\__projects\_programming\vcpkg\buildtrees\usd\src\v25.11-c5a1a786cc.clean\pxr\usd\usdShade\materialBindingAPI.cpp -- Found material bindings on prim at path (/root/thelab01/workbench_grp/furniture_workbench01_0001/GEO) but MaterialBindingAPI is not applied on the prim
Warning: in BindingsAtPrim at line 671 of D:\__projects\_programming\vcpkg\buildtrees\usd\src\v25.11-c5a1a786cc.clean\pxr\usd\usdShade\materialBindingAPI.cpp -- Found material bindings on prim at path (/root/thelab01/workbench_grp/furniture_workbench01_0001/GEO) but MaterialBindingAPI is not applied on the prim
Warning: in BindingsAtPrim at line 671 of D:\__projects\_programming\vcpkg\buildtrees\usd\src\v25.11-c5a1a786cc.clean\pxr\usd\usdShade\materialBindingAPI.cpp -- Found material bindings on prim at path (/root/thelab01/workbench_grp/furniture_workbench01_0001/GEO) but MaterialBindingAPI is not applied on the prim
Warning: in BindingsAtPrim at line 671 of D:\__projects\_programming\vcpkg\buildtrees\usd\src\v25.11-c5a1a786cc.clean\pxr\usd\usdShade\materialBindingAPI.cpp -- Found material bindings on prim at path (/root/thelab01/workbench_grp/furniture_workbench01_0001/GEO) but MaterialBindingAPI is not applied on the prim
Warning: in BindingsAtPrim at line 671 of D:\__projects\_programming\vcpkg\buildtrees\usd\src\v25.11-c5a1a786cc.clean\pxr\usd\usdShade\materialBindingAPI.cpp -- Found material bindings on prim at path (/root/thelab01/workbench_grp/furniture_workbench01_0001/GEO) but MaterialBindingAPI is not applied on the prim
Warning: in BindingsAtPrim at line 671 of D:\__projects\_programming\vcpkg\buildtrees\usd\src\v25.11-c5a1a786cc.clean\pxr\usd\usdShade\materialBindingAPI.cpp -- Found material bindings on prim at path (/root/thelab01/workbench_grp/furniture_workbench01_0001/GEO) but MaterialBindingAPI is not applied on the prim
Warning: in BindingsAtPrim at line 671 of D:\__projects\_programming\vcpkg\buildtrees\usd\src\v25.11-c5a1a786cc.clean\pxr\usd\usdShade\materialBindingAPI.cpp -- Found material bindings on prim at path (/root/thelab01/workbench_grp/furniture_workbench01_0001/GEO) but MaterialBindingAPI is not applied on the prim
Warning: in BindingsAtPrim at line 671 of D:\__projects\_programming\vcpkg\buildtrees\usd\src\v25.11-c5a1a786cc.clean\pxr\usd\usdShade\materialBindingAPI.cpp -- Found material bindings on prim at path (/root/thelab01/workbench_grp/furniture_workbench01_0001/GEO) but MaterialBindingAPI is not applied on the prim
Warning: in BindingsAtPrim at line 671 of D:\__projects\_programming\vcpkg\buildtrees\usd\src\v25.11-c5a1a786cc.clean\pxr\usd\usdShade\materialBindingAPI.cpp -- Found material bindings on prim at path (/root/thelab01/workbench_grp/furniture_workbench01_0001/GEO) but MaterialBindingAPI is not applied on the prim
Warning: in BindingsAtPrim at line 671 of D:\__projects\_programming\vcpkg\buildtrees\usd\src\v25.11-c5a1a786cc.clean\pxr\usd\usdShade\materialBindingAPI.cpp -- Found material bindings on prim at path (/root/thelab01/workbench_grp/furniture_workbench01_0001/GEO) but MaterialBindingAPI is not applied on the prim
Warning: in BindingsAtPrim at line 671 of D:\__projects\_programming\vcpkg\buildtrees\usd\src\v25.11-c5a1a786cc.clean\pxr\usd\usdShade\materialBindingAPI.cpp -- Found material bindings on prim at path (/root/thelab01/workbench_grp/furniture_workbench01_0001/GEO) but MaterialBindingAPI is not applied on the prim
Warning: in BindingsAtPrim at line 671 of D:\__projects\_programming\vcpkg\buildtrees\usd\src\v25.11-c5a1a786cc.clean\pxr\usd\usdShade\materialBindingAPI.cpp -- Found material bindings on prim at path (/root/thelab01/workbench_grp/furniture_workbench01_0001/GEO) but MaterialBindingAPI is not applied on the prim
Warning: in BindingsAtPrim at line 671 of D:\__projects\_programming\vcpkg\buildtrees\usd\src\v25.11-c5a1a786cc.clean\pxr\usd\usdShade\materialBindingAPI.cpp -- Found material bindings on prim at path (/root/thelab01/workbench_grp/furniture_workbench01_0001/GEO) but MaterialBindingAPI is not applied on the prim
Warning: in BindingsAtPrim at line 671 of D:\__projects\_programming\vcpkg\buildtrees\usd\src\v25.11-c5a1a786cc.clean\pxr\usd\usdShade\materialBindingAPI.cpp -- Found material bindings on prim at path (/root/thelab01/workbench_grp/furniture_workbench01_0001/GEO) but MaterialBindingAPI is not applied on the prim
Warning: in BindingsAtPrim at line 671 of D:\__projects\_programming\vcpkg\buildtrees\usd\src\v25.11-c5a1a786cc.clean\pxr\usd\usdShade\materialBindingAPI.cpp -- Found material bindings on prim at path (/root/thelab01/workbench_grp/furniture_workbench01_0001/GEO) but MaterialBindingAPI is not applied on the prim
Warning: in BindingsAtPrim at line 671 of D:\__projects\_programming\vcpkg\buildtrees\usd\src\v25.11-c5a1a786cc.clean\pxr\usd\usdShade\materialBindingAPI.cpp -- Found material bindings on prim at path (/root/thelab01/workbench_grp/furniture_workbench01_0001/GEO) but MaterialBindingAPI is not applied on the prim
Warning: in BindingsAtPrim at line 671 of D:\__projects\_programming\vcpkg\buildtrees\usd\src\v25.11-c5a1a786cc.clean\pxr\usd\usdShade\materialBindingAPI.cpp -- Found material bindings on prim at path (/root/thelab01/workbench_grp/furniture_workbench01_0001/GEO) but MaterialBindingAPI is not applied on the prim
Warning: in BindingsAtPrim at line 671 of D:\__projects\_programming\vcpkg\buildtrees\usd\src\v25.11-c5a1a786cc.clean\pxr\usd\usdShade\materialBindingAPI.cpp -- Found material bindings on prim at path (/root/thelab01/workbench_grp/furniture_workbench01_0001/GEO) but MaterialBindingAPI is not applied on the prim
Warning: in BindingsAtPrim at line 671 of D:\__projects\_programming\vcpkg\buildtrees\usd\src\v25.11-c5a1a786cc.clean\pxr\usd\usdShade\materialBindingAPI.cpp -- Found material bindings on prim at path (/root/thelab01/workbench_grp/furniture_workbench01_0001/GEO) but MaterialBindingAPI is not applied on the prim
Warning: in BindingsAtPrim at line 671 of D:\__projects\_programming\vcpkg\buildtrees\usd\src\v25.11-c5a1a786cc.clean\pxr\usd\usdShade\materialBindingAPI.cpp -- Found material bindings on prim at path (/root/thelab01/workbench_grp/furniture_workbench01_0001/GEO) but MaterialBindingAPI is not applied on the prim
Warning: in BindingsAtPrim at line 671 of D:\__projects\_programming\vcpkg\buildtrees\usd\src\v25.11-c5a1a786cc.clean\pxr\usd\usdShade\materialBindingAPI.cpp -- Found material bindings on prim at path (/root/thelab01/workbench_grp/furniture_workbench01_0001/GEO) but MaterialBindingAPI is not applied on the prim
Warning: in BindingsAtPrim at line 671 of D:\__projects\_programming\vcpkg\buildtrees\usd\src\v25.11-c5a1a786cc.clean\pxr\usd\usdShade\materialBindingAPI.cpp -- Found material bindings on prim at path (/root/thelab01/workbench_grp/furniture_workbench01_0001/GEO) but MaterialBindingAPI is not applied on the prim
Warning: in BindingsAtPrim at line 671 of D:\__projects\_programming\vcpkg\buildtrees\usd\src\v25.11-c5a1a786cc.clean\pxr\usd\usdShade\materialBindingAPI.cpp -- Found material bindings on prim at path (/root/thelab01/workbench_grp/furniture_workbench01_0001/GEO) but MaterialBindingAPI is not applied on the prim
Warning: in BindingsAtPrim at line 671 of D:\__projects\_programming\vcpkg\buildtrees\usd\src\v25.11-c5a1a786cc.clean\pxr\usd\usdShade\materialBindingAPI.cpp -- Found material bindings on prim at path (/root/thelab01/workbench_grp/furniture_workbench01_0001/GEO) but MaterialBindingAPI is not applied on the prim
Warning: in BindingsAtPrim at line 671 of D:\__projects\_programming\vcpkg\buildtrees\usd\src\v25.11-c5a1a786cc.clean\pxr\usd\usdShade\materialBindingAPI.cpp -- Found material bindings on prim at path (/root/thelab01/workbench_grp/furniture_workbench01_0001/GEO) but MaterialBindingAPI is not applied on the prim
Warning: in BindingsAtPrim at line 671 of D:\__projects\_programming\vcpkg\buildtrees\usd\src\v25.11-c5a1a786cc.clean\pxr\usd\usdShade\materialBindingAPI.cpp -- Found material bindings on prim at path (/root/thelab01/workbench_grp/furniture_workbench01_0001/GEO) but MaterialBindingAPI is not applied on the prim
Warning: in BindingsAtPrim at line 671 of D:\__projects\_programming\vcpkg\buildtrees\usd\src\v25.11-c5a1a786cc.clean\pxr\usd\usdShade\materialBindingAPI.cpp -- Found material bindings on prim at path (/root/thelab01/workbench_grp/furniture_workbench01_0001/GEO) but MaterialBindingAPI is not applied on the prim
Warning: in BindingsAtPrim at line 671 of D:\__projects\_programming\vcpkg\buildtrees\usd\src\v25.11-c5a1a786cc.clean\pxr\usd\usdShade\materialBindingAPI.cpp -- Found material bindings on prim at path (/root/thelab01/workbench_grp/furniture_workbench01_0001/GEO) but MaterialBindingAPI is not applied on the prim
Warning: in BindingsAtPrim at line 671 of D:\__projects\_programming\vcpkg\buildtrees\usd\src\v25.11-c5a1a786cc.clean\pxr\usd\usdShade\materialBindingAPI.cpp -- Found material bindings on prim at path (/root/thelab01/workbench_grp/furniture_workbench01_0001/GEO) but MaterialBindingAPI is not applied on the prim
Warning: in BindingsAtPrim at line 671 of D:\__projects\_programming\vcpkg\buildtrees\usd\src\v25.11-c5a1a786cc.clean\pxr\usd\usdShade\materialBindingAPI.cpp -- Found material bindings on prim at path (/root/thelab01/workbench_grp/furniture_workbench01_0001/GEO) but MaterialBindingAPI is not applied on the prim
Warning: in BindingsAtPrim at line 671 of D:\__projects\_programming\vcpkg\buildtrees\usd\src\v25.11-c5a1a786cc.clean\pxr\usd\usdShade\materialBindingAPI.cpp -- Found material bindings on prim at path (/root/thelab01/workbench_grp/furniture_workbench01_0001/GEO) but MaterialBindingAPI is not applied on the prim
Warning: in BindingsAtPrim at line 671 of D:\__projects\_programming\vcpkg\buildtrees\usd\src\v25.11-c5a1a786cc.clean\pxr\usd\usdShade\materialBindingAPI.cpp -- Found material bindings on prim at path (/root/thelab01/workbench_grp/furniture_workbench01_0001/GEO) but MaterialBindingAPI is not applied on the prim
Warning: in BindingsAtPrim at line 671 of D:\__projects\_programming\vcpkg\buildtrees\usd\src\v25.11-c5a1a786cc.clean\pxr\usd\usdShade\materialBindingAPI.cpp -- Found material bindings on prim at path (/root/thelab01/workbench_grp/furniture_workbench01_0001/GEO) but MaterialBindingAPI is not applied on the prim
Warning: in BindingsAtPrim at line 671 of D:\__projects\_programming\vcpkg\buildtrees\usd\src\v25.11-c5a1a786cc.clean\pxr\usd\usdShade\materialBindingAPI.cpp -- Found material bindings on prim at path (/root/thelab01/workbench_grp/furniture_workbench01_0001/GEO) but MaterialBindingAPI is not applied on the prim
Warning: in BindingsAtPrim at line 671 of D:\__projects\_programming\vcpkg\buildtrees\usd\src\v25.11-c5a1a786cc.clean\pxr\usd\usdShade\materialBindingAPI.cpp -- Found material bindings on prim at path (/root/thelab01/workbench_grp/furniture_workbench01_0001/GEO) but MaterialBindingAPI is not applied on the prim
Warning: in BindingsAtPrim at line 671 of D:\__projects\_programming\vcpkg\buildtrees\usd\src\v25.11-c5a1a786cc.clean\pxr\usd\usdShade\materialBindingAPI.cpp -- Found material bindings on prim at path (/root/thelab01/workbench_grp/furniture_workbench01_0001/GEO) but MaterialBindingAPI is not applied on the prim
Warning: in BindingsAtPrim at line 671 of D:\__projects\_programming\vcpkg\buildtrees\usd\src\v25.11-c5a1a786cc.clean\pxr\usd\usdShade\materialBindingAPI.cpp -- Found material bindings on prim at path (/root/thelab01/workbench_grp/furniture_workbench01_0001/GEO) but MaterialBindingAPI is not applied on the prim
Warning: in BindingsAtPrim at line 671 of D:\__projects\_programming\vcpkg\buildtrees\usd\src\v25.11-c5a1a786cc.clean\pxr\usd\usdShade\materialBindingAPI.cpp -- Found material bindings on prim at path (/root/thelab01/workbench_grp/furniture_workbench01_0001/GEO) but MaterialBindingAPI is not applied on the prim
Warning: in BindingsAtPrim at line 671 of D:\__projects\_programming\vcpkg\buildtrees\usd\src\v25.11-c5a1a786cc.clean\pxr\usd\usdShade\materialBindingAPI.cpp -- Found material bindings on prim at path (/root/thelab01/workbench_grp/furniture_workbench01_0001/GEO) but MaterialBindingAPI is not applied on the prim
Warning: in BindingsAtPrim at line 671 of D:\__projects\_programming\vcpkg\buildtrees\usd\src\v25.11-c5a1a786cc.clean\pxr\usd\usdShade\materialBindingAPI.cpp -- Found material bindings on prim at path (/root/thelab01/workbench_grp/furniture_workbench01_0001/GEO) but MaterialBindingAPI is not applied on the prim
Warning: in BindingsAtPrim at line 671 of D:\__projects\_programming\vcpkg\buildtrees\usd\src\v25.11-c5a1a786cc.clean\pxr\usd\usdShade\materialBindingAPI.cpp -- Found material bindings on prim at path (/root/thelab01/workbench_grp/furniture_workbench01_0001/GEO) but MaterialBindingAPI is not applied on the prim
Warning: in BindingsAtPrim at line 671 of D:\__projects\_programming\vcpkg\buildtrees\usd\src\v25.11-c5a1a786cc.clean\pxr\usd\usdShade\materialBindingAPI.cpp -- Found material bindings on prim at path (/root/thelab01/workbench_grp/furniture_workbench01_0001/GEO) but MaterialBindingAPI is not applied on the prim
Warning: in BindingsAtPrim at line 671 of D:\__projects\_programming\vcpkg\buildtrees\usd\src\v25.11-c5a1a786cc.clean\pxr\usd\usdShade\materialBindingAPI.cpp -- Found material bindings on prim at path (/root/thelab01/workbench_grp/furniture_workbench01_0001/GEO) but MaterialBindingAPI is not applied on the prim
Warning: in BindingsAtPrim at line 671 of D:\__projects\_programming\vcpkg\buildtrees\usd\src\v25.11-c5a1a786cc.clean\pxr\usd\usdShade\materialBindingAPI.cpp -- Found material bindings on prim at path (/root/thelab01/workbench_grp/furniture_workbench01_0001/GEO) but MaterialBindingAPI is not applied on the prim
Warning: in BindingsAtPrim at line 671 of D:\__projects\_programming\vcpkg\buildtrees\usd\src\v25.11-c5a1a786cc.clean\pxr\usd\usdShade\materialBindingAPI.cpp -- Found material bindings on prim at path (/root/thelab01/workbench_grp/furniture_workbench01_0001/GEO) but MaterialBindingAPI is not applied on the prim
Warning: in BindingsAtPrim at line 671 of D:\__projects\_programming\vcpkg\buildtrees\usd\src\v25.11-c5a1a786cc.clean\pxr\usd\usdShade\materialBindingAPI.cpp -- Found material bindings on prim at path (/root/thelab01/workbench_grp/electronics_oscilloscope01_0001/GEO) but MaterialBindingAPI is not applied on the prim
Warning: in BindingsAtPrim at line 671 of D:\__projects\_programming\vcpkg\buildtrees\usd\src\v25.11-c5a1a786cc.clean\pxr\usd\usdShade\materialBindingAPI.cpp -- Found material bindings on prim at path (/root/thelab01/workbench_grp/electronics_oscilloscope01_0001/GEO) but MaterialBindingAPI is not applied on the prim
Warning: in BindingsAtPrim at line 671 of D:\__projects\_programming\vcpkg\buildtrees\usd\src\v25.11-c5a1a786cc.clean\pxr\usd\usdShade\materialBindingAPI.cpp -- Found material bindings on prim at path (/root/thelab01/workbench_grp/electronics_oscilloscope01_0001/GEO) but MaterialBindingAPI is not applied on the prim
Warning: in BindingsAtPrim at line 671 of D:\__projects\_programming\vcpkg\buildtrees\usd\src\v25.11-c5a1a786cc.clean\pxr\usd\usdShade\materialBindingAPI.cpp -- Found material bindings on prim at path (/root/thelab01/workbench_grp/electronics_oscilloscope01_0001/GEO) but MaterialBindingAPI is not applied on the prim
Warning: in BindingsAtPrim at line 671 of D:\__projects\_programming\vcpkg\buildtrees\usd\src\v25.11-c5a1a786cc.clean\pxr\usd\usdShade\materialBindingAPI.cpp -- Found material bindings on prim at path (/root/thelab01/workbench_grp/electronics_oscilloscope01_0001/GEO) but MaterialBindingAPI is not applied on the prim
Warning: in BindingsAtPrim at line 671 of D:\__projects\_programming\vcpkg\buildtrees\usd\src\v25.11-c5a1a786cc.clean\pxr\usd\usdShade\materialBindingAPI.cpp -- Found material bindings on prim at path (/root/thelab01/workbench_grp/electronics_oscilloscope01_0001/GEO) but MaterialBindingAPI is not applied on the prim
Warning: in BindingsAtPrim at line 671 of D:\__projects\_programming\vcpkg\buildtrees\usd\src\v25.11-c5a1a786cc.clean\pxr\usd\usdShade\materialBindingAPI.cpp -- Found material bindings on prim at path (/root/thelab01/workbench_grp/electronics_oscilloscope01_0001/GEO) but MaterialBindingAPI is not applied on the prim
Warning: in BindingsAtPrim at line 671 of D:\__projects\_programming\vcpkg\buildtrees\usd\src\v25.11-c5a1a786cc.clean\pxr\usd\usdShade\materialBindingAPI.cpp -- Found material bindings on prim at path (/root/thelab01/workbench_grp/electronics_oscilloscope01_0001/GEO) but MaterialBindingAPI is not applied on the prim
Warning: in BindingsAtPrim at line 671 of D:\__projects\_programming\vcpkg\buildtrees\usd\src\v25.11-c5a1a786cc.clean\pxr\usd\usdShade\materialBindingAPI.cpp -- Found material bindings on prim at path (/root/thelab01/workbench_grp/electronics_oscilloscope01_0001/GEO) but MaterialBindingAPI is not applied on the prim
Warning: in BindingsAtPrim at line 671 of D:\__projects\_programming\vcpkg\buildtrees\usd\src\v25.11-c5a1a786cc.clean\pxr\usd\usdShade\materialBindingAPI.cpp -- Found material bindings on prim at path (/root/thelab01/workbench_grp/electronics_oscilloscope01_0001/GEO) but MaterialBindingAPI is not applied on the prim
Warning: in BindingsAtPrim at line 671 of D:\__projects\_programming\vcpkg\buildtrees\usd\src\v25.11-c5a1a786cc.clean\pxr\usd\usdShade\materialBindingAPI.cpp -- Found material bindings on prim at path (/root/thelab01/workbench_grp/electronics_oscilloscope01_0001/GEO) but MaterialBindingAPI is not applied on the prim
Warning: in BindingsAtPrim at line 671 of D:\__projects\_programming\vcpkg\buildtrees\usd\src\v25.11-c5a1a786cc.clean\pxr\usd\usdShade\materialBindingAPI.cpp -- Found material bindings on prim at path (/root/thelab01/workbench_grp/electronics_oscilloscope01_0001/GEO) but MaterialBindingAPI is not applied on the prim
Warning: in BindingsAtPrim at line 671 of D:\__projects\_programming\vcpkg\buildtrees\usd\src\v25.11-c5a1a786cc.clean\pxr\usd\usdShade\materialBindingAPI.cpp -- Found material bindings on prim at path (/root/thelab01/workbench_grp/electronics_oscilloscope01_0001/GEO) but MaterialBindingAPI is not applied on the prim
Warning: in BindingsAtPrim at line 671 of D:\__projects\_programming\vcpkg\buildtrees\usd\src\v25.11-c5a1a786cc.clean\pxr\usd\usdShade\materialBindingAPI.cpp -- Found material bindings on prim at path (/root/thelab01/workbench_grp/electronics_oscilloscope01_0001/GEO) but MaterialBindingAPI is not applied on the prim
Warning: in BindingsAtPrim at line 671 of D:\__projects\_programming\vcpkg\buildtrees\usd\src\v25.11-c5a1a786cc.clean\pxr\usd\usdShade\materialBindingAPI.cpp -- Found material bindings on prim at path (/root/thelab01/workbench_grp/electronics_oscilloscope01_0001/GEO) but MaterialBindingAPI is not applied on the prim
Warning: in BindingsAtPrim at line 671 of D:\__projects\_programming\vcpkg\buildtrees\usd\src\v25.11-c5a1a786cc.clean\pxr\usd\usdShade\materialBindingAPI.cpp -- Found material bindings on prim at path (/root/thelab01/workbench_grp/electronics_oscilloscope01_0001/GEO) but MaterialBindingAPI is not applied on the prim
Warning: in BindingsAtPrim at line 671 of D:\__projects\_programming\vcpkg\buildtrees\usd\src\v25.11-c5a1a786cc.clean\pxr\usd\usdShade\materialBindingAPI.cpp -- Found material bindings on prim at path (/root/thelab01/workbench_grp/electronics_oscilloscope01_0001/GEO) but MaterialBindingAPI is not applied on the prim
Warning: in BindingsAtPrim at line 671 of D:\__projects\_programming\vcpkg\buildtrees\usd\src\v25.11-c5a1a786cc.clean\pxr\usd\usdShade\materialBindingAPI.cpp -- Found material bindings on prim at path (/root/thelab01/workbench_grp/electronics_oscilloscope01_0001/GEO) but MaterialBindingAPI is not applied on the prim
Warning: in BindingsAtPrim at line 671 of D:\__projects\_programming\vcpkg\buildtrees\usd\src\v25.11-c5a1a786cc.clean\pxr\usd\usdShade\materialBindingAPI.cpp -- Found material bindings on prim at path (/root/thelab01/workbench_grp/electronics_oscilloscope01_0001/GEO) but MaterialBindingAPI is not applied on the prim
Warning: in BindingsAtPrim at line 671 of D:\__projects\_programming\vcpkg\buildtrees\usd\src\v25.11-c5a1a786cc.clean\pxr\usd\usdShade\materialBindingAPI.cpp -- Found material bindings on prim at path (/root/thelab01/workbench_grp/electronics_oscilloscope01_0001/GEO) but MaterialBindingAPI is not applied on the prim
Warning: in BindingsAtPrim at line 671 of D:\__projects\_programming\vcpkg\buildtrees\usd\src\v25.11-c5a1a786cc.clean\pxr\usd\usdShade\materialBindingAPI.cpp -- Found material bindings on prim at path (/root/thelab01/workbench_grp/electronics_oscilloscope01_0001/GEO) but MaterialBindingAPI is not applied on the prim
Warning: in BindingsAtPrim at line 671 of D:\__projects\_programming\vcpkg\buildtrees\usd\src\v25.11-c5a1a786cc.clean\pxr\usd\usdShade\materialBindingAPI.cpp -- Found material bindings on prim at path (/root/thelab01/workbench_grp/electronics_oscilloscope01_0001/GEO) but MaterialBindingAPI is not applied on the prim
Warning: in BindingsAtPrim at line 671 of D:\__projects\_programming\vcpkg\buildtrees\usd\src\v25.11-c5a1a786cc.clean\pxr\usd\usdShade\materialBindingAPI.cpp -- Found material bindings on prim at path (/root/thelab01/workbench_grp/electronics_oscilloscope01_0001/GEO) but MaterialBindingAPI is not applied on the prim
Warning: in BindingsAtPrim at line 671 of D:\__projects\_programming\vcpkg\buildtrees\usd\src\v25.11-c5a1a786cc.clean\pxr\usd\usdShade\materialBindingAPI.cpp -- Found material bindings on prim at path (/root/thelab01/workbench_grp/electronics_oscilloscope01_0001/GEO) but MaterialBindingAPI is not applied on the prim
Warning: in BindingsAtPrim at line 671 of D:\__projects\_programming\vcpkg\buildtrees\usd\src\v25.11-c5a1a786cc.clean\pxr\usd\usdShade\materialBindingAPI.cpp -- Found material bindings on prim at path (/root/thelab01/workbench_grp/electronics_oscilloscope01_0001/GEO) but MaterialBindingAPI is not applied on the prim
Warning: in BindingsAtPrim at line 671 of D:\__projects\_programming\vcpkg\buildtrees\usd\src\v25.11-c5a1a786cc.clean\pxr\usd\usdShade\materialBindingAPI.cpp -- Found material bindings on prim at path (/root/thelab01/workbench_grp/electronics_oscilloscope01_0001/GEO) but MaterialBindingAPI is not applied on the prim
Warning: in BindingsAtPrim at line 671 of D:\__projects\_programming\vcpkg\buildtrees\usd\src\v25.11-c5a1a786cc.clean\pxr\usd\usdShade\materialBindingAPI.cpp -- Found material bindings on prim at path (/root/thelab01/workbench_grp/electronics_oscilloscope01_0001/GEO) but MaterialBindingAPI is not applied on the prim
Warning: in BindingsAtPrim at line 671 of D:\__projects\_programming\vcpkg\buildtrees\usd\src\v25.11-c5a1a786cc.clean\pxr\usd\usdShade\materialBindingAPI.cpp -- Found material bindings on prim at path (/root/thelab01/workbench_grp/electronics_oscilloscope01_0001/GEO) but MaterialBindingAPI is not applied on the prim
Warning: in BindingsAtPrim at line 671 of D:\__projects\_programming\vcpkg\buildtrees\usd\src\v25.11-c5a1a786cc.clean\pxr\usd\usdShade\materialBindingAPI.cpp -- Found material bindings on prim at path (/root/thelab01/workbench_grp/electronics_oscilloscope01_0001/GEO) but MaterialBindingAPI is not applied on the prim
Warning: in BindingsAtPrim at line 671 of D:\__projects\_programming\vcpkg\buildtrees\usd\src\v25.11-c5a1a786cc.clean\pxr\usd\usdShade\materialBindingAPI.cpp -- Found material bindings on prim at path (/root/thelab01/workbench_grp/electronics_oscilloscope01_0001/GEO) but MaterialBindingAPI is not applied on the prim
Warning: in BindingsAtPrim at line 671 of D:\__projects\_programming\vcpkg\buildtrees\usd\src\v25.11-c5a1a786cc.clean\pxr\usd\usdShade\materialBindingAPI.cpp -- Found material bindings on prim at path (/root/thelab01/workbench_grp/electronics_portable_tv01_0001/GEO) but MaterialBindingAPI is not applied on the prim
Warning: in BindingsAtPrim at line 671 of D:\__projects\_programming\vcpkg\buildtrees\usd\src\v25.11-c5a1a786cc.clean\pxr\usd\usdShade\materialBindingAPI.cpp -- Found material bindings on prim at path (/root/thelab01/workbench_grp/electronics_portable_tv01_0001/GEO) but MaterialBindingAPI is not applied on the prim
Warning: in BindingsAtPrim at line 671 of D:\__projects\_programming\vcpkg\buildtrees\usd\src\v25.11-c5a1a786cc.clean\pxr\usd\usdShade\materialBindingAPI.cpp -- Found material bindings on prim at path (/root/thelab01/workbench_grp/electronics_portable_tv01_0001/GEO) but MaterialBindingAPI is not applied on the prim
Warning: in BindingsAtPrim at line 671 of D:\__projects\_programming\vcpkg\buildtrees\usd\src\v25.11-c5a1a786cc.clean\pxr\usd\usdShade\materialBindingAPI.cpp -- Found material bindings on prim at path (/root/thelab01/workbench_grp/electronics_portable_tv01_0001/GEO) but MaterialBindingAPI is not applied on the prim
Warning: in BindingsAtPrim at line 671 of D:\__projects\_programming\vcpkg\buildtrees\usd\src\v25.11-c5a1a786cc.clean\pxr\usd\usdShade\materialBindingAPI.cpp -- Found material bindings on prim at path (/root/thelab01/workbench_grp/electronics_portable_tv01_0001/GEO) but MaterialBindingAPI is not applied on the prim
Warning: in BindingsAtPrim at line 671 of D:\__projects\_programming\vcpkg\buildtrees\usd\src\v25.11-c5a1a786cc.clean\pxr\usd\usdShade\materialBindingAPI.cpp -- Found material bindings on prim at path (/root/thelab01/workbench_grp/electronics_portable_tv01_0001/GEO) but MaterialBindingAPI is not applied on the prim
Warning: in BindingsAtPrim at line 671 of D:\__projects\_programming\vcpkg\buildtrees\usd\src\v25.11-c5a1a786cc.clean\pxr\usd\usdShade\materialBindingAPI.cpp -- Found material bindings on prim at path (/root/thelab01/workbench_grp/electronics_portable_tv01_0001/GEO) but MaterialBindingAPI is not applied on the prim
Warning: in BindingsAtPrim at line 671 of D:\__projects\_programming\vcpkg\buildtrees\usd\src\v25.11-c5a1a786cc.clean\pxr\usd\usdShade\materialBindingAPI.cpp -- Found material bindings on prim at path (/root/thelab01/workbench_grp/electronics_portable_tv01_0001/GEO) but MaterialBindingAPI is not applied on the prim
Warning: in BindingsAtPrim at line 671 of D:\__projects\_programming\vcpkg\buildtrees\usd\src\v25.11-c5a1a786cc.clean\pxr\usd\usdShade\materialBindingAPI.cpp -- Found material bindings on prim at path (/root/thelab01/workbench_grp/electronics_portable_tv01_0001/GEO) but MaterialBindingAPI is not applied on the prim
Warning: in BindingsAtPrim at line 671 of D:\__projects\_programming\vcpkg\buildtrees\usd\src\v25.11-c5a1a786cc.clean\pxr\usd\usdShade\materialBindingAPI.cpp -- Found material bindings on prim at path (/root/thelab01/workbench_grp/electronics_portable_tv01_0001/GEO) but MaterialBindingAPI is not applied on the prim
Warning: in BindingsAtPrim at line 671 of D:\__projects\_programming\vcpkg\buildtrees\usd\src\v25.11-c5a1a786cc.clean\pxr\usd\usdShade\materialBindingAPI.cpp -- Found material bindings on prim at path (/root/thelab01/workbench_grp/electronics_portable_tv01_0001/GEO) but MaterialBindingAPI is not applied on the prim
Warning: in BindingsAtPrim at line 671 of D:\__projects\_programming\vcpkg\buildtrees\usd\src\v25.11-c5a1a786cc.clean\pxr\usd\usdShade\materialBindingAPI.cpp -- Found material bindings on prim at path (/root/thelab01/workbench_grp/electronics_portable_tv01_0001/GEO) but MaterialBindingAPI is not applied on the prim
Warning: in BindingsAtPrim at line 671 of D:\__projects\_programming\vcpkg\buildtrees\usd\src\v25.11-c5a1a786cc.clean\pxr\usd\usdShade\materialBindingAPI.cpp -- Found material bindings on prim at path (/root/thelab01/workbench_grp/electronics_portable_tv01_0001/GEO) but MaterialBindingAPI is not applied on the prim
Warning: in BindingsAtPrim at line 671 of D:\__projects\_programming\vcpkg\buildtrees\usd\src\v25.11-c5a1a786cc.clean\pxr\usd\usdShade\materialBindingAPI.cpp -- Found material bindings on prim at path (/root/thelab01/workbench_grp/electronics_portable_tv01_0001/GEO) but MaterialBindingAPI is not applied on the prim
Warning: in BindingsAtPrim at line 671 of D:\__projects\_programming\vcpkg\buildtrees\usd\src\v25.11-c5a1a786cc.clean\pxr\usd\usdShade\materialBindingAPI.cpp -- Found material bindings on prim at path (/root/thelab01/workbench_grp/electronics_portable_tv01_0001/GEO) but MaterialBindingAPI is not applied on the prim
Warning: in BindingsAtPrim at line 671 of D:\__projects\_programming\vcpkg\buildtrees\usd\src\v25.11-c5a1a786cc.clean\pxr\usd\usdShade\materialBindingAPI.cpp -- Found material bindings on prim at path (/root/thelab01/workbench_grp/electronics_portable_tv01_0001/GEO) but MaterialBindingAPI is not applied on the prim
Warning: in BindingsAtPrim at line 671 of D:\__projects\_programming\vcpkg\buildtrees\usd\src\v25.11-c5a1a786cc.clean\pxr\usd\usdShade\materialBindingAPI.cpp -- Found material bindings on prim at path (/root/thelab01/workbench_grp/electronics_portable_tv01_0001/GEO) but MaterialBindingAPI is not applied on the prim
Warning: in BindingsAtPrim at line 671 of D:\__projects\_programming\vcpkg\buildtrees\usd\src\v25.11-c5a1a786cc.clean\pxr\usd\usdShade\materialBindingAPI.cpp -- Found material bindings on prim at path (/root/thelab01/workbench_grp/stationary_pencil01_0002/GEO) but MaterialBindingAPI is not applied on the prim
Warning: in BindingsAtPrim at line 671 of D:\__projects\_programming\vcpkg\buildtrees\usd\src\v25.11-c5a1a786cc.clean\pxr\usd\usdShade\materialBindingAPI.cpp -- Found material bindings on prim at path (/root/thelab01/workbench_grp/stationary_pencil02_0001/GEO) but MaterialBindingAPI is not applied on the prim
Warning: in BindingsAtPrim at line 671 of D:\__projects\_programming\vcpkg\buildtrees\usd\src\v25.11-c5a1a786cc.clean\pxr\usd\usdShade\materialBindingAPI.cpp -- Found material bindings on prim at path (/root/thelab01/workbench_grp/stationary_pencil03_0001/GEO) but MaterialBindingAPI is not applied on the prim
Warning: in BindingsAtPrim at line 671 of D:\__projects\_programming\vcpkg\buildtrees\usd\src\v25.11-c5a1a786cc.clean\pxr\usd\usdShade\materialBindingAPI.cpp -- Found material bindings on prim at path (/root/thelab01/workbench_grp/books_magazines01_0001/GEO) but MaterialBindingAPI is not applied on the prim
Warning: in BindingsAtPrim at line 671 of D:\__projects\_programming\vcpkg\buildtrees\usd\src\v25.11-c5a1a786cc.clean\pxr\usd\usdShade\materialBindingAPI.cpp -- Found material bindings on prim at path (/root/thelab01/workbench_grp/books_magazines01_0001/GEO) but MaterialBindingAPI is not applied on the prim
Warning: in BindingsAtPrim at line 671 of D:\__projects\_programming\vcpkg\buildtrees\usd\src\v25.11-c5a1a786cc.clean\pxr\usd\usdShade\materialBindingAPI.cpp -- Found material bindings on prim at path (/root/thelab01/workbench_grp/books_magazines01_0001/GEO) but MaterialBindingAPI is not applied on the prim
Warning: in BindingsAtPrim at line 671 of D:\__projects\_programming\vcpkg\buildtrees\usd\src\v25.11-c5a1a786cc.clean\pxr\usd\usdShade\materialBindingAPI.cpp -- Found material bindings on prim at path (/root/thelab01/workbench_grp/books_magazines01_0001/GEO) but MaterialBindingAPI is not applied on the prim
Warning: in BindingsAtPrim at line 671 of D:\__projects\_programming\vcpkg\buildtrees\usd\src\v25.11-c5a1a786cc.clean\pxr\usd\usdShade\materialBindingAPI.cpp -- Found material bindings on prim at path (/root/thelab01/workbench_grp/books_magazines01_0001/GEO) but MaterialBindingAPI is not applied on the prim
Warning: in BindingsAtPrim at line 671 of D:\__projects\_programming\vcpkg\buildtrees\usd\src\v25.11-c5a1a786cc.clean\pxr\usd\usdShade\materialBindingAPI.cpp -- Found material bindings on prim at path (/root/thelab01/workbench_grp/books_magazines01_0001/GEO) but MaterialBindingAPI is not applied on the prim
Warning: in BindingsAtPrim at line 671 of D:\__projects\_programming\vcpkg\buildtrees\usd\src\v25.11-c5a1a786cc.clean\pxr\usd\usdShade\materialBindingAPI.cpp -- Found material bindings on prim at path (/root/thelab01/workbench_grp/books_magazines01_0001/GEO) but MaterialBindingAPI is not applied on the prim
Warning: in BindingsAtPrim at line 671 of D:\__projects\_programming\vcpkg\buildtrees\usd\src\v25.11-c5a1a786cc.clean\pxr\usd\usdShade\materialBindingAPI.cpp -- Found material bindings on prim at path (/root/thelab01/workbench_grp/books_magazines01_0001/GEO) but MaterialBindingAPI is not applied on the prim
Warning: in BindingsAtPrim at line 671 of D:\__projects\_programming\vcpkg\buildtrees\usd\src\v25.11-c5a1a786cc.clean\pxr\usd\usdShade\materialBindingAPI.cpp -- Found material bindings on prim at path (/root/thelab01/workbench_grp/books_magazines01_0001/GEO) but MaterialBindingAPI is not applied on the prim
Warning: in BindingsAtPrim at line 671 of D:\__projects\_programming\vcpkg\buildtrees\usd\src\v25.11-c5a1a786cc.clean\pxr\usd\usdShade\materialBindingAPI.cpp -- Found material bindings on prim at path (/root/thelab01/workbench_grp/books_magazines01_0001/GEO) but MaterialBindingAPI is not applied on the prim
Warning: in BindingsAtPrim at line 671 of D:\__projects\_programming\vcpkg\buildtrees\usd\src\v25.11-c5a1a786cc.clean\pxr\usd\usdShade\materialBindingAPI.cpp -- Found material bindings on prim at path (/root/thelab01/workbench_grp/books_magazines01_0001/GEO) but MaterialBindingAPI is not applied on the prim
Warning: in BindingsAtPrim at line 671 of D:\__projects\_programming\vcpkg\buildtrees\usd\src\v25.11-c5a1a786cc.clean\pxr\usd\usdShade\materialBindingAPI.cpp -- Found material bindings on prim at path (/root/thelab01/workbench_grp/books_magazines01_0001/GEO) but MaterialBindingAPI is not applied on the prim
Warning: in BindingsAtPrim at line 671 of D:\__projects\_programming\vcpkg\buildtrees\usd\src\v25.11-c5a1a786cc.clean\pxr\usd\usdShade\materialBindingAPI.cpp -- Found material bindings on prim at path (/root/thelab01/workbench_grp/books_magazines01_0001/GEO) but MaterialBindingAPI is not applied on the prim
Warning: in BindingsAtPrim at line 671 of D:\__projects\_programming\vcpkg\buildtrees\usd\src\v25.11-c5a1a786cc.clean\pxr\usd\usdShade\materialBindingAPI.cpp -- Found material bindings on prim at path (/root/thelab01/workbench_grp/books_magazines01_0001/GEO) but MaterialBindingAPI is not applied on the prim
Warning: in BindingsAtPrim at line 671 of D:\__projects\_programming\vcpkg\buildtrees\usd\src\v25.11-c5a1a786cc.clean\pxr\usd\usdShade\materialBindingAPI.cpp -- Found material bindings on prim at path (/root/thelab01/workbench_grp/books_magazines01_0001/GEO) but MaterialBindingAPI is not applied on the prim
Warning: in BindingsAtPrim at line 671 of D:\__projects\_programming\vcpkg\buildtrees\usd\src\v25.11-c5a1a786cc.clean\pxr\usd\usdShade\materialBindingAPI.cpp -- Found material bindings on prim at path (/root/thelab01/workbench_grp/books_magazines01_0001/GEO) but MaterialBindingAPI is not applied on the prim
Warning: in BindingsAtPrim at line 671 of D:\__projects\_programming\vcpkg\buildtrees\usd\src\v25.11-c5a1a786cc.clean\pxr\usd\usdShade\materialBindingAPI.cpp -- Found material bindings on prim at path (/root/thelab01/workbench_grp/books_magazines01_0001/GEO) but MaterialBindingAPI is not applied on the prim
Warning: in BindingsAtPrim at line 671 of D:\__projects\_programming\vcpkg\buildtrees\usd\src\v25.11-c5a1a786cc.clean\pxr\usd\usdShade\materialBindingAPI.cpp -- Found material bindings on prim at path (/root/thelab01/workbench_grp/books_magazines01_0001/GEO) but MaterialBindingAPI is not applied on the prim
Warning: in BindingsAtPrim at line 671 of D:\__projects\_programming\vcpkg\buildtrees\usd\src\v25.11-c5a1a786cc.clean\pxr\usd\usdShade\materialBindingAPI.cpp -- Found material bindings on prim at path (/root/thelab01/workbench_grp/books_magazines01_0001/GEO) but MaterialBindingAPI is not applied on the prim
Warning: in BindingsAtPrim at line 671 of D:\__projects\_programming\vcpkg\buildtrees\usd\src\v25.11-c5a1a786cc.clean\pxr\usd\usdShade\materialBindingAPI.cpp -- Found material bindings on prim at path (/root/thelab01/workbench_grp/books_magazines01_0001/GEO) but MaterialBindingAPI is not applied on the prim
Warning: in BindingsAtPrim at line 671 of D:\__projects\_programming\vcpkg\buildtrees\usd\src\v25.11-c5a1a786cc.clean\pxr\usd\usdShade\materialBindingAPI.cpp -- Found material bindings on prim at path (/root/thelab01/workbench_grp/books_magazines01_0001/GEO) but MaterialBindingAPI is not applied on the prim
Warning: in BindingsAtPrim at line 671 of D:\__projects\_programming\vcpkg\buildtrees\usd\src\v25.11-c5a1a786cc.clean\pxr\usd\usdShade\materialBindingAPI.cpp -- Found material bindings on prim at path (/root/thelab01/workbench_grp/books_magazines01_0001/GEO) but MaterialBindingAPI is not applied on the prim
Warning: in BindingsAtPrim at line 671 of D:\__projects\_programming\vcpkg\buildtrees\usd\src\v25.11-c5a1a786cc.clean\pxr\usd\usdShade\materialBindingAPI.cpp -- Found material bindings on prim at path (/root/thelab01/workbench_grp/books_magazines01_0001/GEO) but MaterialBindingAPI is not applied on the prim
Warning: in BindingsAtPrim at line 671 of D:\__projects\_programming\vcpkg\buildtrees\usd\src\v25.11-c5a1a786cc.clean\pxr\usd\usdShade\materialBindingAPI.cpp -- Found material bindings on prim at path (/root/thelab01/workbench_grp/books_magazines01_0001/GEO) but MaterialBindingAPI is not applied on the prim
Warning: in BindingsAtPrim at line 671 of D:\__projects\_programming\vcpkg\buildtrees\usd\src\v25.11-c5a1a786cc.clean\pxr\usd\usdShade\materialBindingAPI.cpp -- Found material bindings on prim at path (/root/thelab01/workbench_grp/books_magazines01_0001/GEO) but MaterialBindingAPI is not applied on the prim
Warning: in BindingsAtPrim at line 671 of D:\__projects\_programming\vcpkg\buildtrees\usd\src\v25.11-c5a1a786cc.clean\pxr\usd\usdShade\materialBindingAPI.cpp -- Found material bindings on prim at path (/root/thelab01/workbench_grp/books_magazines01_0001/GEO) but MaterialBindingAPI is not applied on the prim
Warning: in BindingsAtPrim at line 671 of D:\__projects\_programming\vcpkg\buildtrees\usd\src\v25.11-c5a1a786cc.clean\pxr\usd\usdShade\materialBindingAPI.cpp -- Found material bindings on prim at path (/root/thelab01/workbench_grp/books_magazines01_0001/GEO) but MaterialBindingAPI is not applied on the prim
Warning: in BindingsAtPrim at line 671 of D:\__projects\_programming\vcpkg\buildtrees\usd\src\v25.11-c5a1a786cc.clean\pxr\usd\usdShade\materialBindingAPI.cpp -- Found material bindings on prim at path (/root/thelab01/workbench_grp/books_magazines01_0001/GEO) but MaterialBindingAPI is not applied on the prim
Warning: in BindingsAtPrim at line 671 of D:\__projects\_programming\vcpkg\buildtrees\usd\src\v25.11-c5a1a786cc.clean\pxr\usd\usdShade\materialBindingAPI.cpp -- Found material bindings on prim at path (/root/thelab01/workbench_grp/books_magazines01_0001/GEO) but MaterialBindingAPI is not applied on the prim
Warning: in BindingsAtPrim at line 671 of D:\__projects\_programming\vcpkg\buildtrees\usd\src\v25.11-c5a1a786cc.clean\pxr\usd\usdShade\materialBindingAPI.cpp -- Found material bindings on prim at path (/root/thelab01/workbench_grp/books_magazines01_0001/GEO) but MaterialBindingAPI is not applied on the prim
Warning: in BindingsAtPrim at line 671 of D:\__projects\_programming\vcpkg\buildtrees\usd\src\v25.11-c5a1a786cc.clean\pxr\usd\usdShade\materialBindingAPI.cpp -- Found material bindings on prim at path (/root/thelab01/workbench_grp/books_magazines01_0001/GEO) but MaterialBindingAPI is not applied on the prim
Warning: in BindingsAtPrim at line 671 of D:\__projects\_programming\vcpkg\buildtrees\usd\src\v25.11-c5a1a786cc.clean\pxr\usd\usdShade\materialBindingAPI.cpp -- Found material bindings on prim at path (/root/thelab01/workbench_grp/books_magazines01_0001/GEO) but MaterialBindingAPI is not applied on the prim
Warning: in BindingsAtPrim at line 671 of D:\__projects\_programming\vcpkg\buildtrees\usd\src\v25.11-c5a1a786cc.clean\pxr\usd\usdShade\materialBindingAPI.cpp -- Found material bindings on prim at path (/root/thelab01/workbench_grp/books_magazines01_0001/GEO) but MaterialBindingAPI is not applied on the prim
Warning: in BindingsAtPrim at line 671 of D:\__projects\_programming\vcpkg\buildtrees\usd\src\v25.11-c5a1a786cc.clean\pxr\usd\usdShade\materialBindingAPI.cpp -- Found material bindings on prim at path (/root/thelab01/workbench_grp/books_magazines01_0001/GEO) but MaterialBindingAPI is not applied on the prim
Warning: in BindingsAtPrim at line 671 of D:\__projects\_programming\vcpkg\buildtrees\usd\src\v25.11-c5a1a786cc.clean\pxr\usd\usdShade\materialBindingAPI.cpp -- Found material bindings on prim at path (/root/thelab01/workbench_grp/chemistry_beaker01_0001/GEO) but MaterialBindingAPI is not applied on the prim
Warning: in BindingsAtPrim at line 671 of D:\__projects\_programming\vcpkg\buildtrees\usd\src\v25.11-c5a1a786cc.clean\pxr\usd\usdShade\materialBindingAPI.cpp -- Found material bindings on prim at path (/root/thelab01/workbench_grp/chemistry_beaker02_0001/GEO) but MaterialBindingAPI is not applied on the prim
Warning: in BindingsAtPrim at line 671 of D:\__projects\_programming\vcpkg\buildtrees\usd\src\v25.11-c5a1a786cc.clean\pxr\usd\usdShade\materialBindingAPI.cpp -- Found material bindings on prim at path (/root/thelab01/workbench_grp/chemistry_beaker03_0001/GEO) but MaterialBindingAPI is not applied on the prim
Warning: in BindingsAtPrim at line 671 of D:\__projects\_programming\vcpkg\buildtrees\usd\src\v25.11-c5a1a786cc.clean\pxr\usd\usdShade\materialBindingAPI.cpp -- Found material bindings on prim at path (/root/thelab01/workbench_grp/chemistry_beaker_rack01_0001/GEO) but MaterialBindingAPI is not applied on the prim
Warning: in BindingsAtPrim at line 671 of D:\__projects\_programming\vcpkg\buildtrees\usd\src\v25.11-c5a1a786cc.clean\pxr\usd\usdShade\materialBindingAPI.cpp -- Found material bindings on prim at path (/root/thelab01/workbench_grp/chemistry_beaker_rack01_0001/GEO) but MaterialBindingAPI is not applied on the prim
Warning: in BindingsAtPrim at line 671 of D:\__projects\_programming\vcpkg\buildtrees\usd\src\v25.11-c5a1a786cc.clean\pxr\usd\usdShade\materialBindingAPI.cpp -- Found material bindings on prim at path (/root/thelab01/workbench_grp/chemistry_beaker_stand01_0001/GEO) but MaterialBindingAPI is not applied on the prim
Warning: in BindingsAtPrim at line 671 of D:\__projects\_programming\vcpkg\buildtrees\usd\src\v25.11-c5a1a786cc.clean\pxr\usd\usdShade\materialBindingAPI.cpp -- Found material bindings on prim at path (/root/thelab01/workbench_grp/chemistry_beaker_stand01_0001/GEO) but MaterialBindingAPI is not applied on the prim
Warning: in BindingsAtPrim at line 671 of D:\__projects\_programming\vcpkg\buildtrees\usd\src\v25.11-c5a1a786cc.clean\pxr\usd\usdShade\materialBindingAPI.cpp -- Found material bindings on prim at path (/root/thelab01/workbench_grp/chemistry_beaker_stand01_0001/GEO) but MaterialBindingAPI is not applied on the prim
Warning: in BindingsAtPrim at line 671 of D:\__projects\_programming\vcpkg\buildtrees\usd\src\v25.11-c5a1a786cc.clean\pxr\usd\usdShade\materialBindingAPI.cpp -- Found material bindings on prim at path (/root/thelab01/workbench_grp/chemistry_beaker_stand01_0001/GEO) but MaterialBindingAPI is not applied on the prim
Warning: in BindingsAtPrim at line 671 of D:\__projects\_programming\vcpkg\buildtrees\usd\src\v25.11-c5a1a786cc.clean\pxr\usd\usdShade\materialBindingAPI.cpp -- Found material bindings on prim at path (/root/thelab01/workbench_grp/chemistry_bottle01_0001/GEO) but MaterialBindingAPI is not applied on the prim
Warning: in BindingsAtPrim at line 671 of D:\__projects\_programming\vcpkg\buildtrees\usd\src\v25.11-c5a1a786cc.clean\pxr\usd\usdShade\materialBindingAPI.cpp -- Found material bindings on prim at path (/root/thelab01/workbench_grp/chemistry_bottle02_0001/GEO) but MaterialBindingAPI is not applied on the prim
Warning: in BindingsAtPrim at line 671 of D:\__projects\_programming\vcpkg\buildtrees\usd\src\v25.11-c5a1a786cc.clean\pxr\usd\usdShade\materialBindingAPI.cpp -- Found material bindings on prim at path (/root/thelab01/workbench_grp/chemistry_bottle03_0001/GEO) but MaterialBindingAPI is not applied on the prim
Warning: in BindingsAtPrim at line 671 of D:\__projects\_programming\vcpkg\buildtrees\usd\src\v25.11-c5a1a786cc.clean\pxr\usd\usdShade\materialBindingAPI.cpp -- Found material bindings on prim at path (/root/thelab01/workbench_grp/chemistry_flask_stand01_0001/GEO) but MaterialBindingAPI is not applied on the prim
Warning: in BindingsAtPrim at line 671 of D:\__projects\_programming\vcpkg\buildtrees\usd\src\v25.11-c5a1a786cc.clean\pxr\usd\usdShade\materialBindingAPI.cpp -- Found material bindings on prim at path (/root/thelab01/workbench_grp/chemistry_flask_stand01_0001/GEO) but MaterialBindingAPI is not applied on the prim
Warning: in BindingsAtPrim at line 671 of D:\__projects\_programming\vcpkg\buildtrees\usd\src\v25.11-c5a1a786cc.clean\pxr\usd\usdShade\materialBindingAPI.cpp -- Found material bindings on prim at path (/root/thelab01/workbench_grp/chemistry_flask_stand01_0001/GEO) but MaterialBindingAPI is not applied on the prim
Warning: in BindingsAtPrim at line 671 of D:\__projects\_programming\vcpkg\buildtrees\usd\src\v25.11-c5a1a786cc.clean\pxr\usd\usdShade\materialBindingAPI.cpp -- Found material bindings on prim at path (/root/thelab01/workbench_grp/chemistry_flask_stand01_0001/GEO) but MaterialBindingAPI is not applied on the prim
Warning: in BindingsAtPrim at line 671 of D:\__projects\_programming\vcpkg\buildtrees\usd\src\v25.11-c5a1a786cc.clean\pxr\usd\usdShade\materialBindingAPI.cpp -- Found material bindings on prim at path (/root/thelab01/workbench_grp/chemistry_flask_stand01_0001/GEO) but MaterialBindingAPI is not applied on the prim
Warning: in BindingsAtPrim at line 671 of D:\__projects\_programming\vcpkg\buildtrees\usd\src\v25.11-c5a1a786cc.clean\pxr\usd\usdShade\materialBindingAPI.cpp -- Found material bindings on prim at path (/root/thelab01/workbench_grp/chemistry_flask_stand01_0001/GEO) but MaterialBindingAPI is not applied on the prim
Warning: in BindingsAtPrim at line 671 of D:\__projects\_programming\vcpkg\buildtrees\usd\src\v25.11-c5a1a786cc.clean\pxr\usd\usdShade\materialBindingAPI.cpp -- Found material bindings on prim at path (/root/thelab01/workbench_grp/chemistry_flask_stand01_0001/GEO) but MaterialBindingAPI is not applied on the prim
Warning: in BindingsAtPrim at line 671 of D:\__projects\_programming\vcpkg\buildtrees\usd\src\v25.11-c5a1a786cc.clean\pxr\usd\usdShade\materialBindingAPI.cpp -- Found material bindings on prim at path (/root/thelab01/workbench_grp/chemistry_flask_stand01_0001/GEO) but MaterialBindingAPI is not applied on the prim
Warning: in BindingsAtPrim at line 671 of D:\__projects\_programming\vcpkg\buildtrees\usd\src\v25.11-c5a1a786cc.clean\pxr\usd\usdShade\materialBindingAPI.cpp -- Found material bindings on prim at path (/root/thelab01/workbench_grp/chemistry_flask_stand01_0001/GEO) but MaterialBindingAPI is not applied on the prim
Warning: in BindingsAtPrim at line 671 of D:\__projects\_programming\vcpkg\buildtrees\usd\src\v25.11-c5a1a786cc.clean\pxr\usd\usdShade\materialBindingAPI.cpp -- Found material bindings on prim at path (/root/thelab01/workbench_grp/chemistry_flask_stand01_0001/GEO) but MaterialBindingAPI is not applied on the prim
Warning: in BindingsAtPrim at line 671 of D:\__projects\_programming\vcpkg\buildtrees\usd\src\v25.11-c5a1a786cc.clean\pxr\usd\usdShade\materialBindingAPI.cpp -- Found material bindings on prim at path (/root/thelab01/workbench_grp/chemistry_kipps_apparatus01_0001/GEO) but MaterialBindingAPI is not applied on the prim
Warning: in BindingsAtPrim at line 671 of D:\__projects\_programming\vcpkg\buildtrees\usd\src\v25.11-c5a1a786cc.clean\pxr\usd\usdShade\materialBindingAPI.cpp -- Found material bindings on prim at path (/root/thelab01/workbench_grp/chemistry_kipps_apparatus01_0001/GEO) but MaterialBindingAPI is not applied on the prim
Warning: in BindingsAtPrim at line 671 of D:\__projects\_programming\vcpkg\buildtrees\usd\src\v25.11-c5a1a786cc.clean\pxr\usd\usdShade\materialBindingAPI.cpp -- Found material bindings on prim at path (/root/thelab01/workbench_grp/chemistry_kipps_apparatus01_0001/GEO) but MaterialBindingAPI is not applied on the prim
Warning: in BindingsAtPrim at line 671 of D:\__projects\_programming\vcpkg\buildtrees\usd\src\v25.11-c5a1a786cc.clean\pxr\usd\usdShade\materialBindingAPI.cpp -- Found material bindings on prim at path (/root/thelab01/workbench_grp/chemistry_kipps_apparatus01_0001/GEO) but MaterialBindingAPI is not applied on the prim
Warning: in BindingsAtPrim at line 671 of D:\__projects\_programming\vcpkg\buildtrees\usd\src\v25.11-c5a1a786cc.clean\pxr\usd\usdShade\materialBindingAPI.cpp -- Found material bindings on prim at path (/root/thelab01/workbench_grp/chemistry_kipps_apparatus01_0001/GEO) but MaterialBindingAPI is not applied on the prim
Warning: in BindingsAtPrim at line 671 of D:\__projects\_programming\vcpkg\buildtrees\usd\src\v25.11-c5a1a786cc.clean\pxr\usd\usdShade\materialBindingAPI.cpp -- Found material bindings on prim at path (/root/thelab01/workbench_grp/chemistry_kipps_apparatus01_0001/GEO) but MaterialBindingAPI is not applied on the prim
Warning: in BindingsAtPrim at line 671 of D:\__projects\_programming\vcpkg\buildtrees\usd\src\v25.11-c5a1a786cc.clean\pxr\usd\usdShade\materialBindingAPI.cpp -- Found material bindings on prim at path (/root/thelab01/workbench_grp/chemistry_kipps_apparatus01_0001/GEO) but MaterialBindingAPI is not applied on the prim
Warning: in BindingsAtPrim at line 671 of D:\__projects\_programming\vcpkg\buildtrees\usd\src\v25.11-c5a1a786cc.clean\pxr\usd\usdShade\materialBindingAPI.cpp -- Found material bindings on prim at path (/root/thelab01/workbench_grp/chemistry_kipps_apparatus01_0001/GEO) but MaterialBindingAPI is not applied on the prim
Warning: in BindingsAtPrim at line 671 of D:\__projects\_programming\vcpkg\buildtrees\usd\src\v25.11-c5a1a786cc.clean\pxr\usd\usdShade\materialBindingAPI.cpp -- Found material bindings on prim at path (/root/thelab01/workbench_grp/chemistry_kipps_apparatus01_0001/GEO) but MaterialBindingAPI is not applied on the prim
Warning: in BindingsAtPrim at line 671 of D:\__projects\_programming\vcpkg\buildtrees\usd\src\v25.11-c5a1a786cc.clean\pxr\usd\usdShade\materialBindingAPI.cpp -- Found material bindings on prim at path (/root/thelab01/workbench_grp/chemistry_microscope01_0001/GEO) but MaterialBindingAPI is not applied on the prim
Warning: in BindingsAtPrim at line 671 of D:\__projects\_programming\vcpkg\buildtrees\usd\src\v25.11-c5a1a786cc.clean\pxr\usd\usdShade\materialBindingAPI.cpp -- Found material bindings on prim at path (/root/thelab01/workbench_grp/chemistry_microscope01_0001/GEO) but MaterialBindingAPI is not applied on the prim
Warning: in BindingsAtPrim at line 671 of D:\__projects\_programming\vcpkg\buildtrees\usd\src\v25.11-c5a1a786cc.clean\pxr\usd\usdShade\materialBindingAPI.cpp -- Found material bindings on prim at path (/root/thelab01/workbench_grp/chemistry_microscope01_0001/GEO) but MaterialBindingAPI is not applied on the prim
Warning: in BindingsAtPrim at line 671 of D:\__projects\_programming\vcpkg\buildtrees\usd\src\v25.11-c5a1a786cc.clean\pxr\usd\usdShade\materialBindingAPI.cpp -- Found material bindings on prim at path (/root/thelab01/workbench_grp/chemistry_microscope01_0001/GEO) but MaterialBindingAPI is not applied on the prim
Warning: in BindingsAtPrim at line 671 of D:\__projects\_programming\vcpkg\buildtrees\usd\src\v25.11-c5a1a786cc.clean\pxr\usd\usdShade\materialBindingAPI.cpp -- Found material bindings on prim at path (/root/thelab01/workbench_grp/chemistry_microscope01_0001/GEO) but MaterialBindingAPI is not applied on the prim
Warning: in BindingsAtPrim at line 671 of D:\__projects\_programming\vcpkg\buildtrees\usd\src\v25.11-c5a1a786cc.clean\pxr\usd\usdShade\materialBindingAPI.cpp -- Found material bindings on prim at path (/root/thelab01/workbench_grp/chemistry_microscope01_0001/GEO) but MaterialBindingAPI is not applied on the prim
Warning: in BindingsAtPrim at line 671 of D:\__projects\_programming\vcpkg\buildtrees\usd\src\v25.11-c5a1a786cc.clean\pxr\usd\usdShade\materialBindingAPI.cpp -- Found material bindings on prim at path (/root/thelab01/workbench_grp/chemistry_microscope01_0001/GEO) but MaterialBindingAPI is not applied on the prim
Warning: in BindingsAtPrim at line 671 of D:\__projects\_programming\vcpkg\buildtrees\usd\src\v25.11-c5a1a786cc.clean\pxr\usd\usdShade\materialBindingAPI.cpp -- Found material bindings on prim at path (/root/thelab01/workbench_grp/chemistry_microscope01_0001/GEO) but MaterialBindingAPI is not applied on the prim
Warning: in BindingsAtPrim at line 671 of D:\__projects\_programming\vcpkg\buildtrees\usd\src\v25.11-c5a1a786cc.clean\pxr\usd\usdShade\materialBindingAPI.cpp -- Found material bindings on prim at path (/root/thelab01/workbench_grp/chemistry_microscope01_0001/GEO) but MaterialBindingAPI is not applied on the prim
Warning: in BindingsAtPrim at line 671 of D:\__projects\_programming\vcpkg\buildtrees\usd\src\v25.11-c5a1a786cc.clean\pxr\usd\usdShade\materialBindingAPI.cpp -- Found material bindings on prim at path (/root/thelab01/workbench_grp/chemistry_microscope01_0001/GEO) but MaterialBindingAPI is not applied on the prim
Warning: in BindingsAtPrim at line 671 of D:\__projects\_programming\vcpkg\buildtrees\usd\src\v25.11-c5a1a786cc.clean\pxr\usd\usdShade\materialBindingAPI.cpp -- Found material bindings on prim at path (/root/thelab01/workbench_grp/chemistry_microscope01_0001/GEO) but MaterialBindingAPI is not applied on the prim
Warning: in BindingsAtPrim at line 671 of D:\__projects\_programming\vcpkg\buildtrees\usd\src\v25.11-c5a1a786cc.clean\pxr\usd\usdShade\materialBindingAPI.cpp -- Found material bindings on prim at path (/root/thelab01/workbench_grp/chemistry_microscope01_0001/GEO) but MaterialBindingAPI is not applied on the prim
Warning: in BindingsAtPrim at line 671 of D:\__projects\_programming\vcpkg\buildtrees\usd\src\v25.11-c5a1a786cc.clean\pxr\usd\usdShade\materialBindingAPI.cpp -- Found material bindings on prim at path (/root/thelab01/workbench_grp/chemistry_microscope01_0001/GEO) but MaterialBindingAPI is not applied on the prim
Warning: in BindingsAtPrim at line 671 of D:\__projects\_programming\vcpkg\buildtrees\usd\src\v25.11-c5a1a786cc.clean\pxr\usd\usdShade\materialBindingAPI.cpp -- Found material bindings on prim at path (/root/thelab01/workbench_grp/chemistry_microscope01_0001/GEO) but MaterialBindingAPI is not applied on the prim
Warning: in BindingsAtPrim at line 671 of D:\__projects\_programming\vcpkg\buildtrees\usd\src\v25.11-c5a1a786cc.clean\pxr\usd\usdShade\materialBindingAPI.cpp -- Found material bindings on prim at path (/root/thelab01/workbench_grp/chemistry_microscope01_0001/GEO) but MaterialBindingAPI is not applied on the prim
Warning: in BindingsAtPrim at line 671 of D:\__projects\_programming\vcpkg\buildtrees\usd\src\v25.11-c5a1a786cc.clean\pxr\usd\usdShade\materialBindingAPI.cpp -- Found material bindings on prim at path (/root/thelab01/workbench_grp/chemistry_microscope01_0001/GEO) but MaterialBindingAPI is not applied on the prim
Warning: in BindingsAtPrim at line 671 of D:\__projects\_programming\vcpkg\buildtrees\usd\src\v25.11-c5a1a786cc.clean\pxr\usd\usdShade\materialBindingAPI.cpp -- Found material bindings on prim at path (/root/thelab01/workbench_grp/chemistry_microscope01_0001/GEO) but MaterialBindingAPI is not applied on the prim
Warning: in BindingsAtPrim at line 671 of D:\__projects\_programming\vcpkg\buildtrees\usd\src\v25.11-c5a1a786cc.clean\pxr\usd\usdShade\materialBindingAPI.cpp -- Found material bindings on prim at path (/root/thelab01/workbench_grp/chemistry_microscope01_0001/GEO) but MaterialBindingAPI is not applied on the prim
Warning: in BindingsAtPrim at line 671 of D:\__projects\_programming\vcpkg\buildtrees\usd\src\v25.11-c5a1a786cc.clean\pxr\usd\usdShade\materialBindingAPI.cpp -- Found material bindings on prim at path (/root/thelab01/workbench_grp/chemistry_microscope01_0001/GEO) but MaterialBindingAPI is not applied on the prim
Warning: in BindingsAtPrim at line 671 of D:\__projects\_programming\vcpkg\buildtrees\usd\src\v25.11-c5a1a786cc.clean\pxr\usd\usdShade\materialBindingAPI.cpp -- Found material bindings on prim at path (/root/thelab01/workbench_grp/chemistry_microscope01_0001/GEO) but MaterialBindingAPI is not applied on the prim
Warning: in BindingsAtPrim at line 671 of D:\__projects\_programming\vcpkg\buildtrees\usd\src\v25.11-c5a1a786cc.clean\pxr\usd\usdShade\materialBindingAPI.cpp -- Found material bindings on prim at path (/root/thelab01/workbench_grp/decor_foam_hand01_0001/GEO) but MaterialBindingAPI is not applied on the prim
Warning: in BindingsAtPrim at line 671 of D:\__projects\_programming\vcpkg\buildtrees\usd\src\v25.11-c5a1a786cc.clean\pxr\usd\usdShade\materialBindingAPI.cpp -- Found material bindings on prim at path (/root/thelab01/workbench_grp/decor_foam_hand01_0001/GEO) but MaterialBindingAPI is not applied on the prim
Warning: in BindingsAtPrim at line 671 of D:\__projects\_programming\vcpkg\buildtrees\usd\src\v25.11-c5a1a786cc.clean\pxr\usd\usdShade\materialBindingAPI.cpp -- Found material bindings on prim at path (/root/thelab01/workbench_grp/decor_helmet_head01_0001/GEO) but MaterialBindingAPI is not applied on the prim
Warning: in BindingsAtPrim at line 671 of D:\__projects\_programming\vcpkg\buildtrees\usd\src\v25.11-c5a1a786cc.clean\pxr\usd\usdShade\materialBindingAPI.cpp -- Found material bindings on prim at path (/root/thelab01/workbench_grp/decor_helmet_head01_0001/GEO) but MaterialBindingAPI is not applied on the prim
Warning: in BindingsAtPrim at line 671 of D:\__projects\_programming\vcpkg\buildtrees\usd\src\v25.11-c5a1a786cc.clean\pxr\usd\usdShade\materialBindingAPI.cpp -- Found material bindings on prim at path (/root/thelab01/workbench_grp/decor_helmet_head01_0001/GEO) but MaterialBindingAPI is not applied on the prim
Warning: in BindingsAtPrim at line 671 of D:\__projects\_programming\vcpkg\buildtrees\usd\src\v25.11-c5a1a786cc.clean\pxr\usd\usdShade\materialBindingAPI.cpp -- Found material bindings on prim at path (/root/thelab01/workbench_grp/decor_helmet_head01_0001/GEO) but MaterialBindingAPI is not applied on the prim
Warning: in BindingsAtPrim at line 671 of D:\__projects\_programming\vcpkg\buildtrees\usd\src\v25.11-c5a1a786cc.clean\pxr\usd\usdShade\materialBindingAPI.cpp -- Found material bindings on prim at path (/root/thelab01/workbench_grp/decor_wooden_box01_0001/GEO) but MaterialBindingAPI is not applied on the prim
Warning: in BindingsAtPrim at line 671 of D:\__projects\_programming\vcpkg\buildtrees\usd\src\v25.11-c5a1a786cc.clean\pxr\usd\usdShade\materialBindingAPI.cpp -- Found material bindings on prim at path (/root/thelab01/workbench_grp/decor_wooden_box01_0001/GEO) but MaterialBindingAPI is not applied on the prim
Warning: in BindingsAtPrim at line 671 of D:\__projects\_programming\vcpkg\buildtrees\usd\src\v25.11-c5a1a786cc.clean\pxr\usd\usdShade\materialBindingAPI.cpp -- Found material bindings on prim at path (/root/thelab01/workbench_grp/decor_wooden_box01_0001/GEO) but MaterialBindingAPI is not applied on the prim
Warning: in BindingsAtPrim at line 671 of D:\__projects\_programming\vcpkg\buildtrees\usd\src\v25.11-c5a1a786cc.clean\pxr\usd\usdShade\materialBindingAPI.cpp -- Found material bindings on prim at path (/root/thelab01/workbench_grp/decor_wooden_box01_0001/GEO) but MaterialBindingAPI is not applied on the prim
Warning: in BindingsAtPrim at line 671 of D:\__projects\_programming\vcpkg\buildtrees\usd\src\v25.11-c5a1a786cc.clean\pxr\usd\usdShade\materialBindingAPI.cpp -- Found material bindings on prim at path (/root/thelab01/workbench_grp/decor_wooden_box01_0001/GEO) but MaterialBindingAPI is not applied on the prim
Warning: in BindingsAtPrim at line 671 of D:\__projects\_programming\vcpkg\buildtrees\usd\src\v25.11-c5a1a786cc.clean\pxr\usd\usdShade\materialBindingAPI.cpp -- Found material bindings on prim at path (/root/thelab01/workbench_grp/decor_wooden_box01_0001/GEO) but MaterialBindingAPI is not applied on the prim
Warning: in BindingsAtPrim at line 671 of D:\__projects\_programming\vcpkg\buildtrees\usd\src\v25.11-c5a1a786cc.clean\pxr\usd\usdShade\materialBindingAPI.cpp -- Found material bindings on prim at path (/root/thelab01/workbench_grp/decor_wooden_box01_0001/GEO) but MaterialBindingAPI is not applied on the prim
Warning: in BindingsAtPrim at line 671 of D:\__projects\_programming\vcpkg\buildtrees\usd\src\v25.11-c5a1a786cc.clean\pxr\usd\usdShade\materialBindingAPI.cpp -- Found material bindings on prim at path (/root/thelab01/workbench_grp/decor_wooden_box01_0001/GEO) but MaterialBindingAPI is not applied on the prim
Warning: in BindingsAtPrim at line 671 of D:\__projects\_programming\vcpkg\buildtrees\usd\src\v25.11-c5a1a786cc.clean\pxr\usd\usdShade\materialBindingAPI.cpp -- Found material bindings on prim at path (/root/thelab01/workbench_grp/decor_wooden_box01_0001/GEO) but MaterialBindingAPI is not applied on the prim
Warning: in BindingsAtPrim at line 671 of D:\__projects\_programming\vcpkg\buildtrees\usd\src\v25.11-c5a1a786cc.clean\pxr\usd\usdShade\materialBindingAPI.cpp -- Found material bindings on prim at path (/root/thelab01/workbench_grp/decor_wooden_box01_0001/GEO) but MaterialBindingAPI is not applied on the prim
Warning: in BindingsAtPrim at line 671 of D:\__projects\_programming\vcpkg\buildtrees\usd\src\v25.11-c5a1a786cc.clean\pxr\usd\usdShade\materialBindingAPI.cpp -- Found material bindings on prim at path (/root/thelab01/workbench_grp/decor_wooden_box01_0001/GEO) but MaterialBindingAPI is not applied on the prim
Warning: in BindingsAtPrim at line 671 of D:\__projects\_programming\vcpkg\buildtrees\usd\src\v25.11-c5a1a786cc.clean\pxr\usd\usdShade\materialBindingAPI.cpp -- Found material bindings on prim at path (/root/thelab01/workbench_grp/decor_wooden_box01_0001/GEO) but MaterialBindingAPI is not applied on the prim
Warning: in BindingsAtPrim at line 671 of D:\__projects\_programming\vcpkg\buildtrees\usd\src\v25.11-c5a1a786cc.clean\pxr\usd\usdShade\materialBindingAPI.cpp -- Found material bindings on prim at path (/root/thelab01/workbench_grp/decor_wooden_box01_0001/GEO) but MaterialBindingAPI is not applied on the prim
Warning: in BindingsAtPrim at line 671 of D:\__projects\_programming\vcpkg\buildtrees\usd\src\v25.11-c5a1a786cc.clean\pxr\usd\usdShade\materialBindingAPI.cpp -- Found material bindings on prim at path (/root/thelab01/workbench_grp/decor_wooden_box01_0001/GEO) but MaterialBindingAPI is not applied on the prim
Warning: in BindingsAtPrim at line 671 of D:\__projects\_programming\vcpkg\buildtrees\usd\src\v25.11-c5a1a786cc.clean\pxr\usd\usdShade\materialBindingAPI.cpp -- Found material bindings on prim at path (/root/thelab01/workbench_grp/decor_wooden_box01_0001/GEO) but MaterialBindingAPI is not applied on the prim
Warning: in BindingsAtPrim at line 671 of D:\__projects\_programming\vcpkg\buildtrees\usd\src\v25.11-c5a1a786cc.clean\pxr\usd\usdShade\materialBindingAPI.cpp -- Found material bindings on prim at path (/root/thelab01/workbench_grp/decor_wooden_box01_0001/GEO) but MaterialBindingAPI is not applied on the prim
Warning: in BindingsAtPrim at line 671 of D:\__projects\_programming\vcpkg\buildtrees\usd\src\v25.11-c5a1a786cc.clean\pxr\usd\usdShade\materialBindingAPI.cpp -- Found material bindings on prim at path (/root/thelab01/workbench_grp/decor_wooden_box01_0001/GEO) but MaterialBindingAPI is not applied on the prim
Warning: in BindingsAtPrim at line 671 of D:\__projects\_programming\vcpkg\buildtrees\usd\src\v25.11-c5a1a786cc.clean\pxr\usd\usdShade\materialBindingAPI.cpp -- Found material bindings on prim at path (/root/thelab01/workbench_grp/decor_wooden_box01_0001/GEO) but MaterialBindingAPI is not applied on the prim
Warning: in BindingsAtPrim at line 671 of D:\__projects\_programming\vcpkg\buildtrees\usd\src\v25.11-c5a1a786cc.clean\pxr\usd\usdShade\materialBindingAPI.cpp -- Found material bindings on prim at path (/root/thelab01/workbench_grp/decor_wooden_box01_0001/GEO) but MaterialBindingAPI is not applied on the prim
Warning: in BindingsAtPrim at line 671 of D:\__projects\_programming\vcpkg\buildtrees\usd\src\v25.11-c5a1a786cc.clean\pxr\usd\usdShade\materialBindingAPI.cpp -- Found material bindings on prim at path (/root/thelab01/workbench_grp/decor_wooden_box01_0001/GEO) but MaterialBindingAPI is not applied on the prim
Warning: in BindingsAtPrim at line 671 of D:\__projects\_programming\vcpkg\buildtrees\usd\src\v25.11-c5a1a786cc.clean\pxr\usd\usdShade\materialBindingAPI.cpp -- Found material bindings on prim at path (/root/thelab01/workbench_grp/decor_wooden_box01_0001/GEO) but MaterialBindingAPI is not applied on the prim
Warning: in BindingsAtPrim at line 671 of D:\__projects\_programming\vcpkg\buildtrees\usd\src\v25.11-c5a1a786cc.clean\pxr\usd\usdShade\materialBindingAPI.cpp -- Found material bindings on prim at path (/root/thelab01/workbench_grp/decor_wooden_box01_0001/GEO) but MaterialBindingAPI is not applied on the prim
Warning: in BindingsAtPrim at line 671 of D:\__projects\_programming\vcpkg\buildtrees\usd\src\v25.11-c5a1a786cc.clean\pxr\usd\usdShade\materialBindingAPI.cpp -- Found material bindings on prim at path (/root/thelab01/workbench_grp/decor_wooden_box01_0001/GEO) but MaterialBindingAPI is not applied on the prim
Warning: in BindingsAtPrim at line 671 of D:\__projects\_programming\vcpkg\buildtrees\usd\src\v25.11-c5a1a786cc.clean\pxr\usd\usdShade\materialBindingAPI.cpp -- Found material bindings on prim at path (/root/thelab01/workbench_grp/decor_wooden_box01_0001/GEO) but MaterialBindingAPI is not applied on the prim
Warning: in BindingsAtPrim at line 671 of D:\__projects\_programming\vcpkg\buildtrees\usd\src\v25.11-c5a1a786cc.clean\pxr\usd\usdShade\materialBindingAPI.cpp -- Found material bindings on prim at path (/root/thelab01/workbench_grp/decor_wooden_box01_0001/GEO) but MaterialBindingAPI is not applied on the prim
Warning: in BindingsAtPrim at line 671 of D:\__projects\_programming\vcpkg\buildtrees\usd\src\v25.11-c5a1a786cc.clean\pxr\usd\usdShade\materialBindingAPI.cpp -- Found material bindings on prim at path (/root/thelab01/workbench_grp/decor_wooden_box01_0001/GEO) but MaterialBindingAPI is not applied on the prim
Warning: in BindingsAtPrim at line 671 of D:\__projects\_programming\vcpkg\buildtrees\usd\src\v25.11-c5a1a786cc.clean\pxr\usd\usdShade\materialBindingAPI.cpp -- Found material bindings on prim at path (/root/thelab01/workbench_grp/decor_wooden_box01_0001/GEO) but MaterialBindingAPI is not applied on the prim
Warning: in BindingsAtPrim at line 671 of D:\__projects\_programming\vcpkg\buildtrees\usd\src\v25.11-c5a1a786cc.clean\pxr\usd\usdShade\materialBindingAPI.cpp -- Found material bindings on prim at path (/root/thelab01/workbench_grp/decor_wooden_box01_0001/GEO) but MaterialBindingAPI is not applied on the prim
Warning: in BindingsAtPrim at line 671 of D:\__projects\_programming\vcpkg\buildtrees\usd\src\v25.11-c5a1a786cc.clean\pxr\usd\usdShade\materialBindingAPI.cpp -- Found material bindings on prim at path (/root/thelab01/workbench_grp/decor_wooden_box01_0001/GEO) but MaterialBindingAPI is not applied on the prim
Warning: in BindingsAtPrim at line 671 of D:\__projects\_programming\vcpkg\buildtrees\usd\src\v25.11-c5a1a786cc.clean\pxr\usd\usdShade\materialBindingAPI.cpp -- Found material bindings on prim at path (/root/thelab01/workbench_grp/decor_wooden_box01_0001/GEO) but MaterialBindingAPI is not applied on the prim
Warning: in BindingsAtPrim at line 671 of D:\__projects\_programming\vcpkg\buildtrees\usd\src\v25.11-c5a1a786cc.clean\pxr\usd\usdShade\materialBindingAPI.cpp -- Found material bindings on prim at path (/root/thelab01/workbench_grp/electronics_audio_generator01_0001/GEO) but MaterialBindingAPI is not applied on the prim
Warning: in BindingsAtPrim at line 671 of D:\__projects\_programming\vcpkg\buildtrees\usd\src\v25.11-c5a1a786cc.clean\pxr\usd\usdShade\materialBindingAPI.cpp -- Found material bindings on prim at path (/root/thelab01/workbench_grp/electronics_audio_generator01_0001/GEO) but MaterialBindingAPI is not applied on the prim
Warning: in BindingsAtPrim at line 671 of D:\__projects\_programming\vcpkg\buildtrees\usd\src\v25.11-c5a1a786cc.clean\pxr\usd\usdShade\materialBindingAPI.cpp -- Found material bindings on prim at path (/root/thelab01/workbench_grp/electronics_audio_generator01_0001/GEO) but MaterialBindingAPI is not applied on the prim
Warning: in BindingsAtPrim at line 671 of D:\__projects\_programming\vcpkg\buildtrees\usd\src\v25.11-c5a1a786cc.clean\pxr\usd\usdShade\materialBindingAPI.cpp -- Found material bindings on prim at path (/root/thelab01/workbench_grp/electronics_audio_generator01_0001/GEO) but MaterialBindingAPI is not applied on the prim
Warning: in BindingsAtPrim at line 671 of D:\__projects\_programming\vcpkg\buildtrees\usd\src\v25.11-c5a1a786cc.clean\pxr\usd\usdShade\materialBindingAPI.cpp -- Found material bindings on prim at path (/root/thelab01/workbench_grp/electronics_audio_generator01_0001/GEO) but MaterialBindingAPI is not applied on the prim
Warning: in BindingsAtPrim at line 671 of D:\__projects\_programming\vcpkg\buildtrees\usd\src\v25.11-c5a1a786cc.clean\pxr\usd\usdShade\materialBindingAPI.cpp -- Found material bindings on prim at path (/root/thelab01/workbench_grp/electronics_audio_generator01_0001/GEO) but MaterialBindingAPI is not applied on the prim
Warning: in BindingsAtPrim at line 671 of D:\__projects\_programming\vcpkg\buildtrees\usd\src\v25.11-c5a1a786cc.clean\pxr\usd\usdShade\materialBindingAPI.cpp -- Found material bindings on prim at path (/root/thelab01/workbench_grp/electronics_audio_generator01_0001/GEO) but MaterialBindingAPI is not applied on the prim
Warning: in BindingsAtPrim at line 671 of D:\__projects\_programming\vcpkg\buildtrees\usd\src\v25.11-c5a1a786cc.clean\pxr\usd\usdShade\materialBindingAPI.cpp -- Found material bindings on prim at path (/root/thelab01/workbench_grp/electronics_audio_generator01_0001/GEO) but MaterialBindingAPI is not applied on the prim
Warning: in BindingsAtPrim at line 671 of D:\__projects\_programming\vcpkg\buildtrees\usd\src\v25.11-c5a1a786cc.clean\pxr\usd\usdShade\materialBindingAPI.cpp -- Found material bindings on prim at path (/root/thelab01/workbench_grp/electronics_audio_generator01_0001/GEO) but MaterialBindingAPI is not applied on the prim
Warning: in BindingsAtPrim at line 671 of D:\__projects\_programming\vcpkg\buildtrees\usd\src\v25.11-c5a1a786cc.clean\pxr\usd\usdShade\materialBindingAPI.cpp -- Found material bindings on prim at path (/root/thelab01/workbench_grp/electronics_audio_generator01_0001/GEO) but MaterialBindingAPI is not applied on the prim
Warning: in BindingsAtPrim at line 671 of D:\__projects\_programming\vcpkg\buildtrees\usd\src\v25.11-c5a1a786cc.clean\pxr\usd\usdShade\materialBindingAPI.cpp -- Found material bindings on prim at path (/root/thelab01/workbench_grp/electronics_audio_generator01_0001/GEO) but MaterialBindingAPI is not applied on the prim
Warning: in BindingsAtPrim at line 671 of D:\__projects\_programming\vcpkg\buildtrees\usd\src\v25.11-c5a1a786cc.clean\pxr\usd\usdShade\materialBindingAPI.cpp -- Found material bindings on prim at path (/root/thelab01/workbench_grp/electronics_audio_generator01_0001/GEO) but MaterialBindingAPI is not applied on the prim
Warning: in BindingsAtPrim at line 671 of D:\__projects\_programming\vcpkg\buildtrees\usd\src\v25.11-c5a1a786cc.clean\pxr\usd\usdShade\materialBindingAPI.cpp -- Found material bindings on prim at path (/root/thelab01/workbench_grp/electronics_audio_generator01_0001/GEO) but MaterialBindingAPI is not applied on the prim
Warning: in BindingsAtPrim at line 671 of D:\__projects\_programming\vcpkg\buildtrees\usd\src\v25.11-c5a1a786cc.clean\pxr\usd\usdShade\materialBindingAPI.cpp -- Found material bindings on prim at path (/root/thelab01/workbench_grp/electronics_audio_generator01_0001/GEO) but MaterialBindingAPI is not applied on the prim
Warning: in BindingsAtPrim at line 671 of D:\__projects\_programming\vcpkg\buildtrees\usd\src\v25.11-c5a1a786cc.clean\pxr\usd\usdShade\materialBindingAPI.cpp -- Found material bindings on prim at path (/root/thelab01/workbench_grp/electronics_audio_generator01_0001/GEO) but MaterialBindingAPI is not applied on the prim
Warning: in BindingsAtPrim at line 671 of D:\__projects\_programming\vcpkg\buildtrees\usd\src\v25.11-c5a1a786cc.clean\pxr\usd\usdShade\materialBindingAPI.cpp -- Found material bindings on prim at path (/root/thelab01/workbench_grp/electronics_audio_generator01_0001/GEO) but MaterialBindingAPI is not applied on the prim
Warning: in BindingsAtPrim at line 671 of D:\__projects\_programming\vcpkg\buildtrees\usd\src\v25.11-c5a1a786cc.clean\pxr\usd\usdShade\materialBindingAPI.cpp -- Found material bindings on prim at path (/root/thelab01/workbench_grp/electronics_audio_generator01_0001/GEO) but MaterialBindingAPI is not applied on the prim
Warning: in BindingsAtPrim at line 671 of D:\__projects\_programming\vcpkg\buildtrees\usd\src\v25.11-c5a1a786cc.clean\pxr\usd\usdShade\materialBindingAPI.cpp -- Found material bindings on prim at path (/root/thelab01/workbench_grp/electronics_audio_generator01_0001/GEO) but MaterialBindingAPI is not applied on the prim
Warning: in BindingsAtPrim at line 671 of D:\__projects\_programming\vcpkg\buildtrees\usd\src\v25.11-c5a1a786cc.clean\pxr\usd\usdShade\materialBindingAPI.cpp -- Found material bindings on prim at path (/root/thelab01/workbench_grp/electronics_audio_generator01_0001/GEO) but MaterialBindingAPI is not applied on the prim
Warning: in BindingsAtPrim at line 671 of D:\__projects\_programming\vcpkg\buildtrees\usd\src\v25.11-c5a1a786cc.clean\pxr\usd\usdShade\materialBindingAPI.cpp -- Found material bindings on prim at path (/root/thelab01/workbench_grp/electronics_audio_generator01_0001/GEO) but MaterialBindingAPI is not applied on the prim
Warning: in BindingsAtPrim at line 671 of D:\__projects\_programming\vcpkg\buildtrees\usd\src\v25.11-c5a1a786cc.clean\pxr\usd\usdShade\materialBindingAPI.cpp -- Found material bindings on prim at path (/root/thelab01/workbench_grp/electronics_audio_generator01_0001/GEO) but MaterialBindingAPI is not applied on the prim
Warning: in BindingsAtPrim at line 671 of D:\__projects\_programming\vcpkg\buildtrees\usd\src\v25.11-c5a1a786cc.clean\pxr\usd\usdShade\materialBindingAPI.cpp -- Found material bindings on prim at path (/root/thelab01/workbench_grp/electronics_audio_generator01_0001/GEO) but MaterialBindingAPI is not applied on the prim
Warning: in BindingsAtPrim at line 671 of D:\__projects\_programming\vcpkg\buildtrees\usd\src\v25.11-c5a1a786cc.clean\pxr\usd\usdShade\materialBindingAPI.cpp -- Found material bindings on prim at path (/root/thelab01/workbench_grp/electronics_audio_generator01_0001/GEO) but MaterialBindingAPI is not applied on the prim
Warning: in BindingsAtPrim at line 671 of D:\__projects\_programming\vcpkg\buildtrees\usd\src\v25.11-c5a1a786cc.clean\pxr\usd\usdShade\materialBindingAPI.cpp -- Found material bindings on prim at path (/root/thelab01/workbench_grp/electronics_tesla_coil01_0001/GEO) but MaterialBindingAPI is not applied on the prim
Warning: in BindingsAtPrim at line 671 of D:\__projects\_programming\vcpkg\buildtrees\usd\src\v25.11-c5a1a786cc.clean\pxr\usd\usdShade\materialBindingAPI.cpp -- Found material bindings on prim at path (/root/thelab01/workbench_grp/electronics_tesla_coil01_0001/GEO) but MaterialBindingAPI is not applied on the prim
Warning: in BindingsAtPrim at line 671 of D:\__projects\_programming\vcpkg\buildtrees\usd\src\v25.11-c5a1a786cc.clean\pxr\usd\usdShade\materialBindingAPI.cpp -- Found material bindings on prim at path (/root/thelab01/workbench_grp/electronics_tesla_coil01_0001/GEO) but MaterialBindingAPI is not applied on the prim
Warning: in BindingsAtPrim at line 671 of D:\__projects\_programming\vcpkg\buildtrees\usd\src\v25.11-c5a1a786cc.clean\pxr\usd\usdShade\materialBindingAPI.cpp -- Found material bindings on prim at path (/root/thelab01/workbench_grp/electronics_tesla_coil01_0001/GEO) but MaterialBindingAPI is not applied on the prim
Warning: in BindingsAtPrim at line 671 of D:\__projects\_programming\vcpkg\buildtrees\usd\src\v25.11-c5a1a786cc.clean\pxr\usd\usdShade\materialBindingAPI.cpp -- Found material bindings on prim at path (/root/thelab01/workbench_grp/electronics_tesla_coil01_0001/GEO) but MaterialBindingAPI is not applied on the prim
Warning: in BindingsAtPrim at line 671 of D:\__projects\_programming\vcpkg\buildtrees\usd\src\v25.11-c5a1a786cc.clean\pxr\usd\usdShade\materialBindingAPI.cpp -- Found material bindings on prim at path (/root/thelab01/workbench_grp/electronics_tesla_coil01_0001/GEO) but MaterialBindingAPI is not applied on the prim
Warning: in BindingsAtPrim at line 671 of D:\__projects\_programming\vcpkg\buildtrees\usd\src\v25.11-c5a1a786cc.clean\pxr\usd\usdShade\materialBindingAPI.cpp -- Found material bindings on prim at path (/root/thelab01/workbench_grp/electronics_tesla_coil01_0001/GEO) but MaterialBindingAPI is not applied on the prim
Warning: in BindingsAtPrim at line 671 of D:\__projects\_programming\vcpkg\buildtrees\usd\src\v25.11-c5a1a786cc.clean\pxr\usd\usdShade\materialBindingAPI.cpp -- Found material bindings on prim at path (/root/thelab01/workbench_grp/electronics_tesla_coil01_0001/GEO) but MaterialBindingAPI is not applied on the prim
Warning: in BindingsAtPrim at line 671 of D:\__projects\_programming\vcpkg\buildtrees\usd\src\v25.11-c5a1a786cc.clean\pxr\usd\usdShade\materialBindingAPI.cpp -- Found material bindings on prim at path (/root/thelab01/workbench_grp/electronics_tesla_coil01_0001/GEO) but MaterialBindingAPI is not applied on the prim
Warning: in BindingsAtPrim at line 671 of D:\__projects\_programming\vcpkg\buildtrees\usd\src\v25.11-c5a1a786cc.clean\pxr\usd\usdShade\materialBindingAPI.cpp -- Found material bindings on prim at path (/root/thelab01/workbench_grp/electronics_tesla_coil01_0001/GEO) but MaterialBindingAPI is not applied on the prim
Warning: in BindingsAtPrim at line 671 of D:\__projects\_programming\vcpkg\buildtrees\usd\src\v25.11-c5a1a786cc.clean\pxr\usd\usdShade\materialBindingAPI.cpp -- Found material bindings on prim at path (/root/thelab01/workbench_grp/electronics_tesla_coil01_0001/GEO) but MaterialBindingAPI is not applied on the prim
Warning: in BindingsAtPrim at line 671 of D:\__projects\_programming\vcpkg\buildtrees\usd\src\v25.11-c5a1a786cc.clean\pxr\usd\usdShade\materialBindingAPI.cpp -- Found material bindings on prim at path (/root/thelab01/workbench_grp/electronics_tesla_coil01_0001/GEO) but MaterialBindingAPI is not applied on the prim
Warning: in BindingsAtPrim at line 671 of D:\__projects\_programming\vcpkg\buildtrees\usd\src\v25.11-c5a1a786cc.clean\pxr\usd\usdShade\materialBindingAPI.cpp -- Found material bindings on prim at path (/root/thelab01/workbench_grp/electronics_tesla_coil01_0001/GEO) but MaterialBindingAPI is not applied on the prim
Warning: in BindingsAtPrim at line 671 of D:\__projects\_programming\vcpkg\buildtrees\usd\src\v25.11-c5a1a786cc.clean\pxr\usd\usdShade\materialBindingAPI.cpp -- Found material bindings on prim at path (/root/thelab01/workbench_grp/electronics_tesla_coil01_0001/GEO) but MaterialBindingAPI is not applied on the prim
Warning: in BindingsAtPrim at line 671 of D:\__projects\_programming\vcpkg\buildtrees\usd\src\v25.11-c5a1a786cc.clean\pxr\usd\usdShade\materialBindingAPI.cpp -- Found material bindings on prim at path (/root/thelab01/workbench_grp/electronics_tesla_coil01_0001/GEO) but MaterialBindingAPI is not applied on the prim
Warning: in BindingsAtPrim at line 671 of D:\__projects\_programming\vcpkg\buildtrees\usd\src\v25.11-c5a1a786cc.clean\pxr\usd\usdShade\materialBindingAPI.cpp -- Found material bindings on prim at path (/root/thelab01/workbench_grp/electronics_tesla_coil01_0001/GEO) but MaterialBindingAPI is not applied on the prim
Warning: in BindingsAtPrim at line 671 of D:\__projects\_programming\vcpkg\buildtrees\usd\src\v25.11-c5a1a786cc.clean\pxr\usd\usdShade\materialBindingAPI.cpp -- Found material bindings on prim at path (/root/thelab01/workbench_grp/electronics_tesla_coil01_0001/GEO) but MaterialBindingAPI is not applied on the prim
Warning: in BindingsAtPrim at line 671 of D:\__projects\_programming\vcpkg\buildtrees\usd\src\v25.11-c5a1a786cc.clean\pxr\usd\usdShade\materialBindingAPI.cpp -- Found material bindings on prim at path (/root/thelab01/workbench_grp/electronics_tesla_coil01_0001/GEO) but MaterialBindingAPI is not applied on the prim
Warning: in BindingsAtPrim at line 671 of D:\__projects\_programming\vcpkg\buildtrees\usd\src\v25.11-c5a1a786cc.clean\pxr\usd\usdShade\materialBindingAPI.cpp -- Found material bindings on prim at path (/root/thelab01/workbench_grp/electronics_tesla_coil01_0001/GEO) but MaterialBindingAPI is not applied on the prim
Warning: in BindingsAtPrim at line 671 of D:\__projects\_programming\vcpkg\buildtrees\usd\src\v25.11-c5a1a786cc.clean\pxr\usd\usdShade\materialBindingAPI.cpp -- Found material bindings on prim at path (/root/thelab01/workbench_grp/electronics_tesla_coil01_0001/GEO) but MaterialBindingAPI is not applied on the prim
Warning: in BindingsAtPrim at line 671 of D:\__projects\_programming\vcpkg\buildtrees\usd\src\v25.11-c5a1a786cc.clean\pxr\usd\usdShade\materialBindingAPI.cpp -- Found material bindings on prim at path (/root/thelab01/workbench_grp/electronics_tesla_coil01_0001/GEO) but MaterialBindingAPI is not applied on the prim
Warning: in BindingsAtPrim at line 671 of D:\__projects\_programming\vcpkg\buildtrees\usd\src\v25.11-c5a1a786cc.clean\pxr\usd\usdShade\materialBindingAPI.cpp -- Found material bindings on prim at path (/root/thelab01/workbench_grp/electronics_tesla_coil01_0001/GEO) but MaterialBindingAPI is not applied on the prim
Warning: in BindingsAtPrim at line 671 of D:\__projects\_programming\vcpkg\buildtrees\usd\src\v25.11-c5a1a786cc.clean\pxr\usd\usdShade\materialBindingAPI.cpp -- Found material bindings on prim at path (/root/thelab01/workbench_grp/electronics_tesla_coil01_0001/GEO) but MaterialBindingAPI is not applied on the prim
Warning: in BindingsAtPrim at line 671 of D:\__projects\_programming\vcpkg\buildtrees\usd\src\v25.11-c5a1a786cc.clean\pxr\usd\usdShade\materialBindingAPI.cpp -- Found material bindings on prim at path (/root/thelab01/workbench_grp/electronics_tesla_coil01_0001/GEO) but MaterialBindingAPI is not applied on the prim
Warning: in BindingsAtPrim at line 671 of D:\__projects\_programming\vcpkg\buildtrees\usd\src\v25.11-c5a1a786cc.clean\pxr\usd\usdShade\materialBindingAPI.cpp -- Found material bindings on prim at path (/root/thelab01/workbench_grp/electronics_turntable01_0001/GEO) but MaterialBindingAPI is not applied on the prim
Warning: in BindingsAtPrim at line 671 of D:\__projects\_programming\vcpkg\buildtrees\usd\src\v25.11-c5a1a786cc.clean\pxr\usd\usdShade\materialBindingAPI.cpp -- Found material bindings on prim at path (/root/thelab01/workbench_grp/electronics_turntable01_0001/GEO) but MaterialBindingAPI is not applied on the prim
Warning: in BindingsAtPrim at line 671 of D:\__projects\_programming\vcpkg\buildtrees\usd\src\v25.11-c5a1a786cc.clean\pxr\usd\usdShade\materialBindingAPI.cpp -- Found material bindings on prim at path (/root/thelab01/workbench_grp/electronics_turntable01_0001/GEO) but MaterialBindingAPI is not applied on the prim
Warning: in BindingsAtPrim at line 671 of D:\__projects\_programming\vcpkg\buildtrees\usd\src\v25.11-c5a1a786cc.clean\pxr\usd\usdShade\materialBindingAPI.cpp -- Found material bindings on prim at path (/root/thelab01/workbench_grp/electronics_turntable01_0001/GEO) but MaterialBindingAPI is not applied on the prim
Warning: in BindingsAtPrim at line 671 of D:\__projects\_programming\vcpkg\buildtrees\usd\src\v25.11-c5a1a786cc.clean\pxr\usd\usdShade\materialBindingAPI.cpp -- Found material bindings on prim at path (/root/thelab01/workbench_grp/electronics_turntable01_0001/GEO) but MaterialBindingAPI is not applied on the prim
Warning: in BindingsAtPrim at line 671 of D:\__projects\_programming\vcpkg\buildtrees\usd\src\v25.11-c5a1a786cc.clean\pxr\usd\usdShade\materialBindingAPI.cpp -- Found material bindings on prim at path (/root/thelab01/workbench_grp/electronics_turntable01_0001/GEO) but MaterialBindingAPI is not applied on the prim
Warning: in BindingsAtPrim at line 671 of D:\__projects\_programming\vcpkg\buildtrees\usd\src\v25.11-c5a1a786cc.clean\pxr\usd\usdShade\materialBindingAPI.cpp -- Found material bindings on prim at path (/root/thelab01/workbench_grp/electronics_turntable01_0001/GEO) but MaterialBindingAPI is not applied on the prim
Warning: in BindingsAtPrim at line 671 of D:\__projects\_programming\vcpkg\buildtrees\usd\src\v25.11-c5a1a786cc.clean\pxr\usd\usdShade\materialBindingAPI.cpp -- Found material bindings on prim at path (/root/thelab01/workbench_grp/electronics_turntable01_0001/GEO) but MaterialBindingAPI is not applied on the prim
Warning: in BindingsAtPrim at line 671 of D:\__projects\_programming\vcpkg\buildtrees\usd\src\v25.11-c5a1a786cc.clean\pxr\usd\usdShade\materialBindingAPI.cpp -- Found material bindings on prim at path (/root/thelab01/workbench_grp/electronics_turntable01_0001/GEO) but MaterialBindingAPI is not applied on the prim
Warning: in BindingsAtPrim at line 671 of D:\__projects\_programming\vcpkg\buildtrees\usd\src\v25.11-c5a1a786cc.clean\pxr\usd\usdShade\materialBindingAPI.cpp -- Found material bindings on prim at path (/root/thelab01/workbench_grp/electronics_turntable01_0001/GEO) but MaterialBindingAPI is not applied on the prim
Warning: in BindingsAtPrim at line 671 of D:\__projects\_programming\vcpkg\buildtrees\usd\src\v25.11-c5a1a786cc.clean\pxr\usd\usdShade\materialBindingAPI.cpp -- Found material bindings on prim at path (/root/thelab01/workbench_grp/electronics_turntable01_0001/GEO) but MaterialBindingAPI is not applied on the prim
Warning: in BindingsAtPrim at line 671 of D:\__projects\_programming\vcpkg\buildtrees\usd\src\v25.11-c5a1a786cc.clean\pxr\usd\usdShade\materialBindingAPI.cpp -- Found material bindings on prim at path (/root/thelab01/workbench_grp/electronics_turntable01_0001/GEO) but MaterialBindingAPI is not applied on the prim
Warning: in BindingsAtPrim at line 671 of D:\__projects\_programming\vcpkg\buildtrees\usd\src\v25.11-c5a1a786cc.clean\pxr\usd\usdShade\materialBindingAPI.cpp -- Found material bindings on prim at path (/root/thelab01/workbench_grp/electronics_turntable01_0001/GEO) but MaterialBindingAPI is not applied on the prim
Warning: in BindingsAtPrim at line 671 of D:\__projects\_programming\vcpkg\buildtrees\usd\src\v25.11-c5a1a786cc.clean\pxr\usd\usdShade\materialBindingAPI.cpp -- Found material bindings on prim at path (/root/thelab01/workbench_grp/electronics_turntable01_0001/GEO) but MaterialBindingAPI is not applied on the prim
Warning: in BindingsAtPrim at line 671 of D:\__projects\_programming\vcpkg\buildtrees\usd\src\v25.11-c5a1a786cc.clean\pxr\usd\usdShade\materialBindingAPI.cpp -- Found material bindings on prim at path (/root/thelab01/workbench_grp/electronics_turntable01_0001/GEO) but MaterialBindingAPI is not applied on the prim
Warning: in BindingsAtPrim at line 671 of D:\__projects\_programming\vcpkg\buildtrees\usd\src\v25.11-c5a1a786cc.clean\pxr\usd\usdShade\materialBindingAPI.cpp -- Found material bindings on prim at path (/root/thelab01/workbench_grp/electronics_turntable01_0001/GEO) but MaterialBindingAPI is not applied on the prim
Warning: in BindingsAtPrim at line 671 of D:\__projects\_programming\vcpkg\buildtrees\usd\src\v25.11-c5a1a786cc.clean\pxr\usd\usdShade\materialBindingAPI.cpp -- Found material bindings on prim at path (/root/thelab01/workbench_grp/electronics_turntable01_0001/GEO) but MaterialBindingAPI is not applied on the prim
Warning: in BindingsAtPrim at line 671 of D:\__projects\_programming\vcpkg\buildtrees\usd\src\v25.11-c5a1a786cc.clean\pxr\usd\usdShade\materialBindingAPI.cpp -- Found material bindings on prim at path (/root/thelab01/workbench_grp/electronics_turntable01_0001/GEO) but MaterialBindingAPI is not applied on the prim
Warning: in BindingsAtPrim at line 671 of D:\__projects\_programming\vcpkg\buildtrees\usd\src\v25.11-c5a1a786cc.clean\pxr\usd\usdShade\materialBindingAPI.cpp -- Found material bindings on prim at path (/root/thelab01/workbench_grp/electronics_wire_spool01_0001/GEO) but MaterialBindingAPI is not applied on the prim
Warning: in BindingsAtPrim at line 671 of D:\__projects\_programming\vcpkg\buildtrees\usd\src\v25.11-c5a1a786cc.clean\pxr\usd\usdShade\materialBindingAPI.cpp -- Found material bindings on prim at path (/root/thelab01/workbench_grp/electronics_wire_spool01_0001/GEO) but MaterialBindingAPI is not applied on the prim
Warning: in BindingsAtPrim at line 671 of D:\__projects\_programming\vcpkg\buildtrees\usd\src\v25.11-c5a1a786cc.clean\pxr\usd\usdShade\materialBindingAPI.cpp -- Found material bindings on prim at path (/root/thelab01/workbench_grp/electronics_wire_spool01_0001/GEO) but MaterialBindingAPI is not applied on the prim
Warning: in BindingsAtPrim at line 671 of D:\__projects\_programming\vcpkg\buildtrees\usd\src\v25.11-c5a1a786cc.clean\pxr\usd\usdShade\materialBindingAPI.cpp -- Found material bindings on prim at path (/root/thelab01/workbench_grp/furniture_blackboard01_0001/GEO) but MaterialBindingAPI is not applied on the prim
Warning: in BindingsAtPrim at line 671 of D:\__projects\_programming\vcpkg\buildtrees\usd\src\v25.11-c5a1a786cc.clean\pxr\usd\usdShade\materialBindingAPI.cpp -- Found material bindings on prim at path (/root/thelab01/workbench_grp/furniture_blackboard01_0001/GEO) but MaterialBindingAPI is not applied on the prim
Warning: in BindingsAtPrim at line 671 of D:\__projects\_programming\vcpkg\buildtrees\usd\src\v25.11-c5a1a786cc.clean\pxr\usd\usdShade\materialBindingAPI.cpp -- Found material bindings on prim at path (/root/thelab01/workbench_grp/furniture_blackboard01_0001/GEO) but MaterialBindingAPI is not applied on the prim
Warning: in BindingsAtPrim at line 671 of D:\__projects\_programming\vcpkg\buildtrees\usd\src\v25.11-c5a1a786cc.clean\pxr\usd\usdShade\materialBindingAPI.cpp -- Found material bindings on prim at path (/root/thelab01/workbench_grp/furniture_blackboard01_0001/GEO) but MaterialBindingAPI is not applied on the prim
Warning: in BindingsAtPrim at line 671 of D:\__projects\_programming\vcpkg\buildtrees\usd\src\v25.11-c5a1a786cc.clean\pxr\usd\usdShade\materialBindingAPI.cpp -- Found material bindings on prim at path (/root/thelab01/workbench_grp/furniture_shelving01_0001/GEO) but MaterialBindingAPI is not applied on the prim
Warning: in BindingsAtPrim at line 671 of D:\__projects\_programming\vcpkg\buildtrees\usd\src\v25.11-c5a1a786cc.clean\pxr\usd\usdShade\materialBindingAPI.cpp -- Found material bindings on prim at path (/root/thelab01/workbench_grp/furniture_shelving01_0001/GEO) but MaterialBindingAPI is not applied on the prim
Warning: in BindingsAtPrim at line 671 of D:\__projects\_programming\vcpkg\buildtrees\usd\src\v25.11-c5a1a786cc.clean\pxr\usd\usdShade\materialBindingAPI.cpp -- Found material bindings on prim at path (/root/thelab01/workbench_grp/furniture_shelving01_0001/GEO) but MaterialBindingAPI is not applied on the prim
Warning: in BindingsAtPrim at line 671 of D:\__projects\_programming\vcpkg\buildtrees\usd\src\v25.11-c5a1a786cc.clean\pxr\usd\usdShade\materialBindingAPI.cpp -- Found material bindings on prim at path (/root/thelab01/workbench_grp/stationary_crayon_box01_0001/GEO) but MaterialBindingAPI is not applied on the prim
Warning: in BindingsAtPrim at line 671 of D:\__projects\_programming\vcpkg\buildtrees\usd\src\v25.11-c5a1a786cc.clean\pxr\usd\usdShade\materialBindingAPI.cpp -- Found material bindings on prim at path (/root/thelab01/workbench_grp/stationary_notepad01_0001/GEO) but MaterialBindingAPI is not applied on the prim
Warning: in BindingsAtPrim at line 671 of D:\__projects\_programming\vcpkg\buildtrees\usd\src\v25.11-c5a1a786cc.clean\pxr\usd\usdShade\materialBindingAPI.cpp -- Found material bindings on prim at path (/root/thelab01/workbench_grp/stationary_notepad01_0001/GEO) but MaterialBindingAPI is not applied on the prim
Warning: in BindingsAtPrim at line 671 of D:\__projects\_programming\vcpkg\buildtrees\usd\src\v25.11-c5a1a786cc.clean\pxr\usd\usdShade\materialBindingAPI.cpp -- Found material bindings on prim at path (/root/thelab01/workbench_grp/stationary_notepad01_0001/GEO) but MaterialBindingAPI is not applied on the prim
Warning: in BindingsAtPrim at line 671 of D:\__projects\_programming\vcpkg\buildtrees\usd\src\v25.11-c5a1a786cc.clean\pxr\usd\usdShade\materialBindingAPI.cpp -- Found material bindings on prim at path (/root/thelab01/workbench_grp/stationary_notepad01_0001/GEO) but MaterialBindingAPI is not applied on the prim
Warning: in BindingsAtPrim at line 671 of D:\__projects\_programming\vcpkg\buildtrees\usd\src\v25.11-c5a1a786cc.clean\pxr\usd\usdShade\materialBindingAPI.cpp -- Found material bindings on prim at path (/root/thelab01/workbench_grp/stationary_paper01_0001/GEO) but MaterialBindingAPI is not applied on the prim
Warning: in BindingsAtPrim at line 671 of D:\__projects\_programming\vcpkg\buildtrees\usd\src\v25.11-c5a1a786cc.clean\pxr\usd\usdShade\materialBindingAPI.cpp -- Found material bindings on prim at path (/root/thelab01/workbench_grp/stationary_paper02_0001/GEO) but MaterialBindingAPI is not applied on the prim
Warning: in BindingsAtPrim at line 671 of D:\__projects\_programming\vcpkg\buildtrees\usd\src\v25.11-c5a1a786cc.clean\pxr\usd\usdShade\materialBindingAPI.cpp -- Found material bindings on prim at path (/root/thelab01/workbench_grp/stationary_protractor_box01_0001/GEO) but MaterialBindingAPI is not applied on the prim
Warning: in BindingsAtPrim at line 671 of D:\__projects\_programming\vcpkg\buildtrees\usd\src\v25.11-c5a1a786cc.clean\pxr\usd\usdShade\materialBindingAPI.cpp -- Found material bindings on prim at path (/root/thelab01/workbench_grp/stationary_protractor_box01_0001/GEO) but MaterialBindingAPI is not applied on the prim
Warning: in BindingsAtPrim at line 671 of D:\__projects\_programming\vcpkg\buildtrees\usd\src\v25.11-c5a1a786cc.clean\pxr\usd\usdShade\materialBindingAPI.cpp -- Found material bindings on prim at path (/root/thelab01/workbench_grp/stationary_set_square01_0001/GEO) but MaterialBindingAPI is not applied on the prim
Warning: in BindingsAtPrim at line 671 of D:\__projects\_programming\vcpkg\buildtrees\usd\src\v25.11-c5a1a786cc.clean\pxr\usd\usdShade\materialBindingAPI.cpp -- Found material bindings on prim at path (/root/thelab01/workbench_grp/stationary_set_square02_0001/GEO) but MaterialBindingAPI is not applied on the prim
Warning: in BindingsAtPrim at line 671 of D:\__projects\_programming\vcpkg\buildtrees\usd\src\v25.11-c5a1a786cc.clean\pxr\usd\usdShade\materialBindingAPI.cpp -- Found material bindings on prim at path (/root/thelab01/workbench_grp/stationary_slide_rule01_0001/GEO) but MaterialBindingAPI is not applied on the prim
Warning: in BindingsAtPrim at line 671 of D:\__projects\_programming\vcpkg\buildtrees\usd\src\v25.11-c5a1a786cc.clean\pxr\usd\usdShade\materialBindingAPI.cpp -- Found material bindings on prim at path (/root/thelab01/workbench_grp/stationary_slide_rule01_0001/GEO) but MaterialBindingAPI is not applied on the prim
Warning: in BindingsAtPrim at line 671 of D:\__projects\_programming\vcpkg\buildtrees\usd\src\v25.11-c5a1a786cc.clean\pxr\usd\usdShade\materialBindingAPI.cpp -- Found material bindings on prim at path (/root/thelab01/workbench_grp/stationary_slide_rule01_0001/GEO) but MaterialBindingAPI is not applied on the prim
Warning: in BindingsAtPrim at line 671 of D:\__projects\_programming\vcpkg\buildtrees\usd\src\v25.11-c5a1a786cc.clean\pxr\usd\usdShade\materialBindingAPI.cpp -- Found material bindings on prim at path (/root/thelab01/workbench_grp/stationary_slide_rule01_0001/GEO) but MaterialBindingAPI is not applied on the prim
Warning: in BindingsAtPrim at line 671 of D:\__projects\_programming\vcpkg\buildtrees\usd\src\v25.11-c5a1a786cc.clean\pxr\usd\usdShade\materialBindingAPI.cpp -- Found material bindings on prim at path (/root/thelab01/workbench_grp/toy_box01_0001/GEO) but MaterialBindingAPI is not applied on the prim
Warning: in BindingsAtPrim at line 671 of D:\__projects\_programming\vcpkg\buildtrees\usd\src\v25.11-c5a1a786cc.clean\pxr\usd\usdShade\materialBindingAPI.cpp -- Found material bindings on prim at path (/root/thelab01/workbench_grp/toy_box02_0001/GEO) but MaterialBindingAPI is not applied on the prim
Warning: in BindingsAtPrim at line 671 of D:\__projects\_programming\vcpkg\buildtrees\usd\src\v25.11-c5a1a786cc.clean\pxr\usd\usdShade\materialBindingAPI.cpp -- Found material bindings on prim at path (/root/thelab01/workbench_grp/toy_box02_0001/GEO) but MaterialBindingAPI is not applied on the prim
Warning: in BindingsAtPrim at line 671 of D:\__projects\_programming\vcpkg\buildtrees\usd\src\v25.11-c5a1a786cc.clean\pxr\usd\usdShade\materialBindingAPI.cpp -- Found material bindings on prim at path (/root/thelab01/workbench_grp/toy_box04_0001/GEO) but MaterialBindingAPI is not applied on the prim
Warning: in BindingsAtPrim at line 671 of D:\__projects\_programming\vcpkg\buildtrees\usd\src\v25.11-c5a1a786cc.clean\pxr\usd\usdShade\materialBindingAPI.cpp -- Found material bindings on prim at path (/root/thelab01/workbench_grp/furniture_shelving01_0002/GEO) but MaterialBindingAPI is not applied on the prim
Warning: in BindingsAtPrim at line 671 of D:\__projects\_programming\vcpkg\buildtrees\usd\src\v25.11-c5a1a786cc.clean\pxr\usd\usdShade\materialBindingAPI.cpp -- Found material bindings on prim at path (/root/thelab01/workbench_grp/furniture_shelving01_0002/GEO) but MaterialBindingAPI is not applied on the prim
Warning: in BindingsAtPrim at line 671 of D:\__projects\_programming\vcpkg\buildtrees\usd\src\v25.11-c5a1a786cc.clean\pxr\usd\usdShade\materialBindingAPI.cpp -- Found material bindings on prim at path (/root/thelab01/workbench_grp/furniture_shelving01_0002/GEO) but MaterialBindingAPI is not applied on the prim
Warning: in BindingsAtPrim at line 671 of D:\__projects\_programming\vcpkg\buildtrees\usd\src\v25.11-c5a1a786cc.clean\pxr\usd\usdShade\materialBindingAPI.cpp -- Found material bindings on prim at path (/root/thelab01/workbench_grp/furniture_shelving01_0003/GEO) but MaterialBindingAPI is not applied on the prim
Warning: in BindingsAtPrim at line 671 of D:\__projects\_programming\vcpkg\buildtrees\usd\src\v25.11-c5a1a786cc.clean\pxr\usd\usdShade\materialBindingAPI.cpp -- Found material bindings on prim at path (/root/thelab01/workbench_grp/furniture_shelving01_0003/GEO) but MaterialBindingAPI is not applied on the prim
Warning: in BindingsAtPrim at line 671 of D:\__projects\_programming\vcpkg\buildtrees\usd\src\v25.11-c5a1a786cc.clean\pxr\usd\usdShade\materialBindingAPI.cpp -- Found material bindings on prim at path (/root/thelab01/workbench_grp/furniture_shelving01_0003/GEO) but MaterialBindingAPI is not applied on the prim
Warning: in BindingsAtPrim at line 671 of D:\__projects\_programming\vcpkg\buildtrees\usd\src\v25.11-c5a1a786cc.clean\pxr\usd\usdShade\materialBindingAPI.cpp -- Found material bindings on prim at path (/root/thelab01/workbench_grp/furniture_shelving01_0004/GEO) but MaterialBindingAPI is not applied on the prim
Warning: in BindingsAtPrim at line 671 of D:\__projects\_programming\vcpkg\buildtrees\usd\src\v25.11-c5a1a786cc.clean\pxr\usd\usdShade\materialBindingAPI.cpp -- Found material bindings on prim at path (/root/thelab01/workbench_grp/furniture_shelving01_0004/GEO) but MaterialBindingAPI is not applied on the prim
Warning: in BindingsAtPrim at line 671 of D:\__projects\_programming\vcpkg\buildtrees\usd\src\v25.11-c5a1a786cc.clean\pxr\usd\usdShade\materialBindingAPI.cpp -- Found material bindings on prim at path (/root/thelab01/workbench_grp/furniture_shelving01_0004/GEO) but MaterialBindingAPI is not applied on the prim
Warning: in BindingsAtPrim at line 671 of D:\__projects\_programming\vcpkg\buildtrees\usd\src\v25.11-c5a1a786cc.clean\pxr\usd\usdShade\materialBindingAPI.cpp -- Found material bindings on prim at path (/root/thelab01/workbench_grp/chemistry_flask_stand01_0002/GEO) but MaterialBindingAPI is not applied on the prim
Warning: in BindingsAtPrim at line 671 of D:\__projects\_programming\vcpkg\buildtrees\usd\src\v25.11-c5a1a786cc.clean\pxr\usd\usdShade\materialBindingAPI.cpp -- Found material bindings on prim at path (/root/thelab01/workbench_grp/chemistry_flask_stand01_0002/GEO) but MaterialBindingAPI is not applied on the prim
Warning: in BindingsAtPrim at line 671 of D:\__projects\_programming\vcpkg\buildtrees\usd\src\v25.11-c5a1a786cc.clean\pxr\usd\usdShade\materialBindingAPI.cpp -- Found material bindings on prim at path (/root/thelab01/workbench_grp/chemistry_flask_stand01_0002/GEO) but MaterialBindingAPI is not applied on the prim
Warning: in BindingsAtPrim at line 671 of D:\__projects\_programming\vcpkg\buildtrees\usd\src\v25.11-c5a1a786cc.clean\pxr\usd\usdShade\materialBindingAPI.cpp -- Found material bindings on prim at path (/root/thelab01/workbench_grp/chemistry_flask_stand01_0002/GEO) but MaterialBindingAPI is not applied on the prim
Warning: in BindingsAtPrim at line 671 of D:\__projects\_programming\vcpkg\buildtrees\usd\src\v25.11-c5a1a786cc.clean\pxr\usd\usdShade\materialBindingAPI.cpp -- Found material bindings on prim at path (/root/thelab01/workbench_grp/chemistry_flask_stand01_0002/GEO) but MaterialBindingAPI is not applied on the prim
Warning: in BindingsAtPrim at line 671 of D:\__projects\_programming\vcpkg\buildtrees\usd\src\v25.11-c5a1a786cc.clean\pxr\usd\usdShade\materialBindingAPI.cpp -- Found material bindings on prim at path (/root/thelab01/workbench_grp/chemistry_flask_stand01_0002/GEO) but MaterialBindingAPI is not applied on the prim
Warning: in BindingsAtPrim at line 671 of D:\__projects\_programming\vcpkg\buildtrees\usd\src\v25.11-c5a1a786cc.clean\pxr\usd\usdShade\materialBindingAPI.cpp -- Found material bindings on prim at path (/root/thelab01/workbench_grp/chemistry_flask_stand01_0002/GEO) but MaterialBindingAPI is not applied on the prim
Warning: in BindingsAtPrim at line 671 of D:\__projects\_programming\vcpkg\buildtrees\usd\src\v25.11-c5a1a786cc.clean\pxr\usd\usdShade\materialBindingAPI.cpp -- Found material bindings on prim at path (/root/thelab01/workbench_grp/chemistry_flask_stand01_0002/GEO) but MaterialBindingAPI is not applied on the prim
Warning: in BindingsAtPrim at line 671 of D:\__projects\_programming\vcpkg\buildtrees\usd\src\v25.11-c5a1a786cc.clean\pxr\usd\usdShade\materialBindingAPI.cpp -- Found material bindings on prim at path (/root/thelab01/workbench_grp/chemistry_flask_stand01_0002/GEO) but MaterialBindingAPI is not applied on the prim
Warning: in BindingsAtPrim at line 671 of D:\__projects\_programming\vcpkg\buildtrees\usd\src\v25.11-c5a1a786cc.clean\pxr\usd\usdShade\materialBindingAPI.cpp -- Found material bindings on prim at path (/root/thelab01/workbench_grp/chemistry_flask_stand01_0002/GEO) but MaterialBindingAPI is not applied on the prim
Warning: in BindingsAtPrim at line 671 of D:\__projects\_programming\vcpkg\buildtrees\usd\src\v25.11-c5a1a786cc.clean\pxr\usd\usdShade\materialBindingAPI.cpp -- Found material bindings on prim at path (/root/thelab01/workbench_grp/toy_box04_0002/GEO) but MaterialBindingAPI is not applied on the prim
Warning: in BindingsAtPrim at line 671 of D:\__projects\_programming\vcpkg\buildtrees\usd\src\v25.11-c5a1a786cc.clean\pxr\usd\usdShade\materialBindingAPI.cpp -- Found material bindings on prim at path (/root/thelab01/workbench_grp/electronics_audio_generator01_0002/GEO) but MaterialBindingAPI is not applied on the prim
Warning: in BindingsAtPrim at line 671 of D:\__projects\_programming\vcpkg\buildtrees\usd\src\v25.11-c5a1a786cc.clean\pxr\usd\usdShade\materialBindingAPI.cpp -- Found material bindings on prim at path (/root/thelab01/workbench_grp/electronics_audio_generator01_0002/GEO) but MaterialBindingAPI is not applied on the prim
Warning: in BindingsAtPrim at line 671 of D:\__projects\_programming\vcpkg\buildtrees\usd\src\v25.11-c5a1a786cc.clean\pxr\usd\usdShade\materialBindingAPI.cpp -- Found material bindings on prim at path (/root/thelab01/workbench_grp/electronics_audio_generator01_0002/GEO) but MaterialBindingAPI is not applied on the prim
Warning: in BindingsAtPrim at line 671 of D:\__projects\_programming\vcpkg\buildtrees\usd\src\v25.11-c5a1a786cc.clean\pxr\usd\usdShade\materialBindingAPI.cpp -- Found material bindings on prim at path (/root/thelab01/workbench_grp/electronics_audio_generator01_0002/GEO) but MaterialBindingAPI is not applied on the prim
Warning: in BindingsAtPrim at line 671 of D:\__projects\_programming\vcpkg\buildtrees\usd\src\v25.11-c5a1a786cc.clean\pxr\usd\usdShade\materialBindingAPI.cpp -- Found material bindings on prim at path (/root/thelab01/workbench_grp/electronics_audio_generator01_0002/GEO) but MaterialBindingAPI is not applied on the prim
Warning: in BindingsAtPrim at line 671 of D:\__projects\_programming\vcpkg\buildtrees\usd\src\v25.11-c5a1a786cc.clean\pxr\usd\usdShade\materialBindingAPI.cpp -- Found material bindings on prim at path (/root/thelab01/workbench_grp/electronics_audio_generator01_0002/GEO) but MaterialBindingAPI is not applied on the prim
Warning: in BindingsAtPrim at line 671 of D:\__projects\_programming\vcpkg\buildtrees\usd\src\v25.11-c5a1a786cc.clean\pxr\usd\usdShade\materialBindingAPI.cpp -- Found material bindings on prim at path (/root/thelab01/workbench_grp/electronics_audio_generator01_0002/GEO) but MaterialBindingAPI is not applied on the prim
Warning: in BindingsAtPrim at line 671 of D:\__projects\_programming\vcpkg\buildtrees\usd\src\v25.11-c5a1a786cc.clean\pxr\usd\usdShade\materialBindingAPI.cpp -- Found material bindings on prim at path (/root/thelab01/workbench_grp/electronics_audio_generator01_0002/GEO) but MaterialBindingAPI is not applied on the prim
Warning: in BindingsAtPrim at line 671 of D:\__projects\_programming\vcpkg\buildtrees\usd\src\v25.11-c5a1a786cc.clean\pxr\usd\usdShade\materialBindingAPI.cpp -- Found material bindings on prim at path (/root/thelab01/workbench_grp/electronics_audio_generator01_0002/GEO) but MaterialBindingAPI is not applied on the prim
Warning: in BindingsAtPrim at line 671 of D:\__projects\_programming\vcpkg\buildtrees\usd\src\v25.11-c5a1a786cc.clean\pxr\usd\usdShade\materialBindingAPI.cpp -- Found material bindings on prim at path (/root/thelab01/workbench_grp/electronics_audio_generator01_0002/GEO) but MaterialBindingAPI is not applied on the prim
Warning: in BindingsAtPrim at line 671 of D:\__projects\_programming\vcpkg\buildtrees\usd\src\v25.11-c5a1a786cc.clean\pxr\usd\usdShade\materialBindingAPI.cpp -- Found material bindings on prim at path (/root/thelab01/workbench_grp/electronics_audio_generator01_0002/GEO) but MaterialBindingAPI is not applied on the prim
Warning: in BindingsAtPrim at line 671 of D:\__projects\_programming\vcpkg\buildtrees\usd\src\v25.11-c5a1a786cc.clean\pxr\usd\usdShade\materialBindingAPI.cpp -- Found material bindings on prim at path (/root/thelab01/workbench_grp/electronics_audio_generator01_0002/GEO) but MaterialBindingAPI is not applied on the prim
Warning: in BindingsAtPrim at line 671 of D:\__projects\_programming\vcpkg\buildtrees\usd\src\v25.11-c5a1a786cc.clean\pxr\usd\usdShade\materialBindingAPI.cpp -- Found material bindings on prim at path (/root/thelab01/workbench_grp/electronics_audio_generator01_0002/GEO) but MaterialBindingAPI is not applied on the prim
Warning: in BindingsAtPrim at line 671 of D:\__projects\_programming\vcpkg\buildtrees\usd\src\v25.11-c5a1a786cc.clean\pxr\usd\usdShade\materialBindingAPI.cpp -- Found material bindings on prim at path (/root/thelab01/workbench_grp/electronics_audio_generator01_0002/GEO) but MaterialBindingAPI is not applied on the prim
Warning: in BindingsAtPrim at line 671 of D:\__projects\_programming\vcpkg\buildtrees\usd\src\v25.11-c5a1a786cc.clean\pxr\usd\usdShade\materialBindingAPI.cpp -- Found material bindings on prim at path (/root/thelab01/workbench_grp/electronics_audio_generator01_0002/GEO) but MaterialBindingAPI is not applied on the prim
Warning: in BindingsAtPrim at line 671 of D:\__projects\_programming\vcpkg\buildtrees\usd\src\v25.11-c5a1a786cc.clean\pxr\usd\usdShade\materialBindingAPI.cpp -- Found material bindings on prim at path (/root/thelab01/workbench_grp/electronics_audio_generator01_0002/GEO) but MaterialBindingAPI is not applied on the prim
Warning: in BindingsAtPrim at line 671 of D:\__projects\_programming\vcpkg\buildtrees\usd\src\v25.11-c5a1a786cc.clean\pxr\usd\usdShade\materialBindingAPI.cpp -- Found material bindings on prim at path (/root/thelab01/workbench_grp/electronics_audio_generator01_0002/GEO) but MaterialBindingAPI is not applied on the prim
Warning: in BindingsAtPrim at line 671 of D:\__projects\_programming\vcpkg\buildtrees\usd\src\v25.11-c5a1a786cc.clean\pxr\usd\usdShade\materialBindingAPI.cpp -- Found material bindings on prim at path (/root/thelab01/workbench_grp/electronics_audio_generator01_0002/GEO) but MaterialBindingAPI is not applied on the prim
Warning: in BindingsAtPrim at line 671 of D:\__projects\_programming\vcpkg\buildtrees\usd\src\v25.11-c5a1a786cc.clean\pxr\usd\usdShade\materialBindingAPI.cpp -- Found material bindings on prim at path (/root/thelab01/workbench_grp/electronics_audio_generator01_0002/GEO) but MaterialBindingAPI is not applied on the prim
Warning: in BindingsAtPrim at line 671 of D:\__projects\_programming\vcpkg\buildtrees\usd\src\v25.11-c5a1a786cc.clean\pxr\usd\usdShade\materialBindingAPI.cpp -- Found material bindings on prim at path (/root/thelab01/workbench_grp/electronics_audio_generator01_0002/GEO) but MaterialBindingAPI is not applied on the prim
Warning: in BindingsAtPrim at line 671 of D:\__projects\_programming\vcpkg\buildtrees\usd\src\v25.11-c5a1a786cc.clean\pxr\usd\usdShade\materialBindingAPI.cpp -- Found material bindings on prim at path (/root/thelab01/workbench_grp/electronics_audio_generator01_0002/GEO) but MaterialBindingAPI is not applied on the prim
Warning: in BindingsAtPrim at line 671 of D:\__projects\_programming\vcpkg\buildtrees\usd\src\v25.11-c5a1a786cc.clean\pxr\usd\usdShade\materialBindingAPI.cpp -- Found material bindings on prim at path (/root/thelab01/workbench_grp/electronics_audio_generator01_0002/GEO) but MaterialBindingAPI is not applied on the prim
Warning: in BindingsAtPrim at line 671 of D:\__projects\_programming\vcpkg\buildtrees\usd\src\v25.11-c5a1a786cc.clean\pxr\usd\usdShade\materialBindingAPI.cpp -- Found material bindings on prim at path (/root/thelab01/workbench_grp/electronics_audio_generator01_0002/GEO) but MaterialBindingAPI is not applied on the prim
Warning: in BindingsAtPrim at line 671 of D:\__projects\_programming\vcpkg\buildtrees\usd\src\v25.11-c5a1a786cc.clean\pxr\usd\usdShade\materialBindingAPI.cpp -- Found material bindings on prim at path (/root/thelab01/workbench_grp/electronics_oscilloscope01_0002/GEO) but MaterialBindingAPI is not applied on the prim
Warning: in BindingsAtPrim at line 671 of D:\__projects\_programming\vcpkg\buildtrees\usd\src\v25.11-c5a1a786cc.clean\pxr\usd\usdShade\materialBindingAPI.cpp -- Found material bindings on prim at path (/root/thelab01/workbench_grp/electronics_oscilloscope01_0002/GEO) but MaterialBindingAPI is not applied on the prim
Warning: in BindingsAtPrim at line 671 of D:\__projects\_programming\vcpkg\buildtrees\usd\src\v25.11-c5a1a786cc.clean\pxr\usd\usdShade\materialBindingAPI.cpp -- Found material bindings on prim at path (/root/thelab01/workbench_grp/electronics_oscilloscope01_0002/GEO) but MaterialBindingAPI is not applied on the prim
Warning: in BindingsAtPrim at line 671 of D:\__projects\_programming\vcpkg\buildtrees\usd\src\v25.11-c5a1a786cc.clean\pxr\usd\usdShade\materialBindingAPI.cpp -- Found material bindings on prim at path (/root/thelab01/workbench_grp/electronics_oscilloscope01_0002/GEO) but MaterialBindingAPI is not applied on the prim
Warning: in BindingsAtPrim at line 671 of D:\__projects\_programming\vcpkg\buildtrees\usd\src\v25.11-c5a1a786cc.clean\pxr\usd\usdShade\materialBindingAPI.cpp -- Found material bindings on prim at path (/root/thelab01/workbench_grp/electronics_oscilloscope01_0002/GEO) but MaterialBindingAPI is not applied on the prim
Warning: in BindingsAtPrim at line 671 of D:\__projects\_programming\vcpkg\buildtrees\usd\src\v25.11-c5a1a786cc.clean\pxr\usd\usdShade\materialBindingAPI.cpp -- Found material bindings on prim at path (/root/thelab01/workbench_grp/electronics_oscilloscope01_0002/GEO) but MaterialBindingAPI is not applied on the prim
Warning: in BindingsAtPrim at line 671 of D:\__projects\_programming\vcpkg\buildtrees\usd\src\v25.11-c5a1a786cc.clean\pxr\usd\usdShade\materialBindingAPI.cpp -- Found material bindings on prim at path (/root/thelab01/workbench_grp/electronics_oscilloscope01_0002/GEO) but MaterialBindingAPI is not applied on the prim
Warning: in BindingsAtPrim at line 671 of D:\__projects\_programming\vcpkg\buildtrees\usd\src\v25.11-c5a1a786cc.clean\pxr\usd\usdShade\materialBindingAPI.cpp -- Found material bindings on prim at path (/root/thelab01/workbench_grp/electronics_oscilloscope01_0002/GEO) but MaterialBindingAPI is not applied on the prim
Warning: in BindingsAtPrim at line 671 of D:\__projects\_programming\vcpkg\buildtrees\usd\src\v25.11-c5a1a786cc.clean\pxr\usd\usdShade\materialBindingAPI.cpp -- Found material bindings on prim at path (/root/thelab01/workbench_grp/electronics_oscilloscope01_0002/GEO) but MaterialBindingAPI is not applied on the prim
Warning: in BindingsAtPrim at line 671 of D:\__projects\_programming\vcpkg\buildtrees\usd\src\v25.11-c5a1a786cc.clean\pxr\usd\usdShade\materialBindingAPI.cpp -- Found material bindings on prim at path (/root/thelab01/workbench_grp/electronics_oscilloscope01_0002/GEO) but MaterialBindingAPI is not applied on the prim
Warning: in BindingsAtPrim at line 671 of D:\__projects\_programming\vcpkg\buildtrees\usd\src\v25.11-c5a1a786cc.clean\pxr\usd\usdShade\materialBindingAPI.cpp -- Found material bindings on prim at path (/root/thelab01/workbench_grp/electronics_oscilloscope01_0002/GEO) but MaterialBindingAPI is not applied on the prim
Warning: in BindingsAtPrim at line 671 of D:\__projects\_programming\vcpkg\buildtrees\usd\src\v25.11-c5a1a786cc.clean\pxr\usd\usdShade\materialBindingAPI.cpp -- Found material bindings on prim at path (/root/thelab01/workbench_grp/electronics_oscilloscope01_0002/GEO) but MaterialBindingAPI is not applied on the prim
Warning: in BindingsAtPrim at line 671 of D:\__projects\_programming\vcpkg\buildtrees\usd\src\v25.11-c5a1a786cc.clean\pxr\usd\usdShade\materialBindingAPI.cpp -- Found material bindings on prim at path (/root/thelab01/workbench_grp/electronics_oscilloscope01_0002/GEO) but MaterialBindingAPI is not applied on the prim
Warning: in BindingsAtPrim at line 671 of D:\__projects\_programming\vcpkg\buildtrees\usd\src\v25.11-c5a1a786cc.clean\pxr\usd\usdShade\materialBindingAPI.cpp -- Found material bindings on prim at path (/root/thelab01/workbench_grp/electronics_oscilloscope01_0002/GEO) but MaterialBindingAPI is not applied on the prim
Warning: in BindingsAtPrim at line 671 of D:\__projects\_programming\vcpkg\buildtrees\usd\src\v25.11-c5a1a786cc.clean\pxr\usd\usdShade\materialBindingAPI.cpp -- Found material bindings on prim at path (/root/thelab01/workbench_grp/electronics_oscilloscope01_0002/GEO) but MaterialBindingAPI is not applied on the prim
Warning: in BindingsAtPrim at line 671 of D:\__projects\_programming\vcpkg\buildtrees\usd\src\v25.11-c5a1a786cc.clean\pxr\usd\usdShade\materialBindingAPI.cpp -- Found material bindings on prim at path (/root/thelab01/workbench_grp/electronics_oscilloscope01_0002/GEO) but MaterialBindingAPI is not applied on the prim
Warning: in BindingsAtPrim at line 671 of D:\__projects\_programming\vcpkg\buildtrees\usd\src\v25.11-c5a1a786cc.clean\pxr\usd\usdShade\materialBindingAPI.cpp -- Found material bindings on prim at path (/root/thelab01/workbench_grp/electronics_oscilloscope01_0002/GEO) but MaterialBindingAPI is not applied on the prim
Warning: in BindingsAtPrim at line 671 of D:\__projects\_programming\vcpkg\buildtrees\usd\src\v25.11-c5a1a786cc.clean\pxr\usd\usdShade\materialBindingAPI.cpp -- Found material bindings on prim at path (/root/thelab01/workbench_grp/electronics_oscilloscope01_0002/GEO) but MaterialBindingAPI is not applied on the prim
Warning: in BindingsAtPrim at line 671 of D:\__projects\_programming\vcpkg\buildtrees\usd\src\v25.11-c5a1a786cc.clean\pxr\usd\usdShade\materialBindingAPI.cpp -- Found material bindings on prim at path (/root/thelab01/workbench_grp/electronics_oscilloscope01_0002/GEO) but MaterialBindingAPI is not applied on the prim
Warning: in BindingsAtPrim at line 671 of D:\__projects\_programming\vcpkg\buildtrees\usd\src\v25.11-c5a1a786cc.clean\pxr\usd\usdShade\materialBindingAPI.cpp -- Found material bindings on prim at path (/root/thelab01/workbench_grp/electronics_oscilloscope01_0002/GEO) but MaterialBindingAPI is not applied on the prim
Warning: in BindingsAtPrim at line 671 of D:\__projects\_programming\vcpkg\buildtrees\usd\src\v25.11-c5a1a786cc.clean\pxr\usd\usdShade\materialBindingAPI.cpp -- Found material bindings on prim at path (/root/thelab01/workbench_grp/electronics_oscilloscope01_0002/GEO) but MaterialBindingAPI is not applied on the prim
Warning: in BindingsAtPrim at line 671 of D:\__projects\_programming\vcpkg\buildtrees\usd\src\v25.11-c5a1a786cc.clean\pxr\usd\usdShade\materialBindingAPI.cpp -- Found material bindings on prim at path (/root/thelab01/workbench_grp/electronics_oscilloscope01_0002/GEO) but MaterialBindingAPI is not applied on the prim
Warning: in BindingsAtPrim at line 671 of D:\__projects\_programming\vcpkg\buildtrees\usd\src\v25.11-c5a1a786cc.clean\pxr\usd\usdShade\materialBindingAPI.cpp -- Found material bindings on prim at path (/root/thelab01/workbench_grp/electronics_oscilloscope01_0002/GEO) but MaterialBindingAPI is not applied on the prim
Warning: in BindingsAtPrim at line 671 of D:\__projects\_programming\vcpkg\buildtrees\usd\src\v25.11-c5a1a786cc.clean\pxr\usd\usdShade\materialBindingAPI.cpp -- Found material bindings on prim at path (/root/thelab01/workbench_grp/electronics_oscilloscope01_0002/GEO) but MaterialBindingAPI is not applied on the prim
Warning: in BindingsAtPrim at line 671 of D:\__projects\_programming\vcpkg\buildtrees\usd\src\v25.11-c5a1a786cc.clean\pxr\usd\usdShade\materialBindingAPI.cpp -- Found material bindings on prim at path (/root/thelab01/workbench_grp/electronics_oscilloscope01_0002/GEO) but MaterialBindingAPI is not applied on the prim
Warning: in BindingsAtPrim at line 671 of D:\__projects\_programming\vcpkg\buildtrees\usd\src\v25.11-c5a1a786cc.clean\pxr\usd\usdShade\materialBindingAPI.cpp -- Found material bindings on prim at path (/root/thelab01/workbench_grp/electronics_oscilloscope01_0002/GEO) but MaterialBindingAPI is not applied on the prim
Warning: in BindingsAtPrim at line 671 of D:\__projects\_programming\vcpkg\buildtrees\usd\src\v25.11-c5a1a786cc.clean\pxr\usd\usdShade\materialBindingAPI.cpp -- Found material bindings on prim at path (/root/thelab01/workbench_grp/electronics_oscilloscope01_0002/GEO) but MaterialBindingAPI is not applied on the prim
Warning: in BindingsAtPrim at line 671 of D:\__projects\_programming\vcpkg\buildtrees\usd\src\v25.11-c5a1a786cc.clean\pxr\usd\usdShade\materialBindingAPI.cpp -- Found material bindings on prim at path (/root/thelab01/workbench_grp/electronics_oscilloscope01_0002/GEO) but MaterialBindingAPI is not applied on the prim
Warning: in BindingsAtPrim at line 671 of D:\__projects\_programming\vcpkg\buildtrees\usd\src\v25.11-c5a1a786cc.clean\pxr\usd\usdShade\materialBindingAPI.cpp -- Found material bindings on prim at path (/root/thelab01/workbench_grp/electronics_oscilloscope01_0002/GEO) but MaterialBindingAPI is not applied on the prim
Warning: in BindingsAtPrim at line 671 of D:\__projects\_programming\vcpkg\buildtrees\usd\src\v25.11-c5a1a786cc.clean\pxr\usd\usdShade\materialBindingAPI.cpp -- Found material bindings on prim at path (/root/thelab01/workbench_grp/electronics_oscilloscope01_0002/GEO) but MaterialBindingAPI is not applied on the prim
Warning: in BindingsAtPrim at line 671 of D:\__projects\_programming\vcpkg\buildtrees\usd\src\v25.11-c5a1a786cc.clean\pxr\usd\usdShade\materialBindingAPI.cpp -- Found material bindings on prim at path (/root/thelab01/workbench_grp/toy_box04_0003/GEO) but MaterialBindingAPI is not applied on the prim
Warning: in BindingsAtPrim at line 671 of D:\__projects\_programming\vcpkg\buildtrees\usd\src\v25.11-c5a1a786cc.clean\pxr\usd\usdShade\materialBindingAPI.cpp -- Found material bindings on prim at path (/root/thelab01/workbench_grp/chemistry_beaker_stand01_0002/GEO) but MaterialBindingAPI is not applied on the prim
Warning: in BindingsAtPrim at line 671 of D:\__projects\_programming\vcpkg\buildtrees\usd\src\v25.11-c5a1a786cc.clean\pxr\usd\usdShade\materialBindingAPI.cpp -- Found material bindings on prim at path (/root/thelab01/workbench_grp/chemistry_beaker_stand01_0002/GEO) but MaterialBindingAPI is not applied on the prim
Warning: in BindingsAtPrim at line 671 of D:\__projects\_programming\vcpkg\buildtrees\usd\src\v25.11-c5a1a786cc.clean\pxr\usd\usdShade\materialBindingAPI.cpp -- Found material bindings on prim at path (/root/thelab01/workbench_grp/chemistry_beaker_stand01_0002/GEO) but MaterialBindingAPI is not applied on the prim
Warning: in BindingsAtPrim at line 671 of D:\__projects\_programming\vcpkg\buildtrees\usd\src\v25.11-c5a1a786cc.clean\pxr\usd\usdShade\materialBindingAPI.cpp -- Found material bindings on prim at path (/root/thelab01/workbench_grp/chemistry_beaker_stand01_0002/GEO) but MaterialBindingAPI is not applied on the prim
Warning: in BindingsAtPrim at line 671 of D:\__projects\_programming\vcpkg\buildtrees\usd\src\v25.11-c5a1a786cc.clean\pxr\usd\usdShade\materialBindingAPI.cpp -- Found material bindings on prim at path (/root/thelab01/workbench_grp/chemistry_beaker01_0002/GEO) but MaterialBindingAPI is not applied on the prim
Warning: in BindingsAtPrim at line 671 of D:\__projects\_programming\vcpkg\buildtrees\usd\src\v25.11-c5a1a786cc.clean\pxr\usd\usdShade\materialBindingAPI.cpp -- Found material bindings on prim at path (/root/thelab01/workbench_grp/chemistry_beaker03_0002/GEO) but MaterialBindingAPI is not applied on the prim
Warning: in BindingsAtPrim at line 671 of D:\__projects\_programming\vcpkg\buildtrees\usd\src\v25.11-c5a1a786cc.clean\pxr\usd\usdShade\materialBindingAPI.cpp -- Found material bindings on prim at path (/root/thelab01/workbench_grp/chemistry_beaker03_0003/GEO) but MaterialBindingAPI is not applied on the prim
Warning: in BindingsAtPrim at line 671 of D:\__projects\_programming\vcpkg\buildtrees\usd\src\v25.11-c5a1a786cc.clean\pxr\usd\usdShade\materialBindingAPI.cpp -- Found material bindings on prim at path (/root/thelab01/workbench_grp/chemistry_beaker03_0004/GEO) but MaterialBindingAPI is not applied on the prim
Warning: in BindingsAtPrim at line 671 of D:\__projects\_programming\vcpkg\buildtrees\usd\src\v25.11-c5a1a786cc.clean\pxr\usd\usdShade\materialBindingAPI.cpp -- Found material bindings on prim at path (/root/thelab01/workbench_grp/chemistry_beaker02_0002/GEO) but MaterialBindingAPI is not applied on the prim
Warning: in BindingsAtPrim at line 671 of D:\__projects\_programming\vcpkg\buildtrees\usd\src\v25.11-c5a1a786cc.clean\pxr\usd\usdShade\materialBindingAPI.cpp -- Found material bindings on prim at path (/root/thelab01/workbench_grp/stationary_pencil03_0003/GEO) but MaterialBindingAPI is not applied on the prim
Warning: in BindingsAtPrim at line 671 of D:\__projects\_programming\vcpkg\buildtrees\usd\src\v25.11-c5a1a786cc.clean\pxr\usd\usdShade\materialBindingAPI.cpp -- Found material bindings on prim at path (/root/thelab01/workbench_grp/chemistry_beaker02_0003/GEO) but MaterialBindingAPI is not applied on the prim
Warning: in BindingsAtPrim at line 671 of D:\__projects\_programming\vcpkg\buildtrees\usd\src\v25.11-c5a1a786cc.clean\pxr\usd\usdShade\materialBindingAPI.cpp -- Found material bindings on prim at path (/root/thelab01/workbench_grp/electronics_portable_tv01_0002/GEO) but MaterialBindingAPI is not applied on the prim
Warning: in BindingsAtPrim at line 671 of D:\__projects\_programming\vcpkg\buildtrees\usd\src\v25.11-c5a1a786cc.clean\pxr\usd\usdShade\materialBindingAPI.cpp -- Found material bindings on prim at path (/root/thelab01/workbench_grp/electronics_portable_tv01_0002/GEO) but MaterialBindingAPI is not applied on the prim
Warning: in BindingsAtPrim at line 671 of D:\__projects\_programming\vcpkg\buildtrees\usd\src\v25.11-c5a1a786cc.clean\pxr\usd\usdShade\materialBindingAPI.cpp -- Found material bindings on prim at path (/root/thelab01/workbench_grp/electronics_portable_tv01_0002/GEO) but MaterialBindingAPI is not applied on the prim
Warning: in BindingsAtPrim at line 671 of D:\__projects\_programming\vcpkg\buildtrees\usd\src\v25.11-c5a1a786cc.clean\pxr\usd\usdShade\materialBindingAPI.cpp -- Found material bindings on prim at path (/root/thelab01/workbench_grp/electronics_portable_tv01_0002/GEO) but MaterialBindingAPI is not applied on the prim
Warning: in BindingsAtPrim at line 671 of D:\__projects\_programming\vcpkg\buildtrees\usd\src\v25.11-c5a1a786cc.clean\pxr\usd\usdShade\materialBindingAPI.cpp -- Found material bindings on prim at path (/root/thelab01/workbench_grp/electronics_portable_tv01_0002/GEO) but MaterialBindingAPI is not applied on the prim
Warning: in BindingsAtPrim at line 671 of D:\__projects\_programming\vcpkg\buildtrees\usd\src\v25.11-c5a1a786cc.clean\pxr\usd\usdShade\materialBindingAPI.cpp -- Found material bindings on prim at path (/root/thelab01/workbench_grp/electronics_portable_tv01_0002/GEO) but MaterialBindingAPI is not applied on the prim
Warning: in BindingsAtPrim at line 671 of D:\__projects\_programming\vcpkg\buildtrees\usd\src\v25.11-c5a1a786cc.clean\pxr\usd\usdShade\materialBindingAPI.cpp -- Found material bindings on prim at path (/root/thelab01/workbench_grp/electronics_portable_tv01_0002/GEO) but MaterialBindingAPI is not applied on the prim
Warning: in BindingsAtPrim at line 671 of D:\__projects\_programming\vcpkg\buildtrees\usd\src\v25.11-c5a1a786cc.clean\pxr\usd\usdShade\materialBindingAPI.cpp -- Found material bindings on prim at path (/root/thelab01/workbench_grp/electronics_portable_tv01_0002/GEO) but MaterialBindingAPI is not applied on the prim
Warning: in BindingsAtPrim at line 671 of D:\__projects\_programming\vcpkg\buildtrees\usd\src\v25.11-c5a1a786cc.clean\pxr\usd\usdShade\materialBindingAPI.cpp -- Found material bindings on prim at path (/root/thelab01/workbench_grp/electronics_portable_tv01_0002/GEO) but MaterialBindingAPI is not applied on the prim
Warning: in BindingsAtPrim at line 671 of D:\__projects\_programming\vcpkg\buildtrees\usd\src\v25.11-c5a1a786cc.clean\pxr\usd\usdShade\materialBindingAPI.cpp -- Found material bindings on prim at path (/root/thelab01/workbench_grp/electronics_portable_tv01_0002/GEO) but MaterialBindingAPI is not applied on the prim
Warning: in BindingsAtPrim at line 671 of D:\__projects\_programming\vcpkg\buildtrees\usd\src\v25.11-c5a1a786cc.clean\pxr\usd\usdShade\materialBindingAPI.cpp -- Found material bindings on prim at path (/root/thelab01/workbench_grp/electronics_portable_tv01_0002/GEO) but MaterialBindingAPI is not applied on the prim
Warning: in BindingsAtPrim at line 671 of D:\__projects\_programming\vcpkg\buildtrees\usd\src\v25.11-c5a1a786cc.clean\pxr\usd\usdShade\materialBindingAPI.cpp -- Found material bindings on prim at path (/root/thelab01/workbench_grp/electronics_portable_tv01_0002/GEO) but MaterialBindingAPI is not applied on the prim
Warning: in BindingsAtPrim at line 671 of D:\__projects\_programming\vcpkg\buildtrees\usd\src\v25.11-c5a1a786cc.clean\pxr\usd\usdShade\materialBindingAPI.cpp -- Found material bindings on prim at path (/root/thelab01/workbench_grp/electronics_portable_tv01_0002/GEO) but MaterialBindingAPI is not applied on the prim
Warning: in BindingsAtPrim at line 671 of D:\__projects\_programming\vcpkg\buildtrees\usd\src\v25.11-c5a1a786cc.clean\pxr\usd\usdShade\materialBindingAPI.cpp -- Found material bindings on prim at path (/root/thelab01/workbench_grp/electronics_portable_tv01_0002/GEO) but MaterialBindingAPI is not applied on the prim
Warning: in BindingsAtPrim at line 671 of D:\__projects\_programming\vcpkg\buildtrees\usd\src\v25.11-c5a1a786cc.clean\pxr\usd\usdShade\materialBindingAPI.cpp -- Found material bindings on prim at path (/root/thelab01/workbench_grp/electronics_portable_tv01_0002/GEO) but MaterialBindingAPI is not applied on the prim
Warning: in BindingsAtPrim at line 671 of D:\__projects\_programming\vcpkg\buildtrees\usd\src\v25.11-c5a1a786cc.clean\pxr\usd\usdShade\materialBindingAPI.cpp -- Found material bindings on prim at path (/root/thelab01/workbench_grp/electronics_portable_tv01_0002/GEO) but MaterialBindingAPI is not applied on the prim
Warning: in BindingsAtPrim at line 671 of D:\__projects\_programming\vcpkg\buildtrees\usd\src\v25.11-c5a1a786cc.clean\pxr\usd\usdShade\materialBindingAPI.cpp -- Found material bindings on prim at path (/root/thelab01/workbench_grp/electronics_portable_tv01_0002/GEO) but MaterialBindingAPI is not applied on the prim
Warning: in BindingsAtPrim at line 671 of D:\__projects\_programming\vcpkg\buildtrees\usd\src\v25.11-c5a1a786cc.clean\pxr\usd\usdShade\materialBindingAPI.cpp -- Found material bindings on prim at path (/root/thelab01/workbench_grp/books_encyclopedias01_0003/GEO) but MaterialBindingAPI is not applied on the prim
Warning: in BindingsAtPrim at line 671 of D:\__projects\_programming\vcpkg\buildtrees\usd\src\v25.11-c5a1a786cc.clean\pxr\usd\usdShade\materialBindingAPI.cpp -- Found material bindings on prim at path (/root/thelab01/workbench_grp/books_encyclopedias01_0003/GEO) but MaterialBindingAPI is not applied on the prim
Warning: in BindingsAtPrim at line 671 of D:\__projects\_programming\vcpkg\buildtrees\usd\src\v25.11-c5a1a786cc.clean\pxr\usd\usdShade\materialBindingAPI.cpp -- Found material bindings on prim at path (/root/thelab01/workbench_grp/books_encyclopedias01_0003/GEO) but MaterialBindingAPI is not applied on the prim
Warning: in BindingsAtPrim at line 671 of D:\__projects\_programming\vcpkg\buildtrees\usd\src\v25.11-c5a1a786cc.clean\pxr\usd\usdShade\materialBindingAPI.cpp -- Found material bindings on prim at path (/root/thelab01/workbench_grp/books_encyclopedias01_0003/GEO) but MaterialBindingAPI is not applied on the prim
Warning: in BindingsAtPrim at line 671 of D:\__projects\_programming\vcpkg\buildtrees\usd\src\v25.11-c5a1a786cc.clean\pxr\usd\usdShade\materialBindingAPI.cpp -- Found material bindings on prim at path (/root/thelab01/workbench_grp/books_encyclopedias01_0003/GEO) but MaterialBindingAPI is not applied on the prim
Warning: in BindingsAtPrim at line 671 of D:\__projects\_programming\vcpkg\buildtrees\usd\src\v25.11-c5a1a786cc.clean\pxr\usd\usdShade\materialBindingAPI.cpp -- Found material bindings on prim at path (/root/thelab01/workbench_grp/books_encyclopedias01_0003/GEO) but MaterialBindingAPI is not applied on the prim
Warning: in BindingsAtPrim at line 671 of D:\__projects\_programming\vcpkg\buildtrees\usd\src\v25.11-c5a1a786cc.clean\pxr\usd\usdShade\materialBindingAPI.cpp -- Found material bindings on prim at path (/root/thelab01/workbench_grp/books_encyclopedias01_0003/GEO) but MaterialBindingAPI is not applied on the prim
Warning: in BindingsAtPrim at line 671 of D:\__projects\_programming\vcpkg\buildtrees\usd\src\v25.11-c5a1a786cc.clean\pxr\usd\usdShade\materialBindingAPI.cpp -- Found material bindings on prim at path (/root/thelab01/workbench_grp/books_encyclopedias01_0003/GEO) but MaterialBindingAPI is not applied on the prim
Warning: in BindingsAtPrim at line 671 of D:\__projects\_programming\vcpkg\buildtrees\usd\src\v25.11-c5a1a786cc.clean\pxr\usd\usdShade\materialBindingAPI.cpp -- Found material bindings on prim at path (/root/thelab01/workbench_grp/books_encyclopedias01_0003/GEO) but MaterialBindingAPI is not applied on the prim
Warning: in BindingsAtPrim at line 671 of D:\__projects\_programming\vcpkg\buildtrees\usd\src\v25.11-c5a1a786cc.clean\pxr\usd\usdShade\materialBindingAPI.cpp -- Found material bindings on prim at path (/root/thelab01/workbench_grp/books_encyclopedias01_0003/GEO) but MaterialBindingAPI is not applied on the prim
Warning: in BindingsAtPrim at line 671 of D:\__projects\_programming\vcpkg\buildtrees\usd\src\v25.11-c5a1a786cc.clean\pxr\usd\usdShade\materialBindingAPI.cpp -- Found material bindings on prim at path (/root/thelab01/workbench_grp/books_encyclopedias01_0003/GEO) but MaterialBindingAPI is not applied on the prim
Warning: in BindingsAtPrim at line 671 of D:\__projects\_programming\vcpkg\buildtrees\usd\src\v25.11-c5a1a786cc.clean\pxr\usd\usdShade\materialBindingAPI.cpp -- Found material bindings on prim at path (/root/thelab01/workbench_grp/books_encyclopedias01_0003/GEO) but MaterialBindingAPI is not applied on the prim
Warning: in BindingsAtPrim at line 671 of D:\__projects\_programming\vcpkg\buildtrees\usd\src\v25.11-c5a1a786cc.clean\pxr\usd\usdShade\materialBindingAPI.cpp -- Found material bindings on prim at path (/root/thelab01/workbench_grp/books_encyclopedias01_0003/GEO) but MaterialBindingAPI is not applied on the prim
Warning: in BindingsAtPrim at line 671 of D:\__projects\_programming\vcpkg\buildtrees\usd\src\v25.11-c5a1a786cc.clean\pxr\usd\usdShade\materialBindingAPI.cpp -- Found material bindings on prim at path (/root/thelab01/workbench_grp/books_encyclopedias01_0003/GEO) but MaterialBindingAPI is not applied on the prim
Warning: in BindingsAtPrim at line 671 of D:\__projects\_programming\vcpkg\buildtrees\usd\src\v25.11-c5a1a786cc.clean\pxr\usd\usdShade\materialBindingAPI.cpp -- Found material bindings on prim at path (/root/thelab01/workbench_grp/books_encyclopedias01_0003/GEO) but MaterialBindingAPI is not applied on the prim
Warning: in BindingsAtPrim at line 671 of D:\__projects\_programming\vcpkg\buildtrees\usd\src\v25.11-c5a1a786cc.clean\pxr\usd\usdShade\materialBindingAPI.cpp -- Found material bindings on prim at path (/root/thelab01/workbench_grp/books_encyclopedias01_0003/GEO) but MaterialBindingAPI is not applied on the prim
Warning: in BindingsAtPrim at line 671 of D:\__projects\_programming\vcpkg\buildtrees\usd\src\v25.11-c5a1a786cc.clean\pxr\usd\usdShade\materialBindingAPI.cpp -- Found material bindings on prim at path (/root/thelab01/workbench_grp/books_encyclopedias01_0003/GEO) but MaterialBindingAPI is not applied on the prim
Warning: in BindingsAtPrim at line 671 of D:\__projects\_programming\vcpkg\buildtrees\usd\src\v25.11-c5a1a786cc.clean\pxr\usd\usdShade\materialBindingAPI.cpp -- Found material bindings on prim at path (/root/thelab01/workbench_grp/books_encyclopedias01_0003/GEO) but MaterialBindingAPI is not applied on the prim
Warning: in BindingsAtPrim at line 671 of D:\__projects\_programming\vcpkg\buildtrees\usd\src\v25.11-c5a1a786cc.clean\pxr\usd\usdShade\materialBindingAPI.cpp -- Found material bindings on prim at path (/root/thelab01/workbench_grp/books_encyclopedias01_0004/GEO) but MaterialBindingAPI is not applied on the prim
Warning: in BindingsAtPrim at line 671 of D:\__projects\_programming\vcpkg\buildtrees\usd\src\v25.11-c5a1a786cc.clean\pxr\usd\usdShade\materialBindingAPI.cpp -- Found material bindings on prim at path (/root/thelab01/workbench_grp/books_encyclopedias01_0004/GEO) but MaterialBindingAPI is not applied on the prim
Warning: in BindingsAtPrim at line 671 of D:\__projects\_programming\vcpkg\buildtrees\usd\src\v25.11-c5a1a786cc.clean\pxr\usd\usdShade\materialBindingAPI.cpp -- Found material bindings on prim at path (/root/thelab01/workbench_grp/books_encyclopedias01_0004/GEO) but MaterialBindingAPI is not applied on the prim
Warning: in BindingsAtPrim at line 671 of D:\__projects\_programming\vcpkg\buildtrees\usd\src\v25.11-c5a1a786cc.clean\pxr\usd\usdShade\materialBindingAPI.cpp -- Found material bindings on prim at path (/root/thelab01/workbench_grp/books_encyclopedias01_0004/GEO) but MaterialBindingAPI is not applied on the prim
Warning: in BindingsAtPrim at line 671 of D:\__projects\_programming\vcpkg\buildtrees\usd\src\v25.11-c5a1a786cc.clean\pxr\usd\usdShade\materialBindingAPI.cpp -- Found material bindings on prim at path (/root/thelab01/workbench_grp/books_encyclopedias01_0004/GEO) but MaterialBindingAPI is not applied on the prim
Warning: in BindingsAtPrim at line 671 of D:\__projects\_programming\vcpkg\buildtrees\usd\src\v25.11-c5a1a786cc.clean\pxr\usd\usdShade\materialBindingAPI.cpp -- Found material bindings on prim at path (/root/thelab01/workbench_grp/books_encyclopedias01_0004/GEO) but MaterialBindingAPI is not applied on the prim
Warning: in BindingsAtPrim at line 671 of D:\__projects\_programming\vcpkg\buildtrees\usd\src\v25.11-c5a1a786cc.clean\pxr\usd\usdShade\materialBindingAPI.cpp -- Found material bindings on prim at path (/root/thelab01/workbench_grp/books_encyclopedias01_0004/GEO) but MaterialBindingAPI is not applied on the prim
Warning: in BindingsAtPrim at line 671 of D:\__projects\_programming\vcpkg\buildtrees\usd\src\v25.11-c5a1a786cc.clean\pxr\usd\usdShade\materialBindingAPI.cpp -- Found material bindings on prim at path (/root/thelab01/workbench_grp/books_encyclopedias01_0004/GEO) but MaterialBindingAPI is not applied on the prim
Warning: in BindingsAtPrim at line 671 of D:\__projects\_programming\vcpkg\buildtrees\usd\src\v25.11-c5a1a786cc.clean\pxr\usd\usdShade\materialBindingAPI.cpp -- Found material bindings on prim at path (/root/thelab01/workbench_grp/books_encyclopedias01_0004/GEO) but MaterialBindingAPI is not applied on the prim
Warning: in BindingsAtPrim at line 671 of D:\__projects\_programming\vcpkg\buildtrees\usd\src\v25.11-c5a1a786cc.clean\pxr\usd\usdShade\materialBindingAPI.cpp -- Found material bindings on prim at path (/root/thelab01/workbench_grp/books_encyclopedias01_0004/GEO) but MaterialBindingAPI is not applied on the prim
Warning: in BindingsAtPrim at line 671 of D:\__projects\_programming\vcpkg\buildtrees\usd\src\v25.11-c5a1a786cc.clean\pxr\usd\usdShade\materialBindingAPI.cpp -- Found material bindings on prim at path (/root/thelab01/workbench_grp/books_encyclopedias01_0004/GEO) but MaterialBindingAPI is not applied on the prim
Warning: in BindingsAtPrim at line 671 of D:\__projects\_programming\vcpkg\buildtrees\usd\src\v25.11-c5a1a786cc.clean\pxr\usd\usdShade\materialBindingAPI.cpp -- Found material bindings on prim at path (/root/thelab01/workbench_grp/books_encyclopedias01_0004/GEO) but MaterialBindingAPI is not applied on the prim
Warning: in BindingsAtPrim at line 671 of D:\__projects\_programming\vcpkg\buildtrees\usd\src\v25.11-c5a1a786cc.clean\pxr\usd\usdShade\materialBindingAPI.cpp -- Found material bindings on prim at path (/root/thelab01/workbench_grp/books_encyclopedias01_0004/GEO) but MaterialBindingAPI is not applied on the prim
Warning: in BindingsAtPrim at line 671 of D:\__projects\_programming\vcpkg\buildtrees\usd\src\v25.11-c5a1a786cc.clean\pxr\usd\usdShade\materialBindingAPI.cpp -- Found material bindings on prim at path (/root/thelab01/workbench_grp/books_encyclopedias01_0004/GEO) but MaterialBindingAPI is not applied on the prim
Warning: in BindingsAtPrim at line 671 of D:\__projects\_programming\vcpkg\buildtrees\usd\src\v25.11-c5a1a786cc.clean\pxr\usd\usdShade\materialBindingAPI.cpp -- Found material bindings on prim at path (/root/thelab01/workbench_grp/books_encyclopedias01_0004/GEO) but MaterialBindingAPI is not applied on the prim
Warning: in BindingsAtPrim at line 671 of D:\__projects\_programming\vcpkg\buildtrees\usd\src\v25.11-c5a1a786cc.clean\pxr\usd\usdShade\materialBindingAPI.cpp -- Found material bindings on prim at path (/root/thelab01/workbench_grp/books_encyclopedias01_0004/GEO) but MaterialBindingAPI is not applied on the prim
Warning: in BindingsAtPrim at line 671 of D:\__projects\_programming\vcpkg\buildtrees\usd\src\v25.11-c5a1a786cc.clean\pxr\usd\usdShade\materialBindingAPI.cpp -- Found material bindings on prim at path (/root/thelab01/workbench_grp/books_encyclopedias01_0004/GEO) but MaterialBindingAPI is not applied on the prim
Warning: in BindingsAtPrim at line 671 of D:\__projects\_programming\vcpkg\buildtrees\usd\src\v25.11-c5a1a786cc.clean\pxr\usd\usdShade\materialBindingAPI.cpp -- Found material bindings on prim at path (/root/thelab01/workbench_grp/books_encyclopedias01_0004/GEO) but MaterialBindingAPI is not applied on the prim
Warning: in BindingsAtPrim at line 671 of D:\__projects\_programming\vcpkg\buildtrees\usd\src\v25.11-c5a1a786cc.clean\pxr\usd\usdShade\materialBindingAPI.cpp -- Found material bindings on prim at path (/root/thelab01/workbench_grp/chemistry_bottle03_0002/GEO) but MaterialBindingAPI is not applied on the prim
Warning: in BindingsAtPrim at line 671 of D:\__projects\_programming\vcpkg\buildtrees\usd\src\v25.11-c5a1a786cc.clean\pxr\usd\usdShade\materialBindingAPI.cpp -- Found material bindings on prim at path (/root/thelab01/workbench_grp/chemistry_bottle03_0003/GEO) but MaterialBindingAPI is not applied on the prim
Warning: in BindingsAtPrim at line 671 of D:\__projects\_programming\vcpkg\buildtrees\usd\src\v25.11-c5a1a786cc.clean\pxr\usd\usdShade\materialBindingAPI.cpp -- Found material bindings on prim at path (/root/thelab01/workbench_grp/chemistry_bottle02_0002/GEO) but MaterialBindingAPI is not applied on the prim
Warning: in BindingsAtPrim at line 671 of D:\__projects\_programming\vcpkg\buildtrees\usd\src\v25.11-c5a1a786cc.clean\pxr\usd\usdShade\materialBindingAPI.cpp -- Found material bindings on prim at path (/root/thelab01/workbench_grp/chemistry_bottle02_0003/GEO) but MaterialBindingAPI is not applied on the prim
Warning: in BindingsAtPrim at line 671 of D:\__projects\_programming\vcpkg\buildtrees\usd\src\v25.11-c5a1a786cc.clean\pxr\usd\usdShade\materialBindingAPI.cpp -- Found material bindings on prim at path (/root/thelab01/workbench_grp/chemistry_bottle01_0002/GEO) but MaterialBindingAPI is not applied on the prim
Warning: in BindingsAtPrim at line 671 of D:\__projects\_programming\vcpkg\buildtrees\usd\src\v25.11-c5a1a786cc.clean\pxr\usd\usdShade\materialBindingAPI.cpp -- Found material bindings on prim at path (/root/thelab01/workbench_grp/chemistry_bottle01_0004/GEO) but MaterialBindingAPI is not applied on the prim
Warning: in BindingsAtPrim at line 671 of D:\__projects\_programming\vcpkg\buildtrees\usd\src\v25.11-c5a1a786cc.clean\pxr\usd\usdShade\materialBindingAPI.cpp -- Found material bindings on prim at path (/root/thelab01/workbench_grp/chemistry_beaker_stand01_0003/GEO) but MaterialBindingAPI is not applied on the prim
Warning: in BindingsAtPrim at line 671 of D:\__projects\_programming\vcpkg\buildtrees\usd\src\v25.11-c5a1a786cc.clean\pxr\usd\usdShade\materialBindingAPI.cpp -- Found material bindings on prim at path (/root/thelab01/workbench_grp/chemistry_beaker_stand01_0003/GEO) but MaterialBindingAPI is not applied on the prim
Warning: in BindingsAtPrim at line 671 of D:\__projects\_programming\vcpkg\buildtrees\usd\src\v25.11-c5a1a786cc.clean\pxr\usd\usdShade\materialBindingAPI.cpp -- Found material bindings on prim at path (/root/thelab01/workbench_grp/chemistry_beaker_stand01_0003/GEO) but MaterialBindingAPI is not applied on the prim
Warning: in BindingsAtPrim at line 671 of D:\__projects\_programming\vcpkg\buildtrees\usd\src\v25.11-c5a1a786cc.clean\pxr\usd\usdShade\materialBindingAPI.cpp -- Found material bindings on prim at path (/root/thelab01/workbench_grp/chemistry_beaker_stand01_0003/GEO) but MaterialBindingAPI is not applied on the prim
Warning: in BindingsAtPrim at line 671 of D:\__projects\_programming\vcpkg\buildtrees\usd\src\v25.11-c5a1a786cc.clean\pxr\usd\usdShade\materialBindingAPI.cpp -- Found material bindings on prim at path (/root/thelab01/workbench_grp/chemistry_beaker02_0004/GEO) but MaterialBindingAPI is not applied on the prim
Warning: in BindingsAtPrim at line 671 of D:\__projects\_programming\vcpkg\buildtrees\usd\src\v25.11-c5a1a786cc.clean\pxr\usd\usdShade\materialBindingAPI.cpp -- Found material bindings on prim at path (/root/thelab01/workbench_grp/toy_box03_0002/GEO) but MaterialBindingAPI is not applied on the prim
Warning: in BindingsAtPrim at line 671 of D:\__projects\_programming\vcpkg\buildtrees\usd\src\v25.11-c5a1a786cc.clean\pxr\usd\usdShade\materialBindingAPI.cpp -- Found material bindings on prim at path (/root/thelab01/workbench_grp/toy_box03_0002/GEO) but MaterialBindingAPI is not applied on the prim
Warning: in BindingsAtPrim at line 671 of D:\__projects\_programming\vcpkg\buildtrees\usd\src\v25.11-c5a1a786cc.clean\pxr\usd\usdShade\materialBindingAPI.cpp -- Found material bindings on prim at path (/root/thelab01/workbench_grp/toy_box03_0002/GEO) but MaterialBindingAPI is not applied on the prim
Warning: in BindingsAtPrim at line 671 of D:\__projects\_programming\vcpkg\buildtrees\usd\src\v25.11-c5a1a786cc.clean\pxr\usd\usdShade\materialBindingAPI.cpp -- Found material bindings on prim at path (/root/thelab01/workbench_grp/books_encyclopedias01_0005/GEO) but MaterialBindingAPI is not applied on the prim
Warning: in BindingsAtPrim at line 671 of D:\__projects\_programming\vcpkg\buildtrees\usd\src\v25.11-c5a1a786cc.clean\pxr\usd\usdShade\materialBindingAPI.cpp -- Found material bindings on prim at path (/root/thelab01/workbench_grp/books_encyclopedias01_0005/GEO) but MaterialBindingAPI is not applied on the prim
Warning: in BindingsAtPrim at line 671 of D:\__projects\_programming\vcpkg\buildtrees\usd\src\v25.11-c5a1a786cc.clean\pxr\usd\usdShade\materialBindingAPI.cpp -- Found material bindings on prim at path (/root/thelab01/workbench_grp/books_encyclopedias01_0005/GEO) but MaterialBindingAPI is not applied on the prim
Warning: in BindingsAtPrim at line 671 of D:\__projects\_programming\vcpkg\buildtrees\usd\src\v25.11-c5a1a786cc.clean\pxr\usd\usdShade\materialBindingAPI.cpp -- Found material bindings on prim at path (/root/thelab01/workbench_grp/books_encyclopedias01_0005/GEO) but MaterialBindingAPI is not applied on the prim
Warning: in BindingsAtPrim at line 671 of D:\__projects\_programming\vcpkg\buildtrees\usd\src\v25.11-c5a1a786cc.clean\pxr\usd\usdShade\materialBindingAPI.cpp -- Found material bindings on prim at path (/root/thelab01/workbench_grp/books_encyclopedias01_0005/GEO) but MaterialBindingAPI is not applied on the prim
Warning: in BindingsAtPrim at line 671 of D:\__projects\_programming\vcpkg\buildtrees\usd\src\v25.11-c5a1a786cc.clean\pxr\usd\usdShade\materialBindingAPI.cpp -- Found material bindings on prim at path (/root/thelab01/workbench_grp/books_encyclopedias01_0005/GEO) but MaterialBindingAPI is not applied on the prim
Warning: in BindingsAtPrim at line 671 of D:\__projects\_programming\vcpkg\buildtrees\usd\src\v25.11-c5a1a786cc.clean\pxr\usd\usdShade\materialBindingAPI.cpp -- Found material bindings on prim at path (/root/thelab01/workbench_grp/books_encyclopedias01_0005/GEO) but MaterialBindingAPI is not applied on the prim
Warning: in BindingsAtPrim at line 671 of D:\__projects\_programming\vcpkg\buildtrees\usd\src\v25.11-c5a1a786cc.clean\pxr\usd\usdShade\materialBindingAPI.cpp -- Found material bindings on prim at path (/root/thelab01/workbench_grp/books_encyclopedias01_0005/GEO) but MaterialBindingAPI is not applied on the prim
Warning: in BindingsAtPrim at line 671 of D:\__projects\_programming\vcpkg\buildtrees\usd\src\v25.11-c5a1a786cc.clean\pxr\usd\usdShade\materialBindingAPI.cpp -- Found material bindings on prim at path (/root/thelab01/workbench_grp/books_encyclopedias01_0005/GEO) but MaterialBindingAPI is not applied on the prim
Warning: in BindingsAtPrim at line 671 of D:\__projects\_programming\vcpkg\buildtrees\usd\src\v25.11-c5a1a786cc.clean\pxr\usd\usdShade\materialBindingAPI.cpp -- Found material bindings on prim at path (/root/thelab01/workbench_grp/books_encyclopedias01_0005/GEO) but MaterialBindingAPI is not applied on the prim
Warning: in BindingsAtPrim at line 671 of D:\__projects\_programming\vcpkg\buildtrees\usd\src\v25.11-c5a1a786cc.clean\pxr\usd\usdShade\materialBindingAPI.cpp -- Found material bindings on prim at path (/root/thelab01/workbench_grp/books_encyclopedias01_0005/GEO) but MaterialBindingAPI is not applied on the prim
Warning: in BindingsAtPrim at line 671 of D:\__projects\_programming\vcpkg\buildtrees\usd\src\v25.11-c5a1a786cc.clean\pxr\usd\usdShade\materialBindingAPI.cpp -- Found material bindings on prim at path (/root/thelab01/workbench_grp/books_encyclopedias01_0005/GEO) but MaterialBindingAPI is not applied on the prim
Warning: in BindingsAtPrim at line 671 of D:\__projects\_programming\vcpkg\buildtrees\usd\src\v25.11-c5a1a786cc.clean\pxr\usd\usdShade\materialBindingAPI.cpp -- Found material bindings on prim at path (/root/thelab01/workbench_grp/books_encyclopedias01_0005/GEO) but MaterialBindingAPI is not applied on the prim
Warning: in BindingsAtPrim at line 671 of D:\__projects\_programming\vcpkg\buildtrees\usd\src\v25.11-c5a1a786cc.clean\pxr\usd\usdShade\materialBindingAPI.cpp -- Found material bindings on prim at path (/root/thelab01/workbench_grp/books_encyclopedias01_0005/GEO) but MaterialBindingAPI is not applied on the prim
Warning: in BindingsAtPrim at line 671 of D:\__projects\_programming\vcpkg\buildtrees\usd\src\v25.11-c5a1a786cc.clean\pxr\usd\usdShade\materialBindingAPI.cpp -- Found material bindings on prim at path (/root/thelab01/workbench_grp/books_encyclopedias01_0005/GEO) but MaterialBindingAPI is not applied on the prim
Warning: in BindingsAtPrim at line 671 of D:\__projects\_programming\vcpkg\buildtrees\usd\src\v25.11-c5a1a786cc.clean\pxr\usd\usdShade\materialBindingAPI.cpp -- Found material bindings on prim at path (/root/thelab01/workbench_grp/books_encyclopedias01_0005/GEO) but MaterialBindingAPI is not applied on the prim
Warning: in BindingsAtPrim at line 671 of D:\__projects\_programming\vcpkg\buildtrees\usd\src\v25.11-c5a1a786cc.clean\pxr\usd\usdShade\materialBindingAPI.cpp -- Found material bindings on prim at path (/root/thelab01/workbench_grp/books_encyclopedias01_0005/GEO) but MaterialBindingAPI is not applied on the prim
Warning: in BindingsAtPrim at line 671 of D:\__projects\_programming\vcpkg\buildtrees\usd\src\v25.11-c5a1a786cc.clean\pxr\usd\usdShade\materialBindingAPI.cpp -- Found material bindings on prim at path (/root/thelab01/workbench_grp/books_encyclopedias01_0005/GEO) but MaterialBindingAPI is not applied on the prim
Warning: in BindingsAtPrim at line 671 of D:\__projects\_programming\vcpkg\buildtrees\usd\src\v25.11-c5a1a786cc.clean\pxr\usd\usdShade\materialBindingAPI.cpp -- Found material bindings on prim at path (/root/thelab01/workbench_grp/books_encyclopedias01_0007/GEO) but MaterialBindingAPI is not applied on the prim
Warning: in BindingsAtPrim at line 671 of D:\__projects\_programming\vcpkg\buildtrees\usd\src\v25.11-c5a1a786cc.clean\pxr\usd\usdShade\materialBindingAPI.cpp -- Found material bindings on prim at path (/root/thelab01/workbench_grp/books_encyclopedias01_0007/GEO) but MaterialBindingAPI is not applied on the prim
Warning: in BindingsAtPrim at line 671 of D:\__projects\_programming\vcpkg\buildtrees\usd\src\v25.11-c5a1a786cc.clean\pxr\usd\usdShade\materialBindingAPI.cpp -- Found material bindings on prim at path (/root/thelab01/workbench_grp/books_encyclopedias01_0007/GEO) but MaterialBindingAPI is not applied on the prim
Warning: in BindingsAtPrim at line 671 of D:\__projects\_programming\vcpkg\buildtrees\usd\src\v25.11-c5a1a786cc.clean\pxr\usd\usdShade\materialBindingAPI.cpp -- Found material bindings on prim at path (/root/thelab01/workbench_grp/books_encyclopedias01_0007/GEO) but MaterialBindingAPI is not applied on the prim
Warning: in BindingsAtPrim at line 671 of D:\__projects\_programming\vcpkg\buildtrees\usd\src\v25.11-c5a1a786cc.clean\pxr\usd\usdShade\materialBindingAPI.cpp -- Found material bindings on prim at path (/root/thelab01/workbench_grp/books_encyclopedias01_0007/GEO) but MaterialBindingAPI is not applied on the prim
Warning: in BindingsAtPrim at line 671 of D:\__projects\_programming\vcpkg\buildtrees\usd\src\v25.11-c5a1a786cc.clean\pxr\usd\usdShade\materialBindingAPI.cpp -- Found material bindings on prim at path (/root/thelab01/workbench_grp/books_encyclopedias01_0007/GEO) but MaterialBindingAPI is not applied on the prim
Warning: in BindingsAtPrim at line 671 of D:\__projects\_programming\vcpkg\buildtrees\usd\src\v25.11-c5a1a786cc.clean\pxr\usd\usdShade\materialBindingAPI.cpp -- Found material bindings on prim at path (/root/thelab01/workbench_grp/books_encyclopedias01_0007/GEO) but MaterialBindingAPI is not applied on the prim
Warning: in BindingsAtPrim at line 671 of D:\__projects\_programming\vcpkg\buildtrees\usd\src\v25.11-c5a1a786cc.clean\pxr\usd\usdShade\materialBindingAPI.cpp -- Found material bindings on prim at path (/root/thelab01/workbench_grp/books_encyclopedias01_0007/GEO) but MaterialBindingAPI is not applied on the prim
Warning: in BindingsAtPrim at line 671 of D:\__projects\_programming\vcpkg\buildtrees\usd\src\v25.11-c5a1a786cc.clean\pxr\usd\usdShade\materialBindingAPI.cpp -- Found material bindings on prim at path (/root/thelab01/workbench_grp/books_encyclopedias01_0007/GEO) but MaterialBindingAPI is not applied on the prim
Warning: in BindingsAtPrim at line 671 of D:\__projects\_programming\vcpkg\buildtrees\usd\src\v25.11-c5a1a786cc.clean\pxr\usd\usdShade\materialBindingAPI.cpp -- Found material bindings on prim at path (/root/thelab01/workbench_grp/books_encyclopedias01_0007/GEO) but MaterialBindingAPI is not applied on the prim
Warning: in BindingsAtPrim at line 671 of D:\__projects\_programming\vcpkg\buildtrees\usd\src\v25.11-c5a1a786cc.clean\pxr\usd\usdShade\materialBindingAPI.cpp -- Found material bindings on prim at path (/root/thelab01/workbench_grp/books_encyclopedias01_0007/GEO) but MaterialBindingAPI is not applied on the prim
Warning: in BindingsAtPrim at line 671 of D:\__projects\_programming\vcpkg\buildtrees\usd\src\v25.11-c5a1a786cc.clean\pxr\usd\usdShade\materialBindingAPI.cpp -- Found material bindings on prim at path (/root/thelab01/workbench_grp/books_encyclopedias01_0007/GEO) but MaterialBindingAPI is not applied on the prim
Warning: in BindingsAtPrim at line 671 of D:\__projects\_programming\vcpkg\buildtrees\usd\src\v25.11-c5a1a786cc.clean\pxr\usd\usdShade\materialBindingAPI.cpp -- Found material bindings on prim at path (/root/thelab01/workbench_grp/books_encyclopedias01_0007/GEO) but MaterialBindingAPI is not applied on the prim
Warning: in BindingsAtPrim at line 671 of D:\__projects\_programming\vcpkg\buildtrees\usd\src\v25.11-c5a1a786cc.clean\pxr\usd\usdShade\materialBindingAPI.cpp -- Found material bindings on prim at path (/root/thelab01/workbench_grp/books_encyclopedias01_0007/GEO) but MaterialBindingAPI is not applied on the prim
Warning: in BindingsAtPrim at line 671 of D:\__projects\_programming\vcpkg\buildtrees\usd\src\v25.11-c5a1a786cc.clean\pxr\usd\usdShade\materialBindingAPI.cpp -- Found material bindings on prim at path (/root/thelab01/workbench_grp/books_encyclopedias01_0007/GEO) but MaterialBindingAPI is not applied on the prim
Warning: in BindingsAtPrim at line 671 of D:\__projects\_programming\vcpkg\buildtrees\usd\src\v25.11-c5a1a786cc.clean\pxr\usd\usdShade\materialBindingAPI.cpp -- Found material bindings on prim at path (/root/thelab01/workbench_grp/books_encyclopedias01_0007/GEO) but MaterialBindingAPI is not applied on the prim
Warning: in BindingsAtPrim at line 671 of D:\__projects\_programming\vcpkg\buildtrees\usd\src\v25.11-c5a1a786cc.clean\pxr\usd\usdShade\materialBindingAPI.cpp -- Found material bindings on prim at path (/root/thelab01/workbench_grp/books_encyclopedias01_0007/GEO) but MaterialBindingAPI is not applied on the prim
Warning: in BindingsAtPrim at line 671 of D:\__projects\_programming\vcpkg\buildtrees\usd\src\v25.11-c5a1a786cc.clean\pxr\usd\usdShade\materialBindingAPI.cpp -- Found material bindings on prim at path (/root/thelab01/workbench_grp/books_encyclopedias01_0007/GEO) but MaterialBindingAPI is not applied on the prim
Warning: in BindingsAtPrim at line 671 of D:\__projects\_programming\vcpkg\buildtrees\usd\src\v25.11-c5a1a786cc.clean\pxr\usd\usdShade\materialBindingAPI.cpp -- Found material bindings on prim at path (/root/thelab01/workbench_grp/electronics_wire_spool01_0006/GEO) but MaterialBindingAPI is not applied on the prim
Warning: in BindingsAtPrim at line 671 of D:\__projects\_programming\vcpkg\buildtrees\usd\src\v25.11-c5a1a786cc.clean\pxr\usd\usdShade\materialBindingAPI.cpp -- Found material bindings on prim at path (/root/thelab01/workbench_grp/electronics_wire_spool01_0006/GEO) but MaterialBindingAPI is not applied on the prim
Warning: in BindingsAtPrim at line 671 of D:\__projects\_programming\vcpkg\buildtrees\usd\src\v25.11-c5a1a786cc.clean\pxr\usd\usdShade\materialBindingAPI.cpp -- Found material bindings on prim at path (/root/thelab01/workbench_grp/electronics_wire_spool01_0006/GEO) but MaterialBindingAPI is not applied on the prim
Warning: in BindingsAtPrim at line 671 of D:\__projects\_programming\vcpkg\buildtrees\usd\src\v25.11-c5a1a786cc.clean\pxr\usd\usdShade\materialBindingAPI.cpp -- Found material bindings on prim at path (/root/thelab01/workbench_grp/stationary_paper02_0002/GEO) but MaterialBindingAPI is not applied on the prim
Warning: in BindingsAtPrim at line 671 of D:\__projects\_programming\vcpkg\buildtrees\usd\src\v25.11-c5a1a786cc.clean\pxr\usd\usdShade\materialBindingAPI.cpp -- Found material bindings on prim at path (/root/thelab01/workbench_grp/chemistry_magnetic_stirrer01_0001/GEO) but MaterialBindingAPI is not applied on the prim
Warning: in BindingsAtPrim at line 671 of D:\__projects\_programming\vcpkg\buildtrees\usd\src\v25.11-c5a1a786cc.clean\pxr\usd\usdShade\materialBindingAPI.cpp -- Found material bindings on prim at path (/root/thelab01/workbench_grp/chemistry_magnetic_stirrer01_0001/GEO) but MaterialBindingAPI is not applied on the prim
Warning: in BindingsAtPrim at line 671 of D:\__projects\_programming\vcpkg\buildtrees\usd\src\v25.11-c5a1a786cc.clean\pxr\usd\usdShade\materialBindingAPI.cpp -- Found material bindings on prim at path (/root/thelab01/workbench_grp/chemistry_magnetic_stirrer01_0001/GEO) but MaterialBindingAPI is not applied on the prim
Warning: in BindingsAtPrim at line 671 of D:\__projects\_programming\vcpkg\buildtrees\usd\src\v25.11-c5a1a786cc.clean\pxr\usd\usdShade\materialBindingAPI.cpp -- Found material bindings on prim at path (/root/thelab01/workbench_grp/chemistry_magnetic_stirrer01_0001/GEO) but MaterialBindingAPI is not applied on the prim
Warning: in BindingsAtPrim at line 671 of D:\__projects\_programming\vcpkg\buildtrees\usd\src\v25.11-c5a1a786cc.clean\pxr\usd\usdShade\materialBindingAPI.cpp -- Found material bindings on prim at path (/root/thelab01/workbench_grp/chemistry_magnetic_stirrer01_0001/GEO) but MaterialBindingAPI is not applied on the prim
Warning: in BindingsAtPrim at line 671 of D:\__projects\_programming\vcpkg\buildtrees\usd\src\v25.11-c5a1a786cc.clean\pxr\usd\usdShade\materialBindingAPI.cpp -- Found material bindings on prim at path (/root/thelab01/workbench_grp/chemistry_magnetic_stirrer01_0001/GEO) but MaterialBindingAPI is not applied on the prim
Warning: in BindingsAtPrim at line 671 of D:\__projects\_programming\vcpkg\buildtrees\usd\src\v25.11-c5a1a786cc.clean\pxr\usd\usdShade\materialBindingAPI.cpp -- Found material bindings on prim at path (/root/thelab01/workbench_grp/chemistry_magnetic_stirrer01_0001/GEO) but MaterialBindingAPI is not applied on the prim
Warning: in BindingsAtPrim at line 671 of D:\__projects\_programming\vcpkg\buildtrees\usd\src\v25.11-c5a1a786cc.clean\pxr\usd\usdShade\materialBindingAPI.cpp -- Found material bindings on prim at path (/root/thelab01/workbench_grp/chemistry_magnetic_stirrer01_0001/GEO) but MaterialBindingAPI is not applied on the prim
Warning: in BindingsAtPrim at line 671 of D:\__projects\_programming\vcpkg\buildtrees\usd\src\v25.11-c5a1a786cc.clean\pxr\usd\usdShade\materialBindingAPI.cpp -- Found material bindings on prim at path (/root/thelab01/workbench_grp/chemistry_magnetic_stirrer01_0001/GEO) but MaterialBindingAPI is not applied on the prim
Warning: in BindingsAtPrim at line 671 of D:\__projects\_programming\vcpkg\buildtrees\usd\src\v25.11-c5a1a786cc.clean\pxr\usd\usdShade\materialBindingAPI.cpp -- Found material bindings on prim at path (/root/thelab01/workbench_grp/chemistry_magnetic_stirrer01_0001/GEO) but MaterialBindingAPI is not applied on the prim
Warning: in BindingsAtPrim at line 671 of D:\__projects\_programming\vcpkg\buildtrees\usd\src\v25.11-c5a1a786cc.clean\pxr\usd\usdShade\materialBindingAPI.cpp -- Found material bindings on prim at path (/root/thelab01/workbench_grp/chemistry_magnetic_stirrer01_0001/GEO) but MaterialBindingAPI is not applied on the prim
Warning: in BindingsAtPrim at line 671 of D:\__projects\_programming\vcpkg\buildtrees\usd\src\v25.11-c5a1a786cc.clean\pxr\usd\usdShade\materialBindingAPI.cpp -- Found material bindings on prim at path (/root/thelab01/workbench_grp/chemistry_magnetic_stirrer01_0001/GEO) but MaterialBindingAPI is not applied on the prim
Warning: in BindingsAtPrim at line 671 of D:\__projects\_programming\vcpkg\buildtrees\usd\src\v25.11-c5a1a786cc.clean\pxr\usd\usdShade\materialBindingAPI.cpp -- Found material bindings on prim at path (/root/thelab01/workbench_grp/chemistry_magnetic_stirrer01_0001/GEO) but MaterialBindingAPI is not applied on the prim
Warning: in BindingsAtPrim at line 671 of D:\__projects\_programming\vcpkg\buildtrees\usd\src\v25.11-c5a1a786cc.clean\pxr\usd\usdShade\materialBindingAPI.cpp -- Found material bindings on prim at path (/root/thelab01/workbench_grp/chemistry_magnetic_stirrer01_0001/GEO) but MaterialBindingAPI is not applied on the prim
Warning: in BindingsAtPrim at line 671 of D:\__projects\_programming\vcpkg\buildtrees\usd\src\v25.11-c5a1a786cc.clean\pxr\usd\usdShade\materialBindingAPI.cpp -- Found material bindings on prim at path (/root/thelab01/workbench_grp/chemistry_magnetic_stirrer01_0001/GEO) but MaterialBindingAPI is not applied on the prim
Warning: in BindingsAtPrim at line 671 of D:\__projects\_programming\vcpkg\buildtrees\usd\src\v25.11-c5a1a786cc.clean\pxr\usd\usdShade\materialBindingAPI.cpp -- Found material bindings on prim at path (/root/thelab01/workbench_grp/chemistry_magnetic_stirrer01_0001/GEO) but MaterialBindingAPI is not applied on the prim
Warning: in BindingsAtPrim at line 671 of D:\__projects\_programming\vcpkg\buildtrees\usd\src\v25.11-c5a1a786cc.clean\pxr\usd\usdShade\materialBindingAPI.cpp -- Found material bindings on prim at path (/root/thelab01/workbench_grp/chemistry_magnetic_stirrer01_0001/GEO) but MaterialBindingAPI is not applied on the prim
Warning: in BindingsAtPrim at line 671 of D:\__projects\_programming\vcpkg\buildtrees\usd\src\v25.11-c5a1a786cc.clean\pxr\usd\usdShade\materialBindingAPI.cpp -- Found material bindings on prim at path (/root/thelab01/workbench_grp/chemistry_magnetic_stirrer01_0001/GEO) but MaterialBindingAPI is not applied on the prim
Warning: in BindingsAtPrim at line 671 of D:\__projects\_programming\vcpkg\buildtrees\usd\src\v25.11-c5a1a786cc.clean\pxr\usd\usdShade\materialBindingAPI.cpp -- Found material bindings on prim at path (/root/thelab01/workbench_grp/chemistry_magnetic_stirrer01_0001/GEO) but MaterialBindingAPI is not applied on the prim
Warning: in BindingsAtPrim at line 671 of D:\__projects\_programming\vcpkg\buildtrees\usd\src\v25.11-c5a1a786cc.clean\pxr\usd\usdShade\materialBindingAPI.cpp -- Found material bindings on prim at path (/root/thelab01/workbench_grp/chemistry_magnetic_stirrer01_0001/GEO) but MaterialBindingAPI is not applied on the prim
Warning: in BindingsAtPrim at line 671 of D:\__projects\_programming\vcpkg\buildtrees\usd\src\v25.11-c5a1a786cc.clean\pxr\usd\usdShade\materialBindingAPI.cpp -- Found material bindings on prim at path (/root/thelab01/workbench_grp/chemistry_test_tube01_0001/GEO) but MaterialBindingAPI is not applied on the prim
Warning: in BindingsAtPrim at line 671 of D:\__projects\_programming\vcpkg\buildtrees\usd\src\v25.11-c5a1a786cc.clean\pxr\usd\usdShade\materialBindingAPI.cpp -- Found material bindings on prim at path (/root/thelab01/workbench_grp/chemistry_test_tube01_0001/GEO) but MaterialBindingAPI is not applied on the prim
Warning: in BindingsAtPrim at line 671 of D:\__projects\_programming\vcpkg\buildtrees\usd\src\v25.11-c5a1a786cc.clean\pxr\usd\usdShade\materialBindingAPI.cpp -- Found material bindings on prim at path (/root/thelab01/workbench_grp/chemistry_test_tube02_0001/GEO) but MaterialBindingAPI is not applied on the prim
Warning: in BindingsAtPrim at line 671 of D:\__projects\_programming\vcpkg\buildtrees\usd\src\v25.11-c5a1a786cc.clean\pxr\usd\usdShade\materialBindingAPI.cpp -- Found material bindings on prim at path (/root/thelab01/workbench_grp/chemistry_test_tube02_0001/GEO) but MaterialBindingAPI is not applied on the prim
Warning: in BindingsAtPrim at line 671 of D:\__projects\_programming\vcpkg\buildtrees\usd\src\v25.11-c5a1a786cc.clean\pxr\usd\usdShade\materialBindingAPI.cpp -- Found material bindings on prim at path (/root/thelab01/workbench_grp/chemistry_test_tube03_0001/GEO) but MaterialBindingAPI is not applied on the prim
Warning: in BindingsAtPrim at line 671 of D:\__projects\_programming\vcpkg\buildtrees\usd\src\v25.11-c5a1a786cc.clean\pxr\usd\usdShade\materialBindingAPI.cpp -- Found material bindings on prim at path (/root/thelab01/workbench_grp/chemistry_test_tube03_0001/GEO) but MaterialBindingAPI is not applied on the prim
Warning: in BindingsAtPrim at line 671 of D:\__projects\_programming\vcpkg\buildtrees\usd\src\v25.11-c5a1a786cc.clean\pxr\usd\usdShade\materialBindingAPI.cpp -- Found material bindings on prim at path (/root/thelab01/workbench_grp/chemistry_test_tube03_0002/GEO) but MaterialBindingAPI is not applied on the prim
Warning: in BindingsAtPrim at line 671 of D:\__projects\_programming\vcpkg\buildtrees\usd\src\v25.11-c5a1a786cc.clean\pxr\usd\usdShade\materialBindingAPI.cpp -- Found material bindings on prim at path (/root/thelab01/workbench_grp/chemistry_test_tube03_0002/GEO) but MaterialBindingAPI is not applied on the prim
Warning: in BindingsAtPrim at line 671 of D:\__projects\_programming\vcpkg\buildtrees\usd\src\v25.11-c5a1a786cc.clean\pxr\usd\usdShade\materialBindingAPI.cpp -- Found material bindings on prim at path (/root/thelab01/workbench_grp/chemistry_test_tube02_0002/GEO) but MaterialBindingAPI is not applied on the prim
Warning: in BindingsAtPrim at line 671 of D:\__projects\_programming\vcpkg\buildtrees\usd\src\v25.11-c5a1a786cc.clean\pxr\usd\usdShade\materialBindingAPI.cpp -- Found material bindings on prim at path (/root/thelab01/workbench_grp/chemistry_test_tube02_0002/GEO) but MaterialBindingAPI is not applied on the prim
Warning: in BindingsAtPrim at line 671 of D:\__projects\_programming\vcpkg\buildtrees\usd\src\v25.11-c5a1a786cc.clean\pxr\usd\usdShade\materialBindingAPI.cpp -- Found material bindings on prim at path (/root/thelab01/workbench_grp/chemistry_test_tube01_0002/GEO) but MaterialBindingAPI is not applied on the prim
Warning: in BindingsAtPrim at line 671 of D:\__projects\_programming\vcpkg\buildtrees\usd\src\v25.11-c5a1a786cc.clean\pxr\usd\usdShade\materialBindingAPI.cpp -- Found material bindings on prim at path (/root/thelab01/workbench_grp/chemistry_test_tube01_0002/GEO) but MaterialBindingAPI is not applied on the prim
Warning: in BindingsAtPrim at line 671 of D:\__projects\_programming\vcpkg\buildtrees\usd\src\v25.11-c5a1a786cc.clean\pxr\usd\usdShade\materialBindingAPI.cpp -- Found material bindings on prim at path (/root/thelab01/workbench_grp/chemistry_test_tube03_0003/GEO) but MaterialBindingAPI is not applied on the prim
Warning: in BindingsAtPrim at line 671 of D:\__projects\_programming\vcpkg\buildtrees\usd\src\v25.11-c5a1a786cc.clean\pxr\usd\usdShade\materialBindingAPI.cpp -- Found material bindings on prim at path (/root/thelab01/workbench_grp/chemistry_test_tube03_0003/GEO) but MaterialBindingAPI is not applied on the prim
Warning: in BindingsAtPrim at line 671 of D:\__projects\_programming\vcpkg\buildtrees\usd\src\v25.11-c5a1a786cc.clean\pxr\usd\usdShade\materialBindingAPI.cpp -- Found material bindings on prim at path (/root/thelab01/workbench_grp/electronics_spoolrack_0001/GEO) but MaterialBindingAPI is not applied on the prim
Warning: in BindingsAtPrim at line 671 of D:\__projects\_programming\vcpkg\buildtrees\usd\src\v25.11-c5a1a786cc.clean\pxr\usd\usdShade\materialBindingAPI.cpp -- Found material bindings on prim at path (/root/thelab01/workbench_grp/electronics_spoolrack_0001/GEO) but MaterialBindingAPI is not applied on the prim
Warning: in BindingsAtPrim at line 671 of D:\__projects\_programming\vcpkg\buildtrees\usd\src\v25.11-c5a1a786cc.clean\pxr\usd\usdShade\materialBindingAPI.cpp -- Found material bindings on prim at path (/root/thelab01/workbench_grp/electronics_spoolrack_0001/GEO) but MaterialBindingAPI is not applied on the prim
Warning: in BindingsAtPrim at line 671 of D:\__projects\_programming\vcpkg\buildtrees\usd\src\v25.11-c5a1a786cc.clean\pxr\usd\usdShade\materialBindingAPI.cpp -- Found material bindings on prim at path (/root/thelab01/workbench_grp/chemistry_beaker_rack01_0002/GEO) but MaterialBindingAPI is not applied on the prim
Warning: in BindingsAtPrim at line 671 of D:\__projects\_programming\vcpkg\buildtrees\usd\src\v25.11-c5a1a786cc.clean\pxr\usd\usdShade\materialBindingAPI.cpp -- Found material bindings on prim at path (/root/thelab01/workbench_grp/chemistry_beaker_rack01_0002/GEO) but MaterialBindingAPI is not applied on the prim
Warning: in BindingsAtPrim at line 671 of D:\__projects\_programming\vcpkg\buildtrees\usd\src\v25.11-c5a1a786cc.clean\pxr\usd\usdShade\materialBindingAPI.cpp -- Found material bindings on prim at path (/root/thelab01/workbench_grp/chemistry_test_tube01_0003/GEO) but MaterialBindingAPI is not applied on the prim
Warning: in BindingsAtPrim at line 671 of D:\__projects\_programming\vcpkg\buildtrees\usd\src\v25.11-c5a1a786cc.clean\pxr\usd\usdShade\materialBindingAPI.cpp -- Found material bindings on prim at path (/root/thelab01/workbench_grp/chemistry_test_tube01_0003/GEO) but MaterialBindingAPI is not applied on the prim
Warning: in BindingsAtPrim at line 671 of D:\__projects\_programming\vcpkg\buildtrees\usd\src\v25.11-c5a1a786cc.clean\pxr\usd\usdShade\materialBindingAPI.cpp -- Found material bindings on prim at path (/root/thelab01/workbench_grp/chemistry_test_tube01_0004/GEO) but MaterialBindingAPI is not applied on the prim
Warning: in BindingsAtPrim at line 671 of D:\__projects\_programming\vcpkg\buildtrees\usd\src\v25.11-c5a1a786cc.clean\pxr\usd\usdShade\materialBindingAPI.cpp -- Found material bindings on prim at path (/root/thelab01/workbench_grp/chemistry_test_tube01_0004/GEO) but MaterialBindingAPI is not applied on the prim
Warning: in BindingsAtPrim at line 671 of D:\__projects\_programming\vcpkg\buildtrees\usd\src\v25.11-c5a1a786cc.clean\pxr\usd\usdShade\materialBindingAPI.cpp -- Found material bindings on prim at path (/root/thelab01/workbench_grp/chemistry_test_tube02_0004/GEO) but MaterialBindingAPI is not applied on the prim
Warning: in BindingsAtPrim at line 671 of D:\__projects\_programming\vcpkg\buildtrees\usd\src\v25.11-c5a1a786cc.clean\pxr\usd\usdShade\materialBindingAPI.cpp -- Found material bindings on prim at path (/root/thelab01/workbench_grp/chemistry_test_tube02_0004/GEO) but MaterialBindingAPI is not applied on the prim
Warning: in BindingsAtPrim at line 671 of D:\__projects\_programming\vcpkg\buildtrees\usd\src\v25.11-c5a1a786cc.clean\pxr\usd\usdShade\materialBindingAPI.cpp -- Found material bindings on prim at path (/root/thelab01/workbench_grp/chemistry_test_tube03_0004/GEO) but MaterialBindingAPI is not applied on the prim
Warning: in BindingsAtPrim at line 671 of D:\__projects\_programming\vcpkg\buildtrees\usd\src\v25.11-c5a1a786cc.clean\pxr\usd\usdShade\materialBindingAPI.cpp -- Found material bindings on prim at path (/root/thelab01/workbench_grp/chemistry_test_tube03_0004/GEO) but MaterialBindingAPI is not applied on the prim
Warning: in BindingsAtPrim at line 671 of D:\__projects\_programming\vcpkg\buildtrees\usd\src\v25.11-c5a1a786cc.clean\pxr\usd\usdShade\materialBindingAPI.cpp -- Found material bindings on prim at path (/root/thelab01/workbench_grp/chemistry_test_tube03_0005/GEO) but MaterialBindingAPI is not applied on the prim
Warning: in BindingsAtPrim at line 671 of D:\__projects\_programming\vcpkg\buildtrees\usd\src\v25.11-c5a1a786cc.clean\pxr\usd\usdShade\materialBindingAPI.cpp -- Found material bindings on prim at path (/root/thelab01/workbench_grp/chemistry_test_tube03_0005/GEO) but MaterialBindingAPI is not applied on the prim
Warning: in BindingsAtPrim at line 671 of D:\__projects\_programming\vcpkg\buildtrees\usd\src\v25.11-c5a1a786cc.clean\pxr\usd\usdShade\materialBindingAPI.cpp -- Found material bindings on prim at path (/root/thelab01/workbench_grp/chemistry_test_tube03_0006/GEO) but MaterialBindingAPI is not applied on the prim
Warning: in BindingsAtPrim at line 671 of D:\__projects\_programming\vcpkg\buildtrees\usd\src\v25.11-c5a1a786cc.clean\pxr\usd\usdShade\materialBindingAPI.cpp -- Found material bindings on prim at path (/root/thelab01/workbench_grp/chemistry_test_tube03_0006/GEO) but MaterialBindingAPI is not applied on the prim
Warning: in BindingsAtPrim at line 671 of D:\__projects\_programming\vcpkg\buildtrees\usd\src\v25.11-c5a1a786cc.clean\pxr\usd\usdShade\materialBindingAPI.cpp -- Found material bindings on prim at path (/root/thelab01/workbench_grp/chemistry_test_tube02_0005/GEO) but MaterialBindingAPI is not applied on the prim
Warning: in BindingsAtPrim at line 671 of D:\__projects\_programming\vcpkg\buildtrees\usd\src\v25.11-c5a1a786cc.clean\pxr\usd\usdShade\materialBindingAPI.cpp -- Found material bindings on prim at path (/root/thelab01/workbench_grp/chemistry_test_tube02_0005/GEO) but MaterialBindingAPI is not applied on the prim
Warning: in BindingsAtPrim at line 671 of D:\__projects\_programming\vcpkg\buildtrees\usd\src\v25.11-c5a1a786cc.clean\pxr\usd\usdShade\materialBindingAPI.cpp -- Found material bindings on prim at path (/root/thelab01/workbench_grp/chemistry_test_tube02_0006/GEO) but MaterialBindingAPI is not applied on the prim
Warning: in BindingsAtPrim at line 671 of D:\__projects\_programming\vcpkg\buildtrees\usd\src\v25.11-c5a1a786cc.clean\pxr\usd\usdShade\materialBindingAPI.cpp -- Found material bindings on prim at path (/root/thelab01/workbench_grp/chemistry_test_tube02_0006/GEO) but MaterialBindingAPI is not applied on the prim
Warning: in BindingsAtPrim at line 671 of D:\__projects\_programming\vcpkg\buildtrees\usd\src\v25.11-c5a1a786cc.clean\pxr\usd\usdShade\materialBindingAPI.cpp -- Found material bindings on prim at path (/root/thelab01/workbench_grp/chemistry_test_tube02_0007/GEO) but MaterialBindingAPI is not applied on the prim
Warning: in BindingsAtPrim at line 671 of D:\__projects\_programming\vcpkg\buildtrees\usd\src\v25.11-c5a1a786cc.clean\pxr\usd\usdShade\materialBindingAPI.cpp -- Found material bindings on prim at path (/root/thelab01/workbench_grp/chemistry_test_tube02_0007/GEO) but MaterialBindingAPI is not applied on the prim
Warning: in BindingsAtPrim at line 671 of D:\__projects\_programming\vcpkg\buildtrees\usd\src\v25.11-c5a1a786cc.clean\pxr\usd\usdShade\materialBindingAPI.cpp -- Found material bindings on prim at path (/root/thelab01/workbench_grp/chemistry_test_tube02_0008/GEO) but MaterialBindingAPI is not applied on the prim
Warning: in BindingsAtPrim at line 671 of D:\__projects\_programming\vcpkg\buildtrees\usd\src\v25.11-c5a1a786cc.clean\pxr\usd\usdShade\materialBindingAPI.cpp -- Found material bindings on prim at path (/root/thelab01/workbench_grp/chemistry_test_tube02_0008/GEO) but MaterialBindingAPI is not applied on the prim
Warning: in BindingsAtPrim at line 671 of D:\__projects\_programming\vcpkg\buildtrees\usd\src\v25.11-c5a1a786cc.clean\pxr\usd\usdShade\materialBindingAPI.cpp -- Found material bindings on prim at path (/root/thelab01/workbench_grp/chemistry_test_tube03_0007/GEO) but MaterialBindingAPI is not applied on the prim
Warning: in BindingsAtPrim at line 671 of D:\__projects\_programming\vcpkg\buildtrees\usd\src\v25.11-c5a1a786cc.clean\pxr\usd\usdShade\materialBindingAPI.cpp -- Found material bindings on prim at path (/root/thelab01/workbench_grp/chemistry_test_tube03_0007/GEO) but MaterialBindingAPI is not applied on the prim
Warning: in BindingsAtPrim at line 671 of D:\__projects\_programming\vcpkg\buildtrees\usd\src\v25.11-c5a1a786cc.clean\pxr\usd\usdShade\materialBindingAPI.cpp -- Found material bindings on prim at path (/root/thelab01/workbench_grp/chemistry_beaker_rack01_0003/GEO) but MaterialBindingAPI is not applied on the prim
Warning: in BindingsAtPrim at line 671 of D:\__projects\_programming\vcpkg\buildtrees\usd\src\v25.11-c5a1a786cc.clean\pxr\usd\usdShade\materialBindingAPI.cpp -- Found material bindings on prim at path (/root/thelab01/workbench_grp/chemistry_beaker_rack01_0003/GEO) but MaterialBindingAPI is not applied on the prim
Warning: in BindingsAtPrim at line 671 of D:\__projects\_programming\vcpkg\buildtrees\usd\src\v25.11-c5a1a786cc.clean\pxr\usd\usdShade\materialBindingAPI.cpp -- Found material bindings on prim at path (/root/thelab01/workbench_grp/chemistry_test_tube01_0005/GEO) but MaterialBindingAPI is not applied on the prim
Warning: in BindingsAtPrim at line 671 of D:\__projects\_programming\vcpkg\buildtrees\usd\src\v25.11-c5a1a786cc.clean\pxr\usd\usdShade\materialBindingAPI.cpp -- Found material bindings on prim at path (/root/thelab01/workbench_grp/chemistry_test_tube01_0005/GEO) but MaterialBindingAPI is not applied on the prim
Warning: in BindingsAtPrim at line 671 of D:\__projects\_programming\vcpkg\buildtrees\usd\src\v25.11-c5a1a786cc.clean\pxr\usd\usdShade\materialBindingAPI.cpp -- Found material bindings on prim at path (/root/thelab01/workbench_grp/chemistry_test_tube01_0006/GEO) but MaterialBindingAPI is not applied on the prim
Warning: in BindingsAtPrim at line 671 of D:\__projects\_programming\vcpkg\buildtrees\usd\src\v25.11-c5a1a786cc.clean\pxr\usd\usdShade\materialBindingAPI.cpp -- Found material bindings on prim at path (/root/thelab01/workbench_grp/chemistry_test_tube01_0006/GEO) but MaterialBindingAPI is not applied on the prim
Warning: in BindingsAtPrim at line 671 of D:\__projects\_programming\vcpkg\buildtrees\usd\src\v25.11-c5a1a786cc.clean\pxr\usd\usdShade\materialBindingAPI.cpp -- Found material bindings on prim at path (/root/thelab01/workbench_grp/chemistry_test_tube03_0008/GEO) but MaterialBindingAPI is not applied on the prim
Warning: in BindingsAtPrim at line 671 of D:\__projects\_programming\vcpkg\buildtrees\usd\src\v25.11-c5a1a786cc.clean\pxr\usd\usdShade\materialBindingAPI.cpp -- Found material bindings on prim at path (/root/thelab01/workbench_grp/chemistry_test_tube03_0008/GEO) but MaterialBindingAPI is not applied on the prim
Warning: in BindingsAtPrim at line 671 of D:\__projects\_programming\vcpkg\buildtrees\usd\src\v25.11-c5a1a786cc.clean\pxr\usd\usdShade\materialBindingAPI.cpp -- Found material bindings on prim at path (/root/thelab01/workbench_grp/chemistry_test_tube03_0009/GEO) but MaterialBindingAPI is not applied on the prim
Warning: in BindingsAtPrim at line 671 of D:\__projects\_programming\vcpkg\buildtrees\usd\src\v25.11-c5a1a786cc.clean\pxr\usd\usdShade\materialBindingAPI.cpp -- Found material bindings on prim at path (/root/thelab01/workbench_grp/chemistry_test_tube03_0009/GEO) but MaterialBindingAPI is not applied on the prim
Warning: in BindingsAtPrim at line 671 of D:\__projects\_programming\vcpkg\buildtrees\usd\src\v25.11-c5a1a786cc.clean\pxr\usd\usdShade\materialBindingAPI.cpp -- Found material bindings on prim at path (/root/thelab01/workbench_grp/chemistry_beaker_rack01_0004/GEO) but MaterialBindingAPI is not applied on the prim
Warning: in BindingsAtPrim at line 671 of D:\__projects\_programming\vcpkg\buildtrees\usd\src\v25.11-c5a1a786cc.clean\pxr\usd\usdShade\materialBindingAPI.cpp -- Found material bindings on prim at path (/root/thelab01/workbench_grp/chemistry_beaker_rack01_0004/GEO) but MaterialBindingAPI is not applied on the prim
Warning: in BindingsAtPrim at line 671 of D:\__projects\_programming\vcpkg\buildtrees\usd\src\v25.11-c5a1a786cc.clean\pxr\usd\usdShade\materialBindingAPI.cpp -- Found material bindings on prim at path (/root/thelab01/workbench_grp/chemistry_test_tube01_0007/GEO) but MaterialBindingAPI is not applied on the prim
Warning: in BindingsAtPrim at line 671 of D:\__projects\_programming\vcpkg\buildtrees\usd\src\v25.11-c5a1a786cc.clean\pxr\usd\usdShade\materialBindingAPI.cpp -- Found material bindings on prim at path (/root/thelab01/workbench_grp/chemistry_test_tube01_0007/GEO) but MaterialBindingAPI is not applied on the prim
Warning: in BindingsAtPrim at line 671 of D:\__projects\_programming\vcpkg\buildtrees\usd\src\v25.11-c5a1a786cc.clean\pxr\usd\usdShade\materialBindingAPI.cpp -- Found material bindings on prim at path (/root/thelab01/workbench_grp/chemistry_test_tube01_0008/GEO) but MaterialBindingAPI is not applied on the prim
Warning: in BindingsAtPrim at line 671 of D:\__projects\_programming\vcpkg\buildtrees\usd\src\v25.11-c5a1a786cc.clean\pxr\usd\usdShade\materialBindingAPI.cpp -- Found material bindings on prim at path (/root/thelab01/workbench_grp/chemistry_test_tube01_0008/GEO) but MaterialBindingAPI is not applied on the prim
Warning: in BindingsAtPrim at line 671 of D:\__projects\_programming\vcpkg\buildtrees\usd\src\v25.11-c5a1a786cc.clean\pxr\usd\usdShade\materialBindingAPI.cpp -- Found material bindings on prim at path (/root/thelab01/workbench_grp/chemistry_test_tube02_0009/GEO) but MaterialBindingAPI is not applied on the prim
Warning: in BindingsAtPrim at line 671 of D:\__projects\_programming\vcpkg\buildtrees\usd\src\v25.11-c5a1a786cc.clean\pxr\usd\usdShade\materialBindingAPI.cpp -- Found material bindings on prim at path (/root/thelab01/workbench_grp/chemistry_test_tube02_0009/GEO) but MaterialBindingAPI is not applied on the prim
Warning: in BindingsAtPrim at line 671 of D:\__projects\_programming\vcpkg\buildtrees\usd\src\v25.11-c5a1a786cc.clean\pxr\usd\usdShade\materialBindingAPI.cpp -- Found material bindings on prim at path (/root/thelab01/workbench_grp/chemistry_test_tube02_0010/GEO) but MaterialBindingAPI is not applied on the prim
Warning: in BindingsAtPrim at line 671 of D:\__projects\_programming\vcpkg\buildtrees\usd\src\v25.11-c5a1a786cc.clean\pxr\usd\usdShade\materialBindingAPI.cpp -- Found material bindings on prim at path (/root/thelab01/workbench_grp/chemistry_test_tube02_0010/GEO) but MaterialBindingAPI is not applied on the prim
Warning: in BindingsAtPrim at line 671 of D:\__projects\_programming\vcpkg\buildtrees\usd\src\v25.11-c5a1a786cc.clean\pxr\usd\usdShade\materialBindingAPI.cpp -- Found material bindings on prim at path (/root/thelab01/workbench_grp/chemistry_test_tube03_0010/GEO) but MaterialBindingAPI is not applied on the prim
Warning: in BindingsAtPrim at line 671 of D:\__projects\_programming\vcpkg\buildtrees\usd\src\v25.11-c5a1a786cc.clean\pxr\usd\usdShade\materialBindingAPI.cpp -- Found material bindings on prim at path (/root/thelab01/workbench_grp/chemistry_test_tube03_0010/GEO) but MaterialBindingAPI is not applied on the prim
Warning: in BindingsAtPrim at line 671 of D:\__projects\_programming\vcpkg\buildtrees\usd\src\v25.11-c5a1a786cc.clean\pxr\usd\usdShade\materialBindingAPI.cpp -- Found material bindings on prim at path (/root/thelab01/workbench_grp/chemistry_test_tube03_0011/GEO) but MaterialBindingAPI is not applied on the prim
Warning: in BindingsAtPrim at line 671 of D:\__projects\_programming\vcpkg\buildtrees\usd\src\v25.11-c5a1a786cc.clean\pxr\usd\usdShade\materialBindingAPI.cpp -- Found material bindings on prim at path (/root/thelab01/workbench_grp/chemistry_test_tube03_0011/GEO) but MaterialBindingAPI is not applied on the prim
Warning: in BindingsAtPrim at line 671 of D:\__projects\_programming\vcpkg\buildtrees\usd\src\v25.11-c5a1a786cc.clean\pxr\usd\usdShade\materialBindingAPI.cpp -- Found material bindings on prim at path (/root/thelab01/workbench_grp/chemistry_test_tube03_0012/GEO) but MaterialBindingAPI is not applied on the prim
Warning: in BindingsAtPrim at line 671 of D:\__projects\_programming\vcpkg\buildtrees\usd\src\v25.11-c5a1a786cc.clean\pxr\usd\usdShade\materialBindingAPI.cpp -- Found material bindings on prim at path (/root/thelab01/workbench_grp/chemistry_test_tube03_0012/GEO) but MaterialBindingAPI is not applied on the prim
Warning: in BindingsAtPrim at line 671 of D:\__projects\_programming\vcpkg\buildtrees\usd\src\v25.11-c5a1a786cc.clean\pxr\usd\usdShade\materialBindingAPI.cpp -- Found material bindings on prim at path (/root/thelab01/workbench_grp/books_encyclopedias01_0008/GEO) but MaterialBindingAPI is not applied on the prim
Warning: in BindingsAtPrim at line 671 of D:\__projects\_programming\vcpkg\buildtrees\usd\src\v25.11-c5a1a786cc.clean\pxr\usd\usdShade\materialBindingAPI.cpp -- Found material bindings on prim at path (/root/thelab01/workbench_grp/books_encyclopedias01_0008/GEO) but MaterialBindingAPI is not applied on the prim
Warning: in BindingsAtPrim at line 671 of D:\__projects\_programming\vcpkg\buildtrees\usd\src\v25.11-c5a1a786cc.clean\pxr\usd\usdShade\materialBindingAPI.cpp -- Found material bindings on prim at path (/root/thelab01/workbench_grp/books_encyclopedias01_0008/GEO) but MaterialBindingAPI is not applied on the prim
Warning: in BindingsAtPrim at line 671 of D:\__projects\_programming\vcpkg\buildtrees\usd\src\v25.11-c5a1a786cc.clean\pxr\usd\usdShade\materialBindingAPI.cpp -- Found material bindings on prim at path (/root/thelab01/workbench_grp/books_encyclopedias01_0008/GEO) but MaterialBindingAPI is not applied on the prim
Warning: in BindingsAtPrim at line 671 of D:\__projects\_programming\vcpkg\buildtrees\usd\src\v25.11-c5a1a786cc.clean\pxr\usd\usdShade\materialBindingAPI.cpp -- Found material bindings on prim at path (/root/thelab01/workbench_grp/books_encyclopedias01_0008/GEO) but MaterialBindingAPI is not applied on the prim
Warning: in BindingsAtPrim at line 671 of D:\__projects\_programming\vcpkg\buildtrees\usd\src\v25.11-c5a1a786cc.clean\pxr\usd\usdShade\materialBindingAPI.cpp -- Found material bindings on prim at path (/root/thelab01/workbench_grp/books_encyclopedias01_0008/GEO) but MaterialBindingAPI is not applied on the prim
Warning: in BindingsAtPrim at line 671 of D:\__projects\_programming\vcpkg\buildtrees\usd\src\v25.11-c5a1a786cc.clean\pxr\usd\usdShade\materialBindingAPI.cpp -- Found material bindings on prim at path (/root/thelab01/workbench_grp/books_encyclopedias01_0008/GEO) but MaterialBindingAPI is not applied on the prim
Warning: in BindingsAtPrim at line 671 of D:\__projects\_programming\vcpkg\buildtrees\usd\src\v25.11-c5a1a786cc.clean\pxr\usd\usdShade\materialBindingAPI.cpp -- Found material bindings on prim at path (/root/thelab01/workbench_grp/books_encyclopedias01_0008/GEO) but MaterialBindingAPI is not applied on the prim
Warning: in BindingsAtPrim at line 671 of D:\__projects\_programming\vcpkg\buildtrees\usd\src\v25.11-c5a1a786cc.clean\pxr\usd\usdShade\materialBindingAPI.cpp -- Found material bindings on prim at path (/root/thelab01/workbench_grp/books_encyclopedias01_0008/GEO) but MaterialBindingAPI is not applied on the prim
Warning: in BindingsAtPrim at line 671 of D:\__projects\_programming\vcpkg\buildtrees\usd\src\v25.11-c5a1a786cc.clean\pxr\usd\usdShade\materialBindingAPI.cpp -- Found material bindings on prim at path (/root/thelab01/workbench_grp/books_encyclopedias01_0008/GEO) but MaterialBindingAPI is not applied on the prim
Warning: in BindingsAtPrim at line 671 of D:\__projects\_programming\vcpkg\buildtrees\usd\src\v25.11-c5a1a786cc.clean\pxr\usd\usdShade\materialBindingAPI.cpp -- Found material bindings on prim at path (/root/thelab01/workbench_grp/books_encyclopedias01_0008/GEO) but MaterialBindingAPI is not applied on the prim
Warning: in BindingsAtPrim at line 671 of D:\__projects\_programming\vcpkg\buildtrees\usd\src\v25.11-c5a1a786cc.clean\pxr\usd\usdShade\materialBindingAPI.cpp -- Found material bindings on prim at path (/root/thelab01/workbench_grp/books_encyclopedias01_0008/GEO) but MaterialBindingAPI is not applied on the prim
Warning: in BindingsAtPrim at line 671 of D:\__projects\_programming\vcpkg\buildtrees\usd\src\v25.11-c5a1a786cc.clean\pxr\usd\usdShade\materialBindingAPI.cpp -- Found material bindings on prim at path (/root/thelab01/workbench_grp/books_encyclopedias01_0008/GEO) but MaterialBindingAPI is not applied on the prim
Warning: in BindingsAtPrim at line 671 of D:\__projects\_programming\vcpkg\buildtrees\usd\src\v25.11-c5a1a786cc.clean\pxr\usd\usdShade\materialBindingAPI.cpp -- Found material bindings on prim at path (/root/thelab01/workbench_grp/books_encyclopedias01_0008/GEO) but MaterialBindingAPI is not applied on the prim
Warning: in BindingsAtPrim at line 671 of D:\__projects\_programming\vcpkg\buildtrees\usd\src\v25.11-c5a1a786cc.clean\pxr\usd\usdShade\materialBindingAPI.cpp -- Found material bindings on prim at path (/root/thelab01/workbench_grp/books_encyclopedias01_0008/GEO) but MaterialBindingAPI is not applied on the prim
Warning: in BindingsAtPrim at line 671 of D:\__projects\_programming\vcpkg\buildtrees\usd\src\v25.11-c5a1a786cc.clean\pxr\usd\usdShade\materialBindingAPI.cpp -- Found material bindings on prim at path (/root/thelab01/workbench_grp/books_encyclopedias01_0008/GEO) but MaterialBindingAPI is not applied on the prim
Warning: in BindingsAtPrim at line 671 of D:\__projects\_programming\vcpkg\buildtrees\usd\src\v25.11-c5a1a786cc.clean\pxr\usd\usdShade\materialBindingAPI.cpp -- Found material bindings on prim at path (/root/thelab01/workbench_grp/books_encyclopedias01_0008/GEO) but MaterialBindingAPI is not applied on the prim
Warning: in BindingsAtPrim at line 671 of D:\__projects\_programming\vcpkg\buildtrees\usd\src\v25.11-c5a1a786cc.clean\pxr\usd\usdShade\materialBindingAPI.cpp -- Found material bindings on prim at path (/root/thelab01/workbench_grp/books_encyclopedias01_0008/GEO) but MaterialBindingAPI is not applied on the prim
Warning: in BindingsAtPrim at line 671 of D:\__projects\_programming\vcpkg\buildtrees\usd\src\v25.11-c5a1a786cc.clean\pxr\usd\usdShade\materialBindingAPI.cpp -- Found material bindings on prim at path (/root/thelab01/workbench_grp/toy_box02_0002/GEO) but MaterialBindingAPI is not applied on the prim
Warning: in BindingsAtPrim at line 671 of D:\__projects\_programming\vcpkg\buildtrees\usd\src\v25.11-c5a1a786cc.clean\pxr\usd\usdShade\materialBindingAPI.cpp -- Found material bindings on prim at path (/root/thelab01/workbench_grp/toy_box02_0002/GEO) but MaterialBindingAPI is not applied on the prim
Warning: in BindingsAtPrim at line 671 of D:\__projects\_programming\vcpkg\buildtrees\usd\src\v25.11-c5a1a786cc.clean\pxr\usd\usdShade\materialBindingAPI.cpp -- Found material bindings on prim at path (/root/thelab01/workbench_grp/toy_box02_0003/GEO) but MaterialBindingAPI is not applied on the prim
Warning: in BindingsAtPrim at line 671 of D:\__projects\_programming\vcpkg\buildtrees\usd\src\v25.11-c5a1a786cc.clean\pxr\usd\usdShade\materialBindingAPI.cpp -- Found material bindings on prim at path (/root/thelab01/workbench_grp/toy_box02_0003/GEO) but MaterialBindingAPI is not applied on the prim
Warning: in BindingsAtPrim at line 671 of D:\__projects\_programming\vcpkg\buildtrees\usd\src\v25.11-c5a1a786cc.clean\pxr\usd\usdShade\materialBindingAPI.cpp -- Found material bindings on prim at path (/root/thelab01/workbench_grp/toy_box03_0003/GEO) but MaterialBindingAPI is not applied on the prim
Warning: in BindingsAtPrim at line 671 of D:\__projects\_programming\vcpkg\buildtrees\usd\src\v25.11-c5a1a786cc.clean\pxr\usd\usdShade\materialBindingAPI.cpp -- Found material bindings on prim at path (/root/thelab01/workbench_grp/toy_box03_0003/GEO) but MaterialBindingAPI is not applied on the prim
Warning: in BindingsAtPrim at line 671 of D:\__projects\_programming\vcpkg\buildtrees\usd\src\v25.11-c5a1a786cc.clean\pxr\usd\usdShade\materialBindingAPI.cpp -- Found material bindings on prim at path (/root/thelab01/workbench_grp/toy_box03_0003/GEO) but MaterialBindingAPI is not applied on the prim
Warning: in BindingsAtPrim at line 671 of D:\__projects\_programming\vcpkg\buildtrees\usd\src\v25.11-c5a1a786cc.clean\pxr\usd\usdShade\materialBindingAPI.cpp -- Found material bindings on prim at path (/root/thelab01/workbench_grp/books_magazines01_0002/GEO) but MaterialBindingAPI is not applied on the prim
Warning: in BindingsAtPrim at line 671 of D:\__projects\_programming\vcpkg\buildtrees\usd\src\v25.11-c5a1a786cc.clean\pxr\usd\usdShade\materialBindingAPI.cpp -- Found material bindings on prim at path (/root/thelab01/workbench_grp/books_magazines01_0002/GEO) but MaterialBindingAPI is not applied on the prim
Warning: in BindingsAtPrim at line 671 of D:\__projects\_programming\vcpkg\buildtrees\usd\src\v25.11-c5a1a786cc.clean\pxr\usd\usdShade\materialBindingAPI.cpp -- Found material bindings on prim at path (/root/thelab01/workbench_grp/books_magazines01_0002/GEO) but MaterialBindingAPI is not applied on the prim
Warning: in BindingsAtPrim at line 671 of D:\__projects\_programming\vcpkg\buildtrees\usd\src\v25.11-c5a1a786cc.clean\pxr\usd\usdShade\materialBindingAPI.cpp -- Found material bindings on prim at path (/root/thelab01/workbench_grp/books_magazines01_0002/GEO) but MaterialBindingAPI is not applied on the prim
Warning: in BindingsAtPrim at line 671 of D:\__projects\_programming\vcpkg\buildtrees\usd\src\v25.11-c5a1a786cc.clean\pxr\usd\usdShade\materialBindingAPI.cpp -- Found material bindings on prim at path (/root/thelab01/workbench_grp/books_magazines01_0002/GEO) but MaterialBindingAPI is not applied on the prim
Warning: in BindingsAtPrim at line 671 of D:\__projects\_programming\vcpkg\buildtrees\usd\src\v25.11-c5a1a786cc.clean\pxr\usd\usdShade\materialBindingAPI.cpp -- Found material bindings on prim at path (/root/thelab01/workbench_grp/books_magazines01_0002/GEO) but MaterialBindingAPI is not applied on the prim
Warning: in BindingsAtPrim at line 671 of D:\__projects\_programming\vcpkg\buildtrees\usd\src\v25.11-c5a1a786cc.clean\pxr\usd\usdShade\materialBindingAPI.cpp -- Found material bindings on prim at path (/root/thelab01/workbench_grp/books_magazines01_0002/GEO) but MaterialBindingAPI is not applied on the prim
Warning: in BindingsAtPrim at line 671 of D:\__projects\_programming\vcpkg\buildtrees\usd\src\v25.11-c5a1a786cc.clean\pxr\usd\usdShade\materialBindingAPI.cpp -- Found material bindings on prim at path (/root/thelab01/workbench_grp/books_magazines01_0002/GEO) but MaterialBindingAPI is not applied on the prim
Warning: in BindingsAtPrim at line 671 of D:\__projects\_programming\vcpkg\buildtrees\usd\src\v25.11-c5a1a786cc.clean\pxr\usd\usdShade\materialBindingAPI.cpp -- Found material bindings on prim at path (/root/thelab01/workbench_grp/books_magazines01_0002/GEO) but MaterialBindingAPI is not applied on the prim
Warning: in BindingsAtPrim at line 671 of D:\__projects\_programming\vcpkg\buildtrees\usd\src\v25.11-c5a1a786cc.clean\pxr\usd\usdShade\materialBindingAPI.cpp -- Found material bindings on prim at path (/root/thelab01/workbench_grp/books_magazines01_0002/GEO) but MaterialBindingAPI is not applied on the prim
Warning: in BindingsAtPrim at line 671 of D:\__projects\_programming\vcpkg\buildtrees\usd\src\v25.11-c5a1a786cc.clean\pxr\usd\usdShade\materialBindingAPI.cpp -- Found material bindings on prim at path (/root/thelab01/workbench_grp/books_magazines01_0002/GEO) but MaterialBindingAPI is not applied on the prim
Warning: in BindingsAtPrim at line 671 of D:\__projects\_programming\vcpkg\buildtrees\usd\src\v25.11-c5a1a786cc.clean\pxr\usd\usdShade\materialBindingAPI.cpp -- Found material bindings on prim at path (/root/thelab01/workbench_grp/books_magazines01_0002/GEO) but MaterialBindingAPI is not applied on the prim
Warning: in BindingsAtPrim at line 671 of D:\__projects\_programming\vcpkg\buildtrees\usd\src\v25.11-c5a1a786cc.clean\pxr\usd\usdShade\materialBindingAPI.cpp -- Found material bindings on prim at path (/root/thelab01/workbench_grp/books_magazines01_0002/GEO) but MaterialBindingAPI is not applied on the prim
Warning: in BindingsAtPrim at line 671 of D:\__projects\_programming\vcpkg\buildtrees\usd\src\v25.11-c5a1a786cc.clean\pxr\usd\usdShade\materialBindingAPI.cpp -- Found material bindings on prim at path (/root/thelab01/workbench_grp/books_magazines01_0002/GEO) but MaterialBindingAPI is not applied on the prim
Warning: in BindingsAtPrim at line 671 of D:\__projects\_programming\vcpkg\buildtrees\usd\src\v25.11-c5a1a786cc.clean\pxr\usd\usdShade\materialBindingAPI.cpp -- Found material bindings on prim at path (/root/thelab01/workbench_grp/books_magazines01_0002/GEO) but MaterialBindingAPI is not applied on the prim
Warning: in BindingsAtPrim at line 671 of D:\__projects\_programming\vcpkg\buildtrees\usd\src\v25.11-c5a1a786cc.clean\pxr\usd\usdShade\materialBindingAPI.cpp -- Found material bindings on prim at path (/root/thelab01/workbench_grp/books_magazines01_0002/GEO) but MaterialBindingAPI is not applied on the prim
Warning: in BindingsAtPrim at line 671 of D:\__projects\_programming\vcpkg\buildtrees\usd\src\v25.11-c5a1a786cc.clean\pxr\usd\usdShade\materialBindingAPI.cpp -- Found material bindings on prim at path (/root/thelab01/workbench_grp/books_magazines01_0002/GEO) but MaterialBindingAPI is not applied on the prim
Warning: in BindingsAtPrim at line 671 of D:\__projects\_programming\vcpkg\buildtrees\usd\src\v25.11-c5a1a786cc.clean\pxr\usd\usdShade\materialBindingAPI.cpp -- Found material bindings on prim at path (/root/thelab01/workbench_grp/books_magazines01_0002/GEO) but MaterialBindingAPI is not applied on the prim
Warning: in BindingsAtPrim at line 671 of D:\__projects\_programming\vcpkg\buildtrees\usd\src\v25.11-c5a1a786cc.clean\pxr\usd\usdShade\materialBindingAPI.cpp -- Found material bindings on prim at path (/root/thelab01/workbench_grp/books_magazines01_0002/GEO) but MaterialBindingAPI is not applied on the prim
Warning: in BindingsAtPrim at line 671 of D:\__projects\_programming\vcpkg\buildtrees\usd\src\v25.11-c5a1a786cc.clean\pxr\usd\usdShade\materialBindingAPI.cpp -- Found material bindings on prim at path (/root/thelab01/workbench_grp/books_magazines01_0002/GEO) but MaterialBindingAPI is not applied on the prim
Warning: in BindingsAtPrim at line 671 of D:\__projects\_programming\vcpkg\buildtrees\usd\src\v25.11-c5a1a786cc.clean\pxr\usd\usdShade\materialBindingAPI.cpp -- Found material bindings on prim at path (/root/thelab01/workbench_grp/books_magazines01_0002/GEO) but MaterialBindingAPI is not applied on the prim
Warning: in BindingsAtPrim at line 671 of D:\__projects\_programming\vcpkg\buildtrees\usd\src\v25.11-c5a1a786cc.clean\pxr\usd\usdShade\materialBindingAPI.cpp -- Found material bindings on prim at path (/root/thelab01/workbench_grp/books_magazines01_0002/GEO) but MaterialBindingAPI is not applied on the prim
Warning: in BindingsAtPrim at line 671 of D:\__projects\_programming\vcpkg\buildtrees\usd\src\v25.11-c5a1a786cc.clean\pxr\usd\usdShade\materialBindingAPI.cpp -- Found material bindings on prim at path (/root/thelab01/workbench_grp/books_magazines01_0002/GEO) but MaterialBindingAPI is not applied on the prim
Warning: in BindingsAtPrim at line 671 of D:\__projects\_programming\vcpkg\buildtrees\usd\src\v25.11-c5a1a786cc.clean\pxr\usd\usdShade\materialBindingAPI.cpp -- Found material bindings on prim at path (/root/thelab01/workbench_grp/books_magazines01_0002/GEO) but MaterialBindingAPI is not applied on the prim
Warning: in BindingsAtPrim at line 671 of D:\__projects\_programming\vcpkg\buildtrees\usd\src\v25.11-c5a1a786cc.clean\pxr\usd\usdShade\materialBindingAPI.cpp -- Found material bindings on prim at path (/root/thelab01/workbench_grp/books_magazines01_0002/GEO) but MaterialBindingAPI is not applied on the prim
Warning: in BindingsAtPrim at line 671 of D:\__projects\_programming\vcpkg\buildtrees\usd\src\v25.11-c5a1a786cc.clean\pxr\usd\usdShade\materialBindingAPI.cpp -- Found material bindings on prim at path (/root/thelab01/workbench_grp/books_magazines01_0002/GEO) but MaterialBindingAPI is not applied on the prim
Warning: in BindingsAtPrim at line 671 of D:\__projects\_programming\vcpkg\buildtrees\usd\src\v25.11-c5a1a786cc.clean\pxr\usd\usdShade\materialBindingAPI.cpp -- Found material bindings on prim at path (/root/thelab01/workbench_grp/books_magazines01_0002/GEO) but MaterialBindingAPI is not applied on the prim
Warning: in BindingsAtPrim at line 671 of D:\__projects\_programming\vcpkg\buildtrees\usd\src\v25.11-c5a1a786cc.clean\pxr\usd\usdShade\materialBindingAPI.cpp -- Found material bindings on prim at path (/root/thelab01/workbench_grp/books_magazines01_0002/GEO) but MaterialBindingAPI is not applied on the prim
Warning: in BindingsAtPrim at line 671 of D:\__projects\_programming\vcpkg\buildtrees\usd\src\v25.11-c5a1a786cc.clean\pxr\usd\usdShade\materialBindingAPI.cpp -- Found material bindings on prim at path (/root/thelab01/workbench_grp/books_magazines01_0002/GEO) but MaterialBindingAPI is not applied on the prim
Warning: in BindingsAtPrim at line 671 of D:\__projects\_programming\vcpkg\buildtrees\usd\src\v25.11-c5a1a786cc.clean\pxr\usd\usdShade\materialBindingAPI.cpp -- Found material bindings on prim at path (/root/thelab01/workbench_grp/books_magazines01_0002/GEO) but MaterialBindingAPI is not applied on the prim
Warning: in BindingsAtPrim at line 671 of D:\__projects\_programming\vcpkg\buildtrees\usd\src\v25.11-c5a1a786cc.clean\pxr\usd\usdShade\materialBindingAPI.cpp -- Found material bindings on prim at path (/root/thelab01/workbench_grp/books_magazines01_0002/GEO) but MaterialBindingAPI is not applied on the prim
Warning: in BindingsAtPrim at line 671 of D:\__projects\_programming\vcpkg\buildtrees\usd\src\v25.11-c5a1a786cc.clean\pxr\usd\usdShade\materialBindingAPI.cpp -- Found material bindings on prim at path (/root/thelab01/workbench_grp/books_magazines01_0002/GEO) but MaterialBindingAPI is not applied on the prim
Warning: in BindingsAtPrim at line 671 of D:\__projects\_programming\vcpkg\buildtrees\usd\src\v25.11-c5a1a786cc.clean\pxr\usd\usdShade\materialBindingAPI.cpp -- Found material bindings on prim at path (/root/thelab01/workbench_grp/books_magazines01_0002/GEO) but MaterialBindingAPI is not applied on the prim
Warning: in BindingsAtPrim at line 671 of D:\__projects\_programming\vcpkg\buildtrees\usd\src\v25.11-c5a1a786cc.clean\pxr\usd\usdShade\materialBindingAPI.cpp -- Found material bindings on prim at path (/root/thelab01/workbench_grp/books_magazines01_0002/GEO) but MaterialBindingAPI is not applied on the prim
Warning: in BindingsAtPrim at line 671 of D:\__projects\_programming\vcpkg\buildtrees\usd\src\v25.11-c5a1a786cc.clean\pxr\usd\usdShade\materialBindingAPI.cpp -- Found material bindings on prim at path (/root/thelab01/workbench_grp/books_magazines01_0003/GEO) but MaterialBindingAPI is not applied on the prim
Warning: in BindingsAtPrim at line 671 of D:\__projects\_programming\vcpkg\buildtrees\usd\src\v25.11-c5a1a786cc.clean\pxr\usd\usdShade\materialBindingAPI.cpp -- Found material bindings on prim at path (/root/thelab01/workbench_grp/books_magazines01_0003/GEO) but MaterialBindingAPI is not applied on the prim
Warning: in BindingsAtPrim at line 671 of D:\__projects\_programming\vcpkg\buildtrees\usd\src\v25.11-c5a1a786cc.clean\pxr\usd\usdShade\materialBindingAPI.cpp -- Found material bindings on prim at path (/root/thelab01/workbench_grp/books_magazines01_0003/GEO) but MaterialBindingAPI is not applied on the prim
Warning: in BindingsAtPrim at line 671 of D:\__projects\_programming\vcpkg\buildtrees\usd\src\v25.11-c5a1a786cc.clean\pxr\usd\usdShade\materialBindingAPI.cpp -- Found material bindings on prim at path (/root/thelab01/workbench_grp/books_magazines01_0003/GEO) but MaterialBindingAPI is not applied on the prim
Warning: in BindingsAtPrim at line 671 of D:\__projects\_programming\vcpkg\buildtrees\usd\src\v25.11-c5a1a786cc.clean\pxr\usd\usdShade\materialBindingAPI.cpp -- Found material bindings on prim at path (/root/thelab01/workbench_grp/books_magazines01_0003/GEO) but MaterialBindingAPI is not applied on the prim
Warning: in BindingsAtPrim at line 671 of D:\__projects\_programming\vcpkg\buildtrees\usd\src\v25.11-c5a1a786cc.clean\pxr\usd\usdShade\materialBindingAPI.cpp -- Found material bindings on prim at path (/root/thelab01/workbench_grp/books_magazines01_0003/GEO) but MaterialBindingAPI is not applied on the prim
Warning: in BindingsAtPrim at line 671 of D:\__projects\_programming\vcpkg\buildtrees\usd\src\v25.11-c5a1a786cc.clean\pxr\usd\usdShade\materialBindingAPI.cpp -- Found material bindings on prim at path (/root/thelab01/workbench_grp/books_magazines01_0003/GEO) but MaterialBindingAPI is not applied on the prim
Warning: in BindingsAtPrim at line 671 of D:\__projects\_programming\vcpkg\buildtrees\usd\src\v25.11-c5a1a786cc.clean\pxr\usd\usdShade\materialBindingAPI.cpp -- Found material bindings on prim at path (/root/thelab01/workbench_grp/books_magazines01_0003/GEO) but MaterialBindingAPI is not applied on the prim
Warning: in BindingsAtPrim at line 671 of D:\__projects\_programming\vcpkg\buildtrees\usd\src\v25.11-c5a1a786cc.clean\pxr\usd\usdShade\materialBindingAPI.cpp -- Found material bindings on prim at path (/root/thelab01/workbench_grp/books_magazines01_0003/GEO) but MaterialBindingAPI is not applied on the prim
Warning: in BindingsAtPrim at line 671 of D:\__projects\_programming\vcpkg\buildtrees\usd\src\v25.11-c5a1a786cc.clean\pxr\usd\usdShade\materialBindingAPI.cpp -- Found material bindings on prim at path (/root/thelab01/workbench_grp/books_magazines01_0003/GEO) but MaterialBindingAPI is not applied on the prim
Warning: in BindingsAtPrim at line 671 of D:\__projects\_programming\vcpkg\buildtrees\usd\src\v25.11-c5a1a786cc.clean\pxr\usd\usdShade\materialBindingAPI.cpp -- Found material bindings on prim at path (/root/thelab01/workbench_grp/books_magazines01_0003/GEO) but MaterialBindingAPI is not applied on the prim
Warning: in BindingsAtPrim at line 671 of D:\__projects\_programming\vcpkg\buildtrees\usd\src\v25.11-c5a1a786cc.clean\pxr\usd\usdShade\materialBindingAPI.cpp -- Found material bindings on prim at path (/root/thelab01/workbench_grp/books_magazines01_0003/GEO) but MaterialBindingAPI is not applied on the prim
Warning: in BindingsAtPrim at line 671 of D:\__projects\_programming\vcpkg\buildtrees\usd\src\v25.11-c5a1a786cc.clean\pxr\usd\usdShade\materialBindingAPI.cpp -- Found material bindings on prim at path (/root/thelab01/workbench_grp/books_magazines01_0003/GEO) but MaterialBindingAPI is not applied on the prim
Warning: in BindingsAtPrim at line 671 of D:\__projects\_programming\vcpkg\buildtrees\usd\src\v25.11-c5a1a786cc.clean\pxr\usd\usdShade\materialBindingAPI.cpp -- Found material bindings on prim at path (/root/thelab01/workbench_grp/books_magazines01_0003/GEO) but MaterialBindingAPI is not applied on the prim
Warning: in BindingsAtPrim at line 671 of D:\__projects\_programming\vcpkg\buildtrees\usd\src\v25.11-c5a1a786cc.clean\pxr\usd\usdShade\materialBindingAPI.cpp -- Found material bindings on prim at path (/root/thelab01/workbench_grp/books_magazines01_0003/GEO) but MaterialBindingAPI is not applied on the prim
Warning: in BindingsAtPrim at line 671 of D:\__projects\_programming\vcpkg\buildtrees\usd\src\v25.11-c5a1a786cc.clean\pxr\usd\usdShade\materialBindingAPI.cpp -- Found material bindings on prim at path (/root/thelab01/workbench_grp/books_magazines01_0003/GEO) but MaterialBindingAPI is not applied on the prim
Warning: in BindingsAtPrim at line 671 of D:\__projects\_programming\vcpkg\buildtrees\usd\src\v25.11-c5a1a786cc.clean\pxr\usd\usdShade\materialBindingAPI.cpp -- Found material bindings on prim at path (/root/thelab01/workbench_grp/books_magazines01_0003/GEO) but MaterialBindingAPI is not applied on the prim
Warning: in BindingsAtPrim at line 671 of D:\__projects\_programming\vcpkg\buildtrees\usd\src\v25.11-c5a1a786cc.clean\pxr\usd\usdShade\materialBindingAPI.cpp -- Found material bindings on prim at path (/root/thelab01/workbench_grp/books_magazines01_0003/GEO) but MaterialBindingAPI is not applied on the prim
Warning: in BindingsAtPrim at line 671 of D:\__projects\_programming\vcpkg\buildtrees\usd\src\v25.11-c5a1a786cc.clean\pxr\usd\usdShade\materialBindingAPI.cpp -- Found material bindings on prim at path (/root/thelab01/workbench_grp/books_magazines01_0003/GEO) but MaterialBindingAPI is not applied on the prim
Warning: in BindingsAtPrim at line 671 of D:\__projects\_programming\vcpkg\buildtrees\usd\src\v25.11-c5a1a786cc.clean\pxr\usd\usdShade\materialBindingAPI.cpp -- Found material bindings on prim at path (/root/thelab01/workbench_grp/books_magazines01_0003/GEO) but MaterialBindingAPI is not applied on the prim
Warning: in BindingsAtPrim at line 671 of D:\__projects\_programming\vcpkg\buildtrees\usd\src\v25.11-c5a1a786cc.clean\pxr\usd\usdShade\materialBindingAPI.cpp -- Found material bindings on prim at path (/root/thelab01/workbench_grp/books_magazines01_0003/GEO) but MaterialBindingAPI is not applied on the prim
Warning: in BindingsAtPrim at line 671 of D:\__projects\_programming\vcpkg\buildtrees\usd\src\v25.11-c5a1a786cc.clean\pxr\usd\usdShade\materialBindingAPI.cpp -- Found material bindings on prim at path (/root/thelab01/workbench_grp/books_magazines01_0003/GEO) but MaterialBindingAPI is not applied on the prim
Warning: in BindingsAtPrim at line 671 of D:\__projects\_programming\vcpkg\buildtrees\usd\src\v25.11-c5a1a786cc.clean\pxr\usd\usdShade\materialBindingAPI.cpp -- Found material bindings on prim at path (/root/thelab01/workbench_grp/books_magazines01_0003/GEO) but MaterialBindingAPI is not applied on the prim
Warning: in BindingsAtPrim at line 671 of D:\__projects\_programming\vcpkg\buildtrees\usd\src\v25.11-c5a1a786cc.clean\pxr\usd\usdShade\materialBindingAPI.cpp -- Found material bindings on prim at path (/root/thelab01/workbench_grp/books_magazines01_0003/GEO) but MaterialBindingAPI is not applied on the prim
Warning: in BindingsAtPrim at line 671 of D:\__projects\_programming\vcpkg\buildtrees\usd\src\v25.11-c5a1a786cc.clean\pxr\usd\usdShade\materialBindingAPI.cpp -- Found material bindings on prim at path (/root/thelab01/workbench_grp/books_magazines01_0003/GEO) but MaterialBindingAPI is not applied on the prim
Warning: in BindingsAtPrim at line 671 of D:\__projects\_programming\vcpkg\buildtrees\usd\src\v25.11-c5a1a786cc.clean\pxr\usd\usdShade\materialBindingAPI.cpp -- Found material bindings on prim at path (/root/thelab01/workbench_grp/books_magazines01_0003/GEO) but MaterialBindingAPI is not applied on the prim
Warning: in BindingsAtPrim at line 671 of D:\__projects\_programming\vcpkg\buildtrees\usd\src\v25.11-c5a1a786cc.clean\pxr\usd\usdShade\materialBindingAPI.cpp -- Found material bindings on prim at path (/root/thelab01/workbench_grp/books_magazines01_0003/GEO) but MaterialBindingAPI is not applied on the prim
Warning: in BindingsAtPrim at line 671 of D:\__projects\_programming\vcpkg\buildtrees\usd\src\v25.11-c5a1a786cc.clean\pxr\usd\usdShade\materialBindingAPI.cpp -- Found material bindings on prim at path (/root/thelab01/workbench_grp/books_magazines01_0003/GEO) but MaterialBindingAPI is not applied on the prim
Warning: in BindingsAtPrim at line 671 of D:\__projects\_programming\vcpkg\buildtrees\usd\src\v25.11-c5a1a786cc.clean\pxr\usd\usdShade\materialBindingAPI.cpp -- Found material bindings on prim at path (/root/thelab01/workbench_grp/books_magazines01_0003/GEO) but MaterialBindingAPI is not applied on the prim
Warning: in BindingsAtPrim at line 671 of D:\__projects\_programming\vcpkg\buildtrees\usd\src\v25.11-c5a1a786cc.clean\pxr\usd\usdShade\materialBindingAPI.cpp -- Found material bindings on prim at path (/root/thelab01/workbench_grp/books_magazines01_0003/GEO) but MaterialBindingAPI is not applied on the prim
Warning: in BindingsAtPrim at line 671 of D:\__projects\_programming\vcpkg\buildtrees\usd\src\v25.11-c5a1a786cc.clean\pxr\usd\usdShade\materialBindingAPI.cpp -- Found material bindings on prim at path (/root/thelab01/workbench_grp/books_magazines01_0003/GEO) but MaterialBindingAPI is not applied on the prim
Warning: in BindingsAtPrim at line 671 of D:\__projects\_programming\vcpkg\buildtrees\usd\src\v25.11-c5a1a786cc.clean\pxr\usd\usdShade\materialBindingAPI.cpp -- Found material bindings on prim at path (/root/thelab01/workbench_grp/books_magazines01_0003/GEO) but MaterialBindingAPI is not applied on the prim
Warning: in BindingsAtPrim at line 671 of D:\__projects\_programming\vcpkg\buildtrees\usd\src\v25.11-c5a1a786cc.clean\pxr\usd\usdShade\materialBindingAPI.cpp -- Found material bindings on prim at path (/root/thelab01/workbench_grp/books_magazines01_0003/GEO) but MaterialBindingAPI is not applied on the prim
Warning: in BindingsAtPrim at line 671 of D:\__projects\_programming\vcpkg\buildtrees\usd\src\v25.11-c5a1a786cc.clean\pxr\usd\usdShade\materialBindingAPI.cpp -- Found material bindings on prim at path (/root/thelab01/workbench_grp/books_magazines01_0003/GEO) but MaterialBindingAPI is not applied on the prim
Warning: in BindingsAtPrim at line 671 of D:\__projects\_programming\vcpkg\buildtrees\usd\src\v25.11-c5a1a786cc.clean\pxr\usd\usdShade\materialBindingAPI.cpp -- Found material bindings on prim at path (/root/thelab01/workbench_grp/chemistry_bottle01_0005/GEO) but MaterialBindingAPI is not applied on the prim
Warning: in BindingsAtPrim at line 671 of D:\__projects\_programming\vcpkg\buildtrees\usd\src\v25.11-c5a1a786cc.clean\pxr\usd\usdShade\materialBindingAPI.cpp -- Found material bindings on prim at path (/root/thelab01/workbench_grp/chemistry_bottle02_0004/GEO) but MaterialBindingAPI is not applied on the prim
Warning: in BindingsAtPrim at line 671 of D:\__projects\_programming\vcpkg\buildtrees\usd\src\v25.11-c5a1a786cc.clean\pxr\usd\usdShade\materialBindingAPI.cpp -- Found material bindings on prim at path (/root/thelab01/workbench_grp/chemistry_bottle03_0004/GEO) but MaterialBindingAPI is not applied on the prim
Warning: in BindingsAtPrim at line 671 of D:\__projects\_programming\vcpkg\buildtrees\usd\src\v25.11-c5a1a786cc.clean\pxr\usd\usdShade\materialBindingAPI.cpp -- Found material bindings on prim at path (/root/thelab01/workbench_grp/chemistry_bottle03_0005/GEO) but MaterialBindingAPI is not applied on the prim
Warning: in BindingsAtPrim at line 671 of D:\__projects\_programming\vcpkg\buildtrees\usd\src\v25.11-c5a1a786cc.clean\pxr\usd\usdShade\materialBindingAPI.cpp -- Found material bindings on prim at path (/root/thelab01/workbench_grp/chemistry_bottle02_0005/GEO) but MaterialBindingAPI is not applied on the prim
Warning: in BindingsAtPrim at line 671 of D:\__projects\_programming\vcpkg\buildtrees\usd\src\v25.11-c5a1a786cc.clean\pxr\usd\usdShade\materialBindingAPI.cpp -- Found material bindings on prim at path (/root/thelab01/workbench_grp/chemistry_bottle01_0006/GEO) but MaterialBindingAPI is not applied on the prim
Warning: in BindingsAtPrim at line 671 of D:\__projects\_programming\vcpkg\buildtrees\usd\src\v25.11-c5a1a786cc.clean\pxr\usd\usdShade\materialBindingAPI.cpp -- Found material bindings on prim at path (/root/thelab01/workbench_grp/chemistry_bottle03_0006/GEO) but MaterialBindingAPI is not applied on the prim
Warning: in BindingsAtPrim at line 671 of D:\__projects\_programming\vcpkg\buildtrees\usd\src\v25.11-c5a1a786cc.clean\pxr\usd\usdShade\materialBindingAPI.cpp -- Found material bindings on prim at path (/root/thelab01/workbench_grp/chemistry_bottle01_0007/GEO) but MaterialBindingAPI is not applied on the prim
Warning: in BindingsAtPrim at line 671 of D:\__projects\_programming\vcpkg\buildtrees\usd\src\v25.11-c5a1a786cc.clean\pxr\usd\usdShade\materialBindingAPI.cpp -- Found material bindings on prim at path (/root/thelab01/workbench_grp/chemistry_bottle01_0008/GEO) but MaterialBindingAPI is not applied on the prim
Warning: in BindingsAtPrim at line 671 of D:\__projects\_programming\vcpkg\buildtrees\usd\src\v25.11-c5a1a786cc.clean\pxr\usd\usdShade\materialBindingAPI.cpp -- Found material bindings on prim at path (/root/thelab01/workbench_grp/chemistry_bottle02_0006/GEO) but MaterialBindingAPI is not applied on the prim
Warning: in BindingsAtPrim at line 671 of D:\__projects\_programming\vcpkg\buildtrees\usd\src\v25.11-c5a1a786cc.clean\pxr\usd\usdShade\materialBindingAPI.cpp -- Found material bindings on prim at path (/root/thelab01/workbench_grp/chemistry_bottle02_0007/GEO) but MaterialBindingAPI is not applied on the prim
Warning: in BindingsAtPrim at line 671 of D:\__projects\_programming\vcpkg\buildtrees\usd\src\v25.11-c5a1a786cc.clean\pxr\usd\usdShade\materialBindingAPI.cpp -- Found material bindings on prim at path (/root/thelab01/workbench_grp/chemistry_bottle03_0007/GEO) but MaterialBindingAPI is not applied on the prim
Warning: in BindingsAtPrim at line 671 of D:\__projects\_programming\vcpkg\buildtrees\usd\src\v25.11-c5a1a786cc.clean\pxr\usd\usdShade\materialBindingAPI.cpp -- Found material bindings on prim at path (/root/thelab01/workbench_grp/chemistry_bottle03_0008/GEO) but MaterialBindingAPI is not applied on the prim
Warning: in BindingsAtPrim at line 671 of D:\__projects\_programming\vcpkg\buildtrees\usd\src\v25.11-c5a1a786cc.clean\pxr\usd\usdShade\materialBindingAPI.cpp -- Found material bindings on prim at path (/root/thelab01/workbench_grp/chemistry_bottle03_0009/GEO) but MaterialBindingAPI is not applied on the prim
Warning: in BindingsAtPrim at line 671 of D:\__projects\_programming\vcpkg\buildtrees\usd\src\v25.11-c5a1a786cc.clean\pxr\usd\usdShade\materialBindingAPI.cpp -- Found material bindings on prim at path (/root/thelab01/workbench_grp/chemistry_bottle03_0010/GEO) but MaterialBindingAPI is not applied on the prim
Warning: in BindingsAtPrim at line 671 of D:\__projects\_programming\vcpkg\buildtrees\usd\src\v25.11-c5a1a786cc.clean\pxr\usd\usdShade\materialBindingAPI.cpp -- Found material bindings on prim at path (/root/thelab01/workbench_grp/toy_box01_0002/GEO) but MaterialBindingAPI is not applied on the prim
Warning: in BindingsAtPrim at line 671 of D:\__projects\_programming\vcpkg\buildtrees\usd\src\v25.11-c5a1a786cc.clean\pxr\usd\usdShade\materialBindingAPI.cpp -- Found material bindings on prim at path (/root/thelab01/workbench_grp/electronics_wire_spool02_0002/GEO) but MaterialBindingAPI is not applied on the prim
Warning: in BindingsAtPrim at line 671 of D:\__projects\_programming\vcpkg\buildtrees\usd\src\v25.11-c5a1a786cc.clean\pxr\usd\usdShade\materialBindingAPI.cpp -- Found material bindings on prim at path (/root/thelab01/workbench_grp/electronics_wire_spool02_0002/GEO) but MaterialBindingAPI is not applied on the prim
Warning: in BindingsAtPrim at line 671 of D:\__projects\_programming\vcpkg\buildtrees\usd\src\v25.11-c5a1a786cc.clean\pxr\usd\usdShade\materialBindingAPI.cpp -- Found material bindings on prim at path (/root/thelab01/workbench_grp/electronics_wire_spool02_0002/GEO) but MaterialBindingAPI is not applied on the prim
Warning: in BindingsAtPrim at line 671 of D:\__projects\_programming\vcpkg\buildtrees\usd\src\v25.11-c5a1a786cc.clean\pxr\usd\usdShade\materialBindingAPI.cpp -- Found material bindings on prim at path (/root/thelab01/workbench_grp/stationary_paper01_0002/GEO) but MaterialBindingAPI is not applied on the prim
Warning: in BindingsAtPrim at line 671 of D:\__projects\_programming\vcpkg\buildtrees\usd\src\v25.11-c5a1a786cc.clean\pxr\usd\usdShade\materialBindingAPI.cpp -- Found material bindings on prim at path (/root/thelab01/workbench_grp/stationary_paper01_0003/GEO) but MaterialBindingAPI is not applied on the prim
Warning: in BindingsAtPrim at line 671 of D:\__projects\_programming\vcpkg\buildtrees\usd\src\v25.11-c5a1a786cc.clean\pxr\usd\usdShade\materialBindingAPI.cpp -- Found material bindings on prim at path (/root/thelab01/workbench_grp/stationary_paper01_0004/GEO) but MaterialBindingAPI is not applied on the prim
Warning: in BindingsAtPrim at line 671 of D:\__projects\_programming\vcpkg\buildtrees\usd\src\v25.11-c5a1a786cc.clean\pxr\usd\usdShade\materialBindingAPI.cpp -- Found material bindings on prim at path (/root/thelab01/workbench_grp/chemistry_beaker_rack01_0005/GEO) but MaterialBindingAPI is not applied on the prim
Warning: in BindingsAtPrim at line 671 of D:\__projects\_programming\vcpkg\buildtrees\usd\src\v25.11-c5a1a786cc.clean\pxr\usd\usdShade\materialBindingAPI.cpp -- Found material bindings on prim at path (/root/thelab01/workbench_grp/chemistry_beaker_rack01_0005/GEO) but MaterialBindingAPI is not applied on the prim
Warning: in BindingsAtPrim at line 671 of D:\__projects\_programming\vcpkg\buildtrees\usd\src\v25.11-c5a1a786cc.clean\pxr\usd\usdShade\materialBindingAPI.cpp -- Found material bindings on prim at path (/root/thelab01/workbench_grp/chemistry_beaker_rack01_0006/GEO) but MaterialBindingAPI is not applied on the prim
Warning: in BindingsAtPrim at line 671 of D:\__projects\_programming\vcpkg\buildtrees\usd\src\v25.11-c5a1a786cc.clean\pxr\usd\usdShade\materialBindingAPI.cpp -- Found material bindings on prim at path (/root/thelab01/workbench_grp/chemistry_beaker_rack01_0006/GEO) but MaterialBindingAPI is not applied on the prim
Warning: in BindingsAtPrim at line 671 of D:\__projects\_programming\vcpkg\buildtrees\usd\src\v25.11-c5a1a786cc.clean\pxr\usd\usdShade\materialBindingAPI.cpp -- Found material bindings on prim at path (/root/thelab01/workbench_grp/chemistry_beaker_rack01_0010/GEO) but MaterialBindingAPI is not applied on the prim
Warning: in BindingsAtPrim at line 671 of D:\__projects\_programming\vcpkg\buildtrees\usd\src\v25.11-c5a1a786cc.clean\pxr\usd\usdShade\materialBindingAPI.cpp -- Found material bindings on prim at path (/root/thelab01/workbench_grp/chemistry_beaker_rack01_0010/GEO) but MaterialBindingAPI is not applied on the prim
Warning: in BindingsAtPrim at line 671 of D:\__projects\_programming\vcpkg\buildtrees\usd\src\v25.11-c5a1a786cc.clean\pxr\usd\usdShade\materialBindingAPI.cpp -- Found material bindings on prim at path (/root/thelab01/workbench_grp/decor_wooden_box01_0002/GEO) but MaterialBindingAPI is not applied on the prim
Warning: in BindingsAtPrim at line 671 of D:\__projects\_programming\vcpkg\buildtrees\usd\src\v25.11-c5a1a786cc.clean\pxr\usd\usdShade\materialBindingAPI.cpp -- Found material bindings on prim at path (/root/thelab01/workbench_grp/decor_wooden_box01_0002/GEO) but MaterialBindingAPI is not applied on the prim
Warning: in BindingsAtPrim at line 671 of D:\__projects\_programming\vcpkg\buildtrees\usd\src\v25.11-c5a1a786cc.clean\pxr\usd\usdShade\materialBindingAPI.cpp -- Found material bindings on prim at path (/root/thelab01/workbench_grp/decor_wooden_box01_0002/GEO) but MaterialBindingAPI is not applied on the prim
Warning: in BindingsAtPrim at line 671 of D:\__projects\_programming\vcpkg\buildtrees\usd\src\v25.11-c5a1a786cc.clean\pxr\usd\usdShade\materialBindingAPI.cpp -- Found material bindings on prim at path (/root/thelab01/workbench_grp/decor_wooden_box01_0002/GEO) but MaterialBindingAPI is not applied on the prim
Warning: in BindingsAtPrim at line 671 of D:\__projects\_programming\vcpkg\buildtrees\usd\src\v25.11-c5a1a786cc.clean\pxr\usd\usdShade\materialBindingAPI.cpp -- Found material bindings on prim at path (/root/thelab01/workbench_grp/decor_wooden_box01_0002/GEO) but MaterialBindingAPI is not applied on the prim
Warning: in BindingsAtPrim at line 671 of D:\__projects\_programming\vcpkg\buildtrees\usd\src\v25.11-c5a1a786cc.clean\pxr\usd\usdShade\materialBindingAPI.cpp -- Found material bindings on prim at path (/root/thelab01/workbench_grp/decor_wooden_box01_0002/GEO) but MaterialBindingAPI is not applied on the prim
Warning: in BindingsAtPrim at line 671 of D:\__projects\_programming\vcpkg\buildtrees\usd\src\v25.11-c5a1a786cc.clean\pxr\usd\usdShade\materialBindingAPI.cpp -- Found material bindings on prim at path (/root/thelab01/workbench_grp/decor_wooden_box01_0002/GEO) but MaterialBindingAPI is not applied on the prim
Warning: in BindingsAtPrim at line 671 of D:\__projects\_programming\vcpkg\buildtrees\usd\src\v25.11-c5a1a786cc.clean\pxr\usd\usdShade\materialBindingAPI.cpp -- Found material bindings on prim at path (/root/thelab01/workbench_grp/decor_wooden_box01_0002/GEO) but MaterialBindingAPI is not applied on the prim
Warning: in BindingsAtPrim at line 671 of D:\__projects\_programming\vcpkg\buildtrees\usd\src\v25.11-c5a1a786cc.clean\pxr\usd\usdShade\materialBindingAPI.cpp -- Found material bindings on prim at path (/root/thelab01/workbench_grp/decor_wooden_box01_0002/GEO) but MaterialBindingAPI is not applied on the prim
Warning: in BindingsAtPrim at line 671 of D:\__projects\_programming\vcpkg\buildtrees\usd\src\v25.11-c5a1a786cc.clean\pxr\usd\usdShade\materialBindingAPI.cpp -- Found material bindings on prim at path (/root/thelab01/workbench_grp/decor_wooden_box01_0002/GEO) but MaterialBindingAPI is not applied on the prim
Warning: in BindingsAtPrim at line 671 of D:\__projects\_programming\vcpkg\buildtrees\usd\src\v25.11-c5a1a786cc.clean\pxr\usd\usdShade\materialBindingAPI.cpp -- Found material bindings on prim at path (/root/thelab01/workbench_grp/decor_wooden_box01_0002/GEO) but MaterialBindingAPI is not applied on the prim
Warning: in BindingsAtPrim at line 671 of D:\__projects\_programming\vcpkg\buildtrees\usd\src\v25.11-c5a1a786cc.clean\pxr\usd\usdShade\materialBindingAPI.cpp -- Found material bindings on prim at path (/root/thelab01/workbench_grp/decor_wooden_box01_0002/GEO) but MaterialBindingAPI is not applied on the prim
Warning: in BindingsAtPrim at line 671 of D:\__projects\_programming\vcpkg\buildtrees\usd\src\v25.11-c5a1a786cc.clean\pxr\usd\usdShade\materialBindingAPI.cpp -- Found material bindings on prim at path (/root/thelab01/workbench_grp/decor_wooden_box01_0002/GEO) but MaterialBindingAPI is not applied on the prim
Warning: in BindingsAtPrim at line 671 of D:\__projects\_programming\vcpkg\buildtrees\usd\src\v25.11-c5a1a786cc.clean\pxr\usd\usdShade\materialBindingAPI.cpp -- Found material bindings on prim at path (/root/thelab01/workbench_grp/decor_wooden_box01_0002/GEO) but MaterialBindingAPI is not applied on the prim
Warning: in BindingsAtPrim at line 671 of D:\__projects\_programming\vcpkg\buildtrees\usd\src\v25.11-c5a1a786cc.clean\pxr\usd\usdShade\materialBindingAPI.cpp -- Found material bindings on prim at path (/root/thelab01/workbench_grp/decor_wooden_box01_0002/GEO) but MaterialBindingAPI is not applied on the prim
Warning: in BindingsAtPrim at line 671 of D:\__projects\_programming\vcpkg\buildtrees\usd\src\v25.11-c5a1a786cc.clean\pxr\usd\usdShade\materialBindingAPI.cpp -- Found material bindings on prim at path (/root/thelab01/workbench_grp/decor_wooden_box01_0002/GEO) but MaterialBindingAPI is not applied on the prim
Warning: in BindingsAtPrim at line 671 of D:\__projects\_programming\vcpkg\buildtrees\usd\src\v25.11-c5a1a786cc.clean\pxr\usd\usdShade\materialBindingAPI.cpp -- Found material bindings on prim at path (/root/thelab01/workbench_grp/decor_wooden_box01_0002/GEO) but MaterialBindingAPI is not applied on the prim
Warning: in BindingsAtPrim at line 671 of D:\__projects\_programming\vcpkg\buildtrees\usd\src\v25.11-c5a1a786cc.clean\pxr\usd\usdShade\materialBindingAPI.cpp -- Found material bindings on prim at path (/root/thelab01/workbench_grp/decor_wooden_box01_0002/GEO) but MaterialBindingAPI is not applied on the prim
Warning: in BindingsAtPrim at line 671 of D:\__projects\_programming\vcpkg\buildtrees\usd\src\v25.11-c5a1a786cc.clean\pxr\usd\usdShade\materialBindingAPI.cpp -- Found material bindings on prim at path (/root/thelab01/workbench_grp/decor_wooden_box01_0002/GEO) but MaterialBindingAPI is not applied on the prim
Warning: in BindingsAtPrim at line 671 of D:\__projects\_programming\vcpkg\buildtrees\usd\src\v25.11-c5a1a786cc.clean\pxr\usd\usdShade\materialBindingAPI.cpp -- Found material bindings on prim at path (/root/thelab01/workbench_grp/decor_wooden_box01_0002/GEO) but MaterialBindingAPI is not applied on the prim
Warning: in BindingsAtPrim at line 671 of D:\__projects\_programming\vcpkg\buildtrees\usd\src\v25.11-c5a1a786cc.clean\pxr\usd\usdShade\materialBindingAPI.cpp -- Found material bindings on prim at path (/root/thelab01/workbench_grp/decor_wooden_box01_0002/GEO) but MaterialBindingAPI is not applied on the prim
Warning: in BindingsAtPrim at line 671 of D:\__projects\_programming\vcpkg\buildtrees\usd\src\v25.11-c5a1a786cc.clean\pxr\usd\usdShade\materialBindingAPI.cpp -- Found material bindings on prim at path (/root/thelab01/workbench_grp/decor_wooden_box01_0002/GEO) but MaterialBindingAPI is not applied on the prim
Warning: in BindingsAtPrim at line 671 of D:\__projects\_programming\vcpkg\buildtrees\usd\src\v25.11-c5a1a786cc.clean\pxr\usd\usdShade\materialBindingAPI.cpp -- Found material bindings on prim at path (/root/thelab01/workbench_grp/decor_wooden_box01_0002/GEO) but MaterialBindingAPI is not applied on the prim
Warning: in BindingsAtPrim at line 671 of D:\__projects\_programming\vcpkg\buildtrees\usd\src\v25.11-c5a1a786cc.clean\pxr\usd\usdShade\materialBindingAPI.cpp -- Found material bindings on prim at path (/root/thelab01/workbench_grp/decor_wooden_box01_0002/GEO) but MaterialBindingAPI is not applied on the prim
Warning: in BindingsAtPrim at line 671 of D:\__projects\_programming\vcpkg\buildtrees\usd\src\v25.11-c5a1a786cc.clean\pxr\usd\usdShade\materialBindingAPI.cpp -- Found material bindings on prim at path (/root/thelab01/workbench_grp/decor_wooden_box01_0002/GEO) but MaterialBindingAPI is not applied on the prim
Warning: in BindingsAtPrim at line 671 of D:\__projects\_programming\vcpkg\buildtrees\usd\src\v25.11-c5a1a786cc.clean\pxr\usd\usdShade\materialBindingAPI.cpp -- Found material bindings on prim at path (/root/thelab01/workbench_grp/decor_wooden_box01_0002/GEO) but MaterialBindingAPI is not applied on the prim
Warning: in BindingsAtPrim at line 671 of D:\__projects\_programming\vcpkg\buildtrees\usd\src\v25.11-c5a1a786cc.clean\pxr\usd\usdShade\materialBindingAPI.cpp -- Found material bindings on prim at path (/root/thelab01/workbench_grp/decor_wooden_box01_0002/GEO) but MaterialBindingAPI is not applied on the prim
Warning: in BindingsAtPrim at line 671 of D:\__projects\_programming\vcpkg\buildtrees\usd\src\v25.11-c5a1a786cc.clean\pxr\usd\usdShade\materialBindingAPI.cpp -- Found material bindings on prim at path (/root/thelab01/workbench_grp/decor_wooden_box01_0002/GEO) but MaterialBindingAPI is not applied on the prim
Warning: in BindingsAtPrim at line 671 of D:\__projects\_programming\vcpkg\buildtrees\usd\src\v25.11-c5a1a786cc.clean\pxr\usd\usdShade\materialBindingAPI.cpp -- Found material bindings on prim at path (/root/thelab01/workbench_grp/decor_wooden_box01_0002/GEO) but MaterialBindingAPI is not applied on the prim
Warning: in BindingsAtPrim at line 671 of D:\__projects\_programming\vcpkg\buildtrees\usd\src\v25.11-c5a1a786cc.clean\pxr\usd\usdShade\materialBindingAPI.cpp -- Found material bindings on prim at path (/root/thelab01/workbench_grp/decor_wooden_box01_0002/GEO) but MaterialBindingAPI is not applied on the prim
Warning: in BindingsAtPrim at line 671 of D:\__projects\_programming\vcpkg\buildtrees\usd\src\v25.11-c5a1a786cc.clean\pxr\usd\usdShade\materialBindingAPI.cpp -- Found material bindings on prim at path (/root/thelab01/workbench_grp/chemistry_beaker_rack01_0011/GEO) but MaterialBindingAPI is not applied on the prim
Warning: in BindingsAtPrim at line 671 of D:\__projects\_programming\vcpkg\buildtrees\usd\src\v25.11-c5a1a786cc.clean\pxr\usd\usdShade\materialBindingAPI.cpp -- Found material bindings on prim at path (/root/thelab01/workbench_grp/chemistry_beaker_rack01_0011/GEO) but MaterialBindingAPI is not applied on the prim
Warning: in BindingsAtPrim at line 671 of D:\__projects\_programming\vcpkg\buildtrees\usd\src\v25.11-c5a1a786cc.clean\pxr\usd\usdShade\materialBindingAPI.cpp -- Found material bindings on prim at path (/root/thelab01/workbench_grp/toy_fun_coil_0001/GEO) but MaterialBindingAPI is not applied on the prim
Warning: in BindingsAtPrim at line 671 of D:\__projects\_programming\vcpkg\buildtrees\usd\src\v25.11-c5a1a786cc.clean\pxr\usd\usdShade\materialBindingAPI.cpp -- Found material bindings on prim at path (/root/thelab01/workbench_grp/toy_curly_surgery_0001/GEO) but MaterialBindingAPI is not applied on the prim
Warning: in BindingsAtPrim at line 671 of D:\__projects\_programming\vcpkg\buildtrees\usd\src\v25.11-c5a1a786cc.clean\pxr\usd\usdShade\materialBindingAPI.cpp -- Found material bindings on prim at path (/root/thelab01/workbench_grp/toy_curly_surgery_0001/GEO) but MaterialBindingAPI is not applied on the prim
Warning: in BindingsAtPrim at line 671 of D:\__projects\_programming\vcpkg\buildtrees\usd\src\v25.11-c5a1a786cc.clean\pxr\usd\usdShade\materialBindingAPI.cpp -- Found material bindings on prim at path (/root/thelab01/workbench_grp/toy_curly_surgery_0001/GEO) but MaterialBindingAPI is not applied on the prim
Warning: in BindingsAtPrim at line 671 of D:\__projects\_programming\vcpkg\buildtrees\usd\src\v25.11-c5a1a786cc.clean\pxr\usd\usdShade\materialBindingAPI.cpp -- Found material bindings on prim at path (/root/thelab01/workbench_grp/toy_curly_surgery_0001/GEO) but MaterialBindingAPI is not applied on the prim
Warning: in BindingsAtPrim at line 671 of D:\__projects\_programming\vcpkg\buildtrees\usd\src\v25.11-c5a1a786cc.clean\pxr\usd\usdShade\materialBindingAPI.cpp -- Found material bindings on prim at path (/root/thelab01/workbench_grp/toy_curly_surgery_0001/GEO) but MaterialBindingAPI is not applied on the prim
Warning: in BindingsAtPrim at line 671 of D:\__projects\_programming\vcpkg\buildtrees\usd\src\v25.11-c5a1a786cc.clean\pxr\usd\usdShade\materialBindingAPI.cpp -- Found material bindings on prim at path (/root/thelab01/workbench_grp/toy_curly_surgery_0001/GEO) but MaterialBindingAPI is not applied on the prim
Warning: in BindingsAtPrim at line 671 of D:\__projects\_programming\vcpkg\buildtrees\usd\src\v25.11-c5a1a786cc.clean\pxr\usd\usdShade\materialBindingAPI.cpp -- Found material bindings on prim at path (/root/thelab01/workbench_grp/toy_curly_surgery_0001/GEO) but MaterialBindingAPI is not applied on the prim
Warning: in BindingsAtPrim at line 671 of D:\__projects\_programming\vcpkg\buildtrees\usd\src\v25.11-c5a1a786cc.clean\pxr\usd\usdShade\materialBindingAPI.cpp -- Found material bindings on prim at path (/root/thelab01/workbench_grp/toy_curly_surgery_0001/GEO) but MaterialBindingAPI is not applied on the prim
Warning: in BindingsAtPrim at line 671 of D:\__projects\_programming\vcpkg\buildtrees\usd\src\v25.11-c5a1a786cc.clean\pxr\usd\usdShade\materialBindingAPI.cpp -- Found material bindings on prim at path (/root/thelab01/workbench_grp/toy_curly_surgery_0001/GEO) but MaterialBindingAPI is not applied on the prim
Warning: in BindingsAtPrim at line 671 of D:\__projects\_programming\vcpkg\buildtrees\usd\src\v25.11-c5a1a786cc.clean\pxr\usd\usdShade\materialBindingAPI.cpp -- Found material bindings on prim at path (/root/thelab01/workbench_grp/decor_bonsai_jar01_0001/GEO) but MaterialBindingAPI is not applied on the prim
Warning: in BindingsAtPrim at line 671 of D:\__projects\_programming\vcpkg\buildtrees\usd\src\v25.11-c5a1a786cc.clean\pxr\usd\usdShade\materialBindingAPI.cpp -- Found material bindings on prim at path (/root/thelab01/workbench_grp/decor_bonsai_jar01_0001/GEO) but MaterialBindingAPI is not applied on the prim
Warning: in BindingsAtPrim at line 671 of D:\__projects\_programming\vcpkg\buildtrees\usd\src\v25.11-c5a1a786cc.clean\pxr\usd\usdShade\materialBindingAPI.cpp -- Found material bindings on prim at path (/root/thelab01/workbench_grp/decor_bonsai_jar01_0001/GEO) but MaterialBindingAPI is not applied on the prim
Warning: in BindingsAtPrim at line 671 of D:\__projects\_programming\vcpkg\buildtrees\usd\src\v25.11-c5a1a786cc.clean\pxr\usd\usdShade\materialBindingAPI.cpp -- Found material bindings on prim at path (/root/thelab01/workbench_grp/electronics_wire_spool06_0001/GEO) but MaterialBindingAPI is not applied on the prim
Warning: in BindingsAtPrim at line 671 of D:\__projects\_programming\vcpkg\buildtrees\usd\src\v25.11-c5a1a786cc.clean\pxr\usd\usdShade\materialBindingAPI.cpp -- Found material bindings on prim at path (/root/thelab01/workbench_grp/electronics_wire_spool06_0001/GEO) but MaterialBindingAPI is not applied on the prim
Warning: in BindingsAtPrim at line 671 of D:\__projects\_programming\vcpkg\buildtrees\usd\src\v25.11-c5a1a786cc.clean\pxr\usd\usdShade\materialBindingAPI.cpp -- Found material bindings on prim at path (/root/thelab01/workbench_grp/electronics_wire_spool06_0001/GEO) but MaterialBindingAPI is not applied on the prim
Warning: in BindingsAtPrim at line 671 of D:\__projects\_programming\vcpkg\buildtrees\usd\src\v25.11-c5a1a786cc.clean\pxr\usd\usdShade\materialBindingAPI.cpp -- Found material bindings on prim at path (/root/thelab01/workbench_grp/electronics_powerpoint01_0001/GEO) but MaterialBindingAPI is not applied on the prim
Warning: in BindingsAtPrim at line 671 of D:\__projects\_programming\vcpkg\buildtrees\usd\src\v25.11-c5a1a786cc.clean\pxr\usd\usdShade\materialBindingAPI.cpp -- Found material bindings on prim at path (/root/thelab01/workbench_grp/electronics_powerpoint01_0001/GEO) but MaterialBindingAPI is not applied on the prim
Warning: in BindingsAtPrim at line 671 of D:\__projects\_programming\vcpkg\buildtrees\usd\src\v25.11-c5a1a786cc.clean\pxr\usd\usdShade\materialBindingAPI.cpp -- Found material bindings on prim at path (/root/thelab01/workbench_grp/electronics_powerpoint01_0001/GEO) but MaterialBindingAPI is not applied on the prim
Warning: in BindingsAtPrim at line 671 of D:\__projects\_programming\vcpkg\buildtrees\usd\src\v25.11-c5a1a786cc.clean\pxr\usd\usdShade\materialBindingAPI.cpp -- Found material bindings on prim at path (/root/thelab01/workbench_grp/electronics_powerpoint01_0002/GEO) but MaterialBindingAPI is not applied on the prim
Warning: in BindingsAtPrim at line 671 of D:\__projects\_programming\vcpkg\buildtrees\usd\src\v25.11-c5a1a786cc.clean\pxr\usd\usdShade\materialBindingAPI.cpp -- Found material bindings on prim at path (/root/thelab01/workbench_grp/electronics_powerpoint01_0002/GEO) but MaterialBindingAPI is not applied on the prim
Warning: in BindingsAtPrim at line 671 of D:\__projects\_programming\vcpkg\buildtrees\usd\src\v25.11-c5a1a786cc.clean\pxr\usd\usdShade\materialBindingAPI.cpp -- Found material bindings on prim at path (/root/thelab01/workbench_grp/electronics_powerpoint01_0002/GEO) but MaterialBindingAPI is not applied on the prim
Warning: in BindingsAtPrim at line 671 of D:\__projects\_programming\vcpkg\buildtrees\usd\src\v25.11-c5a1a786cc.clean\pxr\usd\usdShade\materialBindingAPI.cpp -- Found material bindings on prim at path (/root/thelab01/workbench_grp/electronics_powerpoint01_0003/GEO) but MaterialBindingAPI is not applied on the prim
Warning: in BindingsAtPrim at line 671 of D:\__projects\_programming\vcpkg\buildtrees\usd\src\v25.11-c5a1a786cc.clean\pxr\usd\usdShade\materialBindingAPI.cpp -- Found material bindings on prim at path (/root/thelab01/workbench_grp/electronics_powerpoint01_0003/GEO) but MaterialBindingAPI is not applied on the prim
Warning: in BindingsAtPrim at line 671 of D:\__projects\_programming\vcpkg\buildtrees\usd\src\v25.11-c5a1a786cc.clean\pxr\usd\usdShade\materialBindingAPI.cpp -- Found material bindings on prim at path (/root/thelab01/workbench_grp/electronics_powerpoint01_0003/GEO) but MaterialBindingAPI is not applied on the prim
Warning: in BindingsAtPrim at line 671 of D:\__projects\_programming\vcpkg\buildtrees\usd\src\v25.11-c5a1a786cc.clean\pxr\usd\usdShade\materialBindingAPI.cpp -- Found material bindings on prim at path (/root/thelab01/workbench_grp/electronics_powerpoint01_0004/GEO) but MaterialBindingAPI is not applied on the prim
Warning: in BindingsAtPrim at line 671 of D:\__projects\_programming\vcpkg\buildtrees\usd\src\v25.11-c5a1a786cc.clean\pxr\usd\usdShade\materialBindingAPI.cpp -- Found material bindings on prim at path (/root/thelab01/workbench_grp/electronics_powerpoint01_0004/GEO) but MaterialBindingAPI is not applied on the prim
Warning: in BindingsAtPrim at line 671 of D:\__projects\_programming\vcpkg\buildtrees\usd\src\v25.11-c5a1a786cc.clean\pxr\usd\usdShade\materialBindingAPI.cpp -- Found material bindings on prim at path (/root/thelab01/workbench_grp/electronics_powerpoint01_0004/GEO) but MaterialBindingAPI is not applied on the prim
Warning: in BindingsAtPrim at line 671 of D:\__projects\_programming\vcpkg\buildtrees\usd\src\v25.11-c5a1a786cc.clean\pxr\usd\usdShade\materialBindingAPI.cpp -- Found material bindings on prim at path (/root/thelab01/workbench_grp/electronics_powerpoint01_0005/GEO) but MaterialBindingAPI is not applied on the prim
Warning: in BindingsAtPrim at line 671 of D:\__projects\_programming\vcpkg\buildtrees\usd\src\v25.11-c5a1a786cc.clean\pxr\usd\usdShade\materialBindingAPI.cpp -- Found material bindings on prim at path (/root/thelab01/workbench_grp/electronics_powerpoint01_0005/GEO) but MaterialBindingAPI is not applied on the prim
Warning: in BindingsAtPrim at line 671 of D:\__projects\_programming\vcpkg\buildtrees\usd\src\v25.11-c5a1a786cc.clean\pxr\usd\usdShade\materialBindingAPI.cpp -- Found material bindings on prim at path (/root/thelab01/workbench_grp/electronics_powerpoint01_0005/GEO) but MaterialBindingAPI is not applied on the prim
Warning: in BindingsAtPrim at line 671 of D:\__projects\_programming\vcpkg\buildtrees\usd\src\v25.11-c5a1a786cc.clean\pxr\usd\usdShade\materialBindingAPI.cpp -- Found material bindings on prim at path (/root/thelab01/workbench_grp/electronics_powerpoint01_0006/GEO) but MaterialBindingAPI is not applied on the prim
Warning: in BindingsAtPrim at line 671 of D:\__projects\_programming\vcpkg\buildtrees\usd\src\v25.11-c5a1a786cc.clean\pxr\usd\usdShade\materialBindingAPI.cpp -- Found material bindings on prim at path (/root/thelab01/workbench_grp/electronics_powerpoint01_0006/GEO) but MaterialBindingAPI is not applied on the prim
Warning: in BindingsAtPrim at line 671 of D:\__projects\_programming\vcpkg\buildtrees\usd\src\v25.11-c5a1a786cc.clean\pxr\usd\usdShade\materialBindingAPI.cpp -- Found material bindings on prim at path (/root/thelab01/workbench_grp/electronics_powerpoint01_0006/GEO) but MaterialBindingAPI is not applied on the prim
Warning: in BindingsAtPrim at line 671 of D:\__projects\_programming\vcpkg\buildtrees\usd\src\v25.11-c5a1a786cc.clean\pxr\usd\usdShade\materialBindingAPI.cpp -- Found material bindings on prim at path (/root/thelab01/workbench_grp/electronics_powerpoint01_0007/GEO) but MaterialBindingAPI is not applied on the prim
Warning: in BindingsAtPrim at line 671 of D:\__projects\_programming\vcpkg\buildtrees\usd\src\v25.11-c5a1a786cc.clean\pxr\usd\usdShade\materialBindingAPI.cpp -- Found material bindings on prim at path (/root/thelab01/workbench_grp/electronics_powerpoint01_0007/GEO) but MaterialBindingAPI is not applied on the prim
Warning: in BindingsAtPrim at line 671 of D:\__projects\_programming\vcpkg\buildtrees\usd\src\v25.11-c5a1a786cc.clean\pxr\usd\usdShade\materialBindingAPI.cpp -- Found material bindings on prim at path (/root/thelab01/workbench_grp/electronics_powerpoint01_0007/GEO) but MaterialBindingAPI is not applied on the prim
Warning: in BindingsAtPrim at line 671 of D:\__projects\_programming\vcpkg\buildtrees\usd\src\v25.11-c5a1a786cc.clean\pxr\usd\usdShade\materialBindingAPI.cpp -- Found material bindings on prim at path (/root/thelab01/workbench_grp/chemistry_test_tube01_0009/GEO) but MaterialBindingAPI is not applied on the prim
Warning: in BindingsAtPrim at line 671 of D:\__projects\_programming\vcpkg\buildtrees\usd\src\v25.11-c5a1a786cc.clean\pxr\usd\usdShade\materialBindingAPI.cpp -- Found material bindings on prim at path (/root/thelab01/workbench_grp/chemistry_test_tube01_0009/GEO) but MaterialBindingAPI is not applied on the prim
Warning: in BindingsAtPrim at line 671 of D:\__projects\_programming\vcpkg\buildtrees\usd\src\v25.11-c5a1a786cc.clean\pxr\usd\usdShade\materialBindingAPI.cpp -- Found material bindings on prim at path (/root/thelab01/workbench_grp/chemistry_test_tube03_0013/GEO) but MaterialBindingAPI is not applied on the prim
Warning: in BindingsAtPrim at line 671 of D:\__projects\_programming\vcpkg\buildtrees\usd\src\v25.11-c5a1a786cc.clean\pxr\usd\usdShade\materialBindingAPI.cpp -- Found material bindings on prim at path (/root/thelab01/workbench_grp/chemistry_test_tube03_0013/GEO) but MaterialBindingAPI is not applied on the prim
Warning: in BindingsAtPrim at line 671 of D:\__projects\_programming\vcpkg\buildtrees\usd\src\v25.11-c5a1a786cc.clean\pxr\usd\usdShade\materialBindingAPI.cpp -- Found material bindings on prim at path (/root/thelab01/workbench_grp/chemistry_test_tube02_0011/GEO) but MaterialBindingAPI is not applied on the prim
Warning: in BindingsAtPrim at line 671 of D:\__projects\_programming\vcpkg\buildtrees\usd\src\v25.11-c5a1a786cc.clean\pxr\usd\usdShade\materialBindingAPI.cpp -- Found material bindings on prim at path (/root/thelab01/workbench_grp/chemistry_test_tube02_0011/GEO) but MaterialBindingAPI is not applied on the prim
Warning: in BindingsAtPrim at line 671 of D:\__projects\_programming\vcpkg\buildtrees\usd\src\v25.11-c5a1a786cc.clean\pxr\usd\usdShade\materialBindingAPI.cpp -- Found material bindings on prim at path (/root/thelab01/workbench_grp/chemistry_test_tube01_0010/GEO) but MaterialBindingAPI is not applied on the prim
Warning: in BindingsAtPrim at line 671 of D:\__projects\_programming\vcpkg\buildtrees\usd\src\v25.11-c5a1a786cc.clean\pxr\usd\usdShade\materialBindingAPI.cpp -- Found material bindings on prim at path (/root/thelab01/workbench_grp/chemistry_test_tube01_0010/GEO) but MaterialBindingAPI is not applied on the prim
Warning: in BindingsAtPrim at line 671 of D:\__projects\_programming\vcpkg\buildtrees\usd\src\v25.11-c5a1a786cc.clean\pxr\usd\usdShade\materialBindingAPI.cpp -- Found material bindings on prim at path (/root/thelab01/workbench_grp/chemistry_test_tube02_0012/GEO) but MaterialBindingAPI is not applied on the prim
Warning: in BindingsAtPrim at line 671 of D:\__projects\_programming\vcpkg\buildtrees\usd\src\v25.11-c5a1a786cc.clean\pxr\usd\usdShade\materialBindingAPI.cpp -- Found material bindings on prim at path (/root/thelab01/workbench_grp/chemistry_test_tube02_0012/GEO) but MaterialBindingAPI is not applied on the prim
Warning: in BindingsAtPrim at line 671 of D:\__projects\_programming\vcpkg\buildtrees\usd\src\v25.11-c5a1a786cc.clean\pxr\usd\usdShade\materialBindingAPI.cpp -- Found material bindings on prim at path (/root/thelab01/workbench_grp/chemistry_test_tube03_0014/GEO) but MaterialBindingAPI is not applied on the prim
Warning: in BindingsAtPrim at line 671 of D:\__projects\_programming\vcpkg\buildtrees\usd\src\v25.11-c5a1a786cc.clean\pxr\usd\usdShade\materialBindingAPI.cpp -- Found material bindings on prim at path (/root/thelab01/workbench_grp/chemistry_test_tube03_0014/GEO) but MaterialBindingAPI is not applied on the prim
Warning: in BindingsAtPrim at line 671 of D:\__projects\_programming\vcpkg\buildtrees\usd\src\v25.11-c5a1a786cc.clean\pxr\usd\usdShade\materialBindingAPI.cpp -- Found material bindings on prim at path (/root/thelab01/workbench_grp/chemistry_test_tube01_0011/GEO) but MaterialBindingAPI is not applied on the prim
Warning: in BindingsAtPrim at line 671 of D:\__projects\_programming\vcpkg\buildtrees\usd\src\v25.11-c5a1a786cc.clean\pxr\usd\usdShade\materialBindingAPI.cpp -- Found material bindings on prim at path (/root/thelab01/workbench_grp/chemistry_test_tube01_0011/GEO) but MaterialBindingAPI is not applied on the prim
Warning: in BindingsAtPrim at line 671 of D:\__projects\_programming\vcpkg\buildtrees\usd\src\v25.11-c5a1a786cc.clean\pxr\usd\usdShade\materialBindingAPI.cpp -- Found material bindings on prim at path (/root/thelab01/workbench_grp/chemistry_test_tube01_0012/GEO) but MaterialBindingAPI is not applied on the prim
Warning: in BindingsAtPrim at line 671 of D:\__projects\_programming\vcpkg\buildtrees\usd\src\v25.11-c5a1a786cc.clean\pxr\usd\usdShade\materialBindingAPI.cpp -- Found material bindings on prim at path (/root/thelab01/workbench_grp/chemistry_test_tube01_0012/GEO) but MaterialBindingAPI is not applied on the prim
Warning: in BindingsAtPrim at line 671 of D:\__projects\_programming\vcpkg\buildtrees\usd\src\v25.11-c5a1a786cc.clean\pxr\usd\usdShade\materialBindingAPI.cpp -- Found material bindings on prim at path (/root/thelab01/workbench_grp/chemistry_test_tube02_0013/GEO) but MaterialBindingAPI is not applied on the prim
Warning: in BindingsAtPrim at line 671 of D:\__projects\_programming\vcpkg\buildtrees\usd\src\v25.11-c5a1a786cc.clean\pxr\usd\usdShade\materialBindingAPI.cpp -- Found material bindings on prim at path (/root/thelab01/workbench_grp/chemistry_test_tube02_0013/GEO) but MaterialBindingAPI is not applied on the prim
Warning: in BindingsAtPrim at line 671 of D:\__projects\_programming\vcpkg\buildtrees\usd\src\v25.11-c5a1a786cc.clean\pxr\usd\usdShade\materialBindingAPI.cpp -- Found material bindings on prim at path (/root/thelab01/workbench_grp/chemistry_test_tube02_0014/GEO) but MaterialBindingAPI is not applied on the prim
Warning: in BindingsAtPrim at line 671 of D:\__projects\_programming\vcpkg\buildtrees\usd\src\v25.11-c5a1a786cc.clean\pxr\usd\usdShade\materialBindingAPI.cpp -- Found material bindings on prim at path (/root/thelab01/workbench_grp/chemistry_test_tube02_0014/GEO) but MaterialBindingAPI is not applied on the prim
Warning: in BindingsAtPrim at line 671 of D:\__projects\_programming\vcpkg\buildtrees\usd\src\v25.11-c5a1a786cc.clean\pxr\usd\usdShade\materialBindingAPI.cpp -- Found material bindings on prim at path (/root/thelab01/workbench_grp/chemistry_test_tube03_0015/GEO) but MaterialBindingAPI is not applied on the prim
Warning: in BindingsAtPrim at line 671 of D:\__projects\_programming\vcpkg\buildtrees\usd\src\v25.11-c5a1a786cc.clean\pxr\usd\usdShade\materialBindingAPI.cpp -- Found material bindings on prim at path (/root/thelab01/workbench_grp/chemistry_test_tube03_0015/GEO) but MaterialBindingAPI is not applied on the prim
Warning: in BindingsAtPrim at line 671 of D:\__projects\_programming\vcpkg\buildtrees\usd\src\v25.11-c5a1a786cc.clean\pxr\usd\usdShade\materialBindingAPI.cpp -- Found material bindings on prim at path (/root/thelab01/workbench_grp/chemistry_test_tube03_0016/GEO) but MaterialBindingAPI is not applied on the prim
Warning: in BindingsAtPrim at line 671 of D:\__projects\_programming\vcpkg\buildtrees\usd\src\v25.11-c5a1a786cc.clean\pxr\usd\usdShade\materialBindingAPI.cpp -- Found material bindings on prim at path (/root/thelab01/workbench_grp/chemistry_test_tube03_0016/GEO) but MaterialBindingAPI is not applied on the prim
Warning: in BindingsAtPrim at line 671 of D:\__projects\_programming\vcpkg\buildtrees\usd\src\v25.11-c5a1a786cc.clean\pxr\usd\usdShade\materialBindingAPI.cpp -- Found material bindings on prim at path (/root/thelab01/workbench_grp/chemistry_test_tube01_0013/GEO) but MaterialBindingAPI is not applied on the prim
Warning: in BindingsAtPrim at line 671 of D:\__projects\_programming\vcpkg\buildtrees\usd\src\v25.11-c5a1a786cc.clean\pxr\usd\usdShade\materialBindingAPI.cpp -- Found material bindings on prim at path (/root/thelab01/workbench_grp/chemistry_test_tube01_0013/GEO) but MaterialBindingAPI is not applied on the prim
Warning: in BindingsAtPrim at line 671 of D:\__projects\_programming\vcpkg\buildtrees\usd\src\v25.11-c5a1a786cc.clean\pxr\usd\usdShade\materialBindingAPI.cpp -- Found material bindings on prim at path (/root/thelab01/workbench_grp/chemistry_test_tube01_0014/GEO) but MaterialBindingAPI is not applied on the prim
Warning: in BindingsAtPrim at line 671 of D:\__projects\_programming\vcpkg\buildtrees\usd\src\v25.11-c5a1a786cc.clean\pxr\usd\usdShade\materialBindingAPI.cpp -- Found material bindings on prim at path (/root/thelab01/workbench_grp/chemistry_test_tube01_0014/GEO) but MaterialBindingAPI is not applied on the prim
Warning: in BindingsAtPrim at line 671 of D:\__projects\_programming\vcpkg\buildtrees\usd\src\v25.11-c5a1a786cc.clean\pxr\usd\usdShade\materialBindingAPI.cpp -- Found material bindings on prim at path (/root/thelab01/workbench_grp/chemistry_test_tube01_0015/GEO) but MaterialBindingAPI is not applied on the prim
Warning: in BindingsAtPrim at line 671 of D:\__projects\_programming\vcpkg\buildtrees\usd\src\v25.11-c5a1a786cc.clean\pxr\usd\usdShade\materialBindingAPI.cpp -- Found material bindings on prim at path (/root/thelab01/workbench_grp/chemistry_test_tube01_0015/GEO) but MaterialBindingAPI is not applied on the prim
Warning: in BindingsAtPrim at line 671 of D:\__projects\_programming\vcpkg\buildtrees\usd\src\v25.11-c5a1a786cc.clean\pxr\usd\usdShade\materialBindingAPI.cpp -- Found material bindings on prim at path (/root/thelab01/workbench_grp/chemistry_test_tube01_0016/GEO) but MaterialBindingAPI is not applied on the prim
Warning: in BindingsAtPrim at line 671 of D:\__projects\_programming\vcpkg\buildtrees\usd\src\v25.11-c5a1a786cc.clean\pxr\usd\usdShade\materialBindingAPI.cpp -- Found material bindings on prim at path (/root/thelab01/workbench_grp/chemistry_test_tube01_0016/GEO) but MaterialBindingAPI is not applied on the prim
Warning: in BindingsAtPrim at line 671 of D:\__projects\_programming\vcpkg\buildtrees\usd\src\v25.11-c5a1a786cc.clean\pxr\usd\usdShade\materialBindingAPI.cpp -- Found material bindings on prim at path (/root/thelab01/workbench_grp/chemistry_test_tube02_0015/GEO) but MaterialBindingAPI is not applied on the prim
Warning: in BindingsAtPrim at line 671 of D:\__projects\_programming\vcpkg\buildtrees\usd\src\v25.11-c5a1a786cc.clean\pxr\usd\usdShade\materialBindingAPI.cpp -- Found material bindings on prim at path (/root/thelab01/workbench_grp/chemistry_test_tube02_0015/GEO) but MaterialBindingAPI is not applied on the prim
Warning: in BindingsAtPrim at line 671 of D:\__projects\_programming\vcpkg\buildtrees\usd\src\v25.11-c5a1a786cc.clean\pxr\usd\usdShade\materialBindingAPI.cpp -- Found material bindings on prim at path (/root/thelab01/workbench_grp/chemistry_test_tube02_0016/GEO) but MaterialBindingAPI is not applied on the prim
Warning: in BindingsAtPrim at line 671 of D:\__projects\_programming\vcpkg\buildtrees\usd\src\v25.11-c5a1a786cc.clean\pxr\usd\usdShade\materialBindingAPI.cpp -- Found material bindings on prim at path (/root/thelab01/workbench_grp/chemistry_test_tube02_0016/GEO) but MaterialBindingAPI is not applied on the prim
Warning: in BindingsAtPrim at line 671 of D:\__projects\_programming\vcpkg\buildtrees\usd\src\v25.11-c5a1a786cc.clean\pxr\usd\usdShade\materialBindingAPI.cpp -- Found material bindings on prim at path (/root/thelab01/workbench_grp/chemistry_test_tube02_0017/GEO) but MaterialBindingAPI is not applied on the prim
Warning: in BindingsAtPrim at line 671 of D:\__projects\_programming\vcpkg\buildtrees\usd\src\v25.11-c5a1a786cc.clean\pxr\usd\usdShade\materialBindingAPI.cpp -- Found material bindings on prim at path (/root/thelab01/workbench_grp/chemistry_test_tube02_0017/GEO) but MaterialBindingAPI is not applied on the prim
Warning: in BindingsAtPrim at line 671 of D:\__projects\_programming\vcpkg\buildtrees\usd\src\v25.11-c5a1a786cc.clean\pxr\usd\usdShade\materialBindingAPI.cpp -- Found material bindings on prim at path (/root/thelab01/workbench_grp/chemistry_test_tube02_0018/GEO) but MaterialBindingAPI is not applied on the prim
Warning: in BindingsAtPrim at line 671 of D:\__projects\_programming\vcpkg\buildtrees\usd\src\v25.11-c5a1a786cc.clean\pxr\usd\usdShade\materialBindingAPI.cpp -- Found material bindings on prim at path (/root/thelab01/workbench_grp/chemistry_test_tube02_0018/GEO) but MaterialBindingAPI is not applied on the prim
Warning: in BindingsAtPrim at line 671 of D:\__projects\_programming\vcpkg\buildtrees\usd\src\v25.11-c5a1a786cc.clean\pxr\usd\usdShade\materialBindingAPI.cpp -- Found material bindings on prim at path (/root/thelab01/workbench_grp/chemistry_test_tube03_0017/GEO) but MaterialBindingAPI is not applied on the prim
Warning: in BindingsAtPrim at line 671 of D:\__projects\_programming\vcpkg\buildtrees\usd\src\v25.11-c5a1a786cc.clean\pxr\usd\usdShade\materialBindingAPI.cpp -- Found material bindings on prim at path (/root/thelab01/workbench_grp/chemistry_test_tube03_0017/GEO) but MaterialBindingAPI is not applied on the prim
Warning: in BindingsAtPrim at line 671 of D:\__projects\_programming\vcpkg\buildtrees\usd\src\v25.11-c5a1a786cc.clean\pxr\usd\usdShade\materialBindingAPI.cpp -- Found material bindings on prim at path (/root/thelab01/workbench_grp/chemistry_test_tube03_0018/GEO) but MaterialBindingAPI is not applied on the prim
Warning: in BindingsAtPrim at line 671 of D:\__projects\_programming\vcpkg\buildtrees\usd\src\v25.11-c5a1a786cc.clean\pxr\usd\usdShade\materialBindingAPI.cpp -- Found material bindings on prim at path (/root/thelab01/workbench_grp/chemistry_test_tube03_0018/GEO) but MaterialBindingAPI is not applied on the prim
Warning: in BindingsAtPrim at line 671 of D:\__projects\_programming\vcpkg\buildtrees\usd\src\v25.11-c5a1a786cc.clean\pxr\usd\usdShade\materialBindingAPI.cpp -- Found material bindings on prim at path (/root/thelab01/workbench_grp/chemistry_test_tube03_0019/GEO) but MaterialBindingAPI is not applied on the prim
Warning: in BindingsAtPrim at line 671 of D:\__projects\_programming\vcpkg\buildtrees\usd\src\v25.11-c5a1a786cc.clean\pxr\usd\usdShade\materialBindingAPI.cpp -- Found material bindings on prim at path (/root/thelab01/workbench_grp/chemistry_test_tube03_0019/GEO) but MaterialBindingAPI is not applied on the prim
Warning: in BindingsAtPrim at line 671 of D:\__projects\_programming\vcpkg\buildtrees\usd\src\v25.11-c5a1a786cc.clean\pxr\usd\usdShade\materialBindingAPI.cpp -- Found material bindings on prim at path (/root/thelab01/workbench_grp/chemistry_test_tube03_0020/GEO) but MaterialBindingAPI is not applied on the prim
Warning: in BindingsAtPrim at line 671 of D:\__projects\_programming\vcpkg\buildtrees\usd\src\v25.11-c5a1a786cc.clean\pxr\usd\usdShade\materialBindingAPI.cpp -- Found material bindings on prim at path (/root/thelab01/workbench_grp/chemistry_test_tube03_0020/GEO) but MaterialBindingAPI is not applied on the prim
Warning: in BindingsAtPrim at line 671 of D:\__projects\_programming\vcpkg\buildtrees\usd\src\v25.11-c5a1a786cc.clean\pxr\usd\usdShade\materialBindingAPI.cpp -- Found material bindings on prim at path (/root/thelab01/workbench_grp/chemistry_test_tube01_0017/GEO) but MaterialBindingAPI is not applied on the prim
Warning: in BindingsAtPrim at line 671 of D:\__projects\_programming\vcpkg\buildtrees\usd\src\v25.11-c5a1a786cc.clean\pxr\usd\usdShade\materialBindingAPI.cpp -- Found material bindings on prim at path (/root/thelab01/workbench_grp/chemistry_test_tube01_0017/GEO) but MaterialBindingAPI is not applied on the prim
Warning: in BindingsAtPrim at line 671 of D:\__projects\_programming\vcpkg\buildtrees\usd\src\v25.11-c5a1a786cc.clean\pxr\usd\usdShade\materialBindingAPI.cpp -- Found material bindings on prim at path (/root/thelab01/workbench_grp/chemistry_test_tube02_0019/GEO) but MaterialBindingAPI is not applied on the prim
Warning: in BindingsAtPrim at line 671 of D:\__projects\_programming\vcpkg\buildtrees\usd\src\v25.11-c5a1a786cc.clean\pxr\usd\usdShade\materialBindingAPI.cpp -- Found material bindings on prim at path (/root/thelab01/workbench_grp/chemistry_test_tube02_0019/GEO) but MaterialBindingAPI is not applied on the prim
Warning: in BindingsAtPrim at line 671 of D:\__projects\_programming\vcpkg\buildtrees\usd\src\v25.11-c5a1a786cc.clean\pxr\usd\usdShade\materialBindingAPI.cpp -- Found material bindings on prim at path (/root/thelab01/workbench_grp/chemistry_test_tube03_0021/GEO) but MaterialBindingAPI is not applied on the prim
Warning: in BindingsAtPrim at line 671 of D:\__projects\_programming\vcpkg\buildtrees\usd\src\v25.11-c5a1a786cc.clean\pxr\usd\usdShade\materialBindingAPI.cpp -- Found material bindings on prim at path (/root/thelab01/workbench_grp/chemistry_test_tube03_0021/GEO) but MaterialBindingAPI is not applied on the prim
Warning: in BindingsAtPrim at line 671 of D:\__projects\_programming\vcpkg\buildtrees\usd\src\v25.11-c5a1a786cc.clean\pxr\usd\usdShade\materialBindingAPI.cpp -- Found material bindings on prim at path (/root/thelab01/workbench_grp/vegetation_bonsai01_0001/SPRUCE/Trunk/vegetation_bonsai_trunk01/GEO) but MaterialBindingAPI is not applied on the prim
Warning: in BindingsAtPrim at line 671 of D:\__projects\_programming\vcpkg\buildtrees\usd\src\v25.11-c5a1a786cc.clean\pxr\usd\usdShade\materialBindingAPI.cpp -- Found material bindings on prim at path (/root/thelab01/workbench_grp/vegetation_bonsai01_0001/SPRUCE/Generation1/Prototypes/vegetation_bonsai_branch01/GEO) but MaterialBindingAPI is not applied on the prim
Warning: in BindingsAtPrim at line 671 of D:\__projects\_programming\vcpkg\buildtrees\usd\src\v25.11-c5a1a786cc.clean\pxr\usd\usdShade\materialBindingAPI.cpp -- Found material bindings on prim at path (/root/thelab01/workbench_grp/vegetation_bonsai01_0001/SPRUCE/Generation1/Prototypes/vegetation_bonsai_branch02/GEO) but MaterialBindingAPI is not applied on the prim
Warning: in BindingsAtPrim at line 671 of D:\__projects\_programming\vcpkg\buildtrees\usd\src\v25.11-c5a1a786cc.clean\pxr\usd\usdShade\materialBindingAPI.cpp -- Found material bindings on prim at path (/root/thelab01/workbench_grp/vegetation_bonsai01_0001/SPRUCE/Generation1/Prototypes/vegetation_bonsai_branch03/GEO) but MaterialBindingAPI is not applied on the prim
Warning: in BindingsAtPrim at line 671 of D:\__projects\_programming\vcpkg\buildtrees\usd\src\v25.11-c5a1a786cc.clean\pxr\usd\usdShade\materialBindingAPI.cpp -- Found material bindings on prim at path (/root/thelab01/workbench_grp/vegetation_bonsai01_0001/SPRUCE/Generation2/Prototypes/vegetation_bonsai_twig01/GEO) but MaterialBindingAPI is not applied on the prim
Warning: in BindingsAtPrim at line 671 of D:\__projects\_programming\vcpkg\buildtrees\usd\src\v25.11-c5a1a786cc.clean\pxr\usd\usdShade\materialBindingAPI.cpp -- Found material bindings on prim at path (/root/thelab01/workbench_grp/vegetation_bonsai01_0001/SPRUCE/Generation2/Prototypes/vegetation_bonsai_twig02/GEO) but MaterialBindingAPI is not applied on the prim
Warning: in BindingsAtPrim at line 671 of D:\__projects\_programming\vcpkg\buildtrees\usd\src\v25.11-c5a1a786cc.clean\pxr\usd\usdShade\materialBindingAPI.cpp -- Found material bindings on prim at path (/root/thelab01/workbench_grp/vegetation_bonsai01_0001/SPRUCE/Generation2/Prototypes/vegetation_bonsai_twig03/GEO) but MaterialBindingAPI is not applied on the prim
Warning: in BindingsAtPrim at line 671 of D:\__projects\_programming\vcpkg\buildtrees\usd\src\v25.11-c5a1a786cc.clean\pxr\usd\usdShade\materialBindingAPI.cpp -- Found material bindings on prim at path (/root/thelab01/workbench_grp/vegetation_bonsai01_0001/SPRUCE/Leaves/Prototypes/test202009demo_ll_leaf01_sm01/GEO) but MaterialBindingAPI is not applied on the prim
Warning: in BindingsAtPrim at line 671 of D:\__projects\_programming\vcpkg\buildtrees\usd\src\v25.11-c5a1a786cc.clean\pxr\usd\usdShade\materialBindingAPI.cpp -- Found material bindings on prim at path (/root/thelab01/shed_grp/structure_wall_fibro01_0002/GEO) but MaterialBindingAPI is not applied on the prim
Warning: in BindingsAtPrim at line 671 of D:\__projects\_programming\vcpkg\buildtrees\usd\src\v25.11-c5a1a786cc.clean\pxr\usd\usdShade\materialBindingAPI.cpp -- Found material bindings on prim at path (/root/thelab01/shed_grp/structure_wall_fibro01_0002/GEO) but MaterialBindingAPI is not applied on the prim
Warning: in BindingsAtPrim at line 671 of D:\__projects\_programming\vcpkg\buildtrees\usd\src\v25.11-c5a1a786cc.clean\pxr\usd\usdShade\materialBindingAPI.cpp -- Found material bindings on prim at path (/root/thelab01/shed_grp/structure_wall_fibro02_0001/GEO) but MaterialBindingAPI is not applied on the prim
Warning: in BindingsAtPrim at line 671 of D:\__projects\_programming\vcpkg\buildtrees\usd\src\v25.11-c5a1a786cc.clean\pxr\usd\usdShade\materialBindingAPI.cpp -- Found material bindings on prim at path (/root/thelab01/shed_grp/structure_wall_fibro02_0001/GEO) but MaterialBindingAPI is not applied on the prim
Warning: in BindingsAtPrim at line 671 of D:\__projects\_programming\vcpkg\buildtrees\usd\src\v25.11-c5a1a786cc.clean\pxr\usd\usdShade\materialBindingAPI.cpp -- Found material bindings on prim at path (/root/thelab01/shed_grp/structure_wall_fibro03_0001/GEO) but MaterialBindingAPI is not applied on the prim
Warning: in BindingsAtPrim at line 671 of D:\__projects\_programming\vcpkg\buildtrees\usd\src\v25.11-c5a1a786cc.clean\pxr\usd\usdShade\materialBindingAPI.cpp -- Found material bindings on prim at path (/root/thelab01/shed_grp/structure_wall_fibro03_0001/GEO) but MaterialBindingAPI is not applied on the prim
[2026-03-15T08:40:06Z INFO  bif_core::usd::loader] Stage metadata: Y-up, cm
[2026-03-15T08:40:06Z INFO  bif_core::usd::loader] Timeline: frames 1200-1300 @ 24 fps
[2026-03-15T08:40:06Z INFO  bif_core::usd::loader] Native instances: 573 (0.3ms)
[2026-03-15T08:40:06Z INFO  bif_core::usd::loader] Bound 406 / 528 meshes to materials
[2026-03-15T08:40:06Z INFO  bif_core::usd::loader] Loaded 8 lights
[2026-03-15T08:40:06Z INFO  bif_core::usd::loader] Loaded 444 unique prototypes from 528 meshes, 132 materials
[2026-03-15T08:40:06Z WARN  bif_core::usd::loader] Instancer /root/thelab01/workbench_grp/vegetation_bonsai01_0001/SPRUCE/Generation1 has no resolvable prototypes
[2026-03-15T08:40:06Z WARN  bif_core::usd::loader] Instancer /root/thelab01/workbench_grp/vegetation_bonsai01_0001/SPRUCE/Generation2 has no resolvable prototypes
[2026-03-15T08:40:06Z WARN  bif_core::usd::loader] Instancer /root/thelab01/workbench_grp/vegetation_bonsai01_0001/SPRUCE/Leaves has no resolvable prototypes
[2026-03-15T08:40:06Z INFO  bif_core::usd::loader] USD Load: Z:\_houdiniFiles\USD\USD_ALab_0730\entry.usda (528 meshes, 1,424,404 verts, 132 materials, 790 instances)
[2026-03-15T08:40:06Z INFO  bif_core::usd::loader]   Stage open:  7517.8ms
[2026-03-15T08:40:06Z INFO  bif_core::usd::loader]   Meshes:        63.4ms
[2026-03-15T08:40:06Z INFO  bif_core::usd::loader]   Materials:      0.6ms
[2026-03-15T08:40:06Z INFO  bif_core::usd::loader]   Lights:         0.0ms (8 lights)
[2026-03-15T08:40:06Z INFO  bif_core::usd::loader]   Instancers:     0.1ms
[2026-03-15T08:40:06Z INFO  bif_core::usd::loader]   Total:       7582.4ms
[2026-03-15T08:40:06Z INFO  bif_viewport::scene_loader] Scene has 444 prototypes - using multi-draw with per-prototype buffers
[2026-03-15T08:40:07Z INFO  bif_viewport::scene_loader] Material:  (metallic=0.00, roughness=0.50)
[2026-03-15T08:40:07Z INFO  bif_viewport::scene_loader] Loaded 1640725 vertices, 7699947 indices from USD scene
[2026-03-15T08:40:07Z INFO  bif_viewport::texture_loader] Collected 272 texture paths from materials
[2026-03-15T08:40:07Z INFO  bif_viewport::texture_loader] Prepared 272 placeholder textures for async loading
[2026-03-15T08:40:07Z INFO  bif_viewport::texture_loader] Collected 272 texture paths from materials
[2026-03-15T08:40:07Z INFO  bif_core::texture] Texture electronics_wire_spool02_proxyTexture.jpg (512x512): decode=32.2ms, convert=1.3ms, linear=2.6ms, total=36.1ms
[2026-03-15T08:40:07Z INFO  bif_core::texture] Texture electronics_wire_spool01_proxyTexture.jpg (512x512): decode=32.6ms, convert=1.1ms, linear=2.7ms, total=36.4ms
[2026-03-15T08:40:07Z INFO  bif_core::texture] Texture chemistry_beaker02_proxyTexture.jpg (512x512): decode=38.2ms, convert=1.1ms, linear=2.7ms, total=42.0ms
[2026-03-15T08:40:07Z INFO  bif_core::texture] Texture furniture_workbench01_proxyTexture.jpg (512x512): decode=40.9ms, convert=1.7ms, linear=3.8ms, total=46.3ms
[2026-03-15T08:40:07Z INFO  bif_core::texture] Texture books_encyclopedias01_proxyTexture.jpg (512x512): decode=42.3ms, convert=1.4ms, linear=4.4ms, total=48.1ms
[2026-03-15T08:40:07Z INFO  bif_core::texture] Texture chemistry_microscope01_proxyTexture.jpg (512x512): decode=42.6ms, convert=1.5ms, linear=4.7ms, total=48.9ms
[2026-03-15T08:40:07Z INFO  bif_core::texture] Texture chemistry_kipps_apparatus01_proxyTexture.jpg (512x512): decode=44.8ms, convert=1.8ms, linear=3.9ms, total=50.5ms
[2026-03-15T08:40:07Z INFO  bif_core::texture] Texture electronics_portable_tv01_proxyTexture.jpg (512x512): decode=46.2ms, convert=1.7ms, linear=5.2ms, total=53.1ms
[2026-03-15T08:40:07Z INFO  bif_core::texture] Texture stationary_pencil01_proxyTexture.jpg (512x512): decode=50.7ms, convert=1.9ms, linear=2.9ms, total=55.5ms
[2026-03-15T08:40:07Z INFO  bif_core::texture] Texture electronics_oscilloscope01_proxyTexture.jpg (512x512): decode=51.7ms, convert=1.8ms, linear=3.2ms, total=56.7ms
[2026-03-15T08:40:07Z INFO  bif_core::texture] Texture toy_box04_proxyTexture.jpg (512x512): decode=27.3ms, convert=1.1ms, linear=2.5ms, total=31.0ms
[2026-03-15T08:40:07Z INFO  bif_core::texture] Texture stationary_notepad01_proxyTexture.jpg (512x512): decode=29.2ms, convert=1.2ms, linear=2.3ms, total=32.8ms
[2026-03-15T08:40:07Z INFO  bif_viewport::scene_loader] Created 914 instances from USD scene (wrote 914)
[2026-03-15T08:40:07Z INFO  bif_viewport::scene_loader] Post-filled 2566649 tri_mat_ids for Ivar (914 instances)
[2026-03-15T08:40:07Z INFO  bif_viewport::scene_loader] 4 of 914 instances have animation data
[2026-03-15T08:40:07Z INFO  bif_viewport::scene_loader] Multi-draw: 444 prototypes, 914 total instances across groups
[2026-03-15T08:40:07Z INFO  bif_viewport::scene_loader] Updated culling manager for prototype AABB: Vec3(-543.62463, -0.87781763, -89.40018) to Vec3(335.721, 376.43484, 816.45526)
[2026-03-15T08:40:07Z INFO  bif_viewport::scene_loader] Found 4 USD camera(s): ["/root/camera_ztl01_060/GEO/camera_main_srt/camera_M_default_render_cam_srt/camera_M_default_render_cam_srtBuffer/camera_M_render_cam", "/root/camera_ztl01_140/GEO/camera_main_srt/camera_M_default_render_cam_srt/camera_M_default_render_cam_srtBuffer/camera_M_render_cam", "/root/camera_ztl01_150/GEO/camera_main_srt/camera_M_default_render_cam_srt/camera_M_default_render_cam_srtBuffer/camera_M_render_cam", "/root/camera_ztl01_160/GEO/camera_main_srt/camera_M_default_render_cam_srt/camera_M_default_render_cam_srtBuffer/camera_M_render_cam"]
[2026-03-15T08:40:07Z INFO  bif_viewport::scene_loader] Timeline initialized: frames 1200-1300 @ 24 fps
[2026-03-15T08:40:07Z INFO  bif_viewport::scene_loader] USD scene loaded successfully: 2566649 triangles x 914 instances
[2026-03-15T08:40:07Z INFO  bif_viewport] Updated 8 lights in viewport
[2026-03-15T08:40:07Z INFO  bif_core::texture] Texture vegetation_bonsai_branch02_Roughness.1001.png (2048x2048): decode=81.7ms, convert=12.3ms, linear=33.4ms, total=127.4ms
[2026-03-15T08:40:07Z INFO  bif_renderer::pick_scene] Pick scene built (indexed): 2566649 triangles, 914 instances, 1640725 shared verts
[2026-03-15T08:40:07Z INFO  bif_viewport] Pick scene rebuilt (indexed): 2566649 tris, 1640725 shared verts, 914 instances
[2026-03-15T08:40:07Z INFO  bif_viewport::texture_loader] Collected 272 texture paths from materials
[2026-03-15T08:40:07Z INFO  bif_core::texture] Texture vegetation_bonsai_branch02_Normal_openGL.1001.png (2048x2048): decode=90.2ms, convert=12.7ms, linear=36.0ms, total=138.9ms
[2026-03-15T08:40:07Z INFO  bif_core::texture] Texture vegetation_bonsai_branch03_proxyTexture.jpg (512x512): decode=22.7ms, convert=0.6ms, linear=1.5ms, total=24.9ms
[2026-03-15T08:40:08Z INFO  bif_core::texture] Texture electronics_wire_spool04_Metallic.1001.jpg (2048x2048): decode=46.5ms, convert=14.5ms, linear=76.3ms, total=137.3ms
[2026-03-15T08:40:08Z INFO  bif_core::texture] Texture toy_box02_Roughness.1001.jpg (2048x2048): decode=67.5ms, convert=12.7ms, linear=95.9ms, total=176.2ms
[2026-03-15T08:40:08Z INFO  bif_core::texture] Texture stationary_pencil01_Normal_openGL.1001.jpg (2048x2048): decode=127.7ms, convert=36.6ms, linear=128.5ms, total=292.8ms
[2026-03-15T08:40:08Z INFO  bif_core::texture] Texture toy_box04_Roughness.1001.jpg (2048x2048): decode=77.0ms, convert=23.9ms, linear=200.1ms, total=301.1ms
[2026-03-15T08:40:08Z INFO  bif_core::texture] Texture books_encyclopedias01_Roughness.1001.jpg (2048x2048): decode=87.4ms, convert=34.8ms, linear=185.6ms, total=307.8ms
[2026-03-15T08:40:08Z INFO  bif_core::texture] Texture chemistry_magnetic_stirrer01_Normal_openGL.1001.jpg (2048x2048): decode=97.3ms, convert=31.3ms, linear=188.6ms, total=317.2ms
[2026-03-15T08:40:08Z INFO  bif_core::texture] Texture electronics_portable_tv01_Metallic.1001.jpg (2048x2048): decode=70.9ms, convert=33.7ms, linear=142.3ms, total=246.9ms
[2026-03-15T08:40:08Z INFO  bif_core::texture] Texture toy_box01_BaseColor.1001.jpg (2048x2048): decode=125.2ms, convert=34.5ms, linear=180.7ms, total=340.5ms
[2026-03-15T08:40:08Z INFO  bif_core::texture] Texture stationary_set_square01_BaseColor.1001.jpg (2048x2048): decode=115.5ms, convert=45.1ms, linear=203.3ms, total=363.9ms
[2026-03-15T08:40:08Z INFO  bif_core::texture] Texture electronics_wire_spool01_BaseColor.1001.jpg (2048x2048): decode=158.8ms, convert=38.5ms, linear=161.1ms, total=358.4ms
[2026-03-15T08:40:08Z INFO  bif_core::texture] Texture electronics_wire_spool06_Roughness.1001.jpg (2048x2048): decode=80.7ms, convert=29.3ms, linear=277.6ms, total=387.6ms
[2026-03-15T08:40:08Z INFO  bif_core::texture] Texture chemistry_beaker02_BaseColor.1001.jpg (2048x2048): decode=152.0ms, convert=48.7ms, linear=176.5ms, total=377.2ms
[2026-03-15T08:40:08Z INFO  bif_core::texture] Texture electronics_wire_spool02_BaseColor.1001.jpg (2048x2048): decode=147.5ms, convert=85.7ms, linear=153.1ms, total=386.4ms
[2026-03-15T08:40:08Z INFO  bif_core::texture] Texture electronics_oscilloscope01_Roughness.1001.jpg (2048x2048): decode=136.6ms, convert=46.9ms, linear=171.6ms, total=355.2ms
[2026-03-15T08:40:08Z INFO  bif_core::texture] Texture stationary_slide_rule01_BaseColor.1001.jpg (2048x2048): decode=165.4ms, convert=78.7ms, linear=183.1ms, total=427.1ms
[2026-03-15T08:40:08Z INFO  bif_core::texture] Texture electronics_cabling_Normal_openGL.1001.jpg (2048x2048): decode=186.6ms, convert=60.1ms, linear=163.0ms, total=409.7ms
[2026-03-15T08:40:08Z INFO  bif_core::texture] Texture stationary_slide_rule01_Normal_openGL.1001.jpg (2048x2048): decode=124.8ms, convert=36.9ms, linear=301.5ms, total=463.2ms
[2026-03-15T08:40:08Z INFO  bif_core::texture] Texture stationary_pencil01_BaseColor.1001.jpg (2048x2048): decode=226.0ms, convert=45.7ms, linear=192.5ms, total=464.1ms
[2026-03-15T08:40:08Z INFO  bif_core::texture] Texture electronics_portable_tv01_BaseColor.1001.jpg (2048x2048): decode=237.6ms, convert=45.9ms, linear=128.4ms, total=411.9ms
[2026-03-15T08:40:08Z INFO  bif_core::texture] Texture electronics_portable_tv01_Normal_openGL.1001.jpg (2048x2048): decode=171.7ms, convert=57.5ms, linear=174.0ms, total=403.1ms
[2026-03-15T08:40:08Z INFO  bif_core::texture] Texture electronics_oscilloscope01_Normal_openGL.1001.jpg (2048x2048): decode=242.9ms, convert=50.7ms, linear=124.3ms, total=417.9ms
[2026-03-15T08:40:08Z INFO  bif_core::texture] Texture decor_wooden_box01_BaseColor.1001.jpg (2048x2048): decode=250.3ms, convert=52.5ms, linear=198.2ms, total=501.0ms
[2026-03-15T08:40:08Z INFO  bif_core::texture] Texture stationary_notepad01_BaseColor.1001.jpg (2048x2048): decode=236.4ms, convert=40.8ms, linear=123.4ms, total=400.5ms
[2026-03-15T08:40:08Z INFO  bif_core::texture] Texture books_encyclopedias01_BaseColor.1001.jpg (2048x2048): decode=278.1ms, convert=65.4ms, linear=119.3ms, total=462.9ms
[2026-03-15T08:40:08Z INFO  bif_core::texture] Texture chemistry_kipps_apparatus01_BaseColor.1001.jpg (2048x2048): decode=146.6ms, convert=100.7ms, linear=220.1ms, total=467.5ms
[2026-03-15T08:40:08Z INFO  bif_core::texture] Texture electronics_wire_spool04_Metallic.1002.jpg (2048x2048): decode=145.8ms, convert=37.2ms, linear=111.6ms, total=294.6ms
[2026-03-15T08:40:08Z INFO  bif_viewport::texture_loader] UDIM atlas: 1 tiles -> 2048x2048 (1x1 grid, tile 2048x2048)
[2026-03-15T08:40:08Z INFO  bif_core::texture] Texture chemistry_microscope01_BaseColor.1001.jpg (2048x2048): decode=277.6ms, convert=42.2ms, linear=158.1ms, total=477.9ms
[2026-03-15T08:40:08Z INFO  bif_core::texture] Texture chemistry_microscope01_Normal_openGL.1001.jpg (2048x2048): decode=302.8ms, convert=43.6ms, linear=191.1ms, total=537.5ms
[2026-03-15T08:40:08Z INFO  bif_core::texture] Texture furniture_workbench01_Roughness.1001.jpg (2048x2048): decode=217.9ms, convert=106.9ms, linear=169.3ms, total=494.1ms
[2026-03-15T08:40:08Z INFO  bif_core::texture] Texture furniture_workbench01_BaseColor.1001.jpg (2048x2048): decode=295.1ms, convert=60.5ms, linear=140.0ms, total=495.5ms
[2026-03-15T08:40:08Z INFO  bif_core::texture] Texture electronics_oscilloscope01_BaseColor.1001.jpg (2048x2048): decode=288.0ms, convert=43.0ms, linear=106.9ms, total=437.9ms
[2026-03-15T08:40:08Z INFO  bif_viewport::texture_loader] UDIM atlas: 1 tiles -> 2048x2048 (1x1 grid, tile 2048x2048)
[2026-03-15T08:40:08Z INFO  bif_core::texture] Texture electronics_portable_tv01_Metallic.1002.jpg (2048x2048): decode=75.6ms, convert=21.2ms, linear=76.7ms, total=173.4ms
[2026-03-15T08:40:08Z INFO  bif_core::texture] Texture toy_box04_BaseColor.1001.jpg (2048x2048): decode=427.7ms, convert=24.0ms, linear=106.6ms, total=558.4ms
[2026-03-15T08:40:08Z INFO  bif_viewport::texture_loader] UDIM atlas: 1 tiles -> 2048x2048 (1x1 grid, tile 2048x2048)
[2026-03-15T08:40:09Z INFO  bif_viewport::texture_loader] UDIM atlas: 1 tiles -> 2048x2048 (1x1 grid, tile 2048x2048)
[2026-03-15T08:40:09Z INFO  bif_core::texture] Texture books_encyclopedias01_Roughness.1002.jpg (2048x2048): decode=58.8ms, convert=36.7ms, linear=55.0ms, total=150.5ms
[2026-03-15T08:40:09Z INFO  bif_viewport::texture_loader] UDIM atlas: 1 tiles -> 2048x2048 (1x1 grid, tile 2048x2048)
[2026-03-15T08:40:09Z INFO  bif_viewport::texture_loader] UDIM atlas: 2 tiles -> 4096x2048 (2x1 grid, tile 2048x2048)
[2026-03-15T08:40:09Z INFO  bif_viewport::texture_loader] UDIM atlas: 1 tiles -> 2048x2048 (1x1 grid, tile 2048x2048)
[2026-03-15T08:40:09Z INFO  bif_viewport::texture_loader] UDIM atlas: 1 tiles -> 2048x2048 (1x1 grid, tile 2048x2048)
[2026-03-15T08:40:09Z INFO  bif_core::texture] Texture electronics_oscilloscope01_Roughness.1002.jpg (2048x2048): decode=82.5ms, convert=20.8ms, linear=80.7ms, total=183.9ms
[2026-03-15T08:40:09Z INFO  bif_core::texture] Texture stationary_pencil02_proxyTexture.jpg (512x512): decode=32.9ms, convert=1.4ms, linear=3.4ms, total=37.8ms
[2026-03-15T08:40:09Z INFO  bif_core::texture] Texture vegetation_bonsai_branch03_BaseColor.1001.jpg (2048x2048): decode=183.5ms, convert=21.8ms, linear=116.5ms, total=321.7ms
[2026-03-15T08:40:09Z INFO  bif_core::texture] Texture chemistry_beaker02_Roughness.1001.jpg (2048x2048): decode=143.2ms, convert=23.5ms, linear=114.4ms, total=281.0ms
[2026-03-15T08:40:09Z INFO  bif_core::texture] Texture chemistry_magnetic_stirrer01_Normal_openGL.1002.jpg (2048x2048): decode=171.0ms, convert=52.8ms, linear=86.4ms, total=310.1ms
[2026-03-15T08:40:09Z INFO  bif_core::texture] Texture stationary_notepad01_BaseColor.1002.jpg (2048x2048): decode=170.7ms, convert=21.1ms, linear=99.0ms, total=290.8ms
[2026-03-15T08:40:09Z INFO  bif_core::texture] Texture electronics_wire_spool01_BaseColor.1002.jpg (2048x2048): decode=196.0ms, convert=24.0ms, linear=85.2ms, total=305.2ms
[2026-03-15T08:40:09Z INFO  bif_core::texture] Texture electronics_cabling_Normal_openGL.1002.jpg (2048x2048): decode=148.9ms, convert=23.8ms, linear=91.5ms, total=264.3ms
[2026-03-15T08:40:09Z INFO  bif_core::texture] Texture electronics_portable_tv01_Normal_openGL.1002.jpg (2048x2048): decode=133.6ms, convert=30.2ms, linear=94.0ms, total=257.8ms
[2026-03-15T08:40:09Z INFO  bif_viewport::texture_loader] UDIM atlas: 1 tiles -> 2048x2048 (1x1 grid, tile 2048x2048)
[2026-03-15T08:40:09Z INFO  bif_core::texture] Texture electronics_portable_tv01_BaseColor.1002.jpg (2048x2048): decode=176.9ms, convert=24.5ms, linear=106.0ms, total=307.4ms
[2026-03-15T08:40:09Z INFO  bif_core::texture] Texture electronics_portable_tv01_Metallic.1003.jpg (2048x2048): decode=56.3ms, convert=26.8ms, linear=99.8ms, total=182.9ms
[2026-03-15T08:40:09Z INFO  bif_core::texture] Texture electronics_wire_spool06_Roughness.1002.jpg (2048x2048): decode=240.9ms, convert=43.9ms, linear=124.1ms, total=409.0ms
[2026-03-15T08:40:09Z INFO  bif_core::texture] Texture electronics_wire_spool02_BaseColor.1002.jpg (2048x2048): decode=181.5ms, convert=48.6ms, linear=88.9ms, total=319.0ms
[2026-03-15T08:40:09Z INFO  bif_core::texture] Texture toy_box02_Normal_openGL.1001.jpg (2048x2048): decode=190.8ms, convert=92.3ms, linear=146.0ms, total=429.1ms
[2026-03-15T08:40:09Z INFO  bif_core::texture] Texture stationary_slide_rule01_BaseColor.1002.jpg (2048x2048): decode=238.7ms, convert=42.5ms, linear=76.3ms, total=357.5ms
[2026-03-15T08:40:09Z INFO  bif_core::texture] Texture furniture_workbench01_BaseColor.1002.jpg (2048x2048): decode=296.5ms, convert=36.7ms, linear=77.6ms, total=410.8ms
[2026-03-15T08:40:09Z INFO  bif_core::texture] Texture books_encyclopedias01_Roughness.1003.jpg (2048x2048): decode=66.1ms, convert=31.8ms, linear=71.5ms, total=169.4ms
[2026-03-15T08:40:09Z INFO  bif_core::texture] Texture books_encyclopedias01_BaseColor.1002.jpg (2048x2048): decode=266.4ms, convert=32.9ms, linear=114.1ms, total=413.3ms
[2026-03-15T08:40:09Z INFO  bif_core::texture] Texture stationary_set_square01_Roughness.1001.jpg (2048x2048): decode=72.5ms, convert=28.1ms, linear=116.3ms, total=216.9ms
[2026-03-15T08:40:09Z INFO  bif_core::texture] Texture electronics_oscilloscope01_BaseColor.1002.jpg (2048x2048): decode=277.1ms, convert=50.8ms, linear=85.8ms, total=413.7ms
[2026-03-15T08:40:09Z INFO  bif_core::texture] Texture stationary_pencil01_Roughness.1001.jpg (2048x2048): decode=88.6ms, convert=21.9ms, linear=81.9ms, total=192.5ms
[2026-03-15T08:40:09Z INFO  bif_viewport::texture_loader] UDIM atlas: 1 tiles -> 2048x2048 (1x1 grid, tile 2048x2048)
[2026-03-15T08:40:09Z INFO  bif_core::texture] Texture furniture_workbench01_Roughness.1002.jpg (2048x2048): decode=205.5ms, convert=70.7ms, linear=225.5ms, total=501.8ms
[2026-03-15T08:40:09Z INFO  bif_core::texture] Texture electronics_wire_spool04_Normal_openGL.1001.jpg (2048x2048): decode=111.7ms, convert=24.5ms, linear=112.4ms, total=248.6ms
[2026-03-15T08:40:09Z INFO  bif_core::texture] Texture toy_box01_Roughness.1001.jpg (2048x2048): decode=89.9ms, convert=23.6ms, linear=110.3ms, total=223.9ms
[2026-03-15T08:40:09Z INFO  bif_core::texture] Texture stationary_slide_rule01_Normal_openGL.1002.jpg (2048x2048): decode=332.1ms, convert=30.6ms, linear=214.6ms, total=577.3ms
[2026-03-15T08:40:09Z INFO  bif_core::texture] Texture chemistry_microscope01_BaseColor.1002.jpg (2048x2048): decode=293.2ms, convert=23.0ms, linear=114.7ms, total=430.9ms
[2026-03-15T08:40:09Z INFO  bif_core::texture] Texture chemistry_microscope01_Normal_openGL.1002.jpg (2048x2048): decode=299.8ms, convert=27.1ms, linear=100.9ms, total=427.7ms
[2026-03-15T08:40:09Z INFO  bif_core::texture] Texture electronics_oscilloscope01_Normal_openGL.1002.jpg (2048x2048): decode=222.7ms, convert=28.5ms, linear=235.2ms, total=486.3ms
[2026-03-15T08:40:09Z INFO  bif_core::texture] Texture electronics_portable_tv01_Metallic.1004.jpg (2048x2048): decode=79.6ms, convert=28.7ms, linear=95.5ms, total=203.7ms
[2026-03-15T08:40:09Z INFO  bif_core::texture] Texture chemistry_kipps_apparatus01_BaseColor.1002.jpg (2048x2048): decode=269.2ms, convert=29.9ms, linear=130.1ms, total=429.2ms
[2026-03-15T08:40:09Z INFO  bif_core::texture] Texture electronics_oscilloscope01_Roughness.1003.jpg (2048x2048): decode=90.9ms, convert=38.1ms, linear=77.9ms, total=207.0ms
[2026-03-15T08:40:09Z INFO  bif_core::texture] Texture decor_wooden_box01_BaseColor.1002.jpg (2048x2048): decode=323.4ms, convert=84.1ms, linear=67.2ms, total=474.7ms
[2026-03-15T08:40:09Z INFO  bif_viewport::texture_loader] UDIM atlas: 2 tiles -> 4096x2048 (2x1 grid, tile 2048x2048)
[2026-03-15T08:40:09Z INFO  bif_core::texture] Texture electronics_cabling_Normal_openGL.1003.jpg (2048x2048): decode=118.6ms, convert=22.3ms, linear=77.6ms, total=218.6ms
[2026-03-15T08:40:09Z INFO  bif_core::texture] Texture electronics_portable_tv01_Normal_openGL.1003.jpg (2048x2048): decode=97.1ms, convert=19.0ms, linear=72.0ms, total=188.2ms
[2026-03-15T08:40:09Z INFO  bif_core::texture] Texture stationary_notepad01_BaseColor.1003.jpg (2048x2048): decode=151.7ms, convert=25.0ms, linear=80.2ms, total=256.9ms
[2026-03-15T08:40:10Z INFO  bif_core::texture] Texture electronics_portable_tv01_BaseColor.1003.jpg (2048x2048): decode=133.2ms, convert=25.9ms, linear=64.4ms, total=223.5ms
[2026-03-15T08:40:10Z INFO  bif_core::texture] Texture electronics_portable_tv01_Metallic.1005.jpg (2048x2048): decode=43.9ms, convert=32.0ms, linear=58.4ms, total=134.4ms
[2026-03-15T08:40:10Z INFO  bif_core::texture] Texture chemistry_magnetic_stirrer01_Normal_openGL.1011.jpg (2048x2048): decode=173.5ms, convert=23.0ms, linear=94.5ms, total=291.0ms
[2026-03-15T08:40:10Z INFO  bif_viewport::texture_loader] UDIM atlas: 1 tiles -> 2048x2048 (1x1 grid, tile 2048x2048)
[2026-03-15T08:40:10Z INFO  bif_viewport::texture_loader] UDIM atlas: 1 tiles -> 2048x2048 (1x1 grid, tile 2048x2048)
[2026-03-15T08:40:10Z INFO  bif_viewport::texture_loader] UDIM atlas: 2 tiles -> 4096x2048 (2x1 grid, tile 2048x2048)
[2026-03-15T08:40:10Z INFO  bif_core::texture] Texture stationary_pencil02_BaseColor.1001.jpg (2048x2048): decode=328.0ms, convert=30.3ms, linear=214.8ms, total=573.1ms
[2026-03-15T08:40:10Z INFO  bif_viewport::texture_loader] UDIM atlas: 1 tiles -> 2048x2048 (1x1 grid, tile 2048x2048)
[2026-03-15T08:40:10Z INFO  bif_viewport::texture_loader] UDIM atlas: 3 tiles -> 6144x2048 (3x1 grid, tile 2048x2048)
[2026-03-15T08:40:10Z INFO  bif_viewport::texture_loader] UDIM atlas: 1 tiles -> 2048x2048 (1x1 grid, tile 2048x2048)
[2026-03-15T08:40:10Z INFO  bif_core::texture] Texture electronics_wire_spool01_Roughness.1001.jpg (2048x2048): decode=60.1ms, convert=19.2ms, linear=53.6ms, total=132.9ms
[2026-03-15T08:40:10Z INFO  bif_core::texture] Texture electronics_portable_tv01_Metallic.1011.jpg (2048x2048): decode=27.0ms, convert=29.9ms, linear=65.1ms, total=122.1ms
[2026-03-15T08:40:10Z INFO  bif_core::texture] Texture chemistry_beaker02_Normal_openGL.1001.jpg (2048x2048): decode=74.5ms, convert=24.4ms, linear=59.7ms, total=158.6ms
[2026-03-15T08:40:10Z INFO  bif_viewport::texture_loader] UDIM atlas: 2 tiles -> 4096x2048 (2x1 grid, tile 2048x2048)
[2026-03-15T08:40:10Z INFO  bif_core::texture] Texture toy_box04_Normal_openGL.1001.jpg (2048x2048): decode=318.1ms, convert=18.5ms, linear=102.2ms, total=438.8ms
[2026-03-15T08:40:10Z INFO  bif_core::texture] Texture electronics_oscilloscope01_Roughness.1004.jpg (2048x2048): decode=65.6ms, convert=18.5ms, linear=46.2ms, total=130.3ms
[2026-03-15T08:40:10Z INFO  bif_viewport::texture_loader] UDIM atlas: 1 tiles -> 2048x2048 (1x1 grid, tile 2048x2048)
[2026-03-15T08:40:10Z INFO  bif_core::texture] Texture vegetation_bonsai_branch03_Roughness.1001.png (2048x2048): decode=150.3ms, convert=50.3ms, linear=63.9ms, total=264.5ms
[2026-03-15T08:40:10Z INFO  bif_core::texture] Texture electronics_portable_tv01_Metallic.1012.jpg (2048x2048): decode=54.3ms, convert=27.6ms, linear=124.1ms, total=206.0ms
[2026-03-15T08:40:10Z INFO  bif_core::texture] Texture stationary_set_square01_Normal_openGL.1001.jpg (2048x2048): decode=104.8ms, convert=22.7ms, linear=125.1ms, total=252.6ms
[2026-03-15T08:40:10Z INFO  bif_viewport::texture_loader] UDIM atlas: 3 tiles -> 6144x2048 (3x1 grid, tile 2048x2048)
[2026-03-15T08:40:10Z INFO  bif_core::texture] Texture electronics_wire_spool04_Normal_openGL.1002.jpg (2048x2048): decode=193.8ms, convert=31.6ms, linear=112.7ms, total=338.2ms
[2026-03-15T08:40:10Z INFO  bif_core::texture] Texture chemistry_microscope01_BaseColor.1003.jpg (2048x2048): decode=91.9ms, convert=59.1ms, linear=220.1ms, total=371.1ms
[2026-03-15T08:40:10Z INFO  bif_core::texture] Texture electronics_wire_spool02_Roughness.1001.jpg (2048x2048): decode=86.2ms, convert=29.1ms, linear=125.2ms, total=240.5ms
[2026-03-15T08:40:10Z INFO  bif_core::texture] Texture electronics_portable_tv01_Roughness.1001.jpg (2048x2048): decode=93.2ms, convert=51.9ms, linear=109.6ms, total=254.8ms
[2026-03-15T08:40:10Z INFO  bif_core::texture] Texture stationary_slide_rule01_BaseColor.1003.jpg (2048x2048): decode=125.9ms, convert=25.7ms, linear=219.0ms, total=370.7ms
[2026-03-15T08:40:10Z INFO  bif_viewport::texture_loader] UDIM atlas: 1 tiles -> 2048x2048 (1x1 grid, tile 2048x2048)
[2026-03-15T08:40:10Z INFO  bif_core::texture] Texture electronics_cabling_Normal_openGL.1004.jpg (2048x2048): decode=166.8ms, convert=31.1ms, linear=149.6ms, total=347.5ms
[2026-03-15T08:40:10Z INFO  bif_core::texture] Texture toy_box01_Normal_openGL.1001.jpg (2048x2048): decode=159.5ms, convert=29.0ms, linear=287.9ms, total=476.4ms
[2026-03-15T08:40:10Z INFO  bif_core::texture] Texture electronics_portable_tv01_Normal_openGL.1004.jpg (2048x2048): decode=135.4ms, convert=59.5ms, linear=105.9ms, total=300.8ms
[2026-03-15T08:40:10Z INFO  bif_viewport::texture_loader] UDIM atlas: 3 tiles -> 4096x4096 (2x2 grid, tile 2048x2048)
[2026-03-15T08:40:10Z INFO  bif_core::texture] Texture furniture_workbench01_Roughness.1003.jpg (2048x2048): decode=75.2ms, convert=102.8ms, linear=221.7ms, total=399.7ms
[2026-03-15T08:40:10Z INFO  bif_core::texture] Texture furniture_workbench01_BaseColor.1003.jpg (2048x2048): decode=420.8ms, convert=32.6ms, linear=212.2ms, total=665.6ms
[2026-03-15T08:40:10Z INFO  bif_core::texture] Texture stationary_slide_rule01_Normal_openGL.1003.jpg (2048x2048): decode=221.7ms, convert=29.4ms, linear=99.4ms, total=350.5ms
[2026-03-15T08:40:10Z INFO  bif_viewport::texture_loader] UDIM atlas: 1 tiles -> 2048x2048 (1x1 grid, tile 2048x2048)
[2026-03-15T08:40:10Z INFO  bif_core::texture] Texture chemistry_test_tube01_proxyTexture.jpg (512x512): decode=13.9ms, convert=1.4ms, linear=3.9ms, total=19.2ms
[2026-03-15T08:40:10Z INFO  bif_core::texture] Texture chemistry_kipps_apparatus01_BaseColor.1003.jpg (2048x2048): decode=136.5ms, convert=136.7ms, linear=144.7ms, total=418.0ms
[2026-03-15T08:40:10Z INFO  bif_core::texture] Texture chemistry_beaker03_proxyTexture.jpg (512x512): decode=16.0ms, convert=1.5ms, linear=12.0ms, total=29.5ms
[2026-03-15T08:40:10Z INFO  bif_core::texture] Texture electronics_portable_tv01_BaseColor.1004.jpg (2048x2048): decode=186.1ms, convert=78.7ms, linear=111.7ms, total=376.6ms
[2026-03-15T08:40:10Z INFO  bif_core::texture] Texture electronics_wire_spool01_Roughness.1002.jpg (2048x2048): decode=129.1ms, convert=24.4ms, linear=88.6ms, total=242.1ms
[2026-03-15T08:40:10Z INFO  bif_core::texture] Texture electronics_portable_tv01_Metallic.1013.jpg (2048x2048): decode=49.0ms, convert=24.0ms, linear=102.2ms, total=175.3ms
[2026-03-15T08:40:10Z INFO  bif_core::texture] Texture electronics_oscilloscope01_Normal_openGL.1003.jpg (2048x2048): decode=199.5ms, convert=20.9ms, linear=120.1ms, total=340.5ms
[2026-03-15T08:40:10Z INFO  bif_core::texture] Texture books_encyclopedias01_Normal_openGL.1001.jpg (2048x2048): decode=200.9ms, convert=32.8ms, linear=103.9ms, total=337.7ms
[2026-03-15T08:40:10Z INFO  bif_core::texture] Texture decor_helmet_head01_BaseColor.1001.jpg (2048x2048): decode=196.4ms, convert=24.5ms, linear=128.3ms, total=349.2ms
[2026-03-15T08:40:10Z INFO  bif_core::texture] Texture electronics_wire_spool06_Metallic.1001.jpg (2048x2048): decode=131.3ms, convert=20.0ms, linear=71.8ms, total=223.2ms
[2026-03-15T08:40:10Z INFO  bif_core::texture] Texture stationary_pencil03_Normal_openGL.1001.jpg (2048x2048): decode=162.5ms, convert=27.7ms, linear=90.3ms, total=280.6ms
[2026-03-15T08:40:10Z INFO  bif_core::texture] Texture chemistry_microscope01_Normal_openGL.1003.jpg (2048x2048): decode=270.0ms, convert=32.3ms, linear=159.6ms, total=462.0ms
[2026-03-15T08:40:10Z INFO  bif_viewport::texture_loader] UDIM atlas: 1 tiles -> 2048x2048 (1x1 grid, tile 2048x2048)
[2026-03-15T08:40:10Z INFO  bif_viewport::texture_loader] UDIM atlas: 1 tiles -> 2048x2048 (1x1 grid, tile 2048x2048)
[2026-03-15T08:40:10Z INFO  bif_core::texture] Texture electronics_oscilloscope01_Roughness.1011.jpg (2048x2048): decode=69.1ms, convert=19.5ms, linear=99.2ms, total=187.8ms
[2026-03-15T08:40:10Z INFO  bif_core::texture] Texture stationary_set_square02_proxyTexture.jpg (512x512): decode=32.0ms, convert=1.0ms, linear=2.5ms, total=35.5ms
[2026-03-15T08:40:10Z INFO  bif_core::texture] Texture stationary_notepad01_Roughness.1001.jpg (2048x2048): decode=69.5ms, convert=40.3ms, linear=43.9ms, total=153.7ms
[2026-03-15T08:40:10Z INFO  bif_core::texture] Texture electronics_oscilloscope01_BaseColor.1003.jpg (2048x2048): decode=287.3ms, convert=62.9ms, linear=272.9ms, total=623.1ms
[2026-03-15T08:40:11Z INFO  bif_core::texture] Texture decor_wooden_box01_BaseColor.1003.jpg (2048x2048): decode=199.9ms, convert=22.5ms, linear=130.1ms, total=352.5ms
[2026-03-15T08:40:11Z INFO  bif_core::texture] Texture BakedDiffuse_porc_hand.1001.jpg (2048x2048): decode=160.3ms, convert=22.7ms, linear=171.5ms, total=354.5ms
[2026-03-15T08:40:11Z INFO  bif_core::texture] Texture electronics_portable_tv01_Metallic.1014.jpg (2048x2048): decode=34.8ms, convert=16.1ms, linear=79.2ms, total=130.1ms
[2026-03-15T08:40:11Z INFO  bif_viewport::texture_loader] UDIM atlas: 2 tiles -> 4096x2048 (2x1 grid, tile 2048x2048)
[2026-03-15T08:40:11Z INFO  bif_core::texture] Texture chemistry_test_tube01_BaseColor.1001.jpg (2048x2048): decode=93.2ms, convert=19.4ms, linear=66.0ms, total=178.6ms
[2026-03-15T08:40:11Z INFO  bif_core::texture] Texture electronics_wire_spool05_proxyTexture.jpg (512x512): decode=9.9ms, convert=1.3ms, linear=3.8ms, total=15.0ms
[2026-03-15T08:40:11Z INFO  bif_core::texture] Texture chemistry_beaker03_BaseColor.1001.jpg (2048x2048): decode=95.8ms, convert=22.5ms, linear=97.6ms, total=216.0ms
[2026-03-15T08:40:11Z INFO  bif_core::texture] Texture electronics_portable_tv01_Roughness.1002.jpg (2048x2048): decode=94.9ms, convert=38.9ms, linear=54.9ms, total=188.8ms
[2026-03-15T08:40:11Z INFO  bif_core::texture] Texture decor_foam_hand01_proxyTexture.jpg (512x512): decode=237.8ms, convert=1.3ms, linear=4.2ms, total=243.4ms
[2026-03-15T08:40:11Z INFO  bif_core::texture] Texture electronics_wire_spool02_Roughness.1002.jpg (2048x2048): decode=79.4ms, convert=26.1ms, linear=76.7ms, total=182.2ms
[2026-03-15T08:40:11Z INFO  bif_core::texture] Texture electronics_portable_tv01_Normal_openGL.1005.jpg (2048x2048): decode=76.9ms, convert=20.5ms, linear=77.7ms, total=175.2ms
[2026-03-15T08:40:11Z INFO  bif_viewport::texture_loader] UDIM atlas: 1 tiles -> 2048x2048 (1x1 grid, tile 2048x2048)
[2026-03-15T08:40:11Z INFO  bif_viewport::texture_loader] UDIM atlas: 1 tiles -> 2048x2048 (1x1 grid, tile 2048x2048)
[2026-03-15T08:40:11Z INFO  bif_viewport::texture_loader] UDIM atlas: 2 tiles -> 4096x2048 (2x1 grid, tile 2048x2048)
[2026-03-15T08:40:11Z INFO  bif_core::texture] Texture electronics_cabling_Normal_openGL.1011.jpg (2048x2048): decode=93.1ms, convert=16.4ms, linear=101.8ms, total=211.3ms
[2026-03-15T08:40:11Z INFO  bif_core::texture] Texture electronics_portable_tv01_Metallic.1021.jpg (2048x2048): decode=57.7ms, convert=35.8ms, linear=71.7ms, total=165.2ms
[2026-03-15T08:40:11Z INFO  bif_core::texture] Texture electronics_portable_tv01_BaseColor.1005.jpg (2048x2048): decode=98.7ms, convert=34.2ms, linear=51.6ms, total=184.6ms
[2026-03-15T08:40:11Z INFO  bif_core::texture] Texture stationary_pencil02_Roughness.1001.jpg (2048x2048): decode=188.6ms, convert=21.7ms, linear=210.8ms, total=421.2ms
[2026-03-15T08:40:11Z INFO  bif_core::texture] Texture stationary_set_square02_BaseColor.1001.jpg (2048x2048): decode=134.8ms, convert=35.0ms, linear=60.5ms, total=230.4ms
[2026-03-15T08:40:11Z INFO  bif_viewport::texture_loader] UDIM atlas: 1 tiles -> 2048x2048 (1x1 grid, tile 2048x2048)
[2026-03-15T08:40:11Z INFO  bif_core::texture] Texture books_magazines01_proxyTexture.jpg (512x512): decode=22.0ms, convert=1.8ms, linear=3.7ms, total=27.5ms
[2026-03-15T08:40:11Z INFO  bif_core::texture] Texture electronics_wire_spool05_BaseColor.1001.jpg (2048x2048): decode=117.5ms, convert=19.2ms, linear=58.2ms, total=194.9ms
[2026-03-15T08:40:11Z INFO  bif_core::texture] Texture books_encyclopedias01_Normal_openGL.1002.jpg (2048x2048): decode=130.6ms, convert=24.7ms, linear=59.1ms, total=214.4ms
[2026-03-15T08:40:11Z INFO  bif_core::texture] Texture vegetation_bonsai_branch03_Normal_openGL.1001.png (2048x2048): decode=77.1ms, convert=110.1ms, linear=79.9ms, total=267.1ms
[2026-03-15T08:40:11Z INFO  bif_core::texture] Texture decor_helmet_head01_BaseColor.1002.jpg (2048x2048): decode=129.4ms, convert=26.8ms, linear=69.3ms, total=225.6ms
[2026-03-15T08:40:11Z INFO  bif_core::texture] Texture electronics_oscilloscope01_Metallic.1001.jpg (2048x2048): decode=61.5ms, convert=24.6ms, linear=56.7ms, total=142.7ms
[2026-03-15T08:40:11Z INFO  bif_core::texture] Texture electronics_oscilloscope01_Roughness.1012.jpg (2048x2048): decode=86.2ms, convert=15.8ms, linear=97.5ms, total=199.6ms
[2026-03-15T08:40:11Z INFO  bif_core::texture] Texture stationary_notepad01_Roughness.1002.jpg (2048x2048): decode=61.2ms, convert=23.9ms, linear=91.4ms, total=176.4ms
[2026-03-15T08:40:11Z INFO  bif_core::texture] Texture furniture_workbench01_Roughness.1004.jpg (2048x2048): decode=150.1ms, convert=23.0ms, linear=126.9ms, total=300.0ms
[2026-03-15T08:40:11Z INFO  bif_core::texture] Texture electronics_portable_tv01_BaseColor.1011.jpg (2048x2048): decode=129.7ms, convert=24.2ms, linear=94.1ms, total=248.0ms
[2026-03-15T08:40:11Z INFO  bif_core::texture] Texture chemistry_test_tube01_Roughness.1001.jpg (2048x2048): decode=85.0ms, convert=27.9ms, linear=80.4ms, total=193.2ms
[2026-03-15T08:40:11Z INFO  bif_core::texture] Texture electronics_wire_spool01_Metallic.1001.jpg (2048x2048): decode=61.6ms, convert=29.9ms, linear=105.1ms, total=196.6ms
[2026-03-15T08:40:11Z INFO  bif_core::texture] Texture furniture_workbench01_BaseColor.1004.jpg (2048x2048): decode=285.5ms, convert=26.6ms, linear=151.7ms, total=463.8ms
[2026-03-15T08:40:11Z INFO  bif_viewport::texture_loader] UDIM atlas: 2 tiles -> 4096x2048 (2x1 grid, tile 2048x2048)
[2026-03-15T08:40:11Z INFO  bif_viewport::texture_loader] UDIM atlas: 3 tiles -> 6144x2048 (3x1 grid, tile 2048x2048)
[2026-03-15T08:40:11Z INFO  bif_core::texture] Texture chemistry_microscope01_BaseColor.1011.jpg (2048x2048): decode=194.9ms, convert=28.9ms, linear=161.4ms, total=385.1ms
[2026-03-15T08:40:11Z INFO  bif_core::texture] Texture chemistry_beaker03_Roughness.1001.jpg (2048x2048): decode=140.3ms, convert=59.1ms, linear=109.1ms, total=308.5ms
[2026-03-15T08:40:11Z INFO  bif_core::texture] Texture BakedDiffuse_porc_hand.1002.jpg (2048x2048): decode=180.2ms, convert=29.4ms, linear=131.0ms, total=340.7ms
[2026-03-15T08:40:11Z INFO  bif_viewport::texture_loader] UDIM atlas: 3 tiles -> 6144x2048 (3x1 grid, tile 2048x2048)
[2026-03-15T08:40:11Z INFO  bif_viewport::texture_loader] UDIM atlas: 3 tiles -> 6144x2048 (3x1 grid, tile 2048x2048)
[2026-03-15T08:40:11Z INFO  bif_viewport::texture_loader] UDIM atlas: 1 tiles -> 2048x2048 (1x1 grid, tile 2048x2048)
[2026-03-15T08:40:11Z INFO  bif_core::texture] Texture electronics_oscilloscope01_Normal_openGL.1004.jpg (2048x2048): decode=153.1ms, convert=75.9ms, linear=90.3ms, total=319.4ms
[2026-03-15T08:40:11Z INFO  bif_core::texture] Texture toy_box02_proxyTexture.jpg (512x512): decode=31.2ms, convert=1.7ms, linear=5.0ms, total=37.9ms
[2026-03-15T08:40:11Z INFO  bif_core::texture] Texture electronics_portable_tv01_Roughness.1003.jpg (2048x2048): decode=93.8ms, convert=54.8ms, linear=170.5ms, total=319.2ms
[2026-03-15T08:40:11Z INFO  bif_viewport::texture_loader] UDIM atlas: 1 tiles -> 2048x2048 (1x1 grid, tile 2048x2048)
[2026-03-15T08:40:11Z INFO  bif_core::texture] Texture electronics_portable_tv01_Normal_openGL.1011.jpg (2048x2048): decode=141.1ms, convert=32.8ms, linear=117.4ms, total=291.4ms
[2026-03-15T08:40:11Z INFO  bif_core::texture] Texture toy_box01_proxyTexture.jpg (512x512): decode=12.5ms, convert=1.4ms, linear=3.4ms, total=17.4ms
[2026-03-15T08:40:11Z INFO  bif_core::texture] Texture electronics_portable_tv01_Metallic.1022.jpg (2048x2048): decode=107.9ms, convert=27.8ms, linear=73.8ms, total=209.5ms
[2026-03-15T08:40:11Z INFO  bif_viewport::texture_loader] UDIM atlas: 2 tiles -> 4096x2048 (2x1 grid, tile 2048x2048)
[2026-03-15T08:40:11Z INFO  bif_core::texture] Texture electronics_cabling_Normal_openGL.1012.jpg (2048x2048): decode=106.6ms, convert=20.0ms, linear=102.1ms, total=228.7ms
[2026-03-15T08:40:11Z INFO  bif_viewport::texture_loader] UDIM atlas: 1 tiles -> 2048x2048 (1x1 grid, tile 2048x2048)
[2026-03-15T08:40:11Z INFO  bif_core::texture] Texture chemistry_microscope01_Normal_openGL.1011.jpg (2048x2048): decode=246.4ms, convert=99.1ms, linear=72.4ms, total=417.9ms
[2026-03-15T08:40:12Z INFO  bif_core::texture] Texture electronics_oscilloscope01_Metallic.1002.jpg (2048x2048): decode=90.1ms, convert=20.9ms, linear=141.1ms, total=252.2ms
[2026-03-15T08:40:12Z INFO  bif_core::texture] Texture electronics_wire_spool06_Metallic.1002.jpg (2048x2048): decode=221.9ms, convert=18.9ms, linear=148.7ms, total=389.6ms
[2026-03-15T08:40:12Z INFO  bif_core::texture] Texture decor_wooden_box01_BaseColor.1011.jpg (2048x2048): decode=359.9ms, convert=99.1ms, linear=68.1ms, total=527.1ms
[2026-03-15T08:40:12Z INFO  bif_core::texture] Texture electronics_wire_spool05_BaseColor.1002.jpg (2048x2048): decode=190.8ms, convert=15.7ms, linear=68.4ms, total=274.9ms
[2026-03-15T08:40:12Z INFO  bif_core::texture] Texture electronics_wire_spool01_Metallic.1002.jpg (2048x2048): decode=127.7ms, convert=16.4ms, linear=110.7ms, total=254.9ms
[2026-03-15T08:40:12Z INFO  bif_core::texture] Texture electronics_oscilloscope01_Roughness.1013.jpg (2048x2048): decode=106.6ms, convert=23.6ms, linear=96.5ms, total=226.7ms
[2026-03-15T08:40:12Z INFO  bif_viewport::texture_loader] UDIM atlas: 1 tiles -> 2048x2048 (1x1 grid, tile 2048x2048)
[2026-03-15T08:40:12Z INFO  bif_core::texture] Texture books_encyclopedias01_Normal_openGL.1003.jpg (2048x2048): decode=190.8ms, convert=22.9ms, linear=78.9ms, total=292.7ms
[2026-03-15T08:40:12Z INFO  bif_viewport::texture_loader] UDIM atlas: 1 tiles -> 2048x2048 (1x1 grid, tile 2048x2048)
[2026-03-15T08:40:12Z INFO  bif_core::texture] Texture electronics_wire_spool02_Metallic.1001.jpg (2048x2048): decode=41.1ms, convert=22.2ms, linear=79.2ms, total=142.6ms
[2026-03-15T08:40:12Z INFO  bif_core::texture] Texture electronics_portable_tv01_BaseColor.1012.jpg (2048x2048): decode=155.7ms, convert=29.1ms, linear=105.6ms, total=290.4ms
[2026-03-15T08:40:12Z INFO  bif_core::texture] Texture stationary_notepad01_Roughness.1003.jpg (2048x2048): decode=77.6ms, convert=23.0ms, linear=152.5ms, total=253.1ms
[2026-03-15T08:40:12Z INFO  bif_core::texture] Texture electronics_portable_tv01_Metallic.1023.jpg (2048x2048): decode=66.6ms, convert=21.5ms, linear=107.9ms, total=196.0ms
[2026-03-15T08:40:12Z INFO  bif_core::texture] Texture furniture_workbench01_Roughness.1011.jpg (2048x2048): decode=102.5ms, convert=57.1ms, linear=100.3ms, total=259.9ms
[2026-03-15T08:40:12Z INFO  bif_viewport::texture_loader] UDIM atlas: 2 tiles -> 4096x2048 (2x1 grid, tile 2048x2048)
[2026-03-15T08:40:12Z INFO  bif_core::texture] Texture books_magazines01_BaseColor.1001.jpg (2048x2048): decode=244.2ms, convert=27.2ms, linear=84.9ms, total=356.3ms
[2026-03-15T08:40:12Z INFO  bif_core::texture] Texture stationary_set_square02_Roughness.1001.jpg (2048x2048): decode=89.8ms, convert=16.6ms, linear=50.4ms, total=156.8ms
[2026-03-15T08:40:12Z INFO  bif_core::texture] Texture decor_helmet_head01_proxyTexture.jpg (512x512): decode=43.1ms, convert=1.5ms, linear=3.7ms, total=48.3ms
[2026-03-15T08:40:12Z INFO  bif_core::texture] Texture electronics_oscilloscope01_BaseColor.1004.jpg (2048x2048): decode=423.9ms, convert=47.5ms, linear=58.9ms, total=530.3ms
[2026-03-15T08:40:12Z INFO  bif_core::texture] Texture vegetation_bonsai_twig01_proxyTexture.jpg (512x512): decode=78.8ms, convert=1.4ms, linear=4.9ms, total=85.1ms
[2026-03-15T08:40:12Z INFO  bif_core::texture] Texture electronics_portable_tv01_Normal_openGL.1012.jpg (2048x2048): decode=87.2ms, convert=23.8ms, linear=97.6ms, total=208.6ms
[2026-03-15T08:40:12Z INFO  bif_core::texture] Texture electronics_portable_tv01_Roughness.1004.jpg (2048x2048): decode=117.1ms, convert=20.6ms, linear=76.8ms, total=214.5ms
[2026-03-15T08:40:12Z INFO  bif_core::texture] Texture chemistry_microscope01_Roughness.1001.jpg (2048x2048): decode=126.0ms, convert=18.5ms, linear=151.8ms, total=296.3ms
[2026-03-15T08:40:12Z INFO  bif_viewport::texture_loader] UDIM atlas: 2 tiles -> 4096x2048 (2x1 grid, tile 2048x2048)
[2026-03-15T08:40:12Z INFO  bif_core::texture] Texture electronics_portable_tv01_Metallic.1024.jpg (2048x2048): decode=33.3ms, convert=19.0ms, linear=94.7ms, total=147.0ms
[2026-03-15T08:40:12Z INFO  bif_core::texture] Texture chemistry_kipps_apparatus01_Roughness.1001.jpg (2048x2048): decode=86.7ms, convert=24.2ms, linear=73.7ms, total=184.7ms
[2026-03-15T08:40:12Z INFO  bif_core::texture] Texture electronics_wire_spool02_Metallic.1002.jpg (2048x2048): decode=98.6ms, convert=27.7ms, linear=98.4ms, total=224.7ms
[2026-03-15T08:40:12Z INFO  bif_core::texture] Texture decor_helmet_head01_Roughness.1001.jpg (2048x2048): decode=87.1ms, convert=24.1ms, linear=98.2ms, total=209.5ms
[2026-03-15T08:40:12Z INFO  bif_core::texture] Texture toy_box02_BaseColor.1001.jpg (2048x2048): decode=245.8ms, convert=26.2ms, linear=188.8ms, total=460.8ms
[2026-03-15T08:40:12Z INFO  bif_core::texture] Texture furniture_workbench01_BaseColor.1011.jpg (2048x2048): decode=243.8ms, convert=41.4ms, linear=87.9ms, total=373.1ms
[2026-03-15T08:40:12Z INFO  bif_viewport::texture_loader] UDIM atlas: 2 tiles -> 4096x2048 (2x1 grid, tile 2048x2048)
[2026-03-15T08:40:12Z INFO  bif_viewport::texture_loader] UDIM atlas: 2 tiles -> 4096x2048 (2x1 grid, tile 2048x2048)
[2026-03-15T08:40:12Z INFO  bif_core::texture] Texture electronics_cabling_Normal_openGL.1013.jpg (2048x2048): decode=97.6ms, convert=22.8ms, linear=108.8ms, total=229.2ms
[2026-03-15T08:40:12Z INFO  bif_core::texture] Texture chemistry_test_tube01_Normal_openGL.1001.jpg (2048x2048): decode=98.0ms, convert=26.4ms, linear=80.6ms, total=205.1ms
[2026-03-15T08:40:12Z INFO  bif_core::texture] Texture chemistry_beaker03_Normal_openGL.1001.jpg (2048x2048): decode=97.7ms, convert=21.2ms, linear=79.2ms, total=198.0ms
[2026-03-15T08:40:12Z INFO  bif_viewport::texture_loader] UDIM atlas: 1 tiles -> 2048x2048 (1x1 grid, tile 2048x2048)
[2026-03-15T08:40:12Z INFO  bif_core::texture] Texture stationary_slide_rule01_Roughness.1001.jpg (2048x2048): decode=150.5ms, convert=25.7ms, linear=124.0ms, total=300.2ms
[2026-03-15T08:40:12Z INFO  bif_viewport::texture_loader] UDIM atlas: 3 tiles -> 6144x2048 (3x1 grid, tile 2048x2048)
[2026-03-15T08:40:12Z INFO  bif_viewport::texture_loader] UDIM atlas: 3 tiles -> 6144x2048 (3x1 grid, tile 2048x2048)
[2026-03-15T08:40:12Z INFO  bif_core::texture] Texture chemistry_microscope01_BaseColor.1012.jpg (2048x2048): decode=281.4ms, convert=44.4ms, linear=104.0ms, total=429.8ms
[2026-03-15T08:40:12Z INFO  bif_core::texture] Texture toy_box03_proxyTexture.jpg (512x512): decode=19.3ms, convert=1.7ms, linear=25.4ms, total=46.4ms
[2026-03-15T08:40:12Z INFO  bif_viewport::texture_loader] UDIM atlas: 2 tiles -> 4096x2048 (2x1 grid, tile 2048x2048)
[2026-03-15T08:40:12Z INFO  bif_core::texture] Texture electronics_oscilloscope01_Roughness.1014.jpg (2048x2048): decode=179.4ms, convert=24.6ms, linear=80.7ms, total=284.7ms
[2026-03-15T08:40:12Z INFO  bif_core::texture] Texture electronics_portable_tv01_BaseColor.1013.jpg (2048x2048): decode=177.4ms, convert=42.8ms, linear=86.8ms, total=307.0ms
[2026-03-15T08:40:12Z INFO  bif_core::texture] Texture vegetation_bonsai_twig01_BaseColor.1001.jpg (2048x2048): decode=255.7ms, convert=121.2ms, linear=114.6ms, total=491.5ms
[2026-03-15T08:40:12Z INFO  bif_core::texture] Texture books_magazines01_BaseColor.1002.jpg (2048x2048): decode=181.6ms, convert=25.7ms, linear=80.9ms, total=288.1ms
[2026-03-15T08:40:12Z INFO  bif_core::texture] Texture electronics_oscilloscope01_Normal_openGL.1011.jpg (2048x2048): decode=266.7ms, convert=26.3ms, linear=155.8ms, total=448.7ms
[2026-03-15T08:40:13Z INFO  bif_core::texture] Texture electronics_portable_tv01_Roughness.1005.jpg (2048x2048): decode=82.1ms, convert=19.5ms, linear=129.8ms, total=231.4ms
[2026-03-15T08:40:13Z INFO  bif_core::texture] Texture electronics_portable_tv01_Normal_openGL.1013.jpg (2048x2048): decode=114.3ms, convert=29.7ms, linear=86.0ms, total=230.0ms
[2026-03-15T08:40:13Z INFO  bif_core::texture] Texture chemistry_microscope01_Normal_openGL.1012.jpg (2048x2048): decode=199.9ms, convert=25.0ms, linear=233.9ms, total=458.9ms
[2026-03-15T08:40:13Z INFO  bif_viewport::texture_loader] UDIM atlas: 1 tiles -> 2048x2048 (1x1 grid, tile 2048x2048)
[2026-03-15T08:40:13Z INFO  bif_core::texture] Texture decor_helmet_head01_Roughness.1002.jpg (2048x2048): decode=79.0ms, convert=26.2ms, linear=88.4ms, total=193.7ms
[2026-03-15T08:40:13Z INFO  bif_core::texture] Texture stationary_pencil02_Normal_openGL.1001.jpg (2048x2048): decode=151.0ms, convert=24.8ms, linear=147.7ms, total=323.4ms
[2026-03-15T08:40:13Z INFO  bif_core::texture] Texture electronics_oscilloscope01_Metallic.1003.jpg (2048x2048): decode=138.8ms, convert=43.9ms, linear=196.4ms, total=379.1ms
[2026-03-15T08:40:13Z INFO  bif_core::texture] Texture electronics_wire_spool01_Normal_openGL.1001.jpg (2048x2048): decode=116.2ms, convert=26.3ms, linear=102.1ms, total=244.6ms
[2026-03-15T08:40:13Z INFO  bif_viewport::texture_loader] UDIM atlas: 1 tiles -> 2048x2048 (1x1 grid, tile 2048x2048)
[2026-03-15T08:40:13Z INFO  bif_core::texture] Texture chemistry_test_tube02_proxyTexture.jpg (512x512): decode=33.2ms, convert=1.9ms, linear=4.5ms, total=39.5ms
[2026-03-15T08:40:13Z INFO  bif_viewport::texture_loader] UDIM atlas: 1 tiles -> 2048x2048 (1x1 grid, tile 2048x2048)
[2026-03-15T08:40:13Z INFO  bif_core::texture] Texture chemistry_beaker_rack01_proxyTexture.jpg (512x512): decode=18.8ms, convert=1.4ms, linear=5.4ms, total=25.7ms
[2026-03-15T08:40:13Z INFO  bif_viewport::texture_loader] UDIM atlas: 13 tiles -> 10240x6144 (5x3 grid, tile 2048x2048)
[2026-03-15T08:40:13Z INFO  bif_core::texture] Texture electronics_wire_spool05_Roughness.1001.jpg (2048x2048): decode=62.8ms, convert=27.8ms, linear=66.0ms, total=156.6ms
[2026-03-15T08:40:13Z INFO  bif_core::texture] Texture decor_wooden_box01_BaseColor.1012.jpg (2048x2048): decode=388.8ms, convert=27.7ms, linear=170.8ms, total=587.2ms
[2026-03-15T08:40:13Z INFO  bif_core::texture] Texture furniture_workbench01_Roughness.1012.jpg (2048x2048): decode=178.1ms, convert=24.8ms, linear=150.4ms, total=353.2ms
[2026-03-15T08:40:13Z INFO  bif_core::texture] Texture chemistry_kipps_apparatus01_Normal_openGL.1001.jpg (2048x2048): decode=148.5ms, convert=23.6ms, linear=160.9ms, total=333.0ms
[2026-03-15T08:40:13Z INFO  bif_core::texture] Texture electronics_cabling_Normal_openGL.1014.jpg (2048x2048): decode=116.6ms, convert=22.7ms, linear=68.8ms, total=208.1ms
[2026-03-15T08:40:13Z INFO  bif_core::texture] Texture chemistry_microscope01_Roughness.1002.jpg (2048x2048): decode=268.6ms, convert=37.6ms, linear=62.4ms, total=368.6ms
[2026-03-15T08:40:13Z INFO  bif_core::texture] Texture chemistry_kipps_apparatus01_Roughness.1002.jpg (2048x2048): decode=177.2ms, convert=20.8ms, linear=183.8ms, total=381.9ms
[2026-03-15T08:40:13Z INFO  bif_core::texture] Texture electronics_oscilloscope01_BaseColor.1011.jpg (2048x2048): decode=310.0ms, convert=39.1ms, linear=63.0ms, total=412.2ms
[2026-03-15T08:40:13Z INFO  bif_core::texture] Texture stationary_set_square02_Normal_openGL.1001.jpg (2048x2048): decode=148.1ms, convert=18.0ms, linear=93.4ms, total=259.4ms
[2026-03-15T08:40:13Z INFO  bif_core::texture] Texture electronics_oscilloscope01_Roughness.1021.jpg (2048x2048): decode=54.5ms, convert=21.3ms, linear=74.0ms, total=149.9ms
[2026-03-15T08:40:13Z INFO  bif_core::texture] Texture stationary_notepad01_Normal_openGL.1001.jpg (2048x2048): decode=189.5ms, convert=19.1ms, linear=65.5ms, total=274.2ms
[2026-03-15T08:40:13Z INFO  bif_core::texture] Texture electronics_wire_spool02_Normal_openGL.1001.jpg (2048x2048): decode=169.4ms, convert=32.4ms, linear=59.1ms, total=260.8ms
[2026-03-15T08:40:13Z INFO  bif_core::texture] Texture electronics_wire_spool06_Normal_openGL.1001.jpg (2048x2048): decode=206.4ms, convert=17.9ms, linear=145.8ms, total=370.2ms
[2026-03-15T08:40:13Z INFO  bif_viewport::texture_loader] UDIM atlas: 1 tiles -> 2048x2048 (1x1 grid, tile 2048x2048)
[2026-03-15T08:40:13Z INFO  bif_core::texture] Texture toy_box03_BaseColor.1001.jpg (2048x2048): decode=217.7ms, convert=20.6ms, linear=95.6ms, total=333.9ms
[2026-03-15T08:40:13Z INFO  bif_core::texture] Texture furniture_workbench01_BaseColor.1012.jpg (2048x2048): decode=355.1ms, convert=79.0ms, linear=53.9ms, total=488.0ms
[2026-03-15T08:40:13Z INFO  bif_core::texture] Texture electronics_portable_tv01_BaseColor.1014.jpg (2048x2048): decode=190.9ms, convert=43.7ms, linear=75.3ms, total=309.9ms
[2026-03-15T08:40:13Z INFO  bif_core::texture] Texture stationary_slide_rule01_Roughness.1002.jpg (2048x2048): decode=219.1ms, convert=19.6ms, linear=145.0ms, total=383.7ms
[2026-03-15T08:40:13Z INFO  bif_viewport::texture_loader] UDIM atlas: 2 tiles -> 4096x2048 (2x1 grid, tile 2048x2048)
[2026-03-15T08:40:13Z INFO  bif_viewport::texture_loader] UDIM atlas: 5 tiles -> 6144x4096 (3x2 grid, tile 2048x2048)
[2026-03-15T08:40:13Z INFO  bif_core::texture] Texture stationary_pencil03_proxyTexture.jpg (512x512): decode=112.4ms, convert=1.5ms, linear=3.9ms, total=117.7ms
[2026-03-15T08:40:13Z INFO  bif_core::texture] Texture electronics_portable_tv01_Normal_openGL.1014.jpg (2048x2048): decode=99.1ms, convert=45.2ms, linear=62.4ms, total=206.8ms
[2026-03-15T08:40:13Z INFO  bif_core::texture] Texture chemistry_test_tube02_BaseColor.1001.jpg (2048x2048): decode=105.7ms, convert=46.8ms, linear=66.0ms, total=218.5ms
[2026-03-15T08:40:13Z INFO  bif_core::texture] Texture books_magazines01_BaseColor.1003.jpg (2048x2048): decode=192.2ms, convert=20.1ms, linear=70.2ms, total=282.5ms
[2026-03-15T08:40:13Z INFO  bif_core::texture] Texture chemistry_beaker_rack01_BaseColor.1001.jpg (2048x2048): decode=154.8ms, convert=20.5ms, linear=55.8ms, total=231.1ms
[2026-03-15T08:40:13Z INFO  bif_viewport::texture_loader] UDIM atlas: 1 tiles -> 2048x2048 (1x1 grid, tile 2048x2048)
[2026-03-15T08:40:13Z INFO  bif_core::texture] Texture electronics_portable_tv01_Roughness.1011.jpg (2048x2048): decode=220.4ms, convert=29.0ms, linear=95.7ms, total=345.1ms
[2026-03-15T08:40:13Z INFO  bif_core::texture] Texture vegetation_bonsai_twig01_Roughness.1001.png (2048x2048): decode=123.9ms, convert=23.8ms, linear=159.5ms, total=307.2ms
[2026-03-15T08:40:13Z INFO  bif_core::texture] Texture vegetation_bonsai_branch01_BaseColor.1001.jpg (2048x2048): decode=205.2ms, convert=20.7ms, linear=77.1ms, total=303.0ms
[2026-03-15T08:40:13Z INFO  bif_core::texture] Texture stationary_slide_rule01_proxyTexture.jpg (512x512): decode=74.3ms, convert=1.5ms, linear=4.5ms, total=80.3ms
[2026-03-15T08:40:13Z INFO  bif_core::texture] Texture electronics_wire_spool05_Roughness.1002.jpg (2048x2048): decode=138.6ms, convert=22.6ms, linear=95.3ms, total=256.5ms
[2026-03-15T08:40:13Z INFO  bif_viewport::texture_loader] UDIM atlas: 1 tiles -> 2048x2048 (1x1 grid, tile 2048x2048)
[2026-03-15T08:40:13Z INFO  bif_core::texture] Texture electronics_wire_spool01_Normal_openGL.1002.jpg (2048x2048): decode=208.2ms, convert=27.5ms, linear=65.8ms, total=301.5ms
[2026-03-15T08:40:13Z INFO  bif_core::texture] Texture vegetation_bonsai_trunk01_BaseColor.1001.jpg (2048x2048): decode=272.8ms, convert=39.4ms, linear=74.8ms, total=387.1ms
[2026-03-15T08:40:13Z INFO  bif_viewport::texture_loader] UDIM atlas: 8 tiles -> 8192x4096 (4x2 grid, tile 2048x2048)
[2026-03-15T08:40:13Z INFO  bif_core::texture] Texture electronics_oscilloscope01_Metallic.1004.jpg (2048x2048): decode=108.8ms, convert=19.9ms, linear=63.5ms, total=192.1ms
[2026-03-15T08:40:13Z INFO  bif_core::texture] Texture decor_bonsai_jar01_proxyTexture.jpg (512x512): decode=14.3ms, convert=1.6ms, linear=4.2ms, total=20.1ms
[2026-03-15T08:40:14Z INFO  bif_core::texture] Texture electronics_portable_tv01_BaseColor.1021.jpg (2048x2048): decode=158.0ms, convert=22.9ms, linear=85.3ms, total=266.1ms
[2026-03-15T08:40:14Z INFO  bif_core::texture] Texture stationary_notepad01_Normal_openGL.1002.jpg (2048x2048): decode=179.3ms, convert=22.8ms, linear=68.4ms, total=270.4ms
[2026-03-15T08:40:14Z INFO  bif_viewport::texture_loader] UDIM atlas: 5 tiles -> 6144x4096 (3x2 grid, tile 2048x2048)
[2026-03-15T08:40:14Z INFO  bif_core::texture] Texture electronics_oscilloscope01_Roughness.1022.jpg (2048x2048): decode=98.7ms, convert=28.9ms, linear=129.4ms, total=257.0ms
[2026-03-15T08:40:14Z INFO  bif_core::texture] Texture furniture_workbench01_Roughness.1013.jpg (2048x2048): decode=191.3ms, convert=23.0ms, linear=122.1ms, total=336.5ms
[2026-03-15T08:40:14Z INFO  bif_viewport::texture_loader] UDIM atlas: 1 tiles -> 2048x2048 (1x1 grid, tile 2048x2048)
[2026-03-15T08:40:14Z INFO  bif_core::texture] Texture chemistry_kipps_apparatus01_Roughness.1003.jpg (2048x2048): decode=99.8ms, convert=36.9ms, linear=89.9ms, total=226.7ms
[2026-03-15T08:40:14Z INFO  bif_core::texture] Texture decor_helmet_head01_Metallic.1001.jpg (2048x2048): decode=84.3ms, convert=29.2ms, linear=64.7ms, total=178.2ms
[2026-03-15T08:40:14Z INFO  bif_core::texture] Texture electronics_wire_spool02_Normal_openGL.1002.jpg (2048x2048): decode=281.9ms, convert=17.1ms, linear=80.3ms, total=379.3ms
[2026-03-15T08:40:14Z INFO  bif_viewport::texture_loader] UDIM atlas: 1 tiles -> 2048x2048 (1x1 grid, tile 2048x2048)
[2026-03-15T08:40:14Z INFO  bif_core::texture] Texture electronics_oscilloscope01_Normal_openGL.1012.jpg (2048x2048): decode=193.4ms, convert=213.4ms, linear=93.0ms, total=499.8ms
[2026-03-15T08:40:14Z INFO  bif_core::texture] Texture toy_box03_BaseColor.1002.jpg (2048x2048): decode=144.8ms, convert=20.4ms, linear=105.7ms, total=270.9ms
[2026-03-15T08:40:14Z INFO  bif_core::texture] Texture decor_wooden_box01_BaseColor.1013.jpg (2048x2048): decode=349.1ms, convert=99.7ms, linear=102.9ms, total=551.8ms
[2026-03-15T08:40:14Z INFO  bif_viewport::texture_loader] UDIM atlas: 2 tiles -> 4096x2048 (2x1 grid, tile 2048x2048)
[2026-03-15T08:40:14Z INFO  bif_core::texture] Texture electronics_portable_tv01_Normal_openGL.1021.jpg (2048x2048): decode=117.4ms, convert=28.3ms, linear=82.0ms, total=227.7ms
[2026-03-15T08:40:14Z INFO  bif_core::texture] Texture books_magazines01_BaseColor.1011.jpg (2048x2048): decode=156.7ms, convert=48.7ms, linear=91.1ms, total=296.4ms
[2026-03-15T08:40:14Z INFO  bif_viewport::texture_loader] UDIM atlas: 1 tiles -> 2048x2048 (1x1 grid, tile 2048x2048)
[2026-03-15T08:40:14Z INFO  bif_viewport::texture_loader] UDIM atlas: 2 tiles -> 4096x2048 (2x1 grid, tile 2048x2048)
[2026-03-15T08:40:14Z INFO  bif_core::texture] Texture electronics_oscilloscope01_Metallic.1011.jpg (2048x2048): decode=120.2ms, convert=26.3ms, linear=142.9ms, total=289.5ms
[2026-03-15T08:40:14Z INFO  bif_core::texture] Texture electronics_portable_tv01_Roughness.1012.jpg (2048x2048): decode=130.6ms, convert=31.3ms, linear=77.6ms, total=239.5ms
[2026-03-15T08:40:14Z INFO  bif_core::texture] Texture chemistry_kipps_apparatus01_Normal_openGL.1002.jpg (2048x2048): decode=254.5ms, convert=24.2ms, linear=146.6ms, total=425.3ms
[2026-03-15T08:40:14Z INFO  bif_core::texture] Texture stationary_slide_rule01_Roughness.1003.jpg (2048x2048): decode=115.8ms, convert=24.4ms, linear=120.7ms, total=261.0ms
[2026-03-15T08:40:14Z INFO  bif_core::texture] Texture furniture_blackboard01_proxyTexture.jpg (512x512): decode=21.8ms, convert=2.2ms, linear=5.3ms, total=29.3ms
[2026-03-15T08:40:14Z INFO  bif_core::texture] Texture chemistry_microscope01_Roughness.1003.jpg (2048x2048): decode=143.9ms, convert=30.0ms, linear=213.7ms, total=387.6ms
[2026-03-15T08:40:14Z INFO  bif_core::texture] Texture vegetation_bonsai_branch01_Roughness.1001.png (2048x2048): decode=51.2ms, convert=25.0ms, linear=117.9ms, total=194.1ms
[2026-03-15T08:40:14Z INFO  bif_core::texture] Texture chemistry_microscope01_Metallic.1001.jpg (2048x2048): decode=67.5ms, convert=18.9ms, linear=67.2ms, total=153.6ms
[2026-03-15T08:40:14Z INFO  bif_core::texture] Texture chemistry_test_tube02_Roughness.1001.jpg (2048x2048): decode=73.4ms, convert=23.7ms, linear=102.1ms, total=199.2ms
[2026-03-15T08:40:14Z INFO  bif_core::texture] Texture electronics_wire_spool06_Normal_openGL.1002.jpg (2048x2048): decode=248.7ms, convert=115.2ms, linear=76.3ms, total=440.2ms
[2026-03-15T08:40:14Z INFO  bif_core::texture] Texture chemistry_beaker_rack01_Roughness.1001.jpg (2048x2048): decode=63.7ms, convert=25.7ms, linear=54.2ms, total=143.6ms
[2026-03-15T08:40:14Z INFO  bif_core::texture] Texture decor_bonsai_jar01_BaseColor.1001.jpg (2048x2048): decode=112.5ms, convert=21.7ms, linear=48.2ms, total=182.4ms
[2026-03-15T08:40:14Z INFO  bif_core::texture] Texture chemistry_test_tube02_Normal_openGL.1001.jpg (2048x2048): decode=149.7ms, convert=20.8ms, linear=134.6ms, total=305.2ms
[2026-03-15T08:40:14Z INFO  bif_core::texture] Texture furniture_workbench01_BaseColor.1013.jpg (2048x2048): decode=247.0ms, convert=60.8ms, linear=116.5ms, total=424.4ms
[2026-03-15T08:40:14Z INFO  bif_core::texture] Texture electronics_wire_spool05_Metallic.1001.jpg (2048x2048): decode=35.3ms, convert=42.5ms, linear=69.2ms, total=147.0ms
[2026-03-15T08:40:14Z INFO  bif_viewport::texture_loader] UDIM atlas: 3 tiles -> 6144x2048 (3x1 grid, tile 2048x2048)
[2026-03-15T08:40:14Z INFO  bif_core::texture] Texture electronics_portable_tv01_BaseColor.1022.jpg (2048x2048): decode=152.8ms, convert=75.2ms, linear=81.7ms, total=309.8ms
[2026-03-15T08:40:14Z INFO  bif_core::texture] Texture electronics_oscilloscope01_BaseColor.1012.jpg (2048x2048): decode=598.7ms, convert=21.9ms, linear=139.2ms, total=759.9ms
[2026-03-15T08:40:14Z INFO  bif_core::texture] Texture stationary_notepad01_Normal_openGL.1003.jpg (2048x2048): decode=156.8ms, convert=26.6ms, linear=109.3ms, total=292.7ms
[2026-03-15T08:40:14Z INFO  bif_core::texture] Texture electronics_oscilloscope01_Roughness.1023.jpg (2048x2048): decode=103.5ms, convert=20.1ms, linear=122.8ms, total=246.5ms
[2026-03-15T08:40:14Z INFO  bif_core::texture] Texture chemistry_microscope01_Metallic.1002.jpg (2048x2048): decode=68.4ms, convert=23.2ms, linear=112.7ms, total=204.3ms
[2026-03-15T08:40:14Z INFO  bif_viewport::texture_loader] UDIM atlas: 2 tiles -> 4096x2048 (2x1 grid, tile 2048x2048)
[2026-03-15T08:40:14Z INFO  bif_core::texture] Texture decor_helmet_head01_Metallic.1002.jpg (2048x2048): decode=56.2ms, convert=55.2ms, linear=95.1ms, total=206.5ms
[2026-03-15T08:40:14Z INFO  bif_core::texture] Texture stationary_pencil03_BaseColor.1001.jpg (2048x2048): decode=155.8ms, convert=21.3ms, linear=177.7ms, total=354.8ms
[2026-03-15T08:40:14Z INFO  bif_core::texture] Texture toy_fun_coil_proxyTexture.jpg (512x512): decode=38.6ms, convert=2.0ms, linear=5.5ms, total=46.0ms
[2026-03-15T08:40:14Z INFO  bif_core::texture] Texture furniture_workbench01_Roughness.1014.jpg (2048x2048): decode=112.6ms, convert=25.7ms, linear=166.8ms, total=305.0ms
[2026-03-15T08:40:14Z INFO  bif_viewport::texture_loader] UDIM atlas: 1 tiles -> 2048x2048 (1x1 grid, tile 2048x2048)
[2026-03-15T08:40:14Z INFO  bif_core::texture] Texture furniture_blackboard01_BaseColor.1001.jpg (2048x2048): decode=193.4ms, convert=18.1ms, linear=87.5ms, total=299.0ms
[2026-03-15T08:40:14Z INFO  bif_viewport::texture_loader] UDIM atlas: 1 tiles -> 2048x2048 (1x1 grid, tile 2048x2048)
[2026-03-15T08:40:14Z INFO  bif_core::texture] Texture decor_bonsai_jar01_BaseColor.1002.jpg (2048x2048): decode=204.1ms, convert=23.0ms, linear=91.2ms, total=318.3ms
[2026-03-15T08:40:14Z INFO  bif_core::texture] Texture electronics_portable_tv01_Roughness.1013.jpg (2048x2048): decode=129.0ms, convert=27.1ms, linear=86.1ms, total=242.2ms
[2026-03-15T08:40:14Z INFO  bif_core::texture] Texture vegetation_bonsai_branch01_Normal_openGL.1001.png (2048x2048): decode=90.7ms, convert=34.9ms, linear=82.6ms, total=208.2ms
[2026-03-15T08:40:14Z INFO  bif_core::texture] Texture toy_box03_BaseColor.1003.jpg (2048x2048): decode=166.4ms, convert=39.1ms, linear=79.1ms, total=284.6ms
[2026-03-15T08:40:15Z INFO  bif_core::texture] Texture electronics_portable_tv01_Normal_openGL.1022.jpg (2048x2048): decode=165.2ms, convert=25.7ms, linear=114.0ms, total=304.9ms
[2026-03-15T08:40:15Z INFO  bif_core::texture] Texture electronics_wire_spool05_Metallic.1002.jpg (2048x2048): decode=129.0ms, convert=26.9ms, linear=90.6ms, total=246.5ms
[2026-03-15T08:40:15Z INFO  bif_viewport::texture_loader] UDIM atlas: 2 tiles -> 4096x2048 (2x1 grid, tile 2048x2048)
[2026-03-15T08:40:15Z INFO  bif_core::texture] Texture vegetation_bonsai_twig03_Normal_openGL.1001.png (2048x2048): decode=149.0ms, convert=26.6ms, linear=143.9ms, total=319.5ms
[2026-03-15T08:40:15Z INFO  bif_core::texture] Texture electronics_wire_spool05_Normal_openGL.1001.jpg (2048x2048): decode=201.7ms, convert=137.3ms, linear=81.4ms, total=420.5ms
[2026-03-15T08:40:15Z INFO  bif_core::texture] Texture electronics_oscilloscope01_Normal_openGL.1013.jpg (2048x2048): decode=173.9ms, convert=166.5ms, linear=142.1ms, total=482.6ms
[2026-03-15T08:40:15Z INFO  bif_core::texture] Texture books_magazines01_BaseColor.1012.jpg (2048x2048): decode=236.3ms, convert=31.4ms, linear=52.0ms, total=319.7ms
[2026-03-15T08:40:15Z INFO  bif_core::texture] Texture vegetation_bonsai_twig02_Roughness.1001.png (2048x2048): decode=83.3ms, convert=25.2ms, linear=112.5ms, total=221.0ms
[2026-03-15T08:40:15Z INFO  bif_core::texture] Texture chemistry_kipps_apparatus01_Normal_openGL.1003.jpg (2048x2048): decode=171.5ms, convert=28.1ms, linear=49.1ms, total=248.8ms
[2026-03-15T08:40:15Z INFO  bif_viewport::texture_loader] UDIM atlas: 6 tiles -> 6144x4096 (3x2 grid, tile 2048x2048)
[2026-03-15T08:40:15Z INFO  bif_core::texture] Texture chemistry_microscope01_Roughness.1011.jpg (2048x2048): decode=114.2ms, convert=18.0ms, linear=60.0ms, total=192.2ms
[2026-03-15T08:40:15Z INFO  bif_core::texture] Texture electronics_oscilloscope01_Roughness.1024.jpg (2048x2048): decode=66.4ms, convert=16.3ms, linear=51.7ms, total=134.4ms
[2026-03-15T08:40:15Z INFO  bif_core::texture] Texture chemistry_beaker_rack01_Metallic.1001.jpg (2048x2048): decode=38.7ms, convert=59.3ms, linear=58.9ms, total=156.8ms
[2026-03-15T08:40:15Z INFO  bif_core::texture] Texture chemistry_microscope01_Metallic.1003.jpg (2048x2048): decode=91.3ms, convert=17.5ms, linear=69.5ms, total=178.3ms
[2026-03-15T08:40:15Z INFO  bif_core::texture] Texture toy_fun_coil_BaseColor.1001.jpg (2048x2048): decode=138.8ms, convert=28.6ms, linear=69.7ms, total=237.1ms
[2026-03-15T08:40:15Z INFO  bif_viewport::texture_loader] UDIM atlas: 3 tiles -> 6144x2048 (3x1 grid, tile 2048x2048)
[2026-03-15T08:40:15Z INFO  bif_core::texture] Texture electronics_portable_tv01_BaseColor.1023.jpg (2048x2048): decode=108.4ms, convert=22.5ms, linear=72.8ms, total=203.7ms
[2026-03-15T08:40:15Z INFO  bif_viewport::texture_loader] UDIM atlas: 3 tiles -> 6144x2048 (3x1 grid, tile 2048x2048)
[2026-03-15T08:40:15Z INFO  bif_viewport::texture_loader] UDIM atlas: 2 tiles -> 4096x2048 (2x1 grid, tile 2048x2048)
[2026-03-15T08:40:15Z INFO  bif_viewport::texture_loader] UDIM atlas: 1 tiles -> 2048x2048 (1x1 grid, tile 2048x2048)
[2026-03-15T08:40:15Z INFO  bif_core::texture] Texture stationary_paper01_proxyTexture.jpg (512x512): decode=18.0ms, convert=1.3ms, linear=2.6ms, total=21.9ms
[2026-03-15T08:40:15Z INFO  bif_core::texture] Texture vegetation_bonsai_branch02_proxyTexture.jpg (512x512): decode=20.7ms, convert=4.6ms, linear=3.7ms, total=28.9ms
[2026-03-15T08:40:15Z INFO  bif_viewport::texture_loader] UDIM atlas: 2 tiles -> 4096x2048 (2x1 grid, tile 2048x2048)
[2026-03-15T08:40:15Z INFO  bif_core::texture] Texture decor_helmet_head01_Normal_openGL.1001.jpg (2048x2048): decode=99.8ms, convert=18.1ms, linear=53.6ms, total=171.5ms
[2026-03-15T08:40:15Z INFO  bif_core::texture] Texture stationary_paper02_proxyTexture.jpg (512x512): decode=117.1ms, convert=1.7ms, linear=3.5ms, total=122.3ms
[2026-03-15T08:40:15Z INFO  bif_viewport::texture_loader] UDIM atlas: 1 tiles -> 2048x2048 (1x1 grid, tile 2048x2048)
[2026-03-15T08:40:15Z INFO  bif_core::texture] Texture electronics_powerpoint01_proxyTexture.jpg (512x512): decode=73.1ms, convert=1.2ms, linear=6.0ms, total=80.3ms
[2026-03-15T08:40:15Z INFO  bif_core::texture] Texture furniture_blackboard01_BaseColor.1002.jpg (2048x2048): decode=140.8ms, convert=77.9ms, linear=69.7ms, total=288.5ms
[2026-03-15T08:40:15Z INFO  bif_viewport::texture_loader] UDIM atlas: 3 tiles -> 6144x2048 (3x1 grid, tile 2048x2048)
[2026-03-15T08:40:15Z INFO  bif_core::texture] Texture electronics_oscilloscope01_BaseColor.1013.jpg (2048x2048): decode=90.1ms, convert=119.5ms, linear=74.5ms, total=284.0ms
[2026-03-15T08:40:15Z INFO  bif_core::texture] Texture electronics_portable_tv01_Roughness.1014.jpg (2048x2048): decode=83.7ms, convert=30.0ms, linear=61.9ms, total=175.7ms
[2026-03-15T08:40:15Z INFO  bif_core::texture] Texture chemistry_test_tube03_proxyTexture.jpg (512x512): decode=47.9ms, convert=1.3ms, linear=5.7ms, total=55.0ms
[2026-03-15T08:40:15Z INFO  bif_core::texture] Texture test202009demo_ll_leaf01_sm01_proxyTexture.jpg (512x512): decode=14.0ms, convert=1.4ms, linear=3.7ms, total=19.1ms
[2026-03-15T08:40:15Z INFO  bif_core::texture] Texture decor_bonsai_jar01_BaseColor.1003.jpg (2048x2048): decode=169.8ms, convert=19.9ms, linear=59.2ms, total=248.9ms
[2026-03-15T08:40:15Z INFO  bif_core::texture] Texture electronics_portable_tv01_Normal_openGL.1023.jpg (2048x2048): decode=106.4ms, convert=36.7ms, linear=74.5ms, total=217.7ms
[2026-03-15T08:40:15Z INFO  bif_core::texture] Texture vegetation_bonsai_twig02_Normal_openGL.1001.png (2048x2048): decode=81.2ms, convert=22.4ms, linear=72.8ms, total=176.3ms
[2026-03-15T08:40:15Z INFO  bif_viewport::texture_loader] UDIM atlas: 1 tiles -> 2048x2048 (1x1 grid, tile 2048x2048)
[2026-03-15T08:40:15Z INFO  bif_viewport::texture_loader] UDIM atlas: 1 tiles -> 2048x2048 (1x1 grid, tile 2048x2048)
[2026-03-15T08:40:15Z INFO  bif_core::texture] Texture books_magazines01_BaseColor.1013.jpg (2048x2048): decode=152.7ms, convert=47.2ms, linear=95.2ms, total=295.2ms
[2026-03-15T08:40:15Z INFO  bif_core::texture] Texture vegetation_bonsai_trunk01_Roughness.1001.png (2048x2048): decode=145.4ms, convert=1097.4ms, linear=145.1ms, total=1388.0ms
[2026-03-15T08:40:15Z INFO  bif_core::texture] Texture chemistry_microscope01_Metallic.1011.jpg (2048x2048): decode=37.9ms, convert=21.4ms, linear=86.8ms, total=146.1ms
[2026-03-15T08:40:15Z INFO  bif_core::texture] Texture electronics_oscilloscope01_Normal_openGL.1014.jpg (2048x2048): decode=166.8ms, convert=40.5ms, linear=63.7ms, total=270.9ms
[2026-03-15T08:40:15Z INFO  bif_core::texture] Texture vegetation_bonsai_twig01_Normal_openGL.1001.png (2048x2048): decode=85.1ms, convert=75.6ms, linear=1266.2ms, total=1426.9ms
[2026-03-15T08:40:15Z INFO  bif_core::texture] Texture furniture_workbench01_BaseColor.1014.jpg (2048x2048): decode=165.7ms, convert=33.4ms, linear=166.1ms, total=365.2ms
[2026-03-15T08:40:15Z INFO  bif_core::texture] Texture stationary_paper01_BaseColor.1001.jpg (2048x2048): decode=143.4ms, convert=39.9ms, linear=114.8ms, total=298.1ms
[2026-03-15T08:40:15Z INFO  bif_viewport::texture_loader] UDIM atlas: 3 tiles -> 6144x2048 (3x1 grid, tile 2048x2048)
[2026-03-15T08:40:15Z INFO  bif_core::texture] Texture test202009demo_ll_leaf01_sm01_BaseColor.1001.jpg (2048x2048): decode=140.8ms, convert=103.7ms, linear=73.2ms, total=317.7ms
[2026-03-15T08:40:15Z INFO  bif_core::texture] Texture electronics_portable_tv01_BaseColor.1024.jpg (2048x2048): decode=127.2ms, convert=23.2ms, linear=92.2ms, total=242.6ms
[2026-03-15T08:40:15Z INFO  bif_core::texture] Texture electronics_oscilloscope01_Metallic.1012.jpg (2048x2048): decode=33.1ms, convert=21.5ms, linear=124.8ms, total=179.4ms
[2026-03-15T08:40:15Z INFO  bif_core::texture] Texture chemistry_beaker_stand01_Normal_openGL.1001.jpg (2048x2048): decode=152.5ms, convert=25.4ms, linear=72.7ms, total=250.6ms
[2026-03-15T08:40:16Z INFO  bif_viewport::texture_loader] UDIM atlas: 12 tiles -> 8192x6144 (4x3 grid, tile 2048x2048)
[2026-03-15T08:40:16Z INFO  bif_core::texture] Texture vegetation_bonsai_branch02_BaseColor.1001.jpg (2048x2048): decode=207.4ms, convert=49.8ms, linear=68.9ms, total=326.1ms
[2026-03-15T08:40:16Z INFO  bif_core::texture] Texture chemistry_microscope01_Metallic.1012.jpg (2048x2048): decode=42.2ms, convert=21.9ms, linear=102.4ms, total=166.5ms
[2026-03-15T08:40:16Z INFO  bif_core::texture] Texture decor_wooden_box01_Roughness.1001.jpg (2048x2048): decode=68.8ms, convert=28.8ms, linear=80.9ms, total=178.5ms
[2026-03-15T08:40:16Z INFO  bif_viewport::texture_loader] UDIM atlas: 3 tiles -> 6144x2048 (3x1 grid, tile 2048x2048)
[2026-03-15T08:40:16Z INFO  bif_core::texture] Texture chemistry_microscope01_Roughness.1012.jpg (2048x2048): decode=78.0ms, convert=26.6ms, linear=203.7ms, total=308.2ms
[2026-03-15T08:40:16Z INFO  bif_core::texture] Texture vegetation_bonsai_twig03_proxyTexture.jpg (512x512): decode=28.2ms, convert=1.5ms, linear=6.9ms, total=36.6ms
[2026-03-15T08:40:16Z INFO  bif_core::texture] Texture toy_box03_Roughness.1001.jpg (2048x2048): decode=111.3ms, convert=30.2ms, linear=78.0ms, total=219.4ms
[2026-03-15T08:40:16Z INFO  bif_core::texture] Texture furniture_blackboard01_BaseColor.1003.jpg (2048x2048): decode=165.8ms, convert=27.8ms, linear=87.7ms, total=281.2ms
[2026-03-15T08:40:16Z INFO  bif_core::texture] Texture electronics_portable_tv01_Roughness.1021.jpg (2048x2048): decode=126.7ms, convert=46.5ms, linear=74.2ms, total=247.5ms
[2026-03-15T08:40:16Z INFO  bif_core::texture] Texture electronics_wire_spool05_Normal_openGL.1002.jpg (2048x2048): decode=305.7ms, convert=52.2ms, linear=240.7ms, total=598.6ms
[2026-03-15T08:40:16Z INFO  bif_core::texture] Texture decor_helmet_head01_Normal_openGL.1002.jpg (2048x2048): decode=205.3ms, convert=26.3ms, linear=142.4ms, total=373.9ms
[2026-03-15T08:40:16Z INFO  bif_core::texture] Texture electronics_portable_tv01_Normal_openGL.1024.jpg (2048x2048): decode=133.8ms, convert=33.7ms, linear=67.4ms, total=234.9ms
[2026-03-15T08:40:16Z INFO  bif_viewport::texture_loader] UDIM atlas: 1 tiles -> 2048x2048 (1x1 grid, tile 2048x2048)
[2026-03-15T08:40:16Z INFO  bif_core::texture] Texture electronics_powerpoint01_BaseColor.1001.jpg (2048x2048): decode=225.8ms, convert=54.9ms, linear=176.2ms, total=457.0ms
[2026-03-15T08:40:16Z INFO  bif_core::texture] Texture electronics_oscilloscope01_BaseColor.1014.jpg (2048x2048): decode=210.3ms, convert=80.6ms, linear=133.4ms, total=424.3ms
[2026-03-15T08:40:16Z INFO  bif_viewport::texture_loader] UDIM atlas: 6 tiles -> 6144x4096 (3x2 grid, tile 2048x2048)
[2026-03-15T08:40:16Z INFO  bif_core::texture] Texture furniture_workbench01_Roughness.1021.jpg (2048x2048): decode=94.0ms, convert=86.6ms, linear=90.6ms, total=271.2ms
[2026-03-15T08:40:16Z INFO  bif_core::texture] Texture toy_fun_coil_Roughness.1001.jpg (2048x2048): decode=125.0ms, convert=18.2ms, linear=123.4ms, total=266.6ms
[2026-03-15T08:40:16Z INFO  bif_core::texture] Texture vegetation_bonsai_twig03_BaseColor.1001.jpg (2048x2048): decode=151.5ms, convert=20.5ms, linear=76.5ms, total=248.5ms
[2026-03-15T08:40:16Z INFO  bif_core::texture] Texture chemistry_beaker_rack01_Normal_openGL.1001.jpg (2048x2048): decode=125.0ms, convert=56.5ms, linear=68.3ms, total=249.7ms
[2026-03-15T08:40:16Z INFO  bif_core::texture] Texture stationary_paper02_BaseColor.1001.jpg (2048x2048): decode=172.4ms, convert=86.0ms, linear=85.9ms, total=344.3ms
[2026-03-15T08:40:16Z INFO  bif_core::texture] Texture decor_bonsai_jar01_Roughness.1001.jpg (2048x2048): decode=48.8ms, convert=20.4ms, linear=60.2ms, total=129.4ms
[2026-03-15T08:40:16Z INFO  bif_core::texture] Texture vegetation_bonsai_twig02_proxyTexture.jpg (512x512): decode=74.5ms, convert=2.2ms, linear=5.4ms, total=82.2ms
[2026-03-15T08:40:16Z INFO  bif_viewport::texture_loader] UDIM atlas: 1 tiles -> 2048x2048 (1x1 grid, tile 2048x2048)
[2026-03-15T08:40:16Z INFO  bif_core::texture] Texture electronics_wire_spool06_proxyTexture.jpg (512x512): decode=13.0ms, convert=1.7ms, linear=4.9ms, total=19.6ms
[2026-03-15T08:40:16Z INFO  bif_core::texture] Texture stationary_pencil03_Roughness.1001.jpg (2048x2048): decode=158.5ms, convert=27.2ms, linear=83.6ms, total=269.3ms
[2026-03-15T08:40:16Z INFO  bif_core::texture] Texture chemistry_beaker_stand01_BaseColor.1001.jpg (2048x2048): decode=149.6ms, convert=29.2ms, linear=109.1ms, total=287.9ms
[2026-03-15T08:40:16Z INFO  bif_core::texture] Texture chemistry_beaker_stand01_Normal_openGL.1002.jpg (2048x2048): decode=140.0ms, convert=19.9ms, linear=72.8ms, total=232.7ms
[2026-03-15T08:40:16Z INFO  bif_core::texture] Texture chemistry_test_tube03_Normal_openGL.1001.jpg (2048x2048): decode=196.9ms, convert=20.0ms, linear=127.4ms, total=344.4ms
[2026-03-15T08:40:16Z INFO  bif_core::texture] Texture chemistry_test_tube03_BaseColor.1001.jpg (2048x2048): decode=186.5ms, convert=22.4ms, linear=130.8ms, total=339.6ms
[2026-03-15T08:40:16Z INFO  bif_core::texture] Texture stationary_paper01_Roughness.1001.jpg (2048x2048): decode=51.3ms, convert=39.4ms, linear=88.4ms, total=179.0ms
[2026-03-15T08:40:16Z INFO  bif_viewport::texture_loader] UDIM atlas: 5 tiles -> 6144x4096 (3x2 grid, tile 2048x2048)
[2026-03-15T08:40:16Z INFO  bif_viewport::texture_loader] UDIM atlas: 2 tiles -> 4096x2048 (2x1 grid, tile 2048x2048)
[2026-03-15T08:40:16Z INFO  bif_viewport::texture_loader] UDIM atlas: 1 tiles -> 2048x2048 (1x1 grid, tile 2048x2048)
[2026-03-15T08:40:16Z INFO  bif_core::texture] Texture test202009demo_ll_leaf01_sm01_Roughness.1001.png (2048x2048): decode=66.9ms, convert=73.8ms, linear=118.6ms, total=259.4ms
[2026-03-15T08:40:16Z INFO  bif_core::texture] Texture decor_wooden_box01_proxyTexture.jpg (512x512): decode=42.8ms, convert=2.2ms, linear=7.5ms, total=52.6ms
[2026-03-15T08:40:16Z INFO  bif_core::texture] Texture toy_box03_Roughness.1002.jpg (2048x2048): decode=71.4ms, convert=47.4ms, linear=113.8ms, total=232.5ms
[2026-03-15T08:40:16Z INFO  bif_viewport::texture_loader] UDIM atlas: 3 tiles -> 6144x2048 (3x1 grid, tile 2048x2048)
[2026-03-15T08:40:16Z INFO  bif_core::texture] Texture vegetation_bonsai_trunk01_Normal_openGL.1001.png (2048x2048): decode=297.8ms, convert=23.2ms, linear=169.8ms, total=490.9ms
[2026-03-15T08:40:16Z INFO  bif_core::texture] Texture decor_bonsai_jar01_Roughness.1002.jpg (2048x2048): decode=56.1ms, convert=29.9ms, linear=188.5ms, total=274.5ms
[2026-03-15T08:40:16Z INFO  bif_core::texture] Texture books_magazines01_Roughness.1001.jpg (2048x2048): decode=97.2ms, convert=66.6ms, linear=168.5ms, total=332.4ms
[2026-03-15T08:40:16Z INFO  bif_viewport::texture_loader] UDIM atlas: 1 tiles -> 2048x2048 (1x1 grid, tile 2048x2048)
[2026-03-15T08:40:16Z INFO  bif_core::texture] Texture furniture_workbench01_BaseColor.1021.jpg (2048x2048): decode=400.7ms, convert=60.3ms, linear=145.3ms, total=606.3ms
[2026-03-15T08:40:16Z INFO  bif_core::texture] Texture chemistry_beaker_stand01_proxyTexture.jpg (512x512): decode=20.5ms, convert=2.9ms, linear=8.1ms, total=31.5ms
[2026-03-15T08:40:17Z INFO  bif_core::texture] Texture vegetation_bonsai_twig02_BaseColor.1001.jpg (2048x2048): decode=320.9ms, convert=30.9ms, linear=155.9ms, total=507.8ms
[2026-03-15T08:40:17Z INFO  bif_core::texture] Texture electronics_portable_tv01_Roughness.1022.jpg (2048x2048): decode=194.3ms, convert=35.1ms, linear=155.3ms, total=384.8ms
[2026-03-15T08:40:17Z INFO  bif_core::texture] Texture electronics_tesla_coil01_proxyTexture.jpg (512x512): decode=20.3ms, convert=1.6ms, linear=5.5ms, total=27.4ms
[2026-03-15T08:40:17Z INFO  bif_core::texture] Texture decor_wooden_box01_Roughness.1002.jpg (2048x2048): decode=121.3ms, convert=33.4ms, linear=147.6ms, total=302.3ms
[2026-03-15T08:40:17Z INFO  bif_viewport::texture_loader] UDIM atlas: 1 tiles -> 2048x2048 (1x1 grid, tile 2048x2048)
[2026-03-15T08:40:17Z INFO  bif_viewport::texture_loader] UDIM atlas: 1 tiles -> 2048x2048 (1x1 grid, tile 2048x2048)
[2026-03-15T08:40:17Z INFO  bif_viewport::texture_loader] UDIM atlas: 5 tiles -> 6144x4096 (3x2 grid, tile 2048x2048)
[2026-03-15T08:40:17Z INFO  bif_viewport::texture_loader] UDIM atlas: 13 tiles -> 10240x6144 (5x3 grid, tile 2048x2048)
[2026-03-15T08:40:17Z INFO  bif_core::texture] Texture electronics_oscilloscope01_Normal_openGL.1021.jpg (2048x2048): decode=193.8ms, convert=115.7ms, linear=198.2ms, total=507.8ms
[2026-03-15T08:40:17Z INFO  bif_core::texture] Texture electronics_wire_spool06_BaseColor.1001.jpg (2048x2048): decode=137.0ms, convert=43.6ms, linear=128.5ms, total=309.1ms
[2026-03-15T08:40:17Z INFO  bif_core::texture] Texture vegetation_bonsai_twig03_Roughness.1001.png (2048x2048): decode=47.2ms, convert=40.4ms, linear=104.0ms, total=191.6ms
[2026-03-15T08:40:17Z INFO  bif_viewport::texture_loader] UDIM atlas: 2 tiles -> 4096x2048 (2x1 grid, tile 2048x2048)
[2026-03-15T08:40:17Z INFO  bif_viewport::texture_loader] UDIM atlas: 1 tiles -> 2048x2048 (1x1 grid, tile 2048x2048)
[2026-03-15T08:40:17Z INFO  bif_viewport::texture_loader] UDIM atlas: 2 tiles -> 4096x2048 (2x1 grid, tile 2048x2048)
[2026-03-15T08:40:17Z INFO  bif_core::texture] Texture toy_fun_coil_Metallic.1001.jpg (2048x2048): decode=45.7ms, convert=37.3ms, linear=67.9ms, total=150.9ms
[2026-03-15T08:40:17Z INFO  bif_viewport::texture_loader] UDIM atlas: 1 tiles -> 2048x2048 (1x1 grid, tile 2048x2048)
[2026-03-15T08:40:17Z INFO  bif_core::texture] Texture chemistry_bottle01_proxyTexture.jpg (512x512): decode=46.5ms, convert=1.4ms, linear=3.3ms, total=51.2ms
[2026-03-15T08:40:17Z INFO  bif_core::texture] Texture vegetation_bonsai_trunk01_proxyTexture.jpg (512x512): decode=15.5ms, convert=1.4ms, linear=3.6ms, total=20.5ms
[2026-03-15T08:40:17Z INFO  bif_core::texture] Texture chemistry_magnetic_stirrer01_proxyTexture.jpg (512x512): decode=52.1ms, convert=1.3ms, linear=5.4ms, total=58.8ms
[2026-03-15T08:40:17Z INFO  bif_viewport::texture_loader] UDIM atlas: 1 tiles -> 2048x2048 (1x1 grid, tile 2048x2048)
[2026-03-15T08:40:17Z INFO  bif_core::texture] Texture furniture_blackboard01_Roughness.1001.jpg (2048x2048): decode=80.8ms, convert=20.5ms, linear=99.7ms, total=201.0ms
[2026-03-15T08:40:17Z INFO  bif_core::texture] Texture furniture_workbench01_Roughness.1022.jpg (2048x2048): decode=83.7ms, convert=44.5ms, linear=75.8ms, total=204.0ms
[2026-03-15T08:40:17Z INFO  bif_core::texture] Texture electronics_powerpoint01_Normal_openGL.1001.jpg (2048x2048): decode=138.6ms, convert=65.6ms, linear=60.9ms, total=265.1ms
[2026-03-15T08:40:17Z INFO  bif_core::texture] Texture chemistry_beaker_stand01_BaseColor.1002.jpg (2048x2048): decode=141.5ms, convert=20.2ms, linear=75.5ms, total=237.2ms
[2026-03-15T08:40:17Z INFO  bif_viewport::texture_loader] UDIM atlas: 13 tiles -> 10240x6144 (5x3 grid, tile 2048x2048)
[2026-03-15T08:40:17Z INFO  bif_core::texture] Texture furniture_workbench01_Normal_openGL.1001.jpg (2048x2048): decode=161.3ms, convert=38.6ms, linear=64.8ms, total=264.7ms
[2026-03-15T08:40:17Z INFO  bif_core::texture] Texture electronics_oscilloscope01_BaseColor.1021.jpg (2048x2048): decode=168.7ms, convert=49.7ms, linear=80.3ms, total=298.7ms
[2026-03-15T08:40:17Z INFO  bif_viewport::texture_loader] UDIM atlas: 1 tiles -> 2048x2048 (1x1 grid, tile 2048x2048)
[2026-03-15T08:40:17Z INFO  bif_core::texture] Texture electronics_oscilloscope01_Metallic.1013.jpg (2048x2048): decode=50.2ms, convert=71.7ms, linear=1177.6ms, total=1299.4ms
[2026-03-15T08:40:17Z INFO  bif_core::texture] Texture electronics_spoolrack_proxyTexture.jpg (512x512): decode=18.2ms, convert=1.4ms, linear=3.9ms, total=23.6ms
[2026-03-15T08:40:17Z INFO  bif_core::texture] Texture toy_box03_Roughness.1003.jpg (2048x2048): decode=120.5ms, convert=28.5ms, linear=60.3ms, total=209.4ms
[2026-03-15T08:40:17Z INFO  bif_core::texture] Texture decor_bonsai_jar01_Roughness.1003.jpg (2048x2048): decode=92.5ms, convert=19.9ms, linear=73.5ms, total=186.0ms
[2026-03-15T08:40:17Z INFO  bif_core::texture] Texture chemistry_test_tube03_Roughness.1001.jpg (2048x2048): decode=102.6ms, convert=17.0ms, linear=54.0ms, total=173.6ms
[2026-03-15T08:40:17Z INFO  bif_core::texture] Texture books_magazines01_Roughness.1002.jpg (2048x2048): decode=110.7ms, convert=18.9ms, linear=80.5ms, total=210.1ms
[2026-03-15T08:40:17Z INFO  bif_core::texture] Texture electronics_tesla_coil01_BaseColor.1001.jpg (2048x2048): decode=156.5ms, convert=37.3ms, linear=50.6ms, total=244.3ms
[2026-03-15T08:40:17Z INFO  bif_core::texture] Texture test202009demo_ll_leaf01_sm01_Normal_openGL.1001.png (2048x2048): decode=63.6ms, convert=21.7ms, linear=67.9ms, total=153.2ms
[2026-03-15T08:40:17Z INFO  bif_core::texture] Texture vegetation_bonsai_branch01_proxyTexture.jpg (512x512): decode=28.7ms, convert=1.3ms, linear=3.5ms, total=33.6ms
[2026-03-15T08:40:17Z INFO  bif_core::texture] Texture electronics_portable_tv01_Roughness.1023.jpg (2048x2048): decode=94.8ms, convert=16.9ms, linear=68.0ms, total=179.8ms
[2026-03-15T08:40:17Z INFO  bif_core::texture] Texture furniture_blackboard01_Normal_openGL.1001.jpg (2048x2048): decode=88.5ms, convert=20.0ms, linear=117.0ms, total=225.5ms
[2026-03-15T08:40:17Z INFO  bif_viewport::texture_loader] UDIM atlas: 1 tiles -> 2048x2048 (1x1 grid, tile 2048x2048)
[2026-03-15T08:40:17Z INFO  bif_core::texture] Texture decor_wooden_box01_Roughness.1003.jpg (2048x2048): decode=80.5ms, convert=18.5ms, linear=54.7ms, total=153.7ms
[2026-03-15T08:40:17Z INFO  bif_core::texture] Texture chemistry_bottle01_BaseColor.1001.jpg (2048x2048): decode=83.5ms, convert=17.1ms, linear=93.0ms, total=193.5ms
[2026-03-15T08:40:17Z INFO  bif_core::texture] Texture electronics_wire_spool06_BaseColor.1002.jpg (2048x2048): decode=153.0ms, convert=18.8ms, linear=63.1ms, total=234.9ms
[2026-03-15T08:40:17Z INFO  bif_core::texture] Texture chemistry_magnetic_stirrer01_BaseColor.1001.jpg (2048x2048): decode=110.5ms, convert=39.7ms, linear=83.7ms, total=234.0ms
[2026-03-15T08:40:17Z INFO  bif_viewport::texture_loader] UDIM atlas: 2 tiles -> 4096x2048 (2x1 grid, tile 2048x2048)
[2026-03-15T08:40:17Z INFO  bif_viewport::texture_loader] UDIM atlas: 1 tiles -> 2048x2048 (1x1 grid, tile 2048x2048)
[2026-03-15T08:40:17Z INFO  bif_core::texture] Texture stationary_paper02_Roughness.1001.jpg (2048x2048): decode=105.7ms, convert=21.9ms, linear=106.8ms, total=234.4ms
[2026-03-15T08:40:17Z INFO  bif_core::texture] Texture furniture_workbench01_BaseColor.1022.jpg (2048x2048): decode=185.2ms, convert=22.8ms, linear=83.2ms, total=291.2ms
[2026-03-15T08:40:17Z INFO  bif_core::texture] Texture stationary_paper01_Normal_openGL.1001.jpg (2048x2048): decode=116.9ms, convert=23.3ms, linear=111.9ms, total=252.1ms
[2026-03-15T08:40:17Z INFO  bif_core::texture] Texture furniture_workbench01_Roughness.1023.jpg (2048x2048): decode=61.8ms, convert=24.8ms, linear=94.8ms, total=181.4ms
[2026-03-15T08:40:17Z INFO  bif_core::texture] Texture furniture_blackboard01_Roughness.1002.jpg (2048x2048): decode=114.6ms, convert=28.3ms, linear=79.1ms, total=222.0ms
[2026-03-15T08:40:17Z INFO  bif_core::texture] Texture electronics_powerpoint01_Roughness.1001.jpg (2048x2048): decode=130.3ms, convert=25.0ms, linear=104.6ms, total=259.9ms
[2026-03-15T08:40:17Z INFO  bif_viewport::texture_loader] UDIM atlas: 3 tiles -> 6144x2048 (3x1 grid, tile 2048x2048)
[2026-03-15T08:40:17Z INFO  bif_viewport::texture_loader] UDIM atlas: 1 tiles -> 2048x2048 (1x1 grid, tile 2048x2048)
[2026-03-15T08:40:17Z INFO  bif_core::texture] Texture chemistry_bottle01_Normal_openGL.1001.jpg (2048x2048): decode=117.6ms, convert=24.6ms, linear=85.0ms, total=227.2ms
[2026-03-15T08:40:17Z INFO  bif_viewport::texture_loader] UDIM atlas: 3 tiles -> 6144x2048 (3x1 grid, tile 2048x2048)
[2026-03-15T08:40:18Z INFO  bif_viewport::texture_loader] UDIM atlas: 1 tiles -> 2048x2048 (1x1 grid, tile 2048x2048)
[2026-03-15T08:40:18Z INFO  bif_core::texture] Texture furniture_workbench01_Normal_openGL.1002.jpg (2048x2048): decode=141.0ms, convert=31.9ms, linear=75.1ms, total=248.0ms
[2026-03-15T08:40:18Z INFO  bif_core::texture] Texture books_magazines01_Roughness.1003.jpg (2048x2048): decode=94.6ms, convert=18.2ms, linear=88.5ms, total=201.2ms
[2026-03-15T08:40:18Z INFO  bif_core::texture] Texture electronics_oscilloscope01_Normal_openGL.1022.jpg (2048x2048): decode=375.5ms, convert=25.7ms, linear=131.9ms, total=533.1ms
[2026-03-15T08:40:18Z INFO  bif_core::texture] Texture electronics_spoolrack_Roughness.1001.jpg (2048x2048): decode=102.8ms, convert=24.5ms, linear=82.4ms, total=209.7ms
[2026-03-15T08:40:18Z INFO  bif_core::texture] Texture chemistry_bottle02_Normal_openGL.1001.jpg (2048x2048): decode=180.8ms, convert=21.8ms, linear=84.7ms, total=287.4ms
[2026-03-15T08:40:18Z INFO  bif_core::texture] Texture electronics_audio_generator01_BaseColor.1001.jpg (2048x2048): decode=306.2ms, convert=28.1ms, linear=50.9ms, total=385.2ms
[2026-03-15T08:40:18Z INFO  bif_core::texture] Texture chemistry_magnetic_stirrer01_Roughness.1001.jpg (2048x2048): decode=108.5ms, convert=19.1ms, linear=117.6ms, total=245.3ms
[2026-03-15T08:40:18Z INFO  bif_core::texture] Texture electronics_oscilloscope01_BaseColor.1022.jpg (2048x2048): decode=156.0ms, convert=21.1ms, linear=116.9ms, total=294.0ms
[2026-03-15T08:40:18Z INFO  bif_core::texture] Texture electronics_portable_tv01_Roughness.1024.jpg (2048x2048): decode=89.5ms, convert=34.9ms, linear=81.0ms, total=205.3ms
[2026-03-15T08:40:18Z INFO  bif_viewport::texture_loader] UDIM atlas: 2 tiles -> 4096x2048 (2x1 grid, tile 2048x2048)
[2026-03-15T08:40:18Z INFO  bif_core::texture] Texture electronics_oscilloscope01_Metallic.1014.jpg (2048x2048): decode=115.6ms, convert=64.6ms, linear=360.7ms, total=540.9ms
[2026-03-15T08:40:18Z INFO  bif_viewport::texture_loader] UDIM atlas: 1 tiles -> 2048x2048 (1x1 grid, tile 2048x2048)
[2026-03-15T08:40:18Z INFO  bif_core::texture] Texture structure_wall_fibro01_proxyTexture.jpg (512x512): decode=133.9ms, convert=2.3ms, linear=3.4ms, total=139.6ms
[2026-03-15T08:40:18Z INFO  bif_viewport::texture_loader] UDIM atlas: 1 tiles -> 2048x2048 (1x1 grid, tile 2048x2048)
[2026-03-15T08:40:18Z INFO  bif_core::texture] Texture electronics_tesla_coil01_BaseColor.1002.jpg (2048x2048): decode=182.6ms, convert=16.3ms, linear=117.9ms, total=316.8ms
[2026-03-15T08:40:18Z INFO  bif_core::texture] Texture furniture_blackboard01_Normal_openGL.1002.jpg (2048x2048): decode=109.6ms, convert=90.0ms, linear=60.2ms, total=259.9ms
[2026-03-15T08:40:18Z INFO  bif_core::texture] Texture chemistry_bottle03_Normal_openGL.1001.jpg (2048x2048): decode=117.0ms, convert=19.0ms, linear=106.3ms, total=242.3ms
[2026-03-15T08:40:18Z INFO  bif_core::texture] Texture toy_fun_coil_Normal_openGL.1001.jpg (2048x2048): decode=132.1ms, convert=16.6ms, linear=110.8ms, total=259.4ms
[2026-03-15T08:40:18Z INFO  bif_core::texture] Texture chemistry_magnetic_stirrer01_BaseColor.1002.jpg (2048x2048): decode=155.1ms, convert=17.7ms, linear=78.5ms, total=251.3ms
[2026-03-15T08:40:18Z INFO  bif_core::texture] Texture electronics_spoolrack_BaseColor.1001.jpg (2048x2048): decode=223.3ms, convert=16.8ms, linear=68.0ms, total=308.0ms
[2026-03-15T08:40:18Z INFO  bif_viewport::texture_loader] UDIM atlas: 1 tiles -> 2048x2048 (1x1 grid, tile 2048x2048)
[2026-03-15T08:40:18Z INFO  bif_core::texture] Texture chemistry_beaker_stand01_Roughness.1001.jpg (2048x2048): decode=88.1ms, convert=18.3ms, linear=77.2ms, total=183.6ms
[2026-03-15T08:40:18Z INFO  bif_core::texture] Texture chemistry_bottle02_proxyTexture.jpg (512x512): decode=41.8ms, convert=1.1ms, linear=3.2ms, total=46.2ms
[2026-03-15T08:40:18Z INFO  bif_core::texture] Texture decor_wooden_box01_Normal_openGL.1001.jpg (2048x2048): decode=145.9ms, convert=15.5ms, linear=40.8ms, total=202.3ms
[2026-03-15T08:40:18Z INFO  bif_core::texture] Texture furniture_blackboard01_Roughness.1003.jpg (2048x2048): decode=135.9ms, convert=17.2ms, linear=119.8ms, total=272.8ms
[2026-03-15T08:40:18Z INFO  bif_core::texture] Texture toy_box03_Normal_openGL.1001.jpg (2048x2048): decode=124.9ms, convert=19.7ms, linear=106.7ms, total=251.2ms
[2026-03-15T08:40:18Z INFO  bif_core::texture] Texture furniture_workbench01_BaseColor.1023.jpg (2048x2048): decode=179.9ms, convert=14.6ms, linear=66.3ms, total=260.9ms
[2026-03-15T08:40:18Z INFO  bif_core::texture] Texture chemistry_bottle01_Roughness.1001.jpg (2048x2048): decode=93.2ms, convert=19.6ms, linear=70.7ms, total=183.5ms
[2026-03-15T08:40:18Z INFO  bif_viewport::texture_loader] UDIM atlas: 1 tiles -> 2048x2048 (1x1 grid, tile 2048x2048)
[2026-03-15T08:40:18Z INFO  bif_core::texture] Texture furniture_workbench01_Roughness.1024.jpg (2048x2048): decode=152.3ms, convert=24.8ms, linear=91.1ms, total=268.2ms
[2026-03-15T08:40:18Z INFO  bif_core::texture] Texture decor_wooden_box01_Roughness.1011.jpg (2048x2048): decode=243.2ms, convert=30.1ms, linear=84.9ms, total=358.3ms
[2026-03-15T08:40:18Z INFO  bif_core::texture] Texture electronics_spoolrack_Roughness.1002.jpg (2048x2048): decode=95.6ms, convert=17.6ms, linear=91.3ms, total=204.6ms
[2026-03-15T08:40:18Z INFO  bif_viewport::texture_loader] UDIM atlas: 1 tiles -> 2048x2048 (1x1 grid, tile 2048x2048)
[2026-03-15T08:40:18Z INFO  bif_core::texture] Texture books_magazines01_Roughness.1011.jpg (2048x2048): decode=118.7ms, convert=29.7ms, linear=91.6ms, total=240.1ms
[2026-03-15T08:40:18Z INFO  bif_core::texture] Texture furniture_workbench01_Normal_openGL.1003.jpg (2048x2048): decode=144.9ms, convert=37.5ms, linear=67.9ms, total=250.2ms
[2026-03-15T08:40:18Z INFO  bif_core::texture] Texture chemistry_bottle03_proxyTexture.jpg (512x512): decode=59.3ms, convert=1.6ms, linear=5.8ms, total=66.7ms
[2026-03-15T08:40:18Z INFO  bif_core::texture] Texture decor_bonsai_jar01_Normal_openGL.1001.jpg (2048x2048): decode=149.3ms, convert=19.3ms, linear=80.4ms, total=249.1ms
[2026-03-15T08:40:18Z INFO  bif_viewport::texture_loader] UDIM atlas: 1 tiles -> 2048x2048 (1x1 grid, tile 2048x2048)
[2026-03-15T08:40:18Z INFO  bif_core::texture] Texture chemistry_flask_stand01_proxyTexture.jpg (512x512): decode=17.8ms, convert=2.1ms, linear=5.6ms, total=25.5ms
[2026-03-15T08:40:18Z INFO  bif_core::texture] Texture electronics_audio_generator01_Metallic.1001.jpg (2048x2048): decode=72.1ms, convert=22.8ms, linear=187.4ms, total=282.3ms
[2026-03-15T08:40:18Z INFO  bif_core::texture] Texture electronics_oscilloscope01_Normal_openGL.1023.jpg (2048x2048): decode=85.5ms, convert=74.4ms, linear=109.6ms, total=269.4ms
[2026-03-15T08:40:18Z INFO  bif_viewport::texture_loader] UDIM atlas: 1 tiles -> 2048x2048 (1x1 grid, tile 2048x2048)
[2026-03-15T08:40:18Z INFO  bif_core::texture] Texture chemistry_bottle02_BaseColor.1001.jpg (2048x2048): decode=104.5ms, convert=45.4ms, linear=129.2ms, total=279.1ms
[2026-03-15T08:40:18Z INFO  bif_core::texture] Texture toy_curly_surgery_proxyTexture.jpg (512x512): decode=12.9ms, convert=2.2ms, linear=6.4ms, total=21.5ms
[2026-03-15T08:40:18Z INFO  bif_core::texture] Texture electronics_spoolrack_Normal_openGL.1001.jpg (2048x2048): decode=197.1ms, convert=34.2ms, linear=138.1ms, total=369.4ms
[2026-03-15T08:40:18Z INFO  bif_core::texture] Texture structure_wall_fibro01_BaseColor.1001.jpg (2048x2048): decode=163.3ms, convert=28.4ms, linear=228.7ms, total=420.4ms
[2026-03-15T08:40:18Z INFO  bif_core::texture] Texture stationary_paper02_Normal_openGL.1001.jpg (2048x2048): decode=229.3ms, convert=33.3ms, linear=166.2ms, total=428.8ms
[2026-03-15T08:40:18Z INFO  bif_core::texture] Texture electronics_oscilloscope01_Metallic.1021.jpg (2048x2048): decode=122.0ms, convert=33.4ms, linear=183.0ms, total=338.4ms
[2026-03-15T08:40:18Z INFO  bif_core::texture] Texture chemistry_magnetic_stirrer01_Roughness.1002.jpg (2048x2048): decode=131.4ms, convert=35.6ms, linear=191.9ms, total=358.9ms
[2026-03-15T08:40:19Z INFO  bif_core::texture] Texture books_magazines01_Normal_openGL.1001.jpg (2048x2048): decode=150.1ms, convert=33.8ms, linear=115.2ms, total=299.1ms
[2026-03-15T08:40:19Z INFO  bif_viewport::texture_loader] UDIM atlas: 1 tiles -> 2048x2048 (1x1 grid, tile 2048x2048)
[2026-03-15T08:40:19Z INFO  bif_core::texture] Texture chemistry_beaker_stand01_Roughness.1002.jpg (2048x2048): decode=77.8ms, convert=40.6ms, linear=135.9ms, total=254.4ms
[2026-03-15T08:40:19Z INFO  bif_core::texture] Texture electronics_tesla_coil01_BaseColor.1003.jpg (2048x2048): decode=180.6ms, convert=32.8ms, linear=147.8ms, total=361.2ms
[2026-03-15T08:40:19Z INFO  bif_core::texture] Texture chemistry_magnetic_stirrer01_BaseColor.1011.jpg (2048x2048): decode=176.6ms, convert=46.2ms, linear=117.6ms, total=340.5ms
[2026-03-15T08:40:19Z INFO  bif_viewport::texture_loader] UDIM atlas: 3 tiles -> 6144x2048 (3x1 grid, tile 2048x2048)
[2026-03-15T08:40:19Z INFO  bif_viewport::texture_loader] UDIM atlas: 2 tiles -> 4096x2048 (2x1 grid, tile 2048x2048)
[2026-03-15T08:40:19Z INFO  bif_core::texture] Texture electronics_audio_generator01_BaseColor.1002.jpg (2048x2048): decode=209.3ms, convert=86.6ms, linear=154.6ms, total=450.6ms
[2026-03-15T08:40:19Z INFO  bif_core::texture] Texture toy_box03_Normal_openGL.1002.jpg (2048x2048): decode=146.8ms, convert=36.2ms, linear=97.4ms, total=280.3ms
[2026-03-15T08:40:19Z INFO  bif_core::texture] Texture electronics_oscilloscope01_BaseColor.1023.jpg (2048x2048): decode=345.3ms, convert=41.8ms, linear=212.1ms, total=599.2ms
[2026-03-15T08:40:19Z INFO  bif_viewport::texture_loader] UDIM atlas: 1 tiles -> 2048x2048 (1x1 grid, tile 2048x2048)
[2026-03-15T08:40:19Z INFO  bif_core::texture] Texture decor_wooden_box01_Normal_openGL.1002.jpg (2048x2048): decode=146.5ms, convert=28.2ms, linear=115.0ms, total=289.7ms
[2026-03-15T08:40:19Z INFO  bif_core::texture] Texture electronics_spoolrack_BaseColor.1002.jpg (2048x2048): decode=208.1ms, convert=86.7ms, linear=128.1ms, total=422.9ms
[2026-03-15T08:40:19Z INFO  bif_core::texture] Texture chemistry_bottle03_Roughness.1001.jpg (2048x2048): decode=151.6ms, convert=28.8ms, linear=140.1ms, total=320.6ms
[2026-03-15T08:40:19Z INFO  bif_core::texture] Texture books_magazines01_Roughness.1012.jpg (2048x2048): decode=115.6ms, convert=40.8ms, linear=106.2ms, total=262.6ms
[2026-03-15T08:40:19Z INFO  bif_viewport::texture_loader] UDIM atlas: 13 tiles -> 10240x6144 (5x3 grid, tile 2048x2048)
[2026-03-15T08:40:19Z INFO  bif_core::texture] Texture electronics_oscilloscope01_Metallic.1022.jpg (2048x2048): decode=58.3ms, convert=57.1ms, linear=68.8ms, total=184.2ms
[2026-03-15T08:40:19Z INFO  bif_core::texture] Texture furniture_workbench01_BaseColor.1024.jpg (2048x2048): decode=148.7ms, convert=31.8ms, linear=71.4ms, total=251.9ms
[2026-03-15T08:40:19Z INFO  bif_core::texture] Texture furniture_workbench01_Normal_openGL.1004.jpg (2048x2048): decode=175.5ms, convert=36.4ms, linear=77.2ms, total=289.1ms
[2026-03-15T08:40:19Z INFO  bif_core::texture] Texture chemistry_bottle03_BaseColor.1001.jpg (2048x2048): decode=180.1ms, convert=83.3ms, linear=92.6ms, total=356.1ms
[2026-03-15T08:40:19Z INFO  bif_core::texture] Texture toy_curly_surgery_BaseColor.1001.jpg (2048x2048): decode=178.4ms, convert=32.3ms, linear=78.0ms, total=288.8ms
[2026-03-15T08:40:19Z INFO  bif_core::texture] Texture decor_bonsai_jar01_Normal_openGL.1002.jpg (2048x2048): decode=204.4ms, convert=19.5ms, linear=73.6ms, total=297.4ms
[2026-03-15T08:40:19Z INFO  bif_core::texture] Texture chemistry_flask_stand01_Roughness.1001.jpg (2048x2048): decode=61.8ms, convert=20.0ms, linear=125.7ms, total=207.4ms
[2026-03-15T08:40:19Z INFO  bif_viewport::texture_loader] UDIM atlas: 1 tiles -> 2048x2048 (1x1 grid, tile 2048x2048)
[2026-03-15T08:40:19Z INFO  bif_core::texture] Texture books_encyclopedias01_BaseColor.1003.jpg (2048x2048): decode=9424.8ms, convert=39.5ms, linear=93.5ms, total=9557.8ms
[2026-03-15T08:40:19Z INFO  bif_viewport::texture_loader] UDIM atlas: 3 tiles -> 4096x4096 (2x2 grid, tile 2048x2048)
[2026-03-15T08:40:19Z INFO  bif_core::texture] Texture electronics_wire_spool04_BaseColor.1001.jpg (2048x2048): decode=151.7ms, convert=48.0ms, linear=94.6ms, total=294.3ms
[2026-03-15T08:40:19Z INFO  bif_core::texture] Texture stationary_protractor_box01_proxyTexture.jpg (512x512): decode=27.5ms, convert=2.0ms, linear=5.0ms, total=34.5ms
[2026-03-15T08:40:19Z INFO  bif_core::texture] Texture electronics_spoolrack_Normal_openGL.1002.jpg (2048x2048): decode=171.0ms, convert=22.2ms, linear=82.9ms, total=276.1ms
[2026-03-15T08:40:19Z INFO  bif_viewport::texture_loader] UDIM atlas: 2 tiles -> 4096x2048 (2x1 grid, tile 2048x2048)
[2026-03-15T08:40:19Z INFO  bif_core::texture] Texture furniture_shelving01_Normal_openGL.1001.jpg (2048x2048): decode=93.3ms, convert=69.0ms, linear=63.2ms, total=225.5ms
[2026-03-15T08:40:19Z INFO  bif_core::texture] Texture chemistry_magnetic_stirrer01_Roughness.1011.jpg (2048x2048): decode=107.4ms, convert=21.8ms, linear=128.1ms, total=257.2ms
[2026-03-15T08:40:19Z INFO  bif_core::texture] Texture electronics_audio_generator01_Metallic.1002.jpg (2048x2048): decode=92.1ms, convert=20.9ms, linear=116.4ms, total=229.4ms
[2026-03-15T08:40:19Z INFO  bif_core::texture] Texture books_magazines01_Normal_openGL.1002.jpg (2048x2048): decode=152.4ms, convert=26.8ms, linear=105.1ms, total=284.4ms
[2026-03-15T08:40:19Z INFO  bif_core::texture] Texture decor_wooden_box01_Roughness.1012.jpg (2048x2048): decode=496.3ms, convert=126.9ms, linear=76.0ms, total=699.2ms
[2026-03-15T08:40:19Z INFO  bif_core::texture] Texture chemistry_flask_stand01_BaseColor.1001.jpg (2048x2048): decode=361.5ms, convert=115.8ms, linear=68.9ms, total=546.2ms
[2026-03-15T08:40:19Z INFO  bif_core::texture] Texture chemistry_bottle02_Roughness.1001.jpg (2048x2048): decode=64.2ms, convert=21.0ms, linear=143.2ms, total=228.5ms
[2026-03-15T08:40:19Z INFO  bif_viewport::texture_loader] UDIM atlas: 2 tiles -> 4096x2048 (2x1 grid, tile 2048x2048)
[2026-03-15T08:40:19Z INFO  bif_core::texture] Texture electronics_tesla_coil01_BaseColor.1004.jpg (2048x2048): decode=184.1ms, convert=44.8ms, linear=147.1ms, total=376.1ms
[2026-03-15T08:40:19Z INFO  bif_core::texture] Texture electronics_oscilloscope01_Normal_openGL.1024.jpg (2048x2048): decode=199.9ms, convert=31.0ms, linear=176.3ms, total=407.1ms
[2026-03-15T08:40:19Z INFO  bif_core::texture] Texture decor_wooden_box01_Normal_openGL.1003.jpg (2048x2048): decode=147.9ms, convert=19.2ms, linear=103.5ms, total=270.7ms
[2026-03-15T08:40:19Z INFO  bif_viewport::texture_loader] UDIM atlas: 1 tiles -> 2048x2048 (1x1 grid, tile 2048x2048)
[2026-03-15T08:40:19Z INFO  bif_core::texture] Texture toy_box03_Normal_openGL.1003.jpg (2048x2048): decode=276.0ms, convert=21.8ms, linear=82.1ms, total=379.9ms
[2026-03-15T08:40:19Z INFO  bif_viewport::texture_loader] UDIM atlas: 1 tiles -> 2048x2048 (1x1 grid, tile 2048x2048)
[2026-03-15T08:40:19Z INFO  bif_core::texture] Texture books_magazines01_Roughness.1013.jpg (2048x2048): decode=117.0ms, convert=21.8ms, linear=114.3ms, total=253.0ms
[2026-03-15T08:40:20Z INFO  bif_core::texture] Texture furniture_workbench01_Normal_openGL.1011.jpg (2048x2048): decode=152.2ms, convert=22.2ms, linear=110.8ms, total=285.2ms
[2026-03-15T08:40:20Z INFO  bif_core::texture] Texture chemistry_beaker_stand01_Metallic.1001.jpg (2048x2048): decode=114.3ms, convert=24.8ms, linear=73.1ms, total=212.2ms
[2026-03-15T08:40:20Z INFO  bif_viewport::texture_loader] UDIM atlas: 3 tiles -> 6144x2048 (3x1 grid, tile 2048x2048)
[2026-03-15T08:40:20Z INFO  bif_core::texture] Texture electronics_oscilloscope01_BaseColor.1024.jpg (2048x2048): decode=251.6ms, convert=91.1ms, linear=84.6ms, total=427.3ms
[2026-03-15T08:40:20Z INFO  bif_viewport::texture_loader] UDIM atlas: 2 tiles -> 4096x2048 (2x1 grid, tile 2048x2048)
[2026-03-15T08:40:20Z INFO  bif_core::texture] Texture toy_curly_surgery_BaseColor.1002.jpg (2048x2048): decode=143.0ms, convert=23.9ms, linear=79.3ms, total=246.2ms
[2026-03-15T08:40:20Z INFO  bif_core::texture] Texture electronics_audio_generator01_BaseColor.1003.jpg (2048x2048): decode=233.7ms, convert=22.0ms, linear=210.8ms, total=466.5ms
[2026-03-15T08:40:20Z INFO  bif_core::texture] Texture chemistry_beaker01_BaseColor.1001.jpg (2048x2048): decode=197.5ms, convert=43.1ms, linear=63.5ms, total=304.1ms
[2026-03-15T08:40:20Z INFO  bif_core::texture] Texture chemistry_beaker01_proxyTexture.jpg (512x512): decode=118.5ms, convert=1.6ms, linear=4.2ms, total=124.3ms
[2026-03-15T08:40:20Z INFO  bif_core::texture] Texture chemistry_flask_stand01_Roughness.1002.jpg (2048x2048): decode=119.6ms, convert=19.8ms, linear=83.7ms, total=223.1ms
[2026-03-15T08:40:20Z INFO  bif_viewport::texture_loader] UDIM atlas: 1 tiles -> 2048x2048 (1x1 grid, tile 2048x2048)
[2026-03-15T08:40:20Z INFO  bif_core::texture] Texture furniture_shelving01_Normal_openGL.1002.jpg (2048x2048): decode=95.0ms, convert=22.0ms, linear=72.2ms, total=189.3ms
[2026-03-15T08:40:20Z INFO  bif_viewport::texture_loader] UDIM atlas: 1 tiles -> 2048x2048 (1x1 grid, tile 2048x2048)
[2026-03-15T08:40:20Z INFO  bif_core::texture] Texture electronics_audio_generator01_Metallic.1003.jpg (2048x2048): decode=31.3ms, convert=23.3ms, linear=111.4ms, total=166.0ms
[2026-03-15T08:40:20Z INFO  bif_core::texture] Texture decor_bonsai_jar01_Normal_openGL.1003.jpg (2048x2048): decode=349.6ms, convert=31.9ms, linear=93.6ms, total=475.2ms
[2026-03-15T08:40:20Z INFO  bif_core::texture] Texture electronics_wire_spool04_BaseColor.1002.jpg (2048x2048): decode=176.1ms, convert=42.0ms, linear=87.4ms, total=305.6ms
[2026-03-15T08:40:20Z INFO  bif_core::texture] Texture books_magazines01_Normal_openGL.1003.jpg (2048x2048): decode=143.2ms, convert=26.2ms, linear=91.5ms, total=260.9ms
[2026-03-15T08:40:20Z INFO  bif_core::texture] Texture stationary_protractor_box01_BaseColor.1001.jpg (2048x2048): decode=275.6ms, convert=78.6ms, linear=177.9ms, total=532.2ms
[2026-03-15T08:40:20Z INFO  bif_core::texture] Texture furniture_blackboard01_Normal_openGL.1003.jpg (2048x2048): decode=967.8ms, convert=656.7ms, linear=138.5ms, total=1762.9ms
[2026-03-15T08:40:20Z INFO  bif_core::texture] Texture decor_wooden_box01_Roughness.1013.jpg (2048x2048): decode=129.1ms, convert=24.9ms, linear=125.2ms, total=279.2ms
[2026-03-15T08:40:20Z INFO  bif_core::texture] Texture electronics_tesla_coil01_Normal_openGL.1001.jpg (2048x2048): decode=126.5ms, convert=37.3ms, linear=168.0ms, total=331.8ms
[2026-03-15T08:40:20Z INFO  bif_viewport::texture_loader] UDIM atlas: 3 tiles -> 6144x2048 (3x1 grid, tile 2048x2048)
[2026-03-15T08:40:20Z INFO  bif_viewport::texture_loader] UDIM atlas: 6 tiles -> 6144x4096 (3x2 grid, tile 2048x2048)
[2026-03-15T08:40:20Z INFO  bif_core::texture] Texture electronics_tesla_coil01_BaseColor.1005.jpg (2048x2048): decode=245.3ms, convert=54.2ms, linear=98.6ms, total=398.1ms
[2026-03-15T08:40:20Z INFO  bif_core::texture] Texture decor_wooden_box01_Normal_openGL.1011.jpg (2048x2048): decode=212.9ms, convert=26.7ms, linear=101.1ms, total=340.7ms
[2026-03-15T08:40:20Z INFO  bif_core::texture] Texture chemistry_beaker_stand01_Metallic.1002.jpg (2048x2048): decode=92.3ms, convert=28.8ms, linear=116.1ms, total=237.2ms
[2026-03-15T08:40:20Z INFO  bif_core::texture] Texture structure_wall_fibro01_BaseColor.1002.jpg (2048x2048): decode=950.6ms, convert=30.0ms, linear=181.4ms, total=1162.1ms
[2026-03-15T08:40:20Z INFO  bif_core::texture] Texture electronics_wire_spool04_proxyTexture.jpg (512x512): decode=32.0ms, convert=1.7ms, linear=6.0ms, total=39.7ms
[2026-03-15T08:40:20Z INFO  bif_viewport::texture_loader] UDIM atlas: 3 tiles -> 4096x4096 (2x2 grid, tile 2048x2048)
[2026-03-15T08:40:20Z INFO  bif_core::texture] Texture chemistry_flask_stand01_BaseColor.1002.jpg (2048x2048): decode=336.7ms, convert=36.2ms, linear=170.0ms, total=543.0ms
[2026-03-15T08:40:20Z INFO  bif_core::texture] Texture electronics_audio_generator01_proxyTexture.jpg (512x512): decode=11.9ms, convert=2.4ms, linear=6.6ms, total=20.8ms
[2026-03-15T08:40:20Z INFO  bif_viewport::texture_loader] UDIM atlas: 12 tiles -> 8192x6144 (4x3 grid, tile 2048x2048)
[2026-03-15T08:40:20Z INFO  bif_core::texture] Texture furniture_workbench01_Normal_openGL.1012.jpg (2048x2048): decode=180.8ms, convert=45.1ms, linear=108.7ms, total=334.6ms
[2026-03-15T08:40:20Z INFO  bif_core::texture] Texture toy_curly_surgery_BaseColor.1003.jpg (2048x2048): decode=152.3ms, convert=35.2ms, linear=120.5ms, total=308.0ms
[2026-03-15T08:40:20Z INFO  bif_core::texture] Texture chemistry_flask_stand01_Roughness.1003.jpg (2048x2048): decode=77.8ms, convert=26.7ms, linear=105.7ms, total=210.3ms
[2026-03-15T08:40:20Z INFO  bif_viewport::texture_loader] UDIM atlas: 2 tiles -> 4096x2048 (2x1 grid, tile 2048x2048)
[2026-03-15T08:40:20Z INFO  bif_viewport::texture_loader] UDIM atlas: 2 tiles -> 4096x2048 (2x1 grid, tile 2048x2048)
[2026-03-15T08:40:20Z INFO  bif_core::texture] Texture electronics_turntable01_BaseColor.1001.jpg (2048x2048): decode=128.6ms, convert=69.7ms, linear=131.7ms, total=329.9ms
[2026-03-15T08:40:20Z INFO  bif_core::texture] Texture stationary_crayon_box01_proxyTexture.jpg (512x512): decode=14.4ms, convert=1.5ms, linear=5.7ms, total=21.7ms
[2026-03-15T08:40:20Z INFO  bif_viewport::texture_loader] UDIM atlas: 3 tiles -> 6144x2048 (3x1 grid, tile 2048x2048)
[2026-03-15T08:40:20Z INFO  bif_core::texture] Texture chemistry_beaker01_Roughness.1001.jpg (2048x2048): decode=101.0ms, convert=31.9ms, linear=108.1ms, total=241.0ms
[2026-03-15T08:40:20Z INFO  bif_core::texture] Texture stationary_crayon_box01_BaseColor.1001.jpg (2048x2048): decode=281.2ms, convert=67.6ms, linear=113.5ms, total=462.3ms
[2026-03-15T08:40:20Z INFO  bif_core::texture] Texture stationary_crayon_box01_Roughness.1001.jpg (2048x2048): decode=112.5ms, convert=31.4ms, linear=121.0ms, total=264.9ms
[2026-03-15T08:40:20Z INFO  bif_core::texture] Texture stationary_protractor_box01_Roughness.1001.jpg (2048x2048): decode=85.5ms, convert=27.0ms, linear=72.6ms, total=185.0ms
[2026-03-15T08:40:21Z INFO  bif_core::texture] Texture electronics_audio_generator01_BaseColor.1004.jpg (2048x2048): decode=220.0ms, convert=72.0ms, linear=92.1ms, total=384.1ms
[2026-03-15T08:40:21Z INFO  bif_core::texture] Texture books_magazines01_Normal_openGL.1011.jpg (2048x2048): decode=140.0ms, convert=34.2ms, linear=82.8ms, total=257.1ms
[2026-03-15T08:40:21Z INFO  bif_core::texture] Texture electronics_audio_generator01_Normal_openGL.1001.jpg (2048x2048): decode=323.0ms, convert=53.0ms, linear=148.5ms, total=524.4ms
[2026-03-15T08:40:21Z INFO  bif_core::texture] Texture stationary_crayon_box01_Normal_openGL.1001.jpg (2048x2048): decode=122.5ms, convert=22.5ms, linear=160.5ms, total=305.5ms
[2026-03-15T08:40:21Z INFO  bif_viewport::texture_loader] UDIM atlas: 2 tiles -> 4096x2048 (2x1 grid, tile 2048x2048)
[2026-03-15T08:40:21Z INFO  bif_core::texture] Texture furniture_shelving01_BaseColor.1001.jpg (2048x2048): decode=224.7ms, convert=101.3ms, linear=185.7ms, total=511.7ms
[2026-03-15T08:40:21Z INFO  bif_core::texture] Texture electronics_wire_spool04_Roughness.1001.jpg (2048x2048): decode=54.4ms, convert=34.3ms, linear=136.2ms, total=224.9ms
[2026-03-15T08:40:21Z INFO  bif_core::texture] Texture furniture_shelving01_proxyTexture.jpg (512x512): decode=21.1ms, convert=2.7ms, linear=7.1ms, total=30.9ms
[2026-03-15T08:40:21Z INFO  bif_core::texture] Texture electronics_tesla_coil01_BaseColor.1011.jpg (2048x2048): decode=192.9ms, convert=28.9ms, linear=154.3ms, total=376.1ms
[2026-03-15T08:40:21Z INFO  bif_viewport::texture_loader] UDIM atlas: 1 tiles -> 2048x2048 (1x1 grid, tile 2048x2048)
[2026-03-15T08:40:21Z INFO  bif_viewport::texture_loader] UDIM atlas: 1 tiles -> 2048x2048 (1x1 grid, tile 2048x2048)
[2026-03-15T08:40:21Z INFO  bif_core::texture] Texture electronics_audio_generator01_Metallic.1004.jpg (2048x2048): decode=31.9ms, convert=149.1ms, linear=219.6ms, total=400.6ms
[2026-03-15T08:40:21Z INFO  bif_viewport::texture_loader] UDIM atlas: 3 tiles -> 6144x2048 (3x1 grid, tile 2048x2048)
[2026-03-15T08:40:21Z INFO  bif_viewport::texture_loader] UDIM atlas: 3 tiles -> 6144x2048 (3x1 grid, tile 2048x2048)
[2026-03-15T08:40:21Z INFO  bif_core::texture] Texture decor_wooden_box01_Normal_openGL.1012.jpg (2048x2048): decode=168.7ms, convert=33.9ms, linear=174.8ms, total=377.4ms
[2026-03-15T08:40:21Z INFO  bif_core::texture] Texture furniture_shelving01_Roughness.1001.jpg (2048x2048): decode=118.9ms, convert=48.1ms, linear=126.3ms, total=293.3ms
[2026-03-15T08:40:21Z INFO  bif_viewport::texture_loader] UDIM atlas: 1 tiles -> 2048x2048 (1x1 grid, tile 2048x2048)
[2026-03-15T08:40:21Z INFO  bif_core::texture] Texture electronics_turntable01_proxyTexture.jpg (512x512): decode=44.9ms, convert=2.5ms, linear=8.1ms, total=55.5ms
[2026-03-15T08:40:21Z INFO  bif_viewport::texture_loader] UDIM atlas: 12 tiles -> 8192x6144 (4x3 grid, tile 2048x2048)
[2026-03-15T08:40:21Z INFO  bif_core::texture] Texture toy_curly_surgery_Roughness.1001.jpg (2048x2048): decode=102.1ms, convert=53.8ms, linear=155.6ms, total=311.5ms
[2026-03-15T08:40:21Z INFO  bif_viewport::texture_loader] UDIM atlas: 12 tiles -> 8192x6144 (4x3 grid, tile 2048x2048)
[2026-03-15T08:40:21Z INFO  bif_core::texture] Texture toy_curly_surgery_BaseColor.1004.jpg (2048x2048): decode=153.5ms, convert=69.3ms, linear=123.3ms, total=346.1ms
[2026-03-15T08:40:21Z INFO  bif_core::texture] Texture electronics_tesla_coil01_Normal_openGL.1002.jpg (2048x2048): decode=256.6ms, convert=112.4ms, linear=131.2ms, total=500.2ms
[2026-03-15T08:40:21Z INFO  bif_core::texture] Texture electronics_cabling_proxyTexture.jpg (512x512): decode=29.5ms, convert=1.5ms, linear=6.6ms, total=37.5ms
[2026-03-15T08:40:21Z INFO  bif_core::texture] Texture electronics_turntable01_BaseColor.1002.jpg (2048x2048): decode=137.9ms, convert=41.2ms, linear=118.3ms, total=297.5ms
[2026-03-15T08:40:21Z INFO  bif_core::texture] Texture stationary_protractor_box01_BaseColor.1002.jpg (2048x2048): decode=351.9ms, convert=54.9ms, linear=225.3ms, total=632.1ms
[2026-03-15T08:40:21Z INFO  bif_core::texture] Texture stationary_protractor_box01_Normal_openGL.1001.jpg (2048x2048): decode=165.5ms, convert=108.7ms, linear=228.4ms, total=502.6ms
[2026-03-15T08:40:21Z INFO  bif_core::texture] Texture furniture_workbench01_Normal_openGL.1013.jpg (2048x2048): decode=164.4ms, convert=45.1ms, linear=172.9ms, total=382.5ms
[2026-03-15T08:40:21Z INFO  bif_viewport::texture_loader] UDIM atlas: 1 tiles -> 2048x2048 (1x1 grid, tile 2048x2048)
[2026-03-15T08:40:21Z INFO  bif_viewport::texture_loader] UDIM atlas: 6 tiles -> 6144x4096 (3x2 grid, tile 2048x2048)
[2026-03-15T08:40:21Z INFO  bif_core::texture] Texture stationary_set_square01_proxyTexture.jpg (512x512): decode=12.6ms, convert=2.5ms, linear=4.8ms, total=19.9ms
[2026-03-15T08:40:21Z INFO  bif_core::texture] Texture structure_wall_fibro01_BaseColor.1003.jpg (2048x2048): decode=349.2ms, convert=127.3ms, linear=141.4ms, total=617.9ms
[2026-03-15T08:40:21Z INFO  bif_core::texture] Texture stationary_protractor_box01_Roughness.1002.jpg (2048x2048): decode=80.4ms, convert=45.7ms, linear=130.3ms, total=256.4ms
[2026-03-15T08:40:21Z INFO  bif_viewport::texture_loader] UDIM atlas: 12 tiles -> 8192x6144 (4x3 grid, tile 2048x2048)
[2026-03-15T08:40:21Z INFO  bif_core::texture] Texture electronics_tesla_coil01_Roughness.1001.jpg (2048x2048): decode=97.8ms, convert=30.5ms, linear=120.9ms, total=249.2ms
[2026-03-15T08:40:21Z INFO  bif_core::texture] Texture electronics_audio_generator01_Roughness.1001.jpg (2048x2048): decode=47.6ms, convert=29.6ms, linear=83.5ms, total=160.7ms
[2026-03-15T08:40:21Z INFO  bif_core::texture] Texture chemistry_flask_stand01_BaseColor.1003.jpg (2048x2048): decode=206.2ms, convert=36.6ms, linear=98.8ms, total=341.6ms
[2026-03-15T08:40:21Z INFO  bif_core::texture] Texture books_magazines01_Normal_openGL.1012.jpg (2048x2048): decode=186.8ms, convert=33.9ms, linear=80.6ms, total=301.4ms
[2026-03-15T08:40:21Z INFO  bif_core::texture] Texture chemistry_flask_stand01_Normal_openGL.1001.jpg (2048x2048): decode=115.3ms, convert=30.5ms, linear=64.8ms, total=210.6ms
[2026-03-15T08:40:21Z INFO  bif_core::texture] Texture electronics_audio_generator01_Metallic.1005.jpg (2048x2048): decode=85.7ms, convert=27.6ms, linear=113.4ms, total=226.7ms
[2026-03-15T08:40:21Z INFO  bif_core::texture] Texture chemistry_beaker01_Normal_openGL.1001.jpg (2048x2048): decode=137.3ms, convert=37.6ms, linear=66.2ms, total=241.2ms
[2026-03-15T08:40:21Z INFO  bif_core::texture] Texture electronics_wire_spool04_Roughness.1002.jpg (2048x2048): decode=93.8ms, convert=34.1ms, linear=79.4ms, total=207.4ms
[2026-03-15T08:40:21Z INFO  bif_core::texture] Texture electronics_audio_generator01_BaseColor.1005.jpg (2048x2048): decode=140.1ms, convert=25.3ms, linear=145.3ms, total=310.8ms
[2026-03-15T08:40:21Z INFO  bif_core::texture] Texture electronics_tesla_coil01_BaseColor.1012.jpg (2048x2048): decode=172.9ms, convert=18.8ms, linear=64.1ms, total=255.7ms
[2026-03-15T08:40:21Z INFO  bif_core::texture] Texture electronics_audio_generator01_Normal_openGL.1002.jpg (2048x2048): decode=139.2ms, convert=31.1ms, linear=131.9ms, total=302.2ms
[2026-03-15T08:40:22Z INFO  bif_core::texture] Texture furniture_shelving01_BaseColor.1002.jpg (2048x2048): decode=229.2ms, convert=21.9ms, linear=82.1ms, total=333.2ms
[2026-03-15T08:40:22Z INFO  bif_core::texture] Texture decor_wooden_box01_Normal_openGL.1013.jpg (2048x2048): decode=108.2ms, convert=21.5ms, linear=68.7ms, total=198.4ms
[2026-03-15T08:40:22Z INFO  bif_core::texture] Texture toy_curly_surgery_BaseColor.1011.jpg (2048x2048): decode=84.7ms, convert=55.3ms, linear=58.6ms, total=198.6ms
[2026-03-15T08:40:22Z INFO  bif_core::texture] Texture furniture_shelving01_Roughness.1002.jpg (2048x2048): decode=106.8ms, convert=21.4ms, linear=131.3ms, total=259.5ms
[2026-03-15T08:40:22Z INFO  bif_core::texture] Texture electronics_tesla_coil01_Metallic.1001.jpg (2048x2048): decode=63.3ms, convert=29.4ms, linear=106.6ms, total=199.4ms
[2026-03-15T08:40:22Z INFO  bif_core::texture] Texture toy_curly_surgery_Roughness.1002.jpg (2048x2048): decode=91.2ms, convert=18.0ms, linear=110.8ms, total=220.0ms
[2026-03-15T08:40:22Z INFO  bif_core::texture] Texture furniture_workbench01_Normal_openGL.1014.jpg (2048x2048): decode=160.0ms, convert=21.1ms, linear=61.9ms, total=243.0ms
[2026-03-15T08:40:22Z INFO  bif_core::texture] Texture electronics_cabling_BaseColor.1001.jpg (2048x2048): decode=143.9ms, convert=20.3ms, linear=97.7ms, total=261.9ms
[2026-03-15T08:40:22Z INFO  bif_core::texture] Texture stationary_protractor_box01_Roughness.1011.jpg (2048x2048): decode=109.6ms, convert=26.2ms, linear=73.1ms, total=208.9ms
[2026-03-15T08:40:22Z INFO  bif_core::texture] Texture electronics_audio_generator01_Roughness.1002.jpg (2048x2048): decode=51.5ms, convert=23.5ms, linear=65.5ms, total=140.4ms
[2026-03-15T08:40:22Z INFO  bif_core::texture] Texture electronics_turntable01_BaseColor.1003.jpg (2048x2048): decode=226.0ms, convert=24.5ms, linear=75.2ms, total=325.7ms
[2026-03-15T08:40:22Z INFO  bif_viewport::texture_loader] UDIM atlas: 1 tiles -> 2048x2048 (1x1 grid, tile 2048x2048)
[2026-03-15T08:40:22Z INFO  bif_core::texture] Texture structure_wall_fibro01_Roughness.1001.jpg (2048x2048): decode=93.8ms, convert=23.3ms, linear=138.1ms, total=255.2ms
[2026-03-15T08:40:22Z INFO  bif_viewport::texture_loader] UDIM atlas: 2 tiles -> 4096x2048 (2x1 grid, tile 2048x2048)
[2026-03-15T08:40:22Z INFO  bif_core::texture] Texture structure_wall_fibro01_BaseColor.1011.jpg (2048x2048): decode=186.5ms, convert=19.6ms, linear=141.8ms, total=347.9ms
[2026-03-15T08:40:22Z INFO  bif_core::texture] Texture structure_wall_fibro02_Normal_openGL.1001.jpg (2048x2048): decode=216.7ms, convert=27.1ms, linear=77.0ms, total=320.7ms
[2026-03-15T08:40:22Z INFO  bif_core::texture] Texture stationary_protractor_box01_Normal_openGL.1002.jpg (2048x2048): decode=184.6ms, convert=120.8ms, linear=144.1ms, total=449.5ms
[2026-03-15T08:40:22Z INFO  bif_core::texture] Texture toy_curly_surgery_Normal_openGL.1001.jpg (2048x2048): decode=165.4ms, convert=30.7ms, linear=152.3ms, total=348.4ms
[2026-03-15T08:40:22Z INFO  bif_core::texture] Texture chemistry_flask_stand01_Normal_openGL.1002.jpg (2048x2048): decode=155.3ms, convert=24.9ms, linear=123.3ms, total=303.6ms
[2026-03-15T08:40:22Z INFO  bif_core::texture] Texture electronics_audio_generator01_Metallic.1011.jpg (2048x2048): decode=65.6ms, convert=27.6ms, linear=257.6ms, total=350.8ms
[2026-03-15T08:40:22Z INFO  bif_viewport::texture_loader] UDIM atlas: 2 tiles -> 4096x2048 (2x1 grid, tile 2048x2048)
[2026-03-15T08:40:22Z INFO  bif_core::texture] Texture electronics_tesla_coil01_Roughness.1002.jpg (2048x2048): decode=127.5ms, convert=76.1ms, linear=185.3ms, total=388.9ms
[2026-03-15T08:40:22Z INFO  bif_viewport::texture_loader] UDIM atlas: 3 tiles -> 6144x2048 (3x1 grid, tile 2048x2048)
[2026-03-15T08:40:22Z INFO  bif_core::texture] Texture books_magazines01_Normal_openGL.1013.jpg (2048x2048): decode=211.4ms, convert=30.5ms, linear=156.6ms, total=398.4ms
[2026-03-15T08:40:22Z INFO  bif_core::texture] Texture electronics_tesla_coil01_BaseColor.1013.jpg (2048x2048): decode=146.8ms, convert=36.0ms, linear=137.1ms, total=319.9ms
[2026-03-15T08:40:22Z INFO  bif_core::texture] Texture electronics_tesla_coil01_Normal_openGL.1003.jpg (2048x2048): decode=228.9ms, convert=32.1ms, linear=221.9ms, total=482.9ms
[2026-03-15T08:40:22Z INFO  bif_viewport::texture_loader] UDIM atlas: 2 tiles -> 4096x2048 (2x1 grid, tile 2048x2048)
[2026-03-15T08:40:22Z INFO  bif_core::texture] Texture stationary_protractor_box01_BaseColor.1011.jpg (2048x2048): decode=258.1ms, convert=74.4ms, linear=206.2ms, total=538.8ms
[2026-03-15T08:40:22Z INFO  bif_core::texture] Texture structure_wall_fibro03_proxyTexture.jpg (512x512): decode=29.5ms, convert=1.6ms, linear=6.5ms, total=37.6ms
[2026-03-15T08:40:22Z INFO  bif_core::texture] Texture electronics_turntable01_Roughness.1001.jpg (2048x2048): decode=104.3ms, convert=29.6ms, linear=181.5ms, total=315.4ms
[2026-03-15T08:40:22Z INFO  bif_core::texture] Texture electronics_cabling_Roughness.1001.jpg (2048x2048): decode=128.4ms, convert=39.4ms, linear=107.8ms, total=275.7ms
[2026-03-15T08:40:22Z INFO  bif_core::texture] Texture electronics_tesla_coil01_Metallic.1002.jpg (2048x2048): decode=74.4ms, convert=30.7ms, linear=113.7ms, total=218.8ms
[2026-03-15T08:40:22Z INFO  bif_core::texture] Texture furniture_workbench01_Normal_openGL.1021.jpg (2048x2048): decode=131.5ms, convert=29.1ms, linear=96.2ms, total=256.8ms
[2026-03-15T08:40:22Z INFO  bif_core::texture] Texture toy_curly_surgery_Roughness.1003.jpg (2048x2048): decode=96.5ms, convert=29.6ms, linear=119.2ms, total=245.2ms
[2026-03-15T08:40:22Z INFO  bif_core::texture] Texture structure_wall_fibro01_Normal_openGL.1001.jpg (2048x2048): decode=429.4ms, convert=26.5ms, linear=303.1ms, total=759.0ms
[2026-03-15T08:40:22Z INFO  bif_core::texture] Texture stationary_protractor_box01_Roughness.1012.jpg (2048x2048): decode=148.7ms, convert=28.5ms, linear=83.7ms, total=261.0ms
[2026-03-15T08:40:22Z INFO  bif_core::texture] Texture electronics_cabling_BaseColor.1002.jpg (2048x2048): decode=115.2ms, convert=28.1ms, linear=84.4ms, total=227.7ms
[2026-03-15T08:40:22Z INFO  bif_core::texture] Texture toy_curly_surgery_BaseColor.1012.jpg (2048x2048): decode=159.4ms, convert=45.0ms, linear=164.4ms, total=368.8ms
[2026-03-15T08:40:22Z INFO  bif_viewport::texture_loader] UDIM atlas: 6 tiles -> 6144x4096 (3x2 grid, tile 2048x2048)
[2026-03-15T08:40:22Z INFO  bif_core::texture] Texture electronics_audio_generator01_Normal_openGL.1003.jpg (2048x2048): decode=157.7ms, convert=120.5ms, linear=124.5ms, total=402.8ms
[2026-03-15T08:40:22Z INFO  bif_core::texture] Texture structure_wall_fibro02_proxyTexture.jpg (512x512): decode=140.0ms, convert=1.3ms, linear=4.5ms, total=145.7ms
[2026-03-15T08:40:22Z INFO  bif_core::texture] Texture structure_wall_fibro03_BaseColor.1001.jpg (2048x2048): decode=213.8ms, convert=33.5ms, linear=84.9ms, total=332.2ms
[2026-03-15T08:40:22Z INFO  bif_core::texture] Texture furniture_workbench01_proxyTexture.jpg (512x512): decode=26.3ms, convert=1.2ms, linear=7.0ms, total=34.5ms
[2026-03-15T08:40:22Z INFO  bif_core::texture] Texture electronics_audio_generator01_Roughness.1003.jpg (2048x2048): decode=131.4ms, convert=27.2ms, linear=151.9ms, total=310.5ms
[2026-03-15T08:40:23Z INFO  bif_core::texture] Texture electronics_turntable01_BaseColor.1004.jpg (2048x2048): decode=204.4ms, convert=22.3ms, linear=77.0ms, total=303.7ms
[2026-03-15T08:40:23Z INFO  bif_core::texture] Texture electronics_tesla_coil01_Metallic.1003.jpg (2048x2048): decode=43.2ms, convert=18.1ms, linear=53.0ms, total=114.3ms
[2026-03-15T08:40:23Z INFO  bif_core::texture] Texture electronics_audio_generator01_Metallic.1012.jpg (2048x2048): decode=80.6ms, convert=15.0ms, linear=106.0ms, total=201.6ms
[2026-03-15T08:40:23Z INFO  bif_core::texture] Texture structure_wall_fibro02_Normal_openGL.1002.jpg (2048x2048): decode=172.6ms, convert=23.9ms, linear=93.5ms, total=290.1ms
[2026-03-15T08:40:23Z INFO  bif_core::texture] Texture chemistry_flask_stand01_Normal_openGL.1003.jpg (2048x2048): decode=129.0ms, convert=21.6ms, linear=109.7ms, total=260.3ms
[2026-03-15T08:40:23Z INFO  bif_core::texture] Texture electronics_tesla_coil01_Metallic.1004.jpg (2048x2048): decode=32.7ms, convert=24.3ms, linear=105.1ms, total=162.0ms
[2026-03-15T08:40:23Z INFO  bif_core::texture] Texture structure_wall_fibro02_BaseColor.1001.jpg (2048x2048): decode=138.6ms, convert=29.6ms, linear=96.4ms, total=264.6ms
[2026-03-15T08:40:23Z INFO  bif_core::texture] Texture structure_wall_fibro03_Roughness.1001.jpg (2048x2048): decode=41.2ms, convert=103.9ms, linear=100.2ms, total=245.3ms
[2026-03-15T08:40:23Z INFO  bif_core::texture] Texture structure_wall_fibro01_BaseColor.1012.jpg (2048x2048): decode=156.3ms, convert=94.5ms, linear=132.9ms, total=383.7ms
[2026-03-15T08:40:23Z INFO  bif_core::texture] Texture electronics_tesla_coil01_BaseColor.1014.jpg (2048x2048): decode=116.1ms, convert=31.2ms, linear=165.6ms, total=312.9ms
[2026-03-15T08:40:23Z INFO  bif_viewport::texture_loader] UDIM atlas: 6 tiles -> 6144x4096 (3x2 grid, tile 2048x2048)
[2026-03-15T08:40:23Z INFO  bif_core::texture] Texture electronics_cabling_Roughness.1002.jpg (2048x2048): decode=58.9ms, convert=60.6ms, linear=121.5ms, total=241.0ms
[2026-03-15T08:40:23Z INFO  bif_core::texture] Texture structure_wall_fibro01_Roughness.1002.jpg (2048x2048): decode=156.2ms, convert=33.1ms, linear=196.5ms, total=385.7ms
[2026-03-15T08:40:23Z INFO  bif_core::texture] Texture toy_curly_surgery_BaseColor.1013.jpg (2048x2048): decode=175.6ms, convert=30.0ms, linear=127.8ms, total=333.4ms
[2026-03-15T08:40:23Z INFO  bif_core::texture] Texture furniture_workbench01_BaseColor.1001.jpg (2048x2048): decode=162.7ms, convert=31.3ms, linear=137.9ms, total=331.9ms
[2026-03-15T08:40:23Z INFO  bif_core::texture] Texture toy_curly_surgery_Roughness.1004.jpg (2048x2048): decode=53.8ms, convert=41.8ms, linear=133.3ms, total=228.9ms
[2026-03-15T08:40:23Z INFO  bif_core::texture] Texture electronics_audio_generator01_Roughness.1004.jpg (2048x2048): decode=110.9ms, convert=28.9ms, linear=107.8ms, total=247.7ms
[2026-03-15T08:40:23Z INFO  bif_viewport::texture_loader] UDIM atlas: 4 tiles -> 4096x4096 (2x2 grid, tile 2048x2048)
[2026-03-15T08:40:23Z INFO  bif_core::texture] Texture furniture_workbench01_Normal_openGL.1022.jpg (2048x2048): decode=155.9ms, convert=36.7ms, linear=99.5ms, total=292.2ms
[2026-03-15T08:40:23Z INFO  bif_core::texture] Texture electronics_cabling_BaseColor.1003.jpg (2048x2048): decode=151.2ms, convert=26.0ms, linear=122.0ms, total=299.2ms
[2026-03-15T08:40:23Z INFO  bif_core::texture] Texture electronics_tesla_coil01_Metallic.1005.jpg (2048x2048): decode=44.3ms, convert=32.4ms, linear=131.0ms, total=207.8ms
[2026-03-15T08:40:23Z INFO  bif_core::texture] Texture electronics_tesla_coil01_Roughness.1003.jpg (2048x2048): decode=210.1ms, convert=36.5ms, linear=332.1ms, total=578.8ms
[2026-03-15T08:40:23Z INFO  bif_core::texture] Texture toy_curly_surgery_Normal_openGL.1002.jpg (2048x2048): decode=262.2ms, convert=165.0ms, linear=97.0ms, total=524.2ms
[2026-03-15T08:40:23Z INFO  bif_core::texture] Texture vegetation_bonsai_branch02_Roughness.1001.png (2048x2048): decode=54.5ms, convert=52.4ms, linear=96.6ms, total=203.6ms
[2026-03-15T08:40:23Z INFO  bif_core::texture] Texture electronics_turntable01_Roughness.1002.jpg (2048x2048): decode=129.0ms, convert=114.6ms, linear=65.6ms, total=309.2ms
[2026-03-15T08:40:23Z INFO  bif_core::texture] Texture electronics_tesla_coil01_Normal_openGL.1004.jpg (2048x2048): decode=313.7ms, convert=105.3ms, linear=64.6ms, total=483.5ms
[2026-03-15T08:40:23Z INFO  bif_core::texture] Texture stationary_protractor_box01_BaseColor.1012.jpg (2048x2048): decode=232.7ms, convert=26.0ms, linear=67.8ms, total=326.6ms
[2026-03-15T08:40:23Z INFO  bif_core::texture] Texture structure_wall_fibro02_Roughness.1001.jpg (2048x2048): decode=128.5ms, convert=38.2ms, linear=420.2ms, total=587.0ms
[2026-03-15T08:40:23Z INFO  bif_core::texture] Texture structure_wall_fibro03_Normal_openGL.1001.jpg (2048x2048): decode=323.1ms, convert=41.3ms, linear=198.0ms, total=562.4ms
[2026-03-15T08:40:23Z INFO  bif_core::texture] Texture stationary_protractor_box01_Normal_openGL.1011.jpg (2048x2048): decode=333.5ms, convert=47.0ms, linear=231.8ms, total=612.3ms
[2026-03-15T08:40:23Z INFO  bif_viewport::texture_loader] UDIM atlas: 3 tiles -> 6144x2048 (3x1 grid, tile 2048x2048)
[2026-03-15T08:40:23Z INFO  bif_core::texture] Texture structure_wall_fibro02_Normal_openGL.1003.jpg (2048x2048): decode=145.0ms, convert=16.3ms, linear=89.5ms, total=250.8ms
[2026-03-15T08:40:23Z INFO  bif_core::texture] Texture electronics_cabling_Normal_openGL.1001.jpg (2048x2048): decode=90.6ms, convert=61.0ms, linear=76.5ms, total=228.0ms
[2026-03-15T08:40:23Z INFO  bif_core::texture] Texture stationary_set_square01_BaseColor.1001.jpg (2048x2048): decode=114.9ms, convert=27.8ms, linear=75.6ms, total=218.3ms
[2026-03-15T08:40:23Z INFO  bif_core::texture] Texture electronics_tesla_coil01_Metallic.1011.jpg (2048x2048): decode=47.5ms, convert=24.4ms, linear=89.8ms, total=161.8ms
[2026-03-15T08:40:23Z INFO  bif_core::texture] Texture electronics_cabling_Roughness.1003.jpg (2048x2048): decode=41.5ms, convert=42.0ms, linear=69.9ms, total=153.4ms
[2026-03-15T08:40:24Z INFO  bif_core::texture] Texture electronics_audio_generator01_Normal_openGL.1004.jpg (2048x2048): decode=248.8ms, convert=26.5ms, linear=180.3ms, total=455.6ms
[2026-03-15T08:40:24Z INFO  bif_core::texture] Texture chemistry_magnetic_stirrer01_Normal_openGL.1001.jpg (2048x2048): decode=101.6ms, convert=20.0ms, linear=129.9ms, total=251.4ms
[2026-03-15T08:40:24Z INFO  bif_core::texture] Texture toy_curly_surgery_Roughness.1011.jpg (2048x2048): decode=102.3ms, convert=17.0ms, linear=112.6ms, total=231.9ms
[2026-03-15T08:40:24Z INFO  bif_viewport::texture_loader] UDIM atlas: 9 tiles -> 10240x4096 (5x2 grid, tile 2048x2048)
[2026-03-15T08:40:24Z INFO  bif_core::texture] Texture books_encyclopedias01_Roughness.1001.jpg (2048x2048): decode=81.3ms, convert=39.6ms, linear=108.7ms, total=229.5ms
[2026-03-15T08:40:24Z INFO  bif_core::texture] Texture toy_box02_Roughness.1001.jpg (2048x2048): decode=84.8ms, convert=27.6ms, linear=181.6ms, total=294.1ms
[2026-03-15T08:40:24Z INFO  bif_core::texture] Texture electronics_cabling_BaseColor.1004.jpg (2048x2048): decode=140.5ms, convert=33.5ms, linear=130.5ms, total=304.5ms
[2026-03-15T08:40:24Z INFO  bif_core::texture] Texture vegetation_bonsai_branch02_Normal_openGL.1001.png (2048x2048): decode=90.2ms, convert=35.4ms, linear=152.9ms, total=278.5ms
[2026-03-15T08:40:24Z INFO  bif_core::texture] Texture structure_wall_fibro03_Roughness.1002.jpg (2048x2048): decode=138.6ms, convert=28.2ms, linear=193.6ms, total=360.4ms
[2026-03-15T08:40:24Z INFO  bif_core::texture] Texture furniture_workbench01_BaseColor.1002.jpg (2048x2048): decode=205.7ms, convert=31.3ms, linear=137.3ms, total=374.4ms
[2026-03-15T08:40:24Z INFO  bif_core::texture] Texture electronics_audio_generator01_Metallic.1013.jpg (2048x2048): decode=127.1ms, convert=32.5ms, linear=172.8ms, total=332.3ms
[2026-03-15T08:40:24Z INFO  bif_core::texture] Texture furniture_workbench01_Normal_openGL.1023.jpg (2048x2048): decode=149.9ms, convert=81.6ms, linear=133.2ms, total=364.8ms
[2026-03-15T08:40:24Z INFO  bif_core::texture] Texture electronics_audio_generator01_Roughness.1005.jpg (2048x2048): decode=148.4ms, convert=37.9ms, linear=105.3ms, total=291.5ms
[2026-03-15T08:40:24Z INFO  bif_viewport::texture_loader] UDIM atlas: 1 tiles -> 2048x2048 (1x1 grid, tile 2048x2048)
[2026-03-15T08:40:24Z INFO  bif_viewport::texture_loader] UDIM atlas: 7 tiles -> 8192x4096 (4x2 grid, tile 2048x2048)
[2026-03-15T08:40:24Z INFO  bif_core::texture] Texture structure_wall_fibro01_Normal_openGL.1002.jpg (2048x2048): decode=419.5ms, convert=32.2ms, linear=141.6ms, total=593.3ms
[2026-03-15T08:40:24Z INFO  bif_viewport::texture_loader] UDIM atlas: 5 tiles -> 6144x4096 (3x2 grid, tile 2048x2048)
[2026-03-15T08:40:24Z INFO  bif_core::texture] Texture electronics_tesla_coil01_Roughness.1004.jpg (2048x2048): decode=93.9ms, convert=33.3ms, linear=126.7ms, total=253.9ms
[2026-03-15T08:40:24Z INFO  bif_core::texture] Texture structure_wall_fibro01_Roughness.1003.jpg (2048x2048): decode=104.1ms, convert=78.1ms, linear=96.6ms, total=278.9ms
[2026-03-15T08:40:24Z INFO  bif_core::texture] Texture electronics_cabling_Normal_openGL.1002.jpg (2048x2048): decode=137.6ms, convert=26.8ms, linear=81.0ms, total=245.4ms
[2026-03-15T08:40:24Z INFO  bif_core::texture] Texture structure_wall_fibro02_Roughness.1002.jpg (2048x2048): decode=94.2ms, convert=27.4ms, linear=86.1ms, total=207.7ms
[2026-03-15T08:40:24Z INFO  bif_viewport::texture_loader] UDIM atlas: 4 tiles -> 4096x4096 (2x2 grid, tile 2048x2048)
[2026-03-15T08:40:24Z INFO  bif_core::texture] Texture electronics_cabling_Roughness.1004.jpg (2048x2048): decode=87.3ms, convert=22.1ms, linear=77.9ms, total=187.4ms
[2026-03-15T08:40:24Z INFO  bif_core::texture] Texture structure_wall_fibro02_Normal_openGL.1011.jpg (2048x2048): decode=182.9ms, convert=22.7ms, linear=116.4ms, total=321.9ms
[2026-03-15T08:40:24Z INFO  bif_core::texture] Texture toy_box04_proxyTexture.jpg (512x512): decode=86.1ms, convert=1.4ms, linear=3.8ms, total=91.3ms
[2026-03-15T08:40:24Z INFO  bif_core::texture] Texture electronics_tesla_coil01_Metallic.1012.jpg (2048x2048): decode=78.6ms, convert=37.5ms, linear=143.5ms, total=259.6ms
[2026-03-15T08:40:24Z INFO  bif_core::texture] Texture toy_curly_surgery_Normal_openGL.1003.jpg (2048x2048): decode=241.2ms, convert=35.9ms, linear=167.4ms, total=444.4ms
[2026-03-15T08:40:24Z INFO  bif_core::texture] Texture electronics_turntable01_Normal_openGL.1001.jpg (2048x2048): decode=179.3ms, convert=112.1ms, linear=1854.1ms, total=2145.5ms
[2026-03-15T08:40:24Z INFO  bif_viewport::texture_loader] UDIM atlas: 1 tiles -> 2048x2048 (1x1 grid, tile 2048x2048)
[2026-03-15T08:40:24Z INFO  bif_core::texture] Texture vegetation_bonsai_branch03_proxyTexture.jpg (512x512): decode=30.1ms, convert=2.2ms, linear=7.3ms, total=39.6ms
[2026-03-15T08:40:24Z INFO  bif_core::texture] Texture electronics_wire_spool06_Roughness.1001.jpg (2048x2048): decode=92.7ms, convert=22.4ms, linear=123.1ms, total=238.3ms
[2026-03-15T08:40:24Z INFO  bif_core::texture] Texture electronics_audio_generator01_Metallic.1014.jpg (2048x2048): decode=45.5ms, convert=24.9ms, linear=203.0ms, total=273.4ms
[2026-03-15T08:40:24Z INFO  bif_core::texture] Texture chemistry_magnetic_stirrer01_Normal_openGL.1002.jpg (2048x2048): decode=150.9ms, convert=34.8ms, linear=143.5ms, total=329.2ms
[2026-03-15T08:40:24Z INFO  bif_core::texture] Texture electronics_audio_generator01_Normal_openGL.1005.jpg (2048x2048): decode=187.5ms, convert=26.0ms, linear=108.4ms, total=321.9ms
[2026-03-15T08:40:24Z INFO  bif_core::texture] Texture electronics_tesla_coil01_Normal_openGL.1005.jpg (2048x2048): decode=242.5ms, convert=52.1ms, linear=88.8ms, total=383.3ms
[2026-03-15T08:40:24Z INFO  bif_core::texture] Texture toy_curly_surgery_Roughness.1012.jpg (2048x2048): decode=78.9ms, convert=62.7ms, linear=116.0ms, total=257.7ms
[2026-03-15T08:40:24Z INFO  bif_core::texture] Texture stationary_set_square01_Roughness.1001.jpg (2048x2048): decode=83.2ms, convert=31.6ms, linear=139.4ms, total=254.2ms
[2026-03-15T08:40:24Z INFO  bif_core::texture] Texture electronics_turntable01_Roughness.1003.jpg (2048x2048): decode=168.4ms, convert=29.1ms, linear=96.8ms, total=294.3ms
[2026-03-15T08:40:24Z INFO  bif_core::texture] Texture books_encyclopedias01_Roughness.1002.jpg (2048x2048): decode=86.5ms, convert=27.1ms, linear=152.7ms, total=266.3ms
[2026-03-15T08:40:24Z INFO  bif_core::texture] Texture stationary_protractor_box01_Normal_openGL.1012.jpg (2048x2048): decode=253.5ms, convert=30.5ms, linear=196.2ms, total=480.2ms
[2026-03-15T08:40:24Z INFO  bif_core::texture] Texture electronics_tesla_coil01_Metallic.1013.jpg (2048x2048): decode=37.3ms, convert=30.4ms, linear=108.2ms, total=175.9ms
[2026-03-15T08:40:24Z INFO  bif_core::texture] Texture electronics_cabling_BaseColor.1011.jpg (2048x2048): decode=174.7ms, convert=29.5ms, linear=120.1ms, total=324.3ms
[2026-03-15T08:40:24Z INFO  bif_core::texture] Texture electronics_audio_generator01_Roughness.1011.jpg (2048x2048): decode=89.2ms, convert=49.2ms, linear=128.2ms, total=266.6ms
[2026-03-15T08:40:25Z INFO  bif_core::texture] Texture furniture_workbench01_BaseColor.1003.jpg (2048x2048): decode=170.6ms, convert=31.1ms, linear=108.5ms, total=310.2ms
[2026-03-15T08:40:25Z INFO  bif_core::texture] Texture furniture_workbench01_Normal_openGL.1024.jpg (2048x2048): decode=127.6ms, convert=31.1ms, linear=106.5ms, total=265.2ms
[2026-03-15T08:40:25Z INFO  bif_core::texture] Texture toy_box04_Roughness.1001.jpg (2048x2048): decode=69.4ms, convert=32.9ms, linear=142.7ms, total=245.0ms
[2026-03-15T08:40:25Z INFO  bif_core::texture] Texture structure_wall_fibro03_Normal_openGL.1002.jpg (2048x2048): decode=334.9ms, convert=32.0ms, linear=137.7ms, total=504.6ms
[2026-03-15T08:40:25Z INFO  bif_core::texture] Texture structure_wall_fibro03_Roughness.1003.jpg (2048x2048): decode=119.8ms, convert=39.2ms, linear=139.6ms, total=298.6ms
[2026-03-15T08:40:25Z INFO  bif_core::texture] Texture electronics_cabling_Normal_openGL.1003.jpg (2048x2048): decode=118.0ms, convert=46.4ms, linear=54.2ms, total=218.5ms
[2026-03-15T08:40:25Z INFO  bif_core::texture] Texture electronics_cabling_Roughness.1011.jpg (2048x2048): decode=72.1ms, convert=77.5ms, linear=72.7ms, total=222.3ms
[2026-03-15T08:40:25Z INFO  bif_core::texture] Texture toy_box04_BaseColor.1001.jpg (2048x2048): decode=166.9ms, convert=89.4ms, linear=74.4ms, total=330.7ms
[2026-03-15T08:40:25Z INFO  bif_core::texture] Texture stationary_slide_rule01_BaseColor.1001.jpg (2048x2048): decode=163.3ms, convert=17.1ms, linear=83.3ms, total=263.7ms
[2026-03-15T08:40:25Z INFO  bif_core::texture] Texture vegetation_bonsai_branch03_BaseColor.1001.jpg (2048x2048): decode=169.3ms, convert=21.6ms, linear=86.1ms, total=277.0ms
[2026-03-15T08:40:25Z INFO  bif_viewport::texture_loader] UDIM atlas: 1 tiles -> 2048x2048 (1x1 grid, tile 2048x2048)
[2026-03-15T08:40:25Z INFO  bif_core::texture] Texture electronics_tesla_coil01_Metallic.1014.jpg (2048x2048): decode=49.9ms, convert=21.9ms, linear=90.8ms, total=162.6ms
[2026-03-15T08:40:25Z INFO  bif_core::texture] Texture toy_box02_Normal_openGL.1001.jpg (2048x2048): decode=198.5ms, convert=18.3ms, linear=175.5ms, total=392.3ms
[2026-03-15T08:40:25Z INFO  bif_core::texture] Texture electronics_wire_spool06_Roughness.1002.jpg (2048x2048): decode=124.9ms, convert=36.0ms, linear=67.0ms, total=227.9ms
[2026-03-15T08:40:25Z INFO  bif_core::texture] Texture structure_wall_fibro01_Roughness.1011.jpg (2048x2048): decode=60.3ms, convert=124.2ms, linear=92.0ms, total=276.5ms
[2026-03-15T08:40:25Z INFO  bif_core::texture] Texture structure_wall_fibro02_Normal_openGL.1012.jpg (2048x2048): decode=248.7ms, convert=20.7ms, linear=51.8ms, total=321.1ms
[2026-03-15T08:40:25Z INFO  bif_core::texture] Texture structure_wall_fibro02_Roughness.1003.jpg (2048x2048): decode=157.2ms, convert=30.6ms, linear=167.8ms, total=355.5ms
[2026-03-15T08:40:25Z INFO  bif_core::texture] Texture toy_curly_surgery_Roughness.1013.jpg (2048x2048): decode=96.6ms, convert=18.4ms, linear=76.3ms, total=191.3ms
[2026-03-15T08:40:25Z INFO  bif_core::texture] Texture chemistry_magnetic_stirrer01_Normal_openGL.1011.jpg (2048x2048): decode=104.8ms, convert=16.4ms, linear=93.1ms, total=214.3ms
[2026-03-15T08:40:25Z INFO  bif_viewport::texture_loader] UDIM atlas: 1 tiles -> 2048x2048 (1x1 grid, tile 2048x2048)
[2026-03-15T08:40:25Z INFO  bif_core::texture] Texture electronics_tesla_coil01_Roughness.1005.jpg (2048x2048): decode=154.5ms, convert=19.1ms, linear=166.0ms, total=339.5ms
[2026-03-15T08:40:25Z INFO  bif_core::texture] Texture books_encyclopedias01_Roughness.1003.jpg (2048x2048): decode=105.6ms, convert=29.4ms, linear=98.1ms, total=233.1ms
[2026-03-15T08:40:25Z INFO  bif_core::texture] Texture electronics_audio_generator01_Roughness.1012.jpg (2048x2048): decode=95.3ms, convert=29.3ms, linear=97.8ms, total=222.4ms
[2026-03-15T08:40:25Z INFO  bif_core::texture] Texture structure_wall_fibro01_Normal_openGL.1003.jpg (2048x2048): decode=433.7ms, convert=35.2ms, linear=114.8ms, total=583.7ms
[2026-03-15T08:40:25Z INFO  bif_core::texture] Texture electronics_turntable01_Normal_openGL.1002.jpg (2048x2048): decode=287.9ms, convert=25.5ms, linear=141.0ms, total=454.4ms
[2026-03-15T08:40:25Z INFO  bif_viewport::texture_loader] UDIM atlas: 1 tiles -> 2048x2048 (1x1 grid, tile 2048x2048)
[2026-03-15T08:40:25Z INFO  bif_viewport::texture_loader] UDIM atlas: 2 tiles -> 4096x2048 (2x1 grid, tile 2048x2048)
[2026-03-15T08:40:25Z INFO  bif_core::texture] Texture electronics_cabling_BaseColor.1012.jpg (2048x2048): decode=238.4ms, convert=32.8ms, linear=106.9ms, total=378.2ms
[2026-03-15T08:40:25Z INFO  bif_viewport::texture_loader] UDIM atlas: 1 tiles -> 2048x2048 (1x1 grid, tile 2048x2048)
[2026-03-15T08:40:25Z INFO  bif_core::texture] Texture electronics_turntable01_Roughness.1004.jpg (2048x2048): decode=315.1ms, convert=30.4ms, linear=166.7ms, total=512.2ms
[2026-03-15T08:40:25Z INFO  bif_viewport::texture_loader] UDIM atlas: 4 tiles -> 4096x4096 (2x2 grid, tile 2048x2048)
[2026-03-15T08:40:25Z INFO  bif_core::texture] Texture furniture_workbench01_BaseColor.1004.jpg (2048x2048): decode=298.1ms, convert=32.6ms, linear=133.9ms, total=464.6ms
[2026-03-15T08:40:25Z INFO  bif_viewport::texture_loader] UDIM atlas: 1 tiles -> 2048x2048 (1x1 grid, tile 2048x2048)
[2026-03-15T08:40:26Z INFO  bif_viewport::texture_loader] UDIM atlas: 9 tiles -> 10240x4096 (5x2 grid, tile 2048x2048)
[2026-03-15T08:40:26Z INFO  bif_core::texture] Texture vegetation_bonsai_branch03_Roughness.1001.png (2048x2048): decode=213.7ms, convert=47.2ms, linear=135.1ms, total=395.9ms
[2026-03-15T08:40:26Z INFO  bif_core::texture] Texture electronics_tesla_coil01_Normal_openGL.1011.jpg (2048x2048): decode=490.2ms, convert=87.1ms, linear=160.1ms, total=737.4ms
[2026-03-15T08:40:26Z INFO  bif_viewport::texture_loader] UDIM atlas: 3 tiles -> 4096x4096 (2x2 grid, tile 2048x2048)
[2026-03-15T08:40:26Z INFO  bif_viewport::texture_loader] UDIM atlas: 5 tiles -> 6144x4096 (3x2 grid, tile 2048x2048)
[2026-03-15T08:40:26Z INFO  bif_core::texture] Texture electronics_cabling_Normal_openGL.1004.jpg (2048x2048): decode=426.0ms, convert=44.8ms, linear=140.9ms, total=611.7ms
[2026-03-15T08:40:26Z INFO  bif_core::texture] Texture structure_wall_fibro03_Roughness.1011.jpg (2048x2048): decode=301.4ms, convert=73.9ms, linear=217.2ms, total=592.6ms
[2026-03-15T08:40:26Z INFO  bif_core::texture] Texture chemistry_test_tube01_proxyTexture.jpg (512x512): decode=14.1ms, convert=5.2ms, linear=6.7ms, total=26.0ms
[2026-03-15T08:40:26Z INFO  bif_core::texture] Texture electronics_cabling_Roughness.1012.jpg (2048x2048): decode=312.0ms, convert=108.5ms, linear=154.8ms, total=575.3ms
[2026-03-15T08:40:26Z INFO  bif_viewport::texture_loader] UDIM atlas: 3 tiles -> 6144x2048 (3x1 grid, tile 2048x2048)
[2026-03-15T08:40:26Z INFO  bif_viewport::texture_loader] UDIM atlas: 9 tiles -> 10240x4096 (5x2 grid, tile 2048x2048)
[2026-03-15T08:40:26Z INFO  bif_core::texture] Texture stationary_set_square01_Normal_openGL.1001.jpg (2048x2048): decode=138.1ms, convert=34.3ms, linear=141.6ms, total=314.0ms
[2026-03-15T08:40:26Z INFO  bif_core::texture] Texture stationary_slide_rule01_BaseColor.1002.jpg (2048x2048): decode=475.6ms, convert=40.2ms, linear=131.9ms, total=647.7ms
[2026-03-15T08:40:26Z INFO  bif_core::texture] Texture electronics_audio_generator01_Roughness.1013.jpg (2048x2048): decode=106.2ms, convert=71.9ms, linear=136.6ms, total=314.7ms
[2026-03-15T08:40:26Z INFO  bif_viewport::texture_loader] UDIM atlas: 12 tiles -> 8192x6144 (4x3 grid, tile 2048x2048)
[2026-03-15T08:40:26Z INFO  bif_core::texture] Texture electronics_audio_generator01_Normal_openGL.1011.jpg (2048x2048): decode=405.6ms, convert=125.2ms, linear=268.2ms, total=799.0ms
[2026-03-15T08:40:26Z INFO  bif_core::texture] Texture electronics_wire_spool04_Metallic.1001.jpg (2048x2048): decode=56.9ms, convert=35.9ms, linear=92.3ms, total=185.1ms
[2026-03-15T08:40:26Z INFO  bif_core::texture] Texture toy_box02_proxyTexture.jpg (512x512): decode=23.4ms, convert=1.7ms, linear=5.9ms, total=30.9ms
[2026-03-15T08:40:26Z INFO  bif_core::texture] Texture electronics_wire_spool06_Metallic.1001.jpg (2048x2048): decode=80.1ms, convert=44.6ms, linear=138.8ms, total=263.5ms
[2026-03-15T08:40:26Z INFO  bif_viewport::texture_loader] UDIM atlas: 7 tiles -> 8192x4096 (4x2 grid, tile 2048x2048)
[2026-03-15T08:40:26Z INFO  bif_core::texture] Texture structure_wall_fibro03_Normal_openGL.1003.jpg (2048x2048): decode=557.1ms, convert=77.5ms, linear=239.5ms, total=874.0ms
[2026-03-15T08:40:26Z INFO  bif_core::texture] Texture toy_box01_proxyTexture.jpg (512x512): decode=25.1ms, convert=2.0ms, linear=7.6ms, total=34.7ms
[2026-03-15T08:40:26Z INFO  bif_core::texture] Texture structure_wall_fibro02_Roughness.1011.jpg (2048x2048): decode=204.8ms, convert=84.7ms, linear=232.8ms, total=522.4ms
[2026-03-15T08:40:26Z INFO  bif_core::texture] Texture toy_box04_Normal_openGL.1001.jpg (2048x2048): decode=205.2ms, convert=32.0ms, linear=110.4ms, total=347.6ms
[2026-03-15T08:40:26Z INFO  bif_core::texture] Texture structure_wall_fibro01_Roughness.1012.jpg (2048x2048): decode=58.8ms, convert=76.5ms, linear=131.3ms, total=266.6ms
[2026-03-15T08:40:26Z INFO  bif_core::texture] Texture toy_curly_surgery_Normal_openGL.1004.jpg (2048x2048): decode=877.0ms, convert=25.7ms, linear=181.0ms, total=1083.7ms
[2026-03-15T08:40:26Z INFO  bif_core::texture] Texture electronics_cabling_BaseColor.1013.jpg (2048x2048): decode=168.6ms, convert=26.3ms, linear=128.7ms, total=323.6ms
[2026-03-15T08:40:26Z INFO  bif_core::texture] Texture toy_box01_BaseColor.1001.jpg (2048x2048): decode=222.4ms, convert=57.4ms, linear=127.7ms, total=407.5ms
[2026-03-15T08:40:26Z INFO  bif_core::texture] Texture electronics_tesla_coil01_Roughness.1011.jpg (2048x2048): decode=123.6ms, convert=94.5ms, linear=300.8ms, total=519.0ms
[2026-03-15T08:40:26Z INFO  bif_core::texture] Texture furniture_workbench01_BaseColor.1011.jpg (2048x2048): decode=159.7ms, convert=30.8ms, linear=88.1ms, total=278.6ms
[2026-03-15T08:40:26Z INFO  bif_core::texture] Texture toy_box03_Roughness.1001.jpg (2048x2048): decode=70.8ms, convert=31.9ms, linear=96.9ms, total=199.7ms
[2026-03-15T08:40:26Z INFO  bif_core::texture] Texture electronics_turntable01_Normal_openGL.1003.jpg (2048x2048): decode=203.0ms, convert=48.1ms, linear=126.7ms, total=377.8ms
[2026-03-15T08:40:26Z INFO  bif_core::texture] Texture stationary_slide_rule01_Normal_openGL.1001.jpg (2048x2048): decode=141.6ms, convert=82.5ms, linear=205.6ms, total=429.8ms
[2026-03-15T08:40:26Z INFO  bif_core::texture] Texture electronics_turntable01_Roughness.1005.jpg (2048x2048): decode=40.6ms, convert=81.2ms, linear=139.7ms, total=261.6ms
[2026-03-15T08:40:26Z INFO  bif_core::texture] Texture toy_box01_Normal_openGL.1001.jpg (2048x2048): decode=153.0ms, convert=48.8ms, linear=106.0ms, total=307.8ms
[2026-03-15T08:40:26Z INFO  bif_core::texture] Texture vegetation_bonsai_branch03_Normal_openGL.1001.png (2048x2048): decode=89.9ms, convert=33.9ms, linear=86.7ms, total=210.5ms
[2026-03-15T08:40:26Z INFO  bif_viewport::texture_loader] UDIM atlas: 1 tiles -> 2048x2048 (1x1 grid, tile 2048x2048)
[2026-03-15T08:40:26Z INFO  bif_core::texture] Texture books_encyclopedias01_Normal_openGL.1001.jpg (2048x2048): decode=151.3ms, convert=35.7ms, linear=83.3ms, total=270.4ms
[2026-03-15T08:40:26Z INFO  bif_core::texture] Texture stationary_set_square02_proxyTexture.jpg (512x512): decode=18.3ms, convert=1.6ms, linear=14.1ms, total=34.0ms
[2026-03-15T08:40:26Z INFO  bif_core::texture] Texture structure_wall_fibro01_Normal_openGL.1011.jpg (2048x2048): decode=243.0ms, convert=30.6ms, linear=219.2ms, total=492.8ms
[2026-03-15T08:40:26Z INFO  bif_core::texture] Texture chemistry_test_tube01_BaseColor.1001.jpg (2048x2048): decode=167.1ms, convert=32.3ms, linear=79.8ms, total=279.2ms
[2026-03-15T08:40:26Z INFO  bif_core::texture] Texture electronics_cabling_Roughness.1013.jpg (2048x2048): decode=52.5ms, convert=34.2ms, linear=81.2ms, total=167.9ms
[2026-03-15T08:40:26Z INFO  bif_core::texture] Texture electronics_wire_spool02_proxyTexture.jpg (512x512): decode=11.7ms, convert=1.6ms, linear=3.6ms, total=16.9ms
[2026-03-15T08:40:26Z INFO  bif_core::texture] Texture electronics_cabling_Normal_openGL.1011.jpg (2048x2048): decode=137.2ms, convert=32.4ms, linear=87.8ms, total=257.4ms
[2026-03-15T08:40:26Z INFO  bif_core::texture] Texture stationary_set_square02_BaseColor.1001.jpg (2048x2048): decode=117.3ms, convert=38.0ms, linear=70.8ms, total=226.1ms
[2026-03-15T08:40:26Z INFO  bif_core::texture] Texture stationary_slide_rule01_Roughness.1001.jpg (2048x2048): decode=62.1ms, convert=20.6ms, linear=65.0ms, total=147.7ms
[2026-03-15T08:40:26Z INFO  bif_core::texture] Texture electronics_wire_spool04_Metallic.1002.jpg (2048x2048): decode=132.5ms, convert=27.4ms, linear=194.8ms, total=354.7ms
[2026-03-15T08:40:26Z INFO  bif_core::texture] Texture stationary_slide_rule01_BaseColor.1003.jpg (2048x2048): decode=101.8ms, convert=18.2ms, linear=56.2ms, total=176.1ms
[2026-03-15T08:40:26Z INFO  bif_core::texture] Texture electronics_audio_generator01_Roughness.1014.jpg (2048x2048): decode=77.0ms, convert=18.2ms, linear=65.4ms, total=160.6ms
[2026-03-15T08:40:26Z INFO  bif_viewport::texture_loader] UDIM atlas: 1 tiles -> 2048x2048 (1x1 grid, tile 2048x2048)
[2026-03-15T08:40:26Z INFO  bif_core::texture] Texture toy_box02_BaseColor.1001.jpg (2048x2048): decode=276.6ms, convert=19.8ms, linear=58.7ms, total=355.0ms
[2026-03-15T08:40:26Z INFO  bif_core::texture] Texture electronics_wire_spool06_Metallic.1002.jpg (2048x2048): decode=87.5ms, convert=21.1ms, linear=48.9ms, total=157.5ms
[2026-03-15T08:40:26Z INFO  bif_viewport::texture_loader] UDIM atlas: 1 tiles -> 2048x2048 (1x1 grid, tile 2048x2048)
[2026-03-15T08:40:26Z INFO  bif_viewport::texture_loader] UDIM atlas: 1 tiles -> 2048x2048 (1x1 grid, tile 2048x2048)
[2026-03-15T08:40:26Z INFO  bif_core::texture] Texture books_encyclopedias01_proxyTexture.jpg (512x512): decode=105.0ms, convert=1.2ms, linear=3.4ms, total=109.7ms
[2026-03-15T08:40:27Z INFO  bif_viewport::texture_loader] UDIM atlas: 1 tiles -> 2048x2048 (1x1 grid, tile 2048x2048)
[2026-03-15T08:40:27Z INFO  bif_core::texture] Texture vegetation_bonsai_twig01_proxyTexture.jpg (512x512): decode=17.8ms, convert=1.4ms, linear=6.4ms, total=25.6ms
[2026-03-15T08:40:27Z INFO  bif_core::texture] Texture toy_box03_Roughness.1002.jpg (2048x2048): decode=55.1ms, convert=18.7ms, linear=99.5ms, total=173.3ms
[2026-03-15T08:40:27Z INFO  bif_core::texture] Texture structure_wall_fibro03_Roughness.1012.jpg (2048x2048): decode=107.6ms, convert=20.4ms, linear=114.9ms, total=242.8ms
[2026-03-15T08:40:27Z INFO  bif_core::texture] Texture chemistry_kipps_apparatus01_proxyTexture.jpg (512x512): decode=27.5ms, convert=2.0ms, linear=8.6ms, total=38.1ms
[2026-03-15T08:40:27Z INFO  bif_viewport::texture_loader] UDIM atlas: 2 tiles -> 4096x2048 (2x1 grid, tile 2048x2048)
[2026-03-15T08:40:27Z INFO  bif_core::texture] Texture structure_wall_fibro02_Roughness.1012.jpg (2048x2048): decode=118.5ms, convert=26.7ms, linear=122.3ms, total=267.4ms
[2026-03-15T08:40:27Z INFO  bif_viewport::texture_loader] UDIM atlas: 1 tiles -> 2048x2048 (1x1 grid, tile 2048x2048)
[2026-03-15T08:40:27Z INFO  bif_core::texture] Texture electronics_audio_generator01_Normal_openGL.1012.jpg (2048x2048): decode=275.0ms, convert=34.7ms, linear=179.6ms, total=489.3ms
[2026-03-15T08:40:27Z INFO  bif_viewport::texture_loader] UDIM atlas: 2 tiles -> 4096x2048 (2x1 grid, tile 2048x2048)
[2026-03-15T08:40:27Z INFO  bif_core::texture] Texture electronics_tesla_coil01_Normal_openGL.1012.jpg (2048x2048): decode=288.6ms, convert=36.6ms, linear=159.8ms, total=485.0ms
[2026-03-15T08:40:27Z INFO  bif_core::texture] Texture electronics_cabling_BaseColor.1014.jpg (2048x2048): decode=249.5ms, convert=32.8ms, linear=140.4ms, total=422.8ms
[2026-03-15T08:40:27Z INFO  bif_core::texture] Texture furniture_workbench01_BaseColor.1012.jpg (2048x2048): decode=242.6ms, convert=28.0ms, linear=148.3ms, total=418.9ms
[2026-03-15T08:40:27Z INFO  bif_viewport::texture_loader] UDIM atlas: 1 tiles -> 2048x2048 (1x1 grid, tile 2048x2048)
[2026-03-15T08:40:27Z INFO  bif_viewport::texture_loader] UDIM atlas: 5 tiles -> 6144x4096 (3x2 grid, tile 2048x2048)
[2026-03-15T08:40:27Z INFO  bif_core::texture] Texture electronics_cabling_Roughness.1014.jpg (2048x2048): decode=69.4ms, convert=67.1ms, linear=166.7ms, total=303.2ms
[2026-03-15T08:40:27Z INFO  bif_core::texture] Texture toy_curly_surgery_Normal_openGL.1011.jpg (2048x2048): decode=168.8ms, convert=44.7ms, linear=143.2ms, total=356.7ms
[2026-03-15T08:40:27Z INFO  bif_core::texture] Texture books_encyclopedias01_Normal_openGL.1002.jpg (2048x2048): decode=194.1ms, convert=42.1ms, linear=170.2ms, total=406.5ms
[2026-03-15T08:40:27Z INFO  bif_viewport::texture_loader] UDIM atlas: 3 tiles -> 6144x2048 (3x1 grid, tile 2048x2048)
[2026-03-15T08:40:27Z INFO  bif_core::texture] Texture electronics_turntable01_Roughness.1011.jpg (2048x2048): decode=152.4ms, convert=40.0ms, linear=225.6ms, total=417.9ms
[2026-03-15T08:40:27Z INFO  bif_core::texture] Texture electronics_cabling_Normal_openGL.1012.jpg (2048x2048): decode=140.1ms, convert=45.4ms, linear=167.0ms, total=352.6ms
[2026-03-15T08:40:27Z INFO  bif_core::texture] Texture stationary_slide_rule01_Roughness.1002.jpg (2048x2048): decode=125.6ms, convert=64.5ms, linear=170.6ms, total=360.8ms
[2026-03-15T08:40:27Z INFO  bif_core::texture] Texture electronics_tesla_coil01_Roughness.1012.jpg (2048x2048): decode=131.0ms, convert=44.3ms, linear=218.4ms, total=393.7ms
[2026-03-15T08:40:27Z INFO  bif_core::texture] Texture chemistry_magnetic_stirrer01_proxyTexture.jpg (512x512): decode=11.6ms, convert=1.6ms, linear=4.0ms, total=17.2ms
[2026-03-15T08:40:27Z INFO  bif_core::texture] Texture vegetation_bonsai_twig01_BaseColor.1001.jpg (2048x2048): decode=200.3ms, convert=65.0ms, linear=148.0ms, total=413.3ms
[2026-03-15T08:40:27Z INFO  bif_core::texture] Texture electronics_oscilloscope01_Metallic.1023.jpg (2048x2048): decode=276.2ms, convert=42.4ms, linear=182.3ms, total=500.9ms
[2026-03-15T08:40:27Z INFO  bif_core::texture] Texture structure_wall_fibro03_Normal_openGL.1011.jpg (2048x2048): decode=323.4ms, convert=42.3ms, linear=142.5ms, total=508.2ms
[2026-03-15T08:40:27Z INFO  bif_core::texture] Texture electronics_wire_spool02_BaseColor.1001.jpg (2048x2048): decode=126.5ms, convert=35.3ms, linear=98.3ms, total=260.2ms
[2026-03-15T08:40:27Z INFO  bif_core::texture] Texture chemistry_test_tube01_Roughness.1001.jpg (2048x2048): decode=83.8ms, convert=25.1ms, linear=75.5ms, total=184.4ms
[2026-03-15T08:40:27Z INFO  bif_core::texture] Texture books_encyclopedias01_BaseColor.1001.jpg (2048x2048): decode=161.5ms, convert=19.8ms, linear=90.4ms, total=271.8ms
[2026-03-15T08:40:27Z INFO  bif_viewport::texture_loader] UDIM atlas: 9 tiles -> 10240x4096 (5x2 grid, tile 2048x2048)
[2026-03-15T08:40:27Z INFO  bif_core::texture] Texture stationary_slide_rule01_Normal_openGL.1002.jpg (2048x2048): decode=358.5ms, convert=23.5ms, linear=200.1ms, total=582.1ms
[2026-03-15T08:40:27Z INFO  bif_core::texture] Texture structure_wall_fibro01_Normal_openGL.1012.jpg (2048x2048): decode=232.4ms, convert=97.7ms, linear=288.1ms, total=618.3ms
[2026-03-15T08:40:27Z INFO  bif_core::texture] Texture toy_box03_Roughness.1003.jpg (2048x2048): decode=97.1ms, convert=23.6ms, linear=122.7ms, total=243.3ms
[2026-03-15T08:40:27Z INFO  bif_core::texture] Texture stationary_set_square02_Roughness.1001.jpg (2048x2048): decode=72.7ms, convert=26.0ms, linear=76.8ms, total=175.5ms
[2026-03-15T08:40:27Z INFO  bif_core::texture] Texture chemistry_kipps_apparatus01_BaseColor.1001.jpg (2048x2048): decode=152.9ms, convert=24.2ms, linear=110.0ms, total=287.1ms
[2026-03-15T08:40:27Z INFO  bif_core::texture] Texture electronics_wire_spool06_Normal_openGL.1001.jpg (2048x2048): decode=123.7ms, convert=37.4ms, linear=93.5ms, total=254.5ms
[2026-03-15T08:40:27Z INFO  bif_core::texture] Texture toy_box01_Roughness.1001.jpg (2048x2048): decode=102.0ms, convert=34.4ms, linear=324.6ms, total=461.0ms
[2026-03-15T08:40:27Z INFO  bif_core::texture] Texture electronics_wire_spool04_Normal_openGL.1001.jpg (2048x2048): decode=120.3ms, convert=30.0ms, linear=283.2ms, total=433.5ms
[2026-03-15T08:40:28Z INFO  bif_viewport::texture_loader] UDIM atlas: 1 tiles -> 2048x2048 (1x1 grid, tile 2048x2048)
[2026-03-15T08:40:28Z INFO  bif_core::texture] Texture electronics_oscilloscope01_Metallic.1024.jpg (2048x2048): decode=116.2ms, convert=27.7ms, linear=202.1ms, total=346.1ms
[2026-03-15T08:40:28Z INFO  bif_viewport::texture_loader] UDIM atlas: 5 tiles -> 6144x4096 (3x2 grid, tile 2048x2048)
[2026-03-15T08:40:28Z INFO  bif_core::texture] Texture furniture_workbench01_BaseColor.1013.jpg (2048x2048): decode=153.6ms, convert=58.9ms, linear=96.1ms, total=308.6ms
[2026-03-15T08:40:28Z INFO  bif_core::texture] Texture decor_bonsai_jar01_Normal_openGL.1001.jpg (2048x2048): decode=99.5ms, convert=55.2ms, linear=104.3ms, total=259.1ms
[2026-03-15T08:40:28Z INFO  bif_core::texture] Texture stationary_slide_rule01_Roughness.1003.jpg (2048x2048): decode=70.2ms, convert=28.7ms, linear=109.2ms, total=208.1ms
[2026-03-15T08:40:28Z INFO  bif_core::texture] Texture electronics_cabling_Normal_openGL.1013.jpg (2048x2048): decode=120.7ms, convert=48.6ms, linear=74.5ms, total=243.8ms
[2026-03-15T08:40:28Z INFO  bif_viewport::texture_loader] UDIM atlas: 8 tiles -> 8192x4096 (4x2 grid, tile 2048x2048)
[2026-03-15T08:40:28Z INFO  bif_core::texture] Texture stationary_set_square02_Normal_openGL.1001.jpg (2048x2048): decode=191.4ms, convert=158.5ms, linear=109.9ms, total=459.7ms
[2026-03-15T08:40:28Z INFO  bif_core::texture] Texture chemistry_magnetic_stirrer01_BaseColor.1001.jpg (2048x2048): decode=316.1ms, convert=27.0ms, linear=151.6ms, total=494.7ms
[2026-03-15T08:40:28Z INFO  bif_core::texture] Texture electronics_wire_spool02_BaseColor.1002.jpg (2048x2048): decode=204.7ms, convert=22.3ms, linear=107.1ms, total=334.1ms
[2026-03-15T08:40:28Z INFO  bif_viewport::texture_loader] UDIM atlas: 1 tiles -> 2048x2048 (1x1 grid, tile 2048x2048)
[2026-03-15T08:40:28Z INFO  bif_core::texture] Texture toy_box03_proxyTexture.jpg (512x512): decode=51.5ms, convert=1.4ms, linear=3.9ms, total=56.9ms
[2026-03-15T08:40:28Z INFO  bif_viewport::texture_loader] UDIM atlas: 3 tiles -> 6144x2048 (3x1 grid, tile 2048x2048)
[2026-03-15T08:40:28Z INFO  bif_core::texture] Texture vegetation_bonsai_twig01_Roughness.1001.png (2048x2048): decode=242.9ms, convert=20.7ms, linear=82.9ms, total=346.6ms
[2026-03-15T08:40:28Z INFO  bif_viewport::texture_loader] UDIM atlas: 8 tiles -> 8192x4096 (4x2 grid, tile 2048x2048)
[2026-03-15T08:40:28Z INFO  bif_core::texture] Texture books_encyclopedias01_Normal_openGL.1003.jpg (2048x2048): decode=361.8ms, convert=20.6ms, linear=68.2ms, total=450.6ms
[2026-03-15T08:40:28Z INFO  bif_viewport::texture_loader] UDIM atlas: 1 tiles -> 2048x2048 (1x1 grid, tile 2048x2048)
[2026-03-15T08:40:28Z INFO  bif_core::texture] Texture electronics_turntable01_Roughness.1012.jpg (2048x2048): decode=158.7ms, convert=21.1ms, linear=84.5ms, total=264.3ms
[2026-03-15T08:40:28Z INFO  bif_core::texture] Texture electronics_audio_generator01_Normal_openGL.1013.jpg (2048x2048): decode=394.7ms, convert=36.2ms, linear=82.4ms, total=513.3ms
[2026-03-15T08:40:28Z INFO  bif_core::texture] Texture chemistry_kipps_apparatus01_BaseColor.1002.jpg (2048x2048): decode=176.1ms, convert=22.6ms, linear=74.8ms, total=273.6ms
[2026-03-15T08:40:28Z INFO  bif_core::texture] Texture books_encyclopedias01_BaseColor.1002.jpg (2048x2048): decode=210.0ms, convert=24.0ms, linear=122.0ms, total=356.0ms
[2026-03-15T08:40:28Z INFO  bif_core::texture] Texture stationary_slide_rule01_proxyTexture.jpg (512x512): decode=42.4ms, convert=2.0ms, linear=5.3ms, total=49.7ms
[2026-03-15T08:40:28Z INFO  bif_core::texture] Texture toy_curly_surgery_Normal_openGL.1012.jpg (2048x2048): decode=290.5ms, convert=29.8ms, linear=134.9ms, total=455.2ms
[2026-03-15T08:40:28Z INFO  bif_viewport::texture_loader] UDIM atlas: 5 tiles -> 6144x4096 (3x2 grid, tile 2048x2048)
[2026-03-15T08:40:28Z INFO  bif_core::texture] Texture chemistry_test_tube01_Normal_openGL.1001.jpg (2048x2048): decode=105.0ms, convert=25.3ms, linear=107.4ms, total=237.7ms
[2026-03-15T08:40:28Z INFO  bif_core::texture] Texture decor_bonsai_jar01_proxyTexture.jpg (512x512): decode=10.9ms, convert=1.4ms, linear=3.6ms, total=15.9ms
[2026-03-15T08:40:28Z INFO  bif_core::texture] Texture electronics_wire_spool04_BaseColor.1001.jpg (2048x2048): decode=133.6ms, convert=28.6ms, linear=124.5ms, total=286.8ms
[2026-03-15T08:40:28Z INFO  bif_viewport::texture_loader] UDIM atlas: 5 tiles -> 6144x4096 (3x2 grid, tile 2048x2048)
[2026-03-15T08:40:28Z INFO  bif_core::texture] Texture electronics_wire_spool06_Normal_openGL.1002.jpg (2048x2048): decode=210.6ms, convert=29.8ms, linear=75.4ms, total=315.8ms
[2026-03-15T08:40:28Z INFO  bif_viewport::texture_loader] UDIM atlas: 3 tiles -> 6144x2048 (3x1 grid, tile 2048x2048)
[2026-03-15T08:40:28Z INFO  bif_core::texture] Texture electronics_wire_spool04_proxyTexture.jpg (512x512): decode=7.9ms, convert=1.9ms, linear=6.0ms, total=15.8ms
[2026-03-15T08:40:28Z INFO  bif_core::texture] Texture electronics_turntable01_Normal_openGL.1004.jpg (2048x2048): decode=1346.9ms, convert=44.0ms, linear=212.4ms, total=1603.2ms
[2026-03-15T08:40:28Z INFO  bif_core::texture] Texture furniture_workbench01_BaseColor.1014.jpg (2048x2048): decode=171.3ms, convert=56.1ms, linear=97.5ms, total=324.9ms
[2026-03-15T08:40:28Z INFO  bif_core::texture] Texture electronics_wire_spool04_Roughness.1001.jpg (2048x2048): decode=67.0ms, convert=22.7ms, linear=132.7ms, total=222.4ms
[2026-03-15T08:40:28Z INFO  bif_viewport::texture_loader] UDIM atlas: 2 tiles -> 4096x2048 (2x1 grid, tile 2048x2048)
[2026-03-15T08:40:28Z INFO  bif_core::texture] Texture vegetation_bonsai_twig03_Normal_openGL.1001.png (2048x2048): decode=183.4ms, convert=28.2ms, linear=90.8ms, total=302.4ms
[2026-03-15T08:40:28Z INFO  bif_core::texture] Texture chemistry_beaker02_proxyTexture.jpg (512x512): decode=131.6ms, convert=2.2ms, linear=5.1ms, total=138.8ms
[2026-03-15T08:40:28Z INFO  bif_core::texture] Texture toy_box03_Normal_openGL.1001.jpg (2048x2048): decode=139.8ms, convert=52.6ms, linear=114.4ms, total=306.8ms
[2026-03-15T08:40:28Z INFO  bif_core::texture] Texture decor_bonsai_jar01_Normal_openGL.1002.jpg (2048x2048): decode=178.9ms, convert=29.0ms, linear=98.7ms, total=306.6ms
[2026-03-15T08:40:28Z INFO  bif_core::texture] Texture chemistry_test_tube02_Normal_openGL.1001.jpg (2048x2048): decode=145.3ms, convert=26.4ms, linear=216.0ms, total=387.7ms
[2026-03-15T08:40:28Z INFO  bif_core::texture] Texture decor_bonsai_jar01_BaseColor.1001.jpg (2048x2048): decode=105.1ms, convert=44.9ms, linear=91.1ms, total=241.1ms
[2026-03-15T08:40:28Z INFO  bif_core::texture] Texture electronics_cabling_Normal_openGL.1014.jpg (2048x2048): decode=175.5ms, convert=29.0ms, linear=81.0ms, total=285.4ms
[2026-03-15T08:40:28Z INFO  bif_viewport::texture_loader] UDIM atlas: 3 tiles -> 6144x2048 (3x1 grid, tile 2048x2048)
[2026-03-15T08:40:28Z INFO  bif_core::texture] Texture vegetation_bonsai_twig01_Normal_openGL.1001.png (2048x2048): decode=105.9ms, convert=30.2ms, linear=94.6ms, total=230.8ms
[2026-03-15T08:40:28Z INFO  bif_core::texture] Texture toy_box03_BaseColor.1001.jpg (2048x2048): decode=227.5ms, convert=28.1ms, linear=104.6ms, total=360.2ms
[2026-03-15T08:40:29Z INFO  bif_viewport::texture_loader] UDIM atlas: 1 tiles -> 2048x2048 (1x1 grid, tile 2048x2048)
[2026-03-15T08:40:29Z INFO  bif_viewport::texture_loader] UDIM atlas: 1 tiles -> 2048x2048 (1x1 grid, tile 2048x2048)
[2026-03-15T08:40:29Z INFO  bif_core::texture] Texture decor_bonsai_jar01_Roughness.1001.jpg (2048x2048): decode=96.5ms, convert=31.2ms, linear=107.1ms, total=234.8ms
[2026-03-15T08:40:29Z INFO  bif_core::texture] Texture chemistry_test_tube02_proxyTexture.jpg (512x512): decode=24.1ms, convert=2.4ms, linear=8.3ms, total=34.8ms
[2026-03-15T08:40:29Z INFO  bif_core::texture] Texture toy_fun_coil_Metallic.1001.jpg (2048x2048): decode=38.1ms, convert=20.8ms, linear=97.9ms, total=156.8ms
[2026-03-15T08:40:29Z INFO  bif_core::texture] Texture chemistry_kipps_apparatus01_BaseColor.1003.jpg (2048x2048): decode=108.8ms, convert=26.5ms, linear=113.7ms, total=249.0ms
[2026-03-15T08:40:29Z INFO  bif_core::texture] Texture books_encyclopedias01_BaseColor.1003.jpg (2048x2048): decode=173.6ms, convert=37.9ms, linear=119.3ms, total=330.8ms
[2026-03-15T08:40:29Z INFO  bif_core::texture] Texture electronics_tesla_coil01_Roughness.1013.jpg (2048x2048): decode=250.6ms, convert=32.5ms, linear=739.7ms, total=1022.8ms
[2026-03-15T08:40:29Z INFO  bif_viewport::texture_loader] UDIM atlas: 2 tiles -> 4096x2048 (2x1 grid, tile 2048x2048)
[2026-03-15T08:40:29Z INFO  bif_core::texture] Texture electronics_tesla_coil01_Normal_openGL.1013.jpg (2048x2048): decode=1209.6ms, convert=36.5ms, linear=174.5ms, total=1420.6ms
[2026-03-15T08:40:29Z INFO  bif_core::texture] Texture stationary_slide_rule01_Normal_openGL.1003.jpg (2048x2048): decode=269.5ms, convert=55.7ms, linear=203.7ms, total=528.9ms
[2026-03-15T08:40:29Z INFO  bif_core::texture] Texture electronics_wire_spool02_Roughness.1001.jpg (2048x2048): decode=77.4ms, convert=56.6ms, linear=117.9ms, total=251.9ms
[2026-03-15T08:40:29Z INFO  bif_core::texture] Texture electronics_turntable01_Roughness.1013.jpg (2048x2048): decode=121.5ms, convert=34.1ms, linear=168.7ms, total=324.3ms
[2026-03-15T08:40:29Z INFO  bif_core::texture] Texture electronics_powerpoint01_proxyTexture.jpg (512x512): decode=13.5ms, convert=2.4ms, linear=46.1ms, total=62.0ms
[2026-03-15T08:40:29Z INFO  bif_core::texture] Texture toy_curly_surgery_Normal_openGL.1013.jpg (2048x2048): decode=250.0ms, convert=47.8ms, linear=180.1ms, total=478.0ms
[2026-03-15T08:40:29Z INFO  bif_core::texture] Texture electronics_wire_spool04_BaseColor.1002.jpg (2048x2048): decode=219.1ms, convert=29.8ms, linear=131.1ms, total=380.0ms
[2026-03-15T08:40:29Z INFO  bif_core::texture] Texture test202009demo_ll_leaf01_sm01_proxyTexture.jpg (512x512): decode=79.4ms, convert=3.5ms, linear=10.4ms, total=93.3ms
[2026-03-15T08:40:29Z INFO  bif_core::texture] Texture vegetation_bonsai_twig02_proxyTexture.jpg (512x512): decode=15.9ms, convert=3.2ms, linear=9.0ms, total=28.0ms
[2026-03-15T08:40:29Z INFO  bif_core::texture] Texture chemistry_beaker02_BaseColor.1001.jpg (2048x2048): decode=213.8ms, convert=34.5ms, linear=187.1ms, total=435.4ms
[2026-03-15T08:40:29Z INFO  bif_core::texture] Texture decor_bonsai_jar01_BaseColor.1002.jpg (2048x2048): decode=263.2ms, convert=44.2ms, linear=129.4ms, total=436.8ms
[2026-03-15T08:40:29Z INFO  bif_core::texture] Texture electronics_wire_spool04_Normal_openGL.1002.jpg (2048x2048): decode=402.4ms, convert=68.4ms, linear=225.2ms, total=696.0ms
[2026-03-15T08:40:29Z INFO  bif_core::texture] Texture electronics_audio_generator01_Normal_openGL.1014.jpg (2048x2048): decode=169.7ms, convert=37.9ms, linear=190.3ms, total=397.8ms
[2026-03-15T08:40:29Z INFO  bif_core::texture] Texture test202009demo_ll_leaf01_sm01_Normal_openGL.1001.png (2048x2048): decode=149.0ms, convert=39.6ms, linear=247.3ms, total=435.9ms
[2026-03-15T08:40:29Z INFO  bif_core::texture] Texture chemistry_magnetic_stirrer01_BaseColor.1002.jpg (2048x2048): decode=303.3ms, convert=42.2ms, linear=196.2ms, total=541.7ms
[2026-03-15T08:40:29Z INFO  bif_core::texture] Texture electronics_wire_spool04_Roughness.1002.jpg (2048x2048): decode=118.9ms, convert=30.1ms, linear=221.5ms, total=370.6ms
[2026-03-15T08:40:29Z INFO  bif_core::texture] Texture furniture_workbench01_BaseColor.1021.jpg (2048x2048): decode=231.6ms, convert=36.1ms, linear=135.7ms, total=403.4ms
[2026-03-15T08:40:29Z INFO  bif_viewport::texture_loader] UDIM atlas: 1 tiles -> 2048x2048 (1x1 grid, tile 2048x2048)
[2026-03-15T08:40:29Z INFO  bif_core::texture] Texture toy_curly_surgery_Roughness.1001.jpg (2048x2048): decode=143.8ms, convert=44.5ms, linear=143.4ms, total=331.7ms
[2026-03-15T08:40:29Z INFO  bif_viewport::texture_loader] UDIM atlas: 1 tiles -> 2048x2048 (1x1 grid, tile 2048x2048)
[2026-03-15T08:40:29Z INFO  bif_core::texture] Texture toy_box03_Normal_openGL.1002.jpg (2048x2048): decode=134.1ms, convert=47.0ms, linear=114.5ms, total=295.5ms
[2026-03-15T08:40:29Z INFO  bif_core::texture] Texture chemistry_test_tube03_proxyTexture.jpg (512x512): decode=61.8ms, convert=2.5ms, linear=8.0ms, total=72.4ms
[2026-03-15T08:40:29Z INFO  bif_core::texture] Texture chemistry_test_tube02_BaseColor.1001.jpg (2048x2048): decode=132.7ms, convert=43.4ms, linear=157.3ms, total=333.3ms
[2026-03-15T08:40:29Z INFO  bif_viewport::texture_loader] UDIM atlas: 3 tiles -> 6144x2048 (3x1 grid, tile 2048x2048)
[2026-03-15T08:40:29Z INFO  bif_core::texture] Texture decor_bonsai_jar01_Normal_openGL.1003.jpg (2048x2048): decode=339.1ms, convert=44.3ms, linear=116.2ms, total=499.7ms
[2026-03-15T08:40:29Z INFO  bif_core::texture] Texture toy_box03_BaseColor.1002.jpg (2048x2048): decode=219.4ms, convert=29.3ms, linear=85.5ms, total=334.2ms
[2026-03-15T08:40:29Z INFO  bif_viewport::texture_loader] UDIM atlas: 1 tiles -> 2048x2048 (1x1 grid, tile 2048x2048)
[2026-03-15T08:40:29Z INFO  bif_core::texture] Texture electronics_turntable01_Normal_openGL.1005.jpg (2048x2048): decode=236.6ms, convert=111.1ms, linear=101.0ms, total=448.8ms
[2026-03-15T08:40:29Z INFO  bif_viewport::texture_loader] UDIM atlas: 3 tiles -> 6144x2048 (3x1 grid, tile 2048x2048)
[2026-03-15T08:40:29Z INFO  bif_core::texture] Texture vegetation_bonsai_twig02_BaseColor.1001.jpg (2048x2048): decode=184.7ms, convert=43.9ms, linear=112.6ms, total=341.2ms
[2026-03-15T08:40:29Z INFO  bif_viewport::texture_loader] UDIM atlas: 8 tiles -> 8192x4096 (4x2 grid, tile 2048x2048)
[2026-03-15T08:40:29Z INFO  bif_core::texture] Texture structure_wall_fibro01_Normal_openGL.1001.jpg (2048x2048): decode=429.6ms, convert=33.2ms, linear=116.6ms, total=579.4ms
[2026-03-15T08:40:29Z INFO  bif_core::texture] Texture electronics_wire_spool02_Roughness.1002.jpg (2048x2048): decode=92.9ms, convert=26.1ms, linear=98.6ms, total=217.6ms
[2026-03-15T08:40:29Z INFO  bif_viewport::texture_loader] UDIM atlas: 1 tiles -> 2048x2048 (1x1 grid, tile 2048x2048)
[2026-03-15T08:40:29Z INFO  bif_core::texture] Texture test202009demo_ll_leaf01_sm01_BaseColor.1001.jpg (2048x2048): decode=212.9ms, convert=24.8ms, linear=214.8ms, total=452.5ms
[2026-03-15T08:40:29Z INFO  bif_viewport::texture_loader] UDIM atlas: 2 tiles -> 4096x2048 (2x1 grid, tile 2048x2048)
[2026-03-15T08:40:29Z INFO  bif_viewport::texture_loader] UDIM atlas: 2 tiles -> 4096x2048 (2x1 grid, tile 2048x2048)
[2026-03-15T08:40:29Z INFO  bif_viewport::texture_loader] UDIM atlas: 12 tiles -> 8192x6144 (4x3 grid, tile 2048x2048)
[2026-03-15T08:40:29Z INFO  bif_core::texture] Texture structure_wall_fibro01_proxyTexture.jpg (512x512): decode=27.3ms, convert=1.7ms, linear=5.2ms, total=34.3ms
[2026-03-15T08:40:30Z INFO  bif_core::texture] Texture electronics_tesla_coil01_Roughness.1014.jpg (2048x2048): decode=94.5ms, convert=22.9ms, linear=174.0ms, total=291.4ms
[2026-03-15T08:40:30Z INFO  bif_core::texture] Texture electronics_cabling_proxyTexture.jpg (512x512): decode=27.1ms, convert=3.3ms, linear=19.6ms, total=50.0ms
[2026-03-15T08:40:30Z INFO  bif_core::texture] Texture electronics_powerpoint01_BaseColor.1001.jpg (2048x2048): decode=156.8ms, convert=29.1ms, linear=140.9ms, total=326.8ms
[2026-03-15T08:40:30Z INFO  bif_core::texture] Texture electronics_turntable01_Roughness.1014.jpg (2048x2048): decode=53.5ms, convert=35.9ms, linear=160.0ms, total=249.5ms
[2026-03-15T08:40:30Z INFO  bif_core::texture] Texture toy_fun_coil_Normal_openGL.1001.jpg (2048x2048): decode=141.7ms, convert=46.3ms, linear=122.9ms, total=311.0ms
[2026-03-15T08:40:30Z INFO  bif_core::texture] Texture electronics_tesla_coil01_Normal_openGL.1014.jpg (2048x2048): decode=168.5ms, convert=35.3ms, linear=216.0ms, total=419.8ms
[2026-03-15T08:40:30Z INFO  bif_core::texture] Texture chemistry_kipps_apparatus01_Roughness.1001.jpg (2048x2048): decode=102.7ms, convert=34.9ms, linear=121.2ms, total=258.8ms
[2026-03-15T08:40:30Z INFO  bif_core::texture] Texture toy_curly_surgery_Roughness.1002.jpg (2048x2048): decode=80.4ms, convert=35.7ms, linear=116.2ms, total=232.4ms
[2026-03-15T08:40:30Z INFO  bif_core::texture] Texture furniture_workbench01_BaseColor.1022.jpg (2048x2048): decode=165.4ms, convert=41.6ms, linear=104.9ms, total=311.9ms
[2026-03-15T08:40:30Z INFO  bif_viewport::texture_loader] UDIM atlas: 3 tiles -> 6144x2048 (3x1 grid, tile 2048x2048)
[2026-03-15T08:40:30Z INFO  bif_viewport::texture_loader] UDIM atlas: 2 tiles -> 4096x2048 (2x1 grid, tile 2048x2048)
[2026-03-15T08:40:30Z INFO  bif_core::texture] Texture chemistry_test_tube03_BaseColor.1001.jpg (2048x2048): decode=151.5ms, convert=78.3ms, linear=165.7ms, total=395.4ms
[2026-03-15T08:40:30Z INFO  bif_core::texture] Texture decor_bonsai_jar01_BaseColor.1003.jpg (2048x2048): decode=180.7ms, convert=33.8ms, linear=139.3ms, total=353.9ms
[2026-03-15T08:40:30Z INFO  bif_viewport::texture_loader] UDIM atlas: 3 tiles -> 6144x2048 (3x1 grid, tile 2048x2048)
[2026-03-15T08:40:30Z INFO  bif_core::texture] Texture electronics_wire_spool05_proxyTexture.jpg (512x512): decode=48.7ms, convert=1.8ms, linear=5.6ms, total=56.1ms
[2026-03-15T08:40:30Z INFO  bif_viewport::texture_loader] UDIM atlas: 2 tiles -> 4096x2048 (2x1 grid, tile 2048x2048)
[2026-03-15T08:40:30Z INFO  bif_core::texture] Texture toy_box03_Normal_openGL.1003.jpg (2048x2048): decode=206.5ms, convert=25.7ms, linear=124.6ms, total=356.9ms
[2026-03-15T08:40:30Z INFO  bif_core::texture] Texture vegetation_bonsai_twig02_Roughness.1001.png (2048x2048): decode=60.6ms, convert=24.5ms, linear=109.4ms, total=194.6ms
[2026-03-15T08:40:30Z INFO  bif_core::texture] Texture stationary_pencil01_Normal_openGL.1001.jpg (2048x2048): decode=153.3ms, convert=26.4ms, linear=95.4ms, total=275.2ms
[2026-03-15T08:40:30Z INFO  bif_viewport::texture_loader] UDIM atlas: 7 tiles -> 8192x4096 (4x2 grid, tile 2048x2048)
[2026-03-15T08:40:30Z INFO  bif_core::texture] Texture chemistry_magnetic_stirrer01_BaseColor.1011.jpg (2048x2048): decode=209.0ms, convert=41.4ms, linear=71.0ms, total=321.4ms
[2026-03-15T08:40:30Z INFO  bif_core::texture] Texture chemistry_test_tube02_Roughness.1001.jpg (2048x2048): decode=68.8ms, convert=22.0ms, linear=97.1ms, total=187.8ms
[2026-03-15T08:40:30Z INFO  bif_core::texture] Texture toy_box03_BaseColor.1003.jpg (2048x2048): decode=233.6ms, convert=31.6ms, linear=103.2ms, total=368.4ms
[2026-03-15T08:40:30Z INFO  bif_core::texture] Texture chemistry_beaker02_Roughness.1001.jpg (2048x2048): decode=156.7ms, convert=25.7ms, linear=192.8ms, total=375.3ms
[2026-03-15T08:40:30Z INFO  bif_viewport::texture_loader] UDIM atlas: 1 tiles -> 2048x2048 (1x1 grid, tile 2048x2048)
[2026-03-15T08:40:30Z INFO  bif_viewport::texture_loader] UDIM atlas: 1 tiles -> 2048x2048 (1x1 grid, tile 2048x2048)
[2026-03-15T08:40:30Z INFO  bif_viewport::texture_loader] UDIM atlas: 1 tiles -> 2048x2048 (1x1 grid, tile 2048x2048)
[2026-03-15T08:40:30Z INFO  bif_core::texture] Texture toy_curly_surgery_proxyTexture.jpg (512x512): decode=18.7ms, convert=1.5ms, linear=5.3ms, total=25.5ms
[2026-03-15T08:40:30Z INFO  bif_core::texture] Texture structure_wall_fibro02_Normal_openGL.1001.jpg (2048x2048): decode=184.1ms, convert=20.6ms, linear=119.3ms, total=324.0ms
[2026-03-15T08:40:30Z INFO  bif_core::texture] Texture vegetation_bonsai_branch01_Normal_openGL.1001.png (2048x2048): decode=148.4ms, convert=116.6ms, linear=95.0ms, total=360.0ms
[2026-03-15T08:40:30Z INFO  bif_core::texture] Texture decor_bonsai_jar01_Roughness.1002.jpg (2048x2048): decode=160.5ms, convert=61.2ms, linear=1181.0ms, total=1402.7ms
[2026-03-15T08:40:30Z INFO  bif_core::texture] Texture electronics_cabling_BaseColor.1001.jpg (2048x2048): decode=94.5ms, convert=37.8ms, linear=141.8ms, total=274.1ms
[2026-03-15T08:40:30Z INFO  bif_viewport::texture_loader] UDIM atlas: 3 tiles -> 6144x2048 (3x1 grid, tile 2048x2048)
[2026-03-15T08:40:30Z INFO  bif_core::texture] Texture chemistry_kipps_apparatus01_Roughness.1002.jpg (2048x2048): decode=115.8ms, convert=39.2ms, linear=148.6ms, total=303.7ms
[2026-03-15T08:40:30Z INFO  bif_viewport::texture_loader] UDIM atlas: 9 tiles -> 10240x4096 (5x2 grid, tile 2048x2048)
[2026-03-15T08:40:30Z INFO  bif_core::texture] Texture structure_wall_fibro01_BaseColor.1001.jpg (2048x2048): decode=193.7ms, convert=124.4ms, linear=180.1ms, total=498.2ms
[2026-03-15T08:40:30Z INFO  bif_core::texture] Texture toy_curly_surgery_Roughness.1003.jpg (2048x2048): decode=44.3ms, convert=41.7ms, linear=191.9ms, total=277.9ms
[2026-03-15T08:40:30Z INFO  bif_viewport::texture_loader] UDIM atlas: 1 tiles -> 2048x2048 (1x1 grid, tile 2048x2048)
[2026-03-15T08:40:30Z INFO  bif_core::texture] Texture vegetation_bonsai_trunk01_BaseColor.1001.jpg (2048x2048): decode=225.0ms, convert=36.3ms, linear=167.6ms, total=428.9ms
[2026-03-15T08:40:30Z INFO  bif_core::texture] Texture electronics_turntable01_Normal_openGL.1011.jpg (2048x2048): decode=160.4ms, convert=32.3ms, linear=332.8ms, total=525.5ms
[2026-03-15T08:40:30Z INFO  bif_core::texture] Texture furniture_workbench01_BaseColor.1023.jpg (2048x2048): decode=136.7ms, convert=78.2ms, linear=121.9ms, total=336.8ms
[2026-03-15T08:40:30Z INFO  bif_core::texture] Texture electronics_cabling_Roughness.1001.jpg (2048x2048): decode=128.1ms, convert=54.9ms, linear=183.3ms, total=366.4ms
[2026-03-15T08:40:30Z INFO  bif_core::texture] Texture electronics_wire_spool02_Metallic.1001.jpg (2048x2048): decode=58.2ms, convert=28.0ms, linear=167.5ms, total=253.7ms
[2026-03-15T08:40:30Z INFO  bif_core::texture] Texture test202009demo_ll_leaf01_sm01_Roughness.1001.png (2048x2048): decode=74.5ms, convert=53.4ms, linear=335.6ms, total=463.5ms
[2026-03-15T08:40:30Z INFO  bif_core::texture] Texture stationary_pencil02_proxyTexture.jpg (512x512): decode=40.6ms, convert=1.8ms, linear=6.5ms, total=48.9ms
[2026-03-15T08:40:30Z INFO  bif_viewport::texture_loader] UDIM atlas: 1 tiles -> 2048x2048 (1x1 grid, tile 2048x2048)
[2026-03-15T08:40:30Z INFO  bif_viewport::texture_loader] UDIM atlas: 3 tiles -> 6144x2048 (3x1 grid, tile 2048x2048)
[2026-03-15T08:40:30Z INFO  bif_core::texture] Texture vegetation_bonsai_twig03_proxyTexture.jpg (512x512): decode=22.1ms, convert=1.5ms, linear=5.1ms, total=28.8ms
[2026-03-15T08:40:30Z INFO  bif_core::texture] Texture vegetation_bonsai_twig02_Normal_openGL.1001.png (2048x2048): decode=99.3ms, convert=64.8ms, linear=99.7ms, total=263.7ms
[2026-03-15T08:40:31Z INFO  bif_core::texture] Texture electronics_powerpoint01_Roughness.1001.jpg (2048x2048): decode=120.1ms, convert=53.8ms, linear=86.4ms, total=260.3ms
[2026-03-15T08:40:31Z INFO  bif_viewport::texture_loader] UDIM atlas: 3 tiles -> 6144x2048 (3x1 grid, tile 2048x2048)
[2026-03-15T08:40:31Z INFO  bif_core::texture] Texture vegetation_bonsai_branch01_BaseColor.1001.jpg (2048x2048): decode=388.9ms, convert=31.8ms, linear=142.6ms, total=563.3ms
[2026-03-15T08:40:31Z INFO  bif_core::texture] Texture electronics_wire_spool02_Normal_openGL.1001.jpg (2048x2048): decode=147.1ms, convert=34.5ms, linear=102.9ms, total=284.5ms
[2026-03-15T08:40:31Z INFO  bif_core::texture] Texture electronics_wire_spool05_BaseColor.1001.jpg (2048x2048): decode=298.7ms, convert=204.6ms, linear=146.2ms, total=649.5ms
[2026-03-15T08:40:31Z INFO  bif_core::texture] Texture structure_wall_fibro01_Normal_openGL.1002.jpg (2048x2048): decode=467.0ms, convert=34.1ms, linear=306.6ms, total=807.7ms
[2026-03-15T08:40:31Z INFO  bif_core::texture] Texture electronics_cabling_BaseColor.1002.jpg (2048x2048): decode=116.3ms, convert=18.9ms, linear=92.3ms, total=227.6ms
[2026-03-15T08:40:31Z INFO  bif_core::texture] Texture toy_curly_surgery_BaseColor.1001.jpg (2048x2048): decode=299.5ms, convert=35.9ms, linear=169.4ms, total=504.7ms
[2026-03-15T08:40:31Z INFO  bif_core::texture] Texture electronics_wire_spool02_Metallic.1002.jpg (2048x2048): decode=130.5ms, convert=22.3ms, linear=98.4ms, total=251.2ms
[2026-03-15T08:40:31Z INFO  bif_viewport::texture_loader] UDIM atlas: 1 tiles -> 2048x2048 (1x1 grid, tile 2048x2048)
[2026-03-15T08:40:31Z INFO  bif_core::texture] Texture vegetation_bonsai_twig03_BaseColor.1001.jpg (2048x2048): decode=173.4ms, convert=21.6ms, linear=126.9ms, total=321.9ms
[2026-03-15T08:40:31Z INFO  bif_core::texture] Texture electronics_wire_spool05_Roughness.1001.jpg (2048x2048): decode=56.7ms, convert=22.8ms, linear=155.6ms, total=235.1ms
[2026-03-15T08:40:31Z INFO  bif_core::texture] Texture structure_wall_fibro02_Normal_openGL.1002.jpg (2048x2048): decode=243.7ms, convert=37.7ms, linear=111.2ms, total=392.7ms
[2026-03-15T08:40:31Z INFO  bif_core::texture] Texture structure_wall_fibro03_proxyTexture.jpg (512x512): decode=31.2ms, convert=1.8ms, linear=7.8ms, total=40.9ms
[2026-03-15T08:40:31Z INFO  bif_viewport::texture_loader] UDIM atlas: 1 tiles -> 2048x2048 (1x1 grid, tile 2048x2048)
[2026-03-15T08:40:31Z INFO  bif_core::texture] Texture chemistry_kipps_apparatus01_Roughness.1003.jpg (2048x2048): decode=36.6ms, convert=42.9ms, linear=117.6ms, total=197.1ms
[2026-03-15T08:40:31Z INFO  bif_core::texture] Texture toy_curly_surgery_Roughness.1004.jpg (2048x2048): decode=33.2ms, convert=60.8ms, linear=109.2ms, total=203.3ms
[2026-03-15T08:40:31Z INFO  bif_viewport::texture_loader] UDIM atlas: 1 tiles -> 2048x2048 (1x1 grid, tile 2048x2048)
[2026-03-15T08:40:31Z INFO  bif_core::texture] Texture vegetation_bonsai_branch02_proxyTexture.jpg (512x512): decode=174.8ms, convert=2.2ms, linear=8.3ms, total=185.3ms
[2026-03-15T08:40:31Z INFO  bif_core::texture] Texture stationary_pencil02_BaseColor.1001.jpg (2048x2048): decode=170.1ms, convert=34.1ms, linear=171.7ms, total=375.9ms
[2026-03-15T08:40:31Z INFO  bif_core::texture] Texture electronics_wire_spool01_proxyTexture.jpg (512x512): decode=19.8ms, convert=2.1ms, linear=6.5ms, total=28.4ms
[2026-03-15T08:40:31Z INFO  bif_viewport::texture_loader] UDIM atlas: 9 tiles -> 10240x4096 (5x2 grid, tile 2048x2048)
[2026-03-15T08:40:31Z INFO  bif_core::texture] Texture electronics_cabling_Roughness.1002.jpg (2048x2048): decode=76.7ms, convert=30.2ms, linear=130.8ms, total=237.7ms
[2026-03-15T08:40:31Z INFO  bif_core::texture] Texture vegetation_bonsai_trunk01_Roughness.1001.png (2048x2048): decode=85.8ms, convert=34.6ms, linear=138.2ms, total=258.5ms
[2026-03-15T08:40:31Z INFO  bif_core::texture] Texture furniture_workbench01_BaseColor.1024.jpg (2048x2048): decode=129.9ms, convert=42.9ms, linear=111.0ms, total=283.8ms
[2026-03-15T08:40:31Z INFO  bif_core::texture] Texture electronics_powerpoint01_Normal_openGL.1001.jpg (2048x2048): decode=205.9ms, convert=39.1ms, linear=126.8ms, total=371.7ms
[2026-03-15T08:40:31Z INFO  bif_core::texture] Texture electronics_wire_spool06_proxyTexture.jpg (512x512): decode=10.4ms, convert=1.6ms, linear=4.5ms, total=16.5ms
[2026-03-15T08:40:31Z INFO  bif_core::texture] Texture structure_wall_fibro03_BaseColor.1001.jpg (2048x2048): decode=147.2ms, convert=29.5ms, linear=70.2ms, total=247.0ms
[2026-03-15T08:40:31Z INFO  bif_viewport::texture_loader] UDIM atlas: 2 tiles -> 4096x2048 (2x1 grid, tile 2048x2048)
[2026-03-15T08:40:31Z INFO  bif_viewport::texture_loader] UDIM atlas: 9 tiles -> 10240x4096 (5x2 grid, tile 2048x2048)
[2026-03-15T08:40:31Z INFO  bif_core::texture] Texture decor_bonsai_jar01_Roughness.1003.jpg (2048x2048): decode=83.5ms, convert=145.1ms, linear=71.9ms, total=300.5ms
[2026-03-15T08:40:31Z INFO  bif_core::texture] Texture chemistry_test_tube03_Roughness.1001.jpg (2048x2048): decode=64.5ms, convert=25.2ms, linear=460.6ms, total=550.3ms
[2026-03-15T08:40:31Z INFO  bif_viewport::texture_loader] UDIM atlas: 3 tiles -> 4096x4096 (2x2 grid, tile 2048x2048)
[2026-03-15T08:40:31Z INFO  bif_viewport::texture_loader] UDIM atlas: 1 tiles -> 2048x2048 (1x1 grid, tile 2048x2048)
[2026-03-15T08:40:31Z INFO  bif_viewport::texture_loader] UDIM atlas: 9 tiles -> 10240x4096 (5x2 grid, tile 2048x2048)
[2026-03-15T08:40:31Z INFO  bif_core::texture] Texture electronics_cabling_BaseColor.1003.jpg (2048x2048): decode=81.7ms, convert=58.0ms, linear=97.0ms, total=236.8ms
[2026-03-15T08:40:31Z INFO  bif_core::texture] Texture electronics_wire_spool02_Normal_openGL.1002.jpg (2048x2048): decode=184.1ms, convert=25.7ms, linear=109.8ms, total=319.7ms
[2026-03-15T08:40:31Z INFO  bif_viewport::texture_loader] UDIM atlas: 3 tiles -> 6144x2048 (3x1 grid, tile 2048x2048)
[2026-03-15T08:40:31Z INFO  bif_core::texture] Texture vegetation_bonsai_twig03_Roughness.1001.png (2048x2048): decode=64.8ms, convert=43.0ms, linear=122.0ms, total=229.7ms
[2026-03-15T08:40:32Z INFO  bif_viewport::texture_loader] UDIM atlas: 1 tiles -> 2048x2048 (1x1 grid, tile 2048x2048)
[2026-03-15T08:40:32Z INFO  bif_core::texture] Texture toy_curly_surgery_Roughness.1011.jpg (2048x2048): decode=73.0ms, convert=27.6ms, linear=105.6ms, total=206.3ms
[2026-03-15T08:40:32Z INFO  bif_core::texture] Texture electronics_wire_spool05_Normal_openGL.1001.jpg (2048x2048): decode=174.2ms, convert=29.5ms, linear=138.6ms, total=342.3ms
[2026-03-15T08:40:32Z INFO  bif_viewport::texture_loader] UDIM atlas: 1 tiles -> 2048x2048 (1x1 grid, tile 2048x2048)
[2026-03-15T08:40:32Z INFO  bif_core::texture] Texture structure_wall_fibro01_BaseColor.1002.jpg (2048x2048): decode=97.8ms, convert=46.7ms, linear=230.8ms, total=375.3ms
[2026-03-15T08:40:32Z INFO  bif_core::texture] Texture vegetation_bonsai_branch01_Roughness.1001.png (2048x2048): decode=64.0ms, convert=27.9ms, linear=231.1ms, total=323.0ms
[2026-03-15T08:40:32Z INFO  bif_core::texture] Texture chemistry_beaker_stand01_Normal_openGL.1001.jpg (2048x2048): decode=129.9ms, convert=39.7ms, linear=129.8ms, total=299.5ms
[2026-03-15T08:40:32Z INFO  bif_core::texture] Texture electronics_wire_spool01_BaseColor.1001.jpg (2048x2048): decode=131.2ms, convert=27.2ms, linear=120.5ms, total=278.9ms
[2026-03-15T08:40:32Z INFO  bif_core::texture] Texture vegetation_bonsai_trunk01_proxyTexture.jpg (512x512): decode=18.0ms, convert=2.1ms, linear=7.2ms, total=27.3ms
[2026-03-15T08:40:32Z INFO  bif_core::texture] Texture electronics_wire_spool05_Roughness.1002.jpg (2048x2048): decode=96.1ms, convert=48.9ms, linear=121.0ms, total=266.0ms
[2026-03-15T08:40:32Z INFO  bif_core::texture] Texture stationary_notepad01_proxyTexture.jpg (512x512): decode=20.8ms, convert=1.6ms, linear=4.9ms, total=27.4ms
[2026-03-15T08:40:32Z INFO  bif_core::texture] Texture electronics_cabling_Roughness.1003.jpg (2048x2048): decode=40.2ms, convert=43.7ms, linear=110.8ms, total=194.8ms
[2026-03-15T08:40:32Z INFO  bif_core::texture] Texture structure_wall_fibro02_Normal_openGL.1003.jpg (2048x2048): decode=228.1ms, convert=32.2ms, linear=103.0ms, total=363.2ms
[2026-03-15T08:40:32Z INFO  bif_core::texture] Texture vegetation_bonsai_trunk01_Normal_openGL.1001.png (2048x2048): decode=89.5ms, convert=55.5ms, linear=98.3ms, total=243.3ms
[2026-03-15T08:40:32Z INFO  bif_core::texture] Texture electronics_wire_spool05_BaseColor.1002.jpg (2048x2048): decode=313.6ms, convert=26.2ms, linear=84.4ms, total=424.2ms
[2026-03-15T08:40:32Z INFO  bif_core::texture] Texture electronics_turntable01_Normal_openGL.1012.jpg (2048x2048): decode=245.3ms, convert=107.5ms, linear=169.3ms, total=522.1ms
[2026-03-15T08:40:32Z INFO  bif_core::texture] Texture structure_wall_fibro03_BaseColor.1002.jpg (2048x2048): decode=180.4ms, convert=43.7ms, linear=78.4ms, total=302.5ms
[2026-03-15T08:40:32Z INFO  bif_core::texture] Texture electronics_wire_spool06_BaseColor.1001.jpg (2048x2048): decode=146.0ms, convert=114.5ms, linear=85.9ms, total=346.4ms
[2026-03-15T08:40:32Z INFO  bif_core::texture] Texture stationary_pencil03_Normal_openGL.1001.jpg (2048x2048): decode=120.0ms, convert=23.6ms, linear=119.7ms, total=263.3ms
[2026-03-15T08:40:32Z INFO  bif_core::texture] Texture toy_curly_surgery_Normal_openGL.1001.jpg (2048x2048): decode=135.5ms, convert=21.2ms, linear=186.6ms, total=343.3ms
[2026-03-15T08:40:32Z INFO  bif_core::texture] Texture chemistry_kipps_apparatus01_Normal_openGL.1001.jpg (2048x2048): decode=131.3ms, convert=31.5ms, linear=101.4ms, total=264.2ms
[2026-03-15T08:40:32Z INFO  bif_viewport::texture_loader] UDIM atlas: 2 tiles -> 4096x2048 (2x1 grid, tile 2048x2048)
[2026-03-15T08:40:32Z INFO  bif_core::texture] Texture stationary_pencil02_Roughness.1001.jpg (2048x2048): decode=86.0ms, convert=31.5ms, linear=127.9ms, total=245.6ms
[2026-03-15T08:40:32Z INFO  bif_viewport::texture_loader] UDIM atlas: 1 tiles -> 2048x2048 (1x1 grid, tile 2048x2048)
[2026-03-15T08:40:32Z INFO  bif_core::texture] Texture structure_wall_fibro01_Normal_openGL.1003.jpg (2048x2048): decode=133.2ms, convert=30.5ms, linear=291.6ms, total=455.3ms
[2026-03-15T08:40:32Z INFO  bif_core::texture] Texture decor_wooden_box01_BaseColor.1001.jpg (2048x2048): decode=279.0ms, convert=26.1ms, linear=128.7ms, total=433.9ms
[2026-03-15T08:40:32Z INFO  bif_core::texture] Texture vegetation_bonsai_branch02_BaseColor.1001.jpg (2048x2048): decode=270.8ms, convert=142.3ms, linear=297.9ms, total=711.0ms
[2026-03-15T08:40:32Z INFO  bif_core::texture] Texture toy_fun_coil_proxyTexture.jpg (512x512): decode=12.7ms, convert=1.7ms, linear=4.8ms, total=19.2ms
[2026-03-15T08:40:32Z INFO  bif_core::texture] Texture electronics_cabling_BaseColor.1004.jpg (2048x2048): decode=132.9ms, convert=57.2ms, linear=101.9ms, total=292.0ms
[2026-03-15T08:40:32Z INFO  bif_core::texture] Texture vegetation_bonsai_branch01_proxyTexture.jpg (512x512): decode=17.7ms, convert=1.8ms, linear=7.5ms, total=27.0ms
[2026-03-15T08:40:32Z INFO  bif_viewport::texture_loader] UDIM atlas: 12 tiles -> 8192x6144 (4x3 grid, tile 2048x2048)
[2026-03-15T08:40:32Z INFO  bif_core::texture] Texture stationary_notepad01_BaseColor.1001.jpg (2048x2048): decode=172.0ms, convert=32.7ms, linear=106.8ms, total=311.5ms
[2026-03-15T08:40:32Z INFO  bif_viewport::texture_loader] UDIM atlas: 2 tiles -> 4096x2048 (2x1 grid, tile 2048x2048)
[2026-03-15T08:40:32Z INFO  bif_core::texture] Texture toy_curly_surgery_Roughness.1012.jpg (2048x2048): decode=78.0ms, convert=58.5ms, linear=118.5ms, total=255.0ms
[2026-03-15T08:40:32Z INFO  bif_core::texture] Texture chemistry_beaker02_Normal_openGL.1001.jpg (2048x2048): decode=220.7ms, convert=89.6ms, linear=79.2ms, total=389.5ms
[2026-03-15T08:40:32Z INFO  bif_core::texture] Texture chemistry_beaker_stand01_Normal_openGL.1002.jpg (2048x2048): decode=128.9ms, convert=26.3ms, linear=87.2ms, total=242.4ms
[2026-03-15T08:40:32Z INFO  bif_core::texture] Texture electronics_cabling_Roughness.1004.jpg (2048x2048): decode=64.7ms, convert=25.5ms, linear=128.6ms, total=218.8ms
[2026-03-15T08:40:32Z INFO  bif_core::texture] Texture chemistry_beaker01_proxyTexture.jpg (512x512): decode=32.1ms, convert=1.7ms, linear=5.1ms, total=39.0ms
[2026-03-15T08:40:32Z INFO  bif_core::texture] Texture toy_curly_surgery_BaseColor.1002.jpg (2048x2048): decode=237.8ms, convert=46.5ms, linear=213.0ms, total=497.3ms
[2026-03-15T08:40:32Z INFO  bif_viewport::texture_loader] UDIM atlas: 1 tiles -> 2048x2048 (1x1 grid, tile 2048x2048)
[2026-03-15T08:40:32Z INFO  bif_core::texture] Texture electronics_wire_spool05_Metallic.1001.jpg (2048x2048): decode=30.6ms, convert=19.3ms, linear=112.2ms, total=162.2ms
[2026-03-15T08:40:32Z INFO  bif_core::texture] Texture books_magazines01_Normal_openGL.1001.jpg (2048x2048): decode=300.0ms, convert=35.6ms, linear=152.7ms, total=488.3ms
[2026-03-15T08:40:32Z INFO  bif_viewport::texture_loader] UDIM atlas: 3 tiles -> 6144x2048 (3x1 grid, tile 2048x2048)
[2026-03-15T08:40:32Z INFO  bif_core::texture] Texture electronics_tesla_coil01_proxyTexture.jpg (512x512): decode=28.5ms, convert=1.6ms, linear=24.3ms, total=54.5ms
[2026-03-15T08:40:32Z INFO  bif_core::texture] Texture books_magazines01_proxyTexture.jpg (512x512): decode=21.0ms, convert=1.4ms, linear=3.2ms, total=25.5ms
[2026-03-15T08:40:32Z INFO  bif_core::texture] Texture electronics_wire_spool01_BaseColor.1002.jpg (2048x2048): decode=228.5ms, convert=21.9ms, linear=96.5ms, total=347.0ms
[2026-03-15T08:40:32Z INFO  bif_viewport::texture_loader] UDIM atlas: 1 tiles -> 2048x2048 (1x1 grid, tile 2048x2048)
[2026-03-15T08:40:32Z INFO  bif_core::texture] Texture toy_fun_coil_BaseColor.1001.jpg (2048x2048): decode=119.6ms, convert=21.0ms, linear=85.5ms, total=226.1ms
[2026-03-15T08:40:32Z INFO  bif_core::texture] Texture chemistry_magnetic_stirrer01_Roughness.1001.jpg (2048x2048): decode=80.0ms, convert=137.2ms, linear=186.4ms, total=403.6ms
[2026-03-15T08:40:32Z INFO  bif_core::texture] Texture structure_wall_fibro02_Normal_openGL.1011.jpg (2048x2048): decode=199.2ms, convert=29.3ms, linear=99.8ms, total=328.3ms
[2026-03-15T08:40:33Z INFO  bif_core::texture] Texture structure_wall_fibro03_BaseColor.1003.jpg (2048x2048): decode=184.1ms, convert=42.3ms, linear=76.2ms, total=302.6ms
[2026-03-15T08:40:33Z INFO  bif_core::texture] Texture chemistry_test_tube03_Normal_openGL.1001.jpg (2048x2048): decode=140.4ms, convert=27.8ms, linear=162.6ms, total=330.8ms
[2026-03-15T08:40:33Z INFO  bif_viewport::texture_loader] UDIM atlas: 2 tiles -> 4096x2048 (2x1 grid, tile 2048x2048)
[2026-03-15T08:40:33Z INFO  bif_core::texture] Texture chemistry_beaker01_BaseColor.1001.jpg (2048x2048): decode=121.2ms, convert=30.8ms, linear=109.8ms, total=261.8ms
[2026-03-15T08:40:33Z INFO  bif_core::texture] Texture chemistry_kipps_apparatus01_Normal_openGL.1002.jpg (2048x2048): decode=172.8ms, convert=27.7ms, linear=85.9ms, total=286.5ms
[2026-03-15T08:40:33Z INFO  bif_core::texture] Texture electronics_wire_spool05_Metallic.1002.jpg (2048x2048): decode=91.1ms, convert=36.4ms, linear=139.6ms, total=267.1ms
[2026-03-15T08:40:33Z INFO  bif_core::texture] Texture electronics_cabling_BaseColor.1011.jpg (2048x2048): decode=115.5ms, convert=23.9ms, linear=101.2ms, total=240.6ms
[2026-03-15T08:40:33Z INFO  bif_core::texture] Texture stationary_notepad01_BaseColor.1002.jpg (2048x2048): decode=126.9ms, convert=29.6ms, linear=138.7ms, total=295.2ms
[2026-03-15T08:40:33Z INFO  bif_viewport::texture_loader] UDIM atlas: 1 tiles -> 2048x2048 (1x1 grid, tile 2048x2048)
[2026-03-15T08:40:33Z INFO  bif_viewport::texture_loader] UDIM atlas: 2 tiles -> 4096x2048 (2x1 grid, tile 2048x2048)
[2026-03-15T08:40:33Z INFO  bif_core::texture] Texture toy_curly_surgery_Roughness.1013.jpg (2048x2048): decode=60.8ms, convert=31.4ms, linear=115.5ms, total=207.7ms
[2026-03-15T08:40:33Z INFO  bif_viewport::texture_loader] UDIM atlas: 1 tiles -> 2048x2048 (1x1 grid, tile 2048x2048)
[2026-03-15T08:40:33Z INFO  bif_core::texture] Texture chemistry_bottle01_proxyTexture.jpg (512x512): decode=22.3ms, convert=2.0ms, linear=7.2ms, total=31.5ms
[2026-03-15T08:40:33Z INFO  bif_core::texture] Texture furniture_workbench01_Roughness.1001.jpg (2048x2048): decode=97.5ms, convert=36.3ms, linear=102.5ms, total=236.2ms
[2026-03-15T08:40:33Z INFO  bif_core::texture] Texture electronics_oscilloscope01_Normal_openGL.1001.jpg (2048x2048): decode=105.9ms, convert=29.8ms, linear=119.1ms, total=254.8ms
[2026-03-15T08:40:33Z INFO  bif_core::texture] Texture structure_wall_fibro01_BaseColor.1003.jpg (2048x2048): decode=244.8ms, convert=62.4ms, linear=276.9ms, total=584.1ms
[2026-03-15T08:40:33Z INFO  bif_core::texture] Texture electronics_cabling_Roughness.1011.jpg (2048x2048): decode=107.5ms, convert=27.5ms, linear=108.1ms, total=243.1ms
[2026-03-15T08:40:33Z INFO  bif_viewport::texture_loader] UDIM atlas: 1 tiles -> 2048x2048 (1x1 grid, tile 2048x2048)
[2026-03-15T08:40:33Z INFO  bif_viewport::texture_loader] UDIM atlas: 2 tiles -> 4096x2048 (2x1 grid, tile 2048x2048)
[2026-03-15T08:40:33Z INFO  bif_core::texture] Texture electronics_wire_spool05_Normal_openGL.1002.jpg (2048x2048): decode=414.6ms, convert=35.9ms, linear=226.8ms, total=677.3ms
[2026-03-15T08:40:33Z INFO  bif_core::texture] Texture toy_curly_surgery_Normal_openGL.1002.jpg (2048x2048): decode=219.7ms, convert=30.6ms, linear=159.6ms, total=409.9ms
[2026-03-15T08:40:33Z INFO  bif_viewport::texture_loader] UDIM atlas: 1 tiles -> 2048x2048 (1x1 grid, tile 2048x2048)
[2026-03-15T08:40:33Z INFO  bif_core::texture] Texture stationary_pencil02_Normal_openGL.1001.jpg (2048x2048): decode=110.0ms, convert=32.1ms, linear=72.3ms, total=214.4ms
[2026-03-15T08:40:33Z INFO  bif_core::texture] Texture chemistry_beaker03_proxyTexture.jpg (512x512): decode=13.3ms, convert=1.3ms, linear=4.5ms, total=19.1ms
[2026-03-15T08:40:33Z INFO  bif_viewport::texture_loader] UDIM atlas: 2 tiles -> 4096x2048 (2x1 grid, tile 2048x2048)
[2026-03-15T08:40:33Z INFO  bif_core::texture] Texture chemistry_microscope01_Normal_openGL.1001.jpg (2048x2048): decode=201.9ms, convert=48.6ms, linear=100.2ms, total=350.7ms
[2026-03-15T08:40:33Z INFO  bif_core::texture] Texture decor_wooden_box01_BaseColor.1002.jpg (2048x2048): decode=404.7ms, convert=30.4ms, linear=93.7ms, total=528.9ms
[2026-03-15T08:40:33Z INFO  bif_core::texture] Texture electronics_turntable01_Normal_openGL.1013.jpg (2048x2048): decode=142.5ms, convert=41.4ms, linear=95.0ms, total=278.9ms
[2026-03-15T08:40:33Z INFO  bif_core::texture] Texture structure_wall_fibro03_BaseColor.1011.jpg (2048x2048): decode=182.1ms, convert=26.6ms, linear=70.5ms, total=279.2ms
[2026-03-15T08:40:33Z INFO  bif_core::texture] Texture structure_wall_fibro01_Normal_openGL.1011.jpg (2048x2048): decode=251.2ms, convert=21.2ms, linear=68.0ms, total=340.4ms
[2026-03-15T08:40:33Z INFO  bif_viewport::texture_loader] UDIM atlas: 1 tiles -> 2048x2048 (1x1 grid, tile 2048x2048)
[2026-03-15T08:40:33Z INFO  bif_core::texture] Texture books_magazines01_BaseColor.1001.jpg (2048x2048): decode=391.8ms, convert=40.6ms, linear=130.1ms, total=562.5ms
[2026-03-15T08:40:33Z INFO  bif_core::texture] Texture electronics_spoolrack_proxyTexture.jpg (512x512): decode=17.5ms, convert=1.9ms, linear=7.7ms, total=27.1ms
[2026-03-15T08:40:33Z INFO  bif_core::texture] Texture electronics_wire_spool06_BaseColor.1002.jpg (2048x2048): decode=306.6ms, convert=78.0ms, linear=113.4ms, total=498.0ms
[2026-03-15T08:40:33Z INFO  bif_core::texture] Texture structure_wall_fibro02_Normal_openGL.1012.jpg (2048x2048): decode=202.4ms, convert=25.8ms, linear=65.6ms, total=293.9ms
[2026-03-15T08:40:33Z INFO  bif_core::texture] Texture chemistry_magnetic_stirrer01_Roughness.1002.jpg (2048x2048): decode=143.0ms, convert=31.1ms, linear=94.6ms, total=268.7ms
[2026-03-15T08:40:33Z INFO  bif_core::texture] Texture electronics_cabling_BaseColor.1012.jpg (2048x2048): decode=132.2ms, convert=34.2ms, linear=80.9ms, total=247.3ms
[2026-03-15T08:40:33Z INFO  bif_core::texture] Texture chemistry_bottle01_BaseColor.1001.jpg (2048x2048): decode=133.5ms, convert=23.4ms, linear=75.2ms, total=232.0ms
[2026-03-15T08:40:33Z INFO  bif_core::texture] Texture chemistry_beaker01_Roughness.1001.jpg (2048x2048): decode=122.7ms, convert=21.3ms, linear=195.0ms, total=339.0ms
[2026-03-15T08:40:33Z INFO  bif_viewport::texture_loader] UDIM atlas: 1 tiles -> 2048x2048 (1x1 grid, tile 2048x2048)
[2026-03-15T08:40:33Z INFO  bif_core::texture] Texture stationary_pencil03_proxyTexture.jpg (512x512): decode=12.0ms, convert=1.9ms, linear=6.2ms, total=20.2ms
[2026-03-15T08:40:33Z INFO  bif_core::texture] Texture toy_fun_coil_Roughness.1001.jpg (2048x2048): decode=125.4ms, convert=22.1ms, linear=122.7ms, total=270.2ms
[2026-03-15T08:40:33Z INFO  bif_core::texture] Texture furniture_workbench01_Roughness.1002.jpg (2048x2048): decode=150.2ms, convert=28.2ms, linear=106.1ms, total=284.4ms
[2026-03-15T08:40:33Z INFO  bif_core::texture] Texture stationary_notepad01_BaseColor.1003.jpg (2048x2048): decode=187.7ms, convert=30.1ms, linear=126.2ms, total=344.0ms
[2026-03-15T08:40:33Z INFO  bif_core::texture] Texture electronics_cabling_Roughness.1012.jpg (2048x2048): decode=112.7ms, convert=35.5ms, linear=116.2ms, total=264.4ms
[2026-03-15T08:40:33Z INFO  bif_core::texture] Texture electronics_wire_spool01_Roughness.1001.jpg (2048x2048): decode=93.0ms, convert=26.9ms, linear=138.6ms, total=258.5ms
[2026-03-15T08:40:33Z INFO  bif_core::texture] Texture chemistry_kipps_apparatus01_Normal_openGL.1003.jpg (2048x2048): decode=182.8ms, convert=56.3ms, linear=130.5ms, total=369.6ms
[2026-03-15T08:40:33Z INFO  bif_core::texture] Texture electronics_oscilloscope01_Normal_openGL.1002.jpg (2048x2048): decode=149.2ms, convert=38.2ms, linear=146.7ms, total=334.1ms
[2026-03-15T08:40:34Z INFO  bif_core::texture] Texture chemistry_microscope01_Normal_openGL.1002.jpg (2048x2048): decode=117.2ms, convert=32.2ms, linear=73.1ms, total=222.5ms
[2026-03-15T08:40:34Z INFO  bif_core::texture] Texture toy_curly_surgery_BaseColor.1003.jpg (2048x2048): decode=162.3ms, convert=146.2ms, linear=253.3ms, total=561.9ms
[2026-03-15T08:40:34Z INFO  bif_core::texture] Texture decor_helmet_head01_Metallic.1001.jpg (2048x2048): decode=104.0ms, convert=30.4ms, linear=103.0ms, total=237.4ms
[2026-03-15T08:40:34Z INFO  bif_viewport::texture_loader] UDIM atlas: 1 tiles -> 2048x2048 (1x1 grid, tile 2048x2048)
[2026-03-15T08:40:34Z INFO  bif_core::texture] Texture books_magazines01_Normal_openGL.1002.jpg (2048x2048): decode=243.1ms, convert=146.8ms, linear=244.6ms, total=634.4ms
[2026-03-15T08:40:34Z INFO  bif_core::texture] Texture furniture_blackboard01_Normal_openGL.1001.jpg (2048x2048): decode=249.8ms, convert=209.4ms, linear=75.2ms, total=534.4ms
[2026-03-15T08:40:34Z INFO  bif_viewport::texture_loader] UDIM atlas: 7 tiles -> 8192x4096 (4x2 grid, tile 2048x2048)
[2026-03-15T08:40:34Z INFO  bif_core::texture] Texture chemistry_beaker03_BaseColor.1001.jpg (2048x2048): decode=252.4ms, convert=109.2ms, linear=80.8ms, total=442.4ms
[2026-03-15T08:40:34Z INFO  bif_core::texture] Texture structure_wall_fibro03_BaseColor.1012.jpg (2048x2048): decode=139.5ms, convert=17.9ms, linear=105.0ms, total=262.4ms
[2026-03-15T08:40:34Z INFO  bif_core::texture] Texture chemistry_microscope01_proxyTexture.jpg (512x512): decode=15.8ms, convert=1.3ms, linear=3.8ms, total=20.9ms
[2026-03-15T08:40:34Z INFO  bif_core::texture] Texture stationary_pencil03_BaseColor.1001.jpg (2048x2048): decode=129.9ms, convert=21.0ms, linear=60.8ms, total=211.7ms
[2026-03-15T08:40:34Z INFO  bif_viewport::texture_loader] UDIM atlas: 1 tiles -> 2048x2048 (1x1 grid, tile 2048x2048)
[2026-03-15T08:40:34Z INFO  bif_viewport::texture_loader] UDIM atlas: 5 tiles -> 6144x4096 (3x2 grid, tile 2048x2048)
[2026-03-15T08:40:34Z INFO  bif_viewport::texture_loader] UDIM atlas: 1 tiles -> 2048x2048 (1x1 grid, tile 2048x2048)
[2026-03-15T08:40:34Z INFO  bif_core::texture] Texture electronics_cabling_BaseColor.1013.jpg (2048x2048): decode=93.4ms, convert=23.0ms, linear=65.2ms, total=181.6ms
[2026-03-15T08:40:34Z INFO  bif_core::texture] Texture electronics_tesla_coil01_BaseColor.1001.jpg (2048x2048): decode=416.6ms, convert=27.5ms, linear=87.8ms, total=531.9ms
[2026-03-15T08:40:34Z INFO  bif_viewport::texture_loader] UDIM atlas: 2 tiles -> 4096x2048 (2x1 grid, tile 2048x2048)
[2026-03-15T08:40:34Z INFO  bif_core::texture] Texture furniture_workbench01_Roughness.1003.jpg (2048x2048): decode=89.6ms, convert=20.8ms, linear=131.0ms, total=241.4ms
[2026-03-15T08:40:34Z INFO  bif_core::texture] Texture toy_curly_surgery_Normal_openGL.1003.jpg (2048x2048): decode=249.5ms, convert=38.1ms, linear=176.9ms, total=464.5ms
[2026-03-15T08:40:34Z INFO  bif_viewport::texture_loader] UDIM atlas: 1 tiles -> 2048x2048 (1x1 grid, tile 2048x2048)
[2026-03-15T08:40:34Z INFO  bif_viewport::texture_loader] UDIM atlas: 3 tiles -> 6144x2048 (3x1 grid, tile 2048x2048)
[2026-03-15T08:40:34Z INFO  bif_core::texture] Texture structure_wall_fibro01_BaseColor.1011.jpg (2048x2048): decode=500.4ms, convert=19.2ms, linear=242.3ms, total=761.9ms
[2026-03-15T08:40:34Z INFO  bif_core::texture] Texture electronics_wire_spool01_Roughness.1002.jpg (2048x2048): decode=78.4ms, convert=29.4ms, linear=137.0ms, total=244.7ms
[2026-03-15T08:40:34Z INFO  bif_core::texture] Texture decor_helmet_head01_BaseColor.1001.jpg (2048x2048): decode=526.6ms, convert=19.0ms, linear=224.5ms, total=770.1ms
[2026-03-15T08:40:34Z INFO  bif_core::texture] Texture electronics_cabling_Roughness.1013.jpg (2048x2048): decode=43.0ms, convert=48.8ms, linear=124.2ms, total=216.0ms
[2026-03-15T08:40:34Z INFO  bif_core::texture] Texture stationary_paper02_proxyTexture.jpg (512x512): decode=17.8ms, convert=1.9ms, linear=7.3ms, total=27.0ms
[2026-03-15T08:40:34Z INFO  bif_viewport::texture_loader] UDIM atlas: 3 tiles -> 6144x2048 (3x1 grid, tile 2048x2048)
[2026-03-15T08:40:34Z INFO  bif_viewport::texture_loader] UDIM atlas: 2 tiles -> 4096x2048 (2x1 grid, tile 2048x2048)
[2026-03-15T08:40:34Z INFO  bif_core::texture] Texture electronics_spoolrack_BaseColor.1001.jpg (2048x2048): decode=407.3ms, convert=36.2ms, linear=171.7ms, total=615.2ms
[2026-03-15T08:40:34Z INFO  bif_core::texture] Texture decor_helmet_head01_Metallic.1002.jpg (2048x2048): decode=62.2ms, convert=45.5ms, linear=90.3ms, total=198.0ms
[2026-03-15T08:40:34Z INFO  bif_core::texture] Texture chemistry_microscope01_Normal_openGL.1003.jpg (2048x2048): decode=119.5ms, convert=36.5ms, linear=97.3ms, total=253.4ms
[2026-03-15T08:40:34Z INFO  bif_viewport::texture_loader] UDIM atlas: 1 tiles -> 2048x2048 (1x1 grid, tile 2048x2048)
[2026-03-15T08:40:34Z INFO  bif_core::texture] Texture electronics_oscilloscope01_Normal_openGL.1003.jpg (2048x2048): decode=115.3ms, convert=47.1ms, linear=131.9ms, total=294.4ms
[2026-03-15T08:40:34Z INFO  bif_core::texture] Texture stationary_protractor_box01_proxyTexture.jpg (512x512): decode=16.2ms, convert=1.7ms, linear=99.0ms, total=117.0ms
[2026-03-15T08:40:34Z INFO  bif_core::texture] Texture decor_wooden_box01_BaseColor.1003.jpg (2048x2048): decode=379.8ms, convert=25.9ms, linear=112.7ms, total=518.4ms
[2026-03-15T08:40:34Z INFO  bif_core::texture] Texture chemistry_bottle01_Roughness.1001.jpg (2048x2048): decode=108.2ms, convert=33.4ms, linear=131.0ms, total=272.6ms
[2026-03-15T08:40:34Z INFO  bif_core::texture] Texture chemistry_beaker01_Normal_openGL.1001.jpg (2048x2048): decode=132.1ms, convert=35.3ms, linear=93.8ms, total=261.3ms
[2026-03-15T08:40:34Z INFO  bif_viewport::texture_loader] UDIM atlas: 5 tiles -> 6144x4096 (3x2 grid, tile 2048x2048)
[2026-03-15T08:40:34Z INFO  bif_viewport::texture_loader] UDIM atlas: 2 tiles -> 4096x2048 (2x1 grid, tile 2048x2048)
[2026-03-15T08:40:34Z INFO  bif_core::texture] Texture chemistry_microscope01_BaseColor.1001.jpg (2048x2048): decode=173.8ms, convert=30.7ms, linear=97.3ms, total=301.8ms
[2026-03-15T08:40:34Z INFO  bif_core::texture] Texture chemistry_magnetic_stirrer01_Roughness.1011.jpg (2048x2048): decode=230.2ms, convert=31.6ms, linear=185.0ms, total=446.9ms
[2026-03-15T08:40:34Z INFO  bif_core::texture] Texture BakedDiffuse_porc_hand.1001.jpg (2048x2048): decode=142.2ms, convert=63.7ms, linear=78.1ms, total=284.0ms
[2026-03-15T08:40:34Z INFO  bif_core::texture] Texture electronics_spoolrack_Roughness.1001.jpg (2048x2048): decode=133.5ms, convert=33.5ms, linear=85.0ms, total=252.0ms
[2026-03-15T08:40:34Z INFO  bif_core::texture] Texture decor_wooden_box01_proxyTexture.jpg (512x512): decode=29.9ms, convert=1.7ms, linear=4.5ms, total=36.2ms
[2026-03-15T08:40:34Z INFO  bif_core::texture] Texture structure_wall_fibro03_Roughness.1001.jpg (2048x2048): decode=83.6ms, convert=24.5ms, linear=62.5ms, total=170.6ms
[2026-03-15T08:40:35Z INFO  bif_core::texture] Texture electronics_cabling_BaseColor.1014.jpg (2048x2048): decode=131.9ms, convert=17.7ms, linear=119.8ms, total=269.4ms
[2026-03-15T08:40:35Z INFO  bif_core::texture] Texture toy_curly_surgery_BaseColor.1004.jpg (2048x2048): decode=150.7ms, convert=26.3ms, linear=242.5ms, total=419.5ms
[2026-03-15T08:40:35Z INFO  bif_core::texture] Texture stationary_paper02_BaseColor.1001.jpg (2048x2048): decode=148.0ms, convert=35.7ms, linear=102.7ms, total=286.4ms
[2026-03-15T08:40:35Z INFO  bif_viewport::texture_loader] UDIM atlas: 2 tiles -> 4096x2048 (2x1 grid, tile 2048x2048)
[2026-03-15T08:40:35Z INFO  bif_core::texture] Texture furniture_blackboard01_Normal_openGL.1002.jpg (2048x2048): decode=220.5ms, convert=40.2ms, linear=368.0ms, total=628.7ms
[2026-03-15T08:40:35Z INFO  bif_core::texture] Texture stationary_notepad01_Roughness.1001.jpg (2048x2048): decode=110.8ms, convert=28.9ms, linear=117.7ms, total=257.4ms
[2026-03-15T08:40:35Z INFO  bif_core::texture] Texture structure_wall_fibro01_Normal_openGL.1012.jpg (2048x2048): decode=440.1ms, convert=31.1ms, linear=108.2ms, total=579.4ms
[2026-03-15T08:40:35Z INFO  bif_core::texture] Texture furniture_workbench01_Roughness.1004.jpg (2048x2048): decode=103.3ms, convert=34.8ms, linear=117.8ms, total=256.0ms
[2026-03-15T08:40:35Z INFO  bif_core::texture] Texture electronics_cabling_Roughness.1014.jpg (2048x2048): decode=47.1ms, convert=22.3ms, linear=166.3ms, total=235.7ms
[2026-03-15T08:40:35Z INFO  bif_core::texture] Texture stationary_pencil03_Roughness.1001.jpg (2048x2048): decode=61.8ms, convert=32.5ms, linear=101.1ms, total=195.4ms
[2026-03-15T08:40:35Z INFO  bif_viewport::texture_loader] UDIM atlas: 1 tiles -> 2048x2048 (1x1 grid, tile 2048x2048)
[2026-03-15T08:40:35Z INFO  bif_core::texture] Texture books_magazines01_Normal_openGL.1003.jpg (2048x2048): decode=347.0ms, convert=31.1ms, linear=132.9ms, total=511.0ms
[2026-03-15T08:40:35Z INFO  bif_core::texture] Texture chemistry_microscope01_Normal_openGL.1011.jpg (2048x2048): decode=109.0ms, convert=33.7ms, linear=73.2ms, total=215.9ms
[2026-03-15T08:40:35Z INFO  bif_core::texture] Texture decor_helmet_head01_Normal_openGL.1001.jpg (2048x2048): decode=119.7ms, convert=22.5ms, linear=71.2ms, total=213.4ms
[2026-03-15T08:40:35Z INFO  bif_core::texture] Texture books_magazines01_BaseColor.1002.jpg (2048x2048): decode=210.7ms, convert=30.7ms, linear=222.5ms, total=464.0ms
[2026-03-15T08:40:35Z INFO  bif_viewport::texture_loader] UDIM atlas: 1 tiles -> 2048x2048 (1x1 grid, tile 2048x2048)
[2026-03-15T08:40:35Z INFO  bif_core::texture] Texture electronics_oscilloscope01_Normal_openGL.1004.jpg (2048x2048): decode=102.2ms, convert=21.2ms, linear=109.9ms, total=233.4ms
[2026-03-15T08:40:35Z INFO  bif_core::texture] Texture chemistry_beaker03_Roughness.1001.jpg (2048x2048): decode=165.1ms, convert=22.0ms, linear=105.6ms, total=292.8ms
[2026-03-15T08:40:35Z INFO  bif_core::texture] Texture electronics_tesla_coil01_BaseColor.1002.jpg (2048x2048): decode=305.7ms, convert=32.7ms, linear=168.0ms, total=506.4ms
[2026-03-15T08:40:35Z INFO  bif_core::texture] Texture structure_wall_fibro03_Normal_openGL.1001.jpg (2048x2048): decode=191.4ms, convert=19.2ms, linear=61.7ms, total=272.3ms
[2026-03-15T08:40:35Z INFO  bif_core::texture] Texture BakedDiffuse_porc_hand.1002.jpg (2048x2048): decode=193.9ms, convert=15.6ms, linear=44.0ms, total=253.5ms
[2026-03-15T08:40:35Z INFO  bif_viewport::texture_loader] UDIM atlas: 1 tiles -> 2048x2048 (1x1 grid, tile 2048x2048)
[2026-03-15T08:40:35Z INFO  bif_core::texture] Texture electronics_spoolrack_Roughness.1002.jpg (2048x2048): decode=61.8ms, convert=18.3ms, linear=107.9ms, total=188.1ms
[2026-03-15T08:40:35Z INFO  bif_core::texture] Texture electronics_wire_spool01_Metallic.1001.jpg (2048x2048): decode=65.6ms, convert=29.0ms, linear=113.1ms, total=207.7ms
[2026-03-15T08:40:35Z INFO  bif_core::texture] Texture chemistry_microscope01_BaseColor.1002.jpg (2048x2048): decode=149.8ms, convert=27.2ms, linear=96.1ms, total=273.2ms
[2026-03-15T08:40:35Z INFO  bif_core::texture] Texture chemistry_bottle01_Normal_openGL.1001.jpg (2048x2048): decode=107.3ms, convert=25.2ms, linear=90.1ms, total=222.6ms
[2026-03-15T08:40:35Z INFO  bif_viewport::texture_loader] UDIM atlas: 1 tiles -> 2048x2048 (1x1 grid, tile 2048x2048)
[2026-03-15T08:40:35Z INFO  bif_core::texture] Texture decor_helmet_head01_proxyTexture.jpg (512x512): decode=28.2ms, convert=1.7ms, linear=5.9ms, total=35.8ms
[2026-03-15T08:40:35Z INFO  bif_core::texture] Texture stationary_notepad01_Roughness.1002.jpg (2048x2048): decode=61.3ms, convert=51.6ms, linear=129.9ms, total=242.9ms
[2026-03-15T08:40:35Z INFO  bif_core::texture] Texture decor_foam_hand01_proxyTexture.jpg (512x512): decode=11.3ms, convert=2.3ms, linear=7.6ms, total=21.1ms
[2026-03-15T08:40:35Z INFO  bif_core::texture] Texture toy_curly_surgery_Normal_openGL.1004.jpg (2048x2048): decode=264.0ms, convert=30.4ms, linear=186.1ms, total=480.5ms
[2026-03-15T08:40:35Z INFO  bif_viewport::texture_loader] UDIM atlas: 2 tiles -> 4096x2048 (2x1 grid, tile 2048x2048)
[2026-03-15T08:40:35Z INFO  bif_core::texture] Texture furniture_workbench01_Roughness.1011.jpg (2048x2048): decode=119.7ms, convert=26.3ms, linear=147.1ms, total=293.1ms
[2026-03-15T08:40:35Z INFO  bif_core::texture] Texture electronics_wire_spool01_Normal_openGL.1001.jpg (2048x2048): decode=151.7ms, convert=40.5ms, linear=120.7ms, total=313.0ms
[2026-03-15T08:40:35Z INFO  bif_core::texture] Texture decor_helmet_head01_BaseColor.1002.jpg (2048x2048): decode=291.2ms, convert=117.3ms, linear=246.3ms, total=654.7ms
[2026-03-15T08:40:35Z INFO  bif_core::texture] Texture electronics_wire_spool01_Metallic.1002.jpg (2048x2048): decode=114.2ms, convert=28.5ms, linear=101.8ms, total=244.5ms
[2026-03-15T08:40:35Z INFO  bif_core::texture] Texture stationary_protractor_box01_BaseColor.1001.jpg (2048x2048): decode=199.9ms, convert=135.6ms, linear=151.1ms, total=486.6ms
[2026-03-15T08:40:35Z INFO  bif_viewport::texture_loader] UDIM atlas: 3 tiles -> 4096x4096 (2x2 grid, tile 2048x2048)
[2026-03-15T08:40:35Z INFO  bif_core::texture] Texture decor_wooden_box01_BaseColor.1011.jpg (2048x2048): decode=335.6ms, convert=102.5ms, linear=117.4ms, total=555.6ms
[2026-03-15T08:40:35Z INFO  bif_core::texture] Texture electronics_oscilloscope01_Normal_openGL.1011.jpg (2048x2048): decode=139.7ms, convert=30.9ms, linear=101.2ms, total=271.8ms
[2026-03-15T08:40:35Z INFO  bif_core::texture] Texture electronics_turntable01_Normal_openGL.1014.jpg (2048x2048): decode=1259.8ms, convert=33.6ms, linear=188.4ms, total=1481.8ms
[2026-03-15T08:40:35Z INFO  bif_viewport::texture_loader] UDIM atlas: 1 tiles -> 2048x2048 (1x1 grid, tile 2048x2048)
[2026-03-15T08:40:36Z INFO  bif_core::texture] Texture structure_wall_fibro01_BaseColor.1012.jpg (2048x2048): decode=170.0ms, convert=59.2ms, linear=482.4ms, total=711.7ms
[2026-03-15T08:40:36Z INFO  bif_viewport::texture_loader] UDIM atlas: 8 tiles -> 8192x4096 (4x2 grid, tile 2048x2048)
[2026-03-15T08:40:36Z INFO  bif_core::texture] Texture chemistry_microscope01_Normal_openGL.1012.jpg (2048x2048): decode=139.0ms, convert=43.9ms, linear=150.4ms, total=333.4ms
[2026-03-15T08:40:36Z INFO  bif_core::texture] Texture structure_wall_fibro02_proxyTexture.jpg (512x512): decode=57.0ms, convert=1.8ms, linear=6.6ms, total=65.4ms
[2026-03-15T08:40:36Z INFO  bif_core::texture] Texture stationary_paper02_Roughness.1001.jpg (2048x2048): decode=110.7ms, convert=31.8ms, linear=179.1ms, total=321.6ms
[2026-03-15T08:40:36Z INFO  bif_viewport::texture_loader] UDIM atlas: 1 tiles -> 2048x2048 (1x1 grid, tile 2048x2048)
[2026-03-15T08:40:36Z INFO  bif_viewport::texture_loader] UDIM atlas: 2 tiles -> 4096x2048 (2x1 grid, tile 2048x2048)
[2026-03-15T08:40:36Z INFO  bif_core::texture] Texture structure_wall_fibro03_Roughness.1002.jpg (2048x2048): decode=231.3ms, convert=35.9ms, linear=231.1ms, total=498.3ms
[2026-03-15T08:40:36Z INFO  bif_core::texture] Texture chemistry_bottle02_proxyTexture.jpg (512x512): decode=21.8ms, convert=1.7ms, linear=6.6ms, total=30.1ms
[2026-03-15T08:40:36Z INFO  bif_viewport::texture_loader] UDIM atlas: 8 tiles -> 8192x4096 (4x2 grid, tile 2048x2048)
[2026-03-15T08:40:36Z INFO  bif_core::texture] Texture decor_helmet_head01_Normal_openGL.1002.jpg (2048x2048): decode=299.3ms, convert=40.2ms, linear=110.3ms, total=449.8ms
[2026-03-15T08:40:36Z INFO  bif_core::texture] Texture structure_wall_fibro02_BaseColor.1001.jpg (2048x2048): decode=158.7ms, convert=27.0ms, linear=91.7ms, total=277.3ms
[2026-03-15T08:40:36Z INFO  bif_viewport::texture_loader] UDIM atlas: 5 tiles -> 6144x4096 (3x2 grid, tile 2048x2048)
[2026-03-15T08:40:36Z INFO  bif_core::texture] Texture toy_curly_surgery_BaseColor.1011.jpg (2048x2048): decode=358.1ms, convert=24.1ms, linear=78.5ms, total=460.7ms
[2026-03-15T08:40:36Z INFO  bif_core::texture] Texture chemistry_microscope01_BaseColor.1003.jpg (2048x2048): decode=125.3ms, convert=24.8ms, linear=130.1ms, total=280.2ms
[2026-03-15T08:40:36Z INFO  bif_core::texture] Texture structure_wall_fibro02_Roughness.1001.jpg (2048x2048): decode=47.6ms, convert=85.1ms, linear=86.5ms, total=219.2ms
[2026-03-15T08:40:36Z INFO  bif_core::texture] Texture books_magazines01_Normal_openGL.1011.jpg (2048x2048): decode=293.6ms, convert=25.8ms, linear=170.2ms, total=489.7ms
[2026-03-15T08:40:36Z INFO  bif_core::texture] Texture structure_wall_fibro03_Normal_openGL.1002.jpg (2048x2048): decode=356.6ms, convert=29.4ms, linear=90.7ms, total=476.6ms
[2026-03-15T08:40:36Z INFO  bif_viewport::texture_loader] UDIM atlas: 2 tiles -> 4096x2048 (2x1 grid, tile 2048x2048)
[2026-03-15T08:40:36Z INFO  bif_core::texture] Texture electronics_tesla_coil01_BaseColor.1003.jpg (2048x2048): decode=211.9ms, convert=69.5ms, linear=146.9ms, total=428.3ms
[2026-03-15T08:40:36Z INFO  bif_core::texture] Texture stationary_notepad01_Roughness.1003.jpg (2048x2048): decode=93.8ms, convert=25.4ms, linear=96.0ms, total=215.2ms
[2026-03-15T08:40:36Z INFO  bif_core::texture] Texture electronics_spoolrack_BaseColor.1002.jpg (2048x2048): decode=412.2ms, convert=26.7ms, linear=252.5ms, total=691.5ms
[2026-03-15T08:40:36Z INFO  bif_core::texture] Texture furniture_blackboard01_Normal_openGL.1003.jpg (2048x2048): decode=248.3ms, convert=138.5ms, linear=62.3ms, total=449.1ms
[2026-03-15T08:40:36Z INFO  bif_viewport::texture_loader] UDIM atlas: 1 tiles -> 2048x2048 (1x1 grid, tile 2048x2048)
[2026-03-15T08:40:36Z INFO  bif_core::texture] Texture electronics_wire_spool01_Normal_openGL.1002.jpg (2048x2048): decode=188.7ms, convert=55.0ms, linear=113.2ms, total=356.9ms
[2026-03-15T08:40:36Z INFO  bif_core::texture] Texture electronics_portable_tv01_Metallic.1001.jpg (2048x2048): decode=47.7ms, convert=23.7ms, linear=126.7ms, total=198.1ms
[2026-03-15T08:40:36Z INFO  bif_core::texture] Texture books_magazines01_BaseColor.1003.jpg (2048x2048): decode=223.6ms, convert=114.6ms, linear=182.9ms, total=521.1ms
[2026-03-15T08:40:36Z INFO  bif_core::texture] Texture electronics_oscilloscope01_Normal_openGL.1012.jpg (2048x2048): decode=106.5ms, convert=38.5ms, linear=110.6ms, total=255.6ms
[2026-03-15T08:40:36Z INFO  bif_core::texture] Texture furniture_workbench01_Roughness.1012.jpg (2048x2048): decode=113.9ms, convert=24.9ms, linear=110.6ms, total=249.4ms
[2026-03-15T08:40:36Z INFO  bif_viewport::texture_loader] UDIM atlas: 2 tiles -> 4096x2048 (2x1 grid, tile 2048x2048)
[2026-03-15T08:40:36Z INFO  bif_core::texture] Texture decor_helmet_head01_Roughness.1001.jpg (2048x2048): decode=128.6ms, convert=33.6ms, linear=109.8ms, total=271.9ms
[2026-03-15T08:40:36Z INFO  bif_core::texture] Texture electronics_spoolrack_Normal_openGL.1001.jpg (2048x2048): decode=231.8ms, convert=25.9ms, linear=114.9ms, total=372.7ms
[2026-03-15T08:40:36Z INFO  bif_core::texture] Texture chemistry_bottle02_BaseColor.1001.jpg (2048x2048): decode=142.8ms, convert=44.2ms, linear=95.4ms, total=282.4ms
[2026-03-15T08:40:36Z INFO  bif_viewport::texture_loader] UDIM atlas: 2 tiles -> 4096x2048 (2x1 grid, tile 2048x2048)
[2026-03-15T08:40:36Z INFO  bif_core::texture] Texture structure_wall_fibro02_Roughness.1002.jpg (2048x2048): decode=53.2ms, convert=47.1ms, linear=104.5ms, total=204.9ms
[2026-03-15T08:40:36Z INFO  bif_viewport::texture_loader] UDIM atlas: 3 tiles -> 6144x2048 (3x1 grid, tile 2048x2048)
[2026-03-15T08:40:36Z INFO  bif_viewport::texture_loader] UDIM atlas: 5 tiles -> 6144x4096 (3x2 grid, tile 2048x2048)
[2026-03-15T08:40:36Z INFO  bif_core::texture] Texture structure_wall_fibro02_BaseColor.1002.jpg (2048x2048): decode=138.6ms, convert=34.5ms, linear=122.3ms, total=295.5ms
[2026-03-15T08:40:36Z INFO  bif_core::texture] Texture decor_wooden_box01_Normal_openGL.1001.jpg (2048x2048): decode=213.5ms, convert=32.8ms, linear=106.1ms, total=352.4ms
[2026-03-15T08:40:36Z INFO  bif_core::texture] Texture stationary_paper02_Normal_openGL.1001.jpg (2048x2048): decode=112.1ms, convert=38.9ms, linear=109.2ms, total=260.2ms
[2026-03-15T08:40:36Z INFO  bif_core::texture] Texture chemistry_microscope01_BaseColor.1011.jpg (2048x2048): decode=119.2ms, convert=39.6ms, linear=119.0ms, total=277.8ms
[2026-03-15T08:40:36Z INFO  bif_core::texture] Texture chemistry_beaker_rack01_proxyTexture.jpg (512x512): decode=21.1ms, convert=1.6ms, linear=8.1ms, total=30.8ms
[2026-03-15T08:40:36Z INFO  bif_core::texture] Texture electronics_portable_tv01_Metallic.1002.jpg (2048x2048): decode=58.6ms, convert=48.7ms, linear=103.8ms, total=211.0ms
[2026-03-15T08:40:36Z INFO  bif_core::texture] Texture structure_wall_fibro03_Normal_openGL.1003.jpg (2048x2048): decode=159.6ms, convert=28.5ms, linear=85.6ms, total=273.7ms
[2026-03-15T08:40:36Z INFO  bif_viewport::texture_loader] UDIM atlas: 1 tiles -> 2048x2048 (1x1 grid, tile 2048x2048)
[2026-03-15T08:40:36Z INFO  bif_core::texture] Texture toy_curly_surgery_Normal_openGL.1011.jpg (2048x2048): decode=253.3ms, convert=29.2ms, linear=296.1ms, total=578.6ms
[2026-03-15T08:40:37Z INFO  bif_viewport::texture_loader] UDIM atlas: 2 tiles -> 4096x2048 (2x1 grid, tile 2048x2048)
[2026-03-15T08:40:37Z INFO  bif_core::texture] Texture chemistry_beaker03_Normal_openGL.1001.jpg (2048x2048): decode=175.2ms, convert=186.2ms, linear=205.7ms, total=567.1ms
[2026-03-15T08:40:37Z INFO  bif_viewport::texture_loader] UDIM atlas: 5 tiles -> 6144x4096 (3x2 grid, tile 2048x2048)
[2026-03-15T08:40:37Z INFO  bif_viewport::texture_loader] UDIM atlas: 2 tiles -> 4096x2048 (2x1 grid, tile 2048x2048)
[2026-03-15T08:40:37Z INFO  bif_core::texture] Texture structure_wall_fibro01_Roughness.1001.jpg (2048x2048): decode=58.9ms, convert=24.2ms, linear=212.2ms, total=295.2ms
[2026-03-15T08:40:37Z INFO  bif_core::texture] Texture furniture_blackboard01_proxyTexture.jpg (512x512): decode=20.5ms, convert=1.7ms, linear=7.6ms, total=29.8ms
[2026-03-15T08:40:37Z INFO  bif_core::texture] Texture electronics_oscilloscope01_proxyTexture.jpg (512x512): decode=17.2ms, convert=2.0ms, linear=5.6ms, total=24.9ms
[2026-03-15T08:40:37Z INFO  bif_core::texture] Texture decor_helmet_head01_Roughness.1002.jpg (2048x2048): decode=73.3ms, convert=29.7ms, linear=87.4ms, total=190.5ms
[2026-03-15T08:40:37Z INFO  bif_core::texture] Texture furniture_workbench01_Roughness.1013.jpg (2048x2048): decode=111.0ms, convert=32.6ms, linear=84.3ms, total=228.0ms
[2026-03-15T08:40:37Z INFO  bif_core::texture] Texture structure_wall_fibro03_Roughness.1003.jpg (2048x2048): decode=203.8ms, convert=27.2ms, linear=220.6ms, total=451.6ms
[2026-03-15T08:40:37Z INFO  bif_core::texture] Texture electronics_oscilloscope01_Normal_openGL.1013.jpg (2048x2048): decode=139.4ms, convert=31.7ms, linear=80.5ms, total=251.6ms
[2026-03-15T08:40:37Z INFO  bif_viewport::texture_loader] UDIM atlas: 9 tiles -> 10240x4096 (5x2 grid, tile 2048x2048)
[2026-03-15T08:40:37Z INFO  bif_core::texture] Texture stationary_protractor_box01_BaseColor.1002.jpg (2048x2048): decode=195.7ms, convert=93.0ms, linear=156.4ms, total=445.1ms
[2026-03-15T08:40:37Z INFO  bif_core::texture] Texture stationary_protractor_box01_Roughness.1001.jpg (2048x2048): decode=97.7ms, convert=61.1ms, linear=106.6ms, total=265.4ms
[2026-03-15T08:40:37Z INFO  bif_core::texture] Texture decor_wooden_box01_BaseColor.1012.jpg (2048x2048): decode=351.4ms, convert=24.5ms, linear=214.6ms, total=590.5ms
[2026-03-15T08:40:37Z INFO  bif_viewport::texture_loader] UDIM atlas: 1 tiles -> 2048x2048 (1x1 grid, tile 2048x2048)
[2026-03-15T08:40:37Z INFO  bif_core::texture] Texture electronics_audio_generator01_BaseColor.1001.jpg (2048x2048): decode=572.9ms, convert=44.9ms, linear=131.1ms, total=748.9ms
[2026-03-15T08:40:37Z INFO  bif_core::texture] Texture books_magazines01_Normal_openGL.1012.jpg (2048x2048): decode=323.6ms, convert=31.0ms, linear=119.8ms, total=474.4ms
[2026-03-15T08:40:37Z INFO  bif_core::texture] Texture electronics_spoolrack_Normal_openGL.1002.jpg (2048x2048): decode=203.1ms, convert=30.7ms, linear=89.7ms, total=323.5ms
[2026-03-15T08:40:37Z INFO  bif_core::texture] Texture electronics_tesla_coil01_BaseColor.1004.jpg (2048x2048): decode=158.3ms, convert=33.5ms, linear=82.2ms, total=274.0ms
[2026-03-15T08:40:37Z INFO  bif_core::texture] Texture chemistry_beaker_rack01_BaseColor.1001.jpg (2048x2048): decode=206.6ms, convert=23.9ms, linear=134.6ms, total=365.2ms
[2026-03-15T08:40:37Z INFO  bif_core::texture] Texture stationary_notepad01_Normal_openGL.1001.jpg (2048x2048): decode=205.2ms, convert=22.7ms, linear=88.5ms, total=316.5ms
[2026-03-15T08:40:37Z INFO  bif_viewport::texture_loader] UDIM atlas: 3 tiles -> 6144x2048 (3x1 grid, tile 2048x2048)
[2026-03-15T08:40:37Z INFO  bif_core::texture] Texture structure_wall_fibro02_Roughness.1003.jpg (2048x2048): decode=122.1ms, convert=32.6ms, linear=126.8ms, total=281.5ms
[2026-03-15T08:40:37Z INFO  bif_core::texture] Texture chemistry_bottle02_Roughness.1001.jpg (2048x2048): decode=68.6ms, convert=61.3ms, linear=92.4ms, total=222.3ms
[2026-03-15T08:40:37Z INFO  bif_viewport::texture_loader] UDIM atlas: 1 tiles -> 2048x2048 (1x1 grid, tile 2048x2048)
[2026-03-15T08:40:37Z INFO  bif_core::texture] Texture structure_wall_fibro02_BaseColor.1003.jpg (2048x2048): decode=193.9ms, convert=23.7ms, linear=87.4ms, total=305.0ms
[2026-03-15T08:40:37Z INFO  bif_core::texture] Texture furniture_shelving01_proxyTexture.jpg (512x512): decode=16.1ms, convert=1.2ms, linear=4.3ms, total=21.6ms
[2026-03-15T08:40:37Z INFO  bif_core::texture] Texture chemistry_microscope01_BaseColor.1012.jpg (2048x2048): decode=148.0ms, convert=26.0ms, linear=96.1ms, total=270.1ms
[2026-03-15T08:40:37Z INFO  bif_core::texture] Texture electronics_portable_tv01_Metallic.1003.jpg (2048x2048): decode=92.3ms, convert=28.5ms, linear=126.3ms, total=247.1ms
[2026-03-15T08:40:37Z INFO  bif_core::texture] Texture decor_wooden_box01_Normal_openGL.1002.jpg (2048x2048): decode=175.1ms, convert=29.1ms, linear=121.8ms, total=326.0ms
[2026-03-15T08:40:37Z INFO  bif_core::texture] Texture books_magazines01_BaseColor.1011.jpg (2048x2048): decode=216.2ms, convert=29.4ms, linear=187.0ms, total=432.6ms
[2026-03-15T08:40:37Z INFO  bif_core::texture] Texture furniture_blackboard01_BaseColor.1001.jpg (2048x2048): decode=313.3ms, convert=54.3ms, linear=284.3ms, total=651.9ms
[2026-03-15T08:40:37Z INFO  bif_core::texture] Texture structure_wall_fibro03_Normal_openGL.1011.jpg (2048x2048): decode=175.1ms, convert=59.1ms, linear=73.1ms, total=307.3ms
[2026-03-15T08:40:37Z INFO  bif_viewport::texture_loader] UDIM atlas: 2 tiles -> 4096x2048 (2x1 grid, tile 2048x2048)
[2026-03-15T08:40:37Z INFO  bif_core::texture] Texture electronics_oscilloscope01_BaseColor.1001.jpg (2048x2048): decode=128.4ms, convert=41.9ms, linear=82.5ms, total=252.8ms
[2026-03-15T08:40:37Z INFO  bif_core::texture] Texture electronics_oscilloscope01_Roughness.1001.jpg (2048x2048): decode=100.2ms, convert=22.4ms, linear=115.8ms, total=238.4ms
[2026-03-15T08:40:37Z INFO  bif_core::texture] Texture stationary_protractor_box01_Roughness.1002.jpg (2048x2048): decode=74.4ms, convert=17.7ms, linear=110.0ms, total=202.2ms
[2026-03-15T08:40:37Z INFO  bif_core::texture] Texture structure_wall_fibro01_Roughness.1002.jpg (2048x2048): decode=52.8ms, convert=27.8ms, linear=197.2ms, total=277.8ms
[2026-03-15T08:40:37Z INFO  bif_core::texture] Texture electronics_portable_tv01_Metallic.1004.jpg (2048x2048): decode=34.0ms, convert=20.6ms, linear=105.1ms, total=159.6ms
[2026-03-15T08:40:37Z INFO  bif_viewport::texture_loader] UDIM atlas: 1 tiles -> 2048x2048 (1x1 grid, tile 2048x2048)
[2026-03-15T08:40:37Z INFO  bif_core::texture] Texture furniture_workbench01_Roughness.1014.jpg (2048x2048): decode=121.1ms, convert=26.9ms, linear=99.0ms, total=247.0ms
[2026-03-15T08:40:37Z INFO  bif_viewport::texture_loader] UDIM atlas: 2 tiles -> 4096x2048 (2x1 grid, tile 2048x2048)
[2026-03-15T08:40:37Z INFO  bif_core::texture] Texture chemistry_beaker_rack01_Normal_openGL.1001.jpg (2048x2048): decode=171.9ms, convert=118.7ms, linear=123.0ms, total=413.5ms
[2026-03-15T08:40:37Z INFO  bif_core::texture] Texture books_magazines01_Roughness.1001.jpg (2048x2048): decode=167.5ms, convert=21.1ms, linear=177.2ms, total=365.7ms
[2026-03-15T08:40:37Z INFO  bif_core::texture] Texture electronics_audio_generator01_proxyTexture.jpg (512x512): decode=14.5ms, convert=1.9ms, linear=5.9ms, total=22.2ms
[2026-03-15T08:40:37Z INFO  bif_core::texture] Texture furniture_blackboard01_Roughness.1001.jpg (2048x2048): decode=125.8ms, convert=34.1ms, linear=113.7ms, total=273.7ms
[2026-03-15T08:40:38Z INFO  bif_core::texture] Texture electronics_oscilloscope01_Normal_openGL.1014.jpg (2048x2048): decode=165.2ms, convert=43.7ms, linear=107.4ms, total=316.4ms
[2026-03-15T08:40:38Z INFO  bif_core::texture] Texture structure_wall_fibro02_Roughness.1011.jpg (2048x2048): decode=48.8ms, convert=21.1ms, linear=112.3ms, total=182.2ms
[2026-03-15T08:40:38Z INFO  bif_viewport::texture_loader] UDIM atlas: 1 tiles -> 2048x2048 (1x1 grid, tile 2048x2048)
[2026-03-15T08:40:38Z INFO  bif_core::texture] Texture stationary_paper01_proxyTexture.jpg (512x512): decode=16.1ms, convert=1.8ms, linear=6.6ms, total=24.5ms
[2026-03-15T08:40:38Z INFO  bif_core::texture] Texture toy_curly_surgery_Normal_openGL.1012.jpg (2048x2048): decode=243.2ms, convert=23.9ms, linear=174.7ms, total=441.8ms
[2026-03-15T08:40:38Z INFO  bif_core::texture] Texture structure_wall_fibro03_Roughness.1011.jpg (2048x2048): decode=142.3ms, convert=29.4ms, linear=186.7ms, total=358.4ms
[2026-03-15T08:40:38Z INFO  bif_core::texture] Texture electronics_portable_tv01_Metallic.1005.jpg (2048x2048): decode=65.8ms, convert=30.7ms, linear=102.6ms, total=199.1ms
[2026-03-15T08:40:38Z INFO  bif_core::texture] Texture stationary_notepad01_Normal_openGL.1002.jpg (2048x2048): decode=171.1ms, convert=27.1ms, linear=90.2ms, total=288.4ms
[2026-03-15T08:40:38Z INFO  bif_core::texture] Texture structure_wall_fibro02_BaseColor.1011.jpg (2048x2048): decode=152.3ms, convert=28.3ms, linear=142.1ms, total=322.7ms
[2026-03-15T08:40:38Z INFO  bif_viewport::texture_loader] UDIM atlas: 5 tiles -> 6144x4096 (3x2 grid, tile 2048x2048)
[2026-03-15T08:40:38Z INFO  bif_core::texture] Texture chemistry_bottle02_Normal_openGL.1001.jpg (2048x2048): decode=126.5ms, convert=88.1ms, linear=105.2ms, total=319.8ms
[2026-03-15T08:40:38Z INFO  bif_core::texture] Texture chemistry_beaker_rack01_Metallic.1001.jpg (2048x2048): decode=64.3ms, convert=33.8ms, linear=83.6ms, total=181.6ms
[2026-03-15T08:40:38Z INFO  bif_core::texture] Texture decor_wooden_box01_Normal_openGL.1003.jpg (2048x2048): decode=171.9ms, convert=27.1ms, linear=121.5ms, total=320.5ms
[2026-03-15T08:40:38Z INFO  bif_core::texture] Texture stationary_protractor_box01_BaseColor.1011.jpg (2048x2048): decode=408.5ms, convert=46.0ms, linear=108.9ms, total=563.4ms
[2026-03-15T08:40:38Z INFO  bif_core::texture] Texture decor_wooden_box01_BaseColor.1013.jpg (2048x2048): decode=254.5ms, convert=34.1ms, linear=184.4ms, total=473.0ms
[2026-03-15T08:40:38Z INFO  bif_core::texture] Texture chemistry_bottle03_Normal_openGL.1001.jpg (2048x2048): decode=163.1ms, convert=38.0ms, linear=81.1ms, total=282.2ms
[2026-03-15T08:40:38Z INFO  bif_core::texture] Texture furniture_shelving01_BaseColor.1001.jpg (2048x2048): decode=374.3ms, convert=34.4ms, linear=228.0ms, total=636.7ms
[2026-03-15T08:40:38Z INFO  bif_core::texture] Texture electronics_portable_tv01_Metallic.1011.jpg (2048x2048): decode=45.2ms, convert=47.3ms, linear=76.8ms, total=169.4ms
[2026-03-15T08:40:38Z INFO  bif_core::texture] Texture electronics_oscilloscope01_BaseColor.1002.jpg (2048x2048): decode=149.5ms, convert=26.1ms, linear=78.8ms, total=254.4ms
[2026-03-15T08:40:38Z INFO  bif_core::texture] Texture electronics_oscilloscope01_Roughness.1002.jpg (2048x2048): decode=98.1ms, convert=30.9ms, linear=108.6ms, total=237.7ms
[2026-03-15T08:40:38Z INFO  bif_core::texture] Texture furniture_workbench01_Roughness.1021.jpg (2048x2048): decode=83.2ms, convert=40.0ms, linear=83.5ms, total=206.8ms
[2026-03-15T08:40:38Z INFO  bif_core::texture] Texture stationary_protractor_box01_Roughness.1011.jpg (2048x2048): decode=67.3ms, convert=43.3ms, linear=97.0ms, total=207.6ms
[2026-03-15T08:40:38Z INFO  bif_core::texture] Texture structure_wall_fibro03_Normal_openGL.1012.jpg (2048x2048): decode=260.6ms, convert=36.3ms, linear=101.2ms, total=398.1ms
[2026-03-15T08:40:38Z INFO  bif_core::texture] Texture electronics_tesla_coil01_BaseColor.1005.jpg (2048x2048): decode=197.6ms, convert=112.0ms, linear=219.9ms, total=529.6ms
[2026-03-15T08:40:38Z INFO  bif_core::texture] Texture chemistry_beaker_rack01_Roughness.1001.jpg (2048x2048): decode=179.1ms, convert=30.1ms, linear=215.6ms, total=424.8ms
[2026-03-15T08:40:38Z INFO  bif_core::texture] Texture electronics_tesla_coil01_Normal_openGL.1001.jpg (2048x2048): decode=115.9ms, convert=16.0ms, linear=59.0ms, total=190.9ms
[2026-03-15T08:40:38Z INFO  bif_core::texture] Texture structure_wall_fibro02_Roughness.1012.jpg (2048x2048): decode=42.7ms, convert=18.4ms, linear=65.8ms, total=126.9ms
[2026-03-15T08:40:38Z INFO  bif_core::texture] Texture electronics_oscilloscope01_Normal_openGL.1021.jpg (2048x2048): decode=82.8ms, convert=19.6ms, linear=66.9ms, total=169.3ms
[2026-03-15T08:40:38Z INFO  bif_core::texture] Texture electronics_portable_tv01_Metallic.1012.jpg (2048x2048): decode=47.8ms, convert=17.4ms, linear=61.0ms, total=126.2ms
[2026-03-15T08:40:38Z INFO  bif_viewport::texture_loader] UDIM atlas: 1 tiles -> 2048x2048 (1x1 grid, tile 2048x2048)
[2026-03-15T08:40:38Z INFO  bif_viewport::texture_loader] UDIM atlas: 1 tiles -> 2048x2048 (1x1 grid, tile 2048x2048)
[2026-03-15T08:40:38Z INFO  bif_core::texture] Texture chemistry_microscope01_Roughness.1001.jpg (2048x2048): decode=105.6ms, convert=19.7ms, linear=113.0ms, total=238.4ms
[2026-03-15T08:40:38Z INFO  bif_core::texture] Texture chemistry_bottle03_proxyTexture.jpg (512x512): decode=32.1ms, convert=1.5ms, linear=6.5ms, total=40.2ms
[2026-03-15T08:40:38Z INFO  bif_core::texture] Texture books_magazines01_BaseColor.1012.jpg (2048x2048): decode=309.5ms, convert=24.0ms, linear=178.5ms, total=512.0ms
[2026-03-15T08:40:38Z INFO  bif_core::texture] Texture stationary_notepad01_Normal_openGL.1003.jpg (2048x2048): decode=111.1ms, convert=23.4ms, linear=92.9ms, total=227.5ms
[2026-03-15T08:40:38Z INFO  bif_viewport::texture_loader] UDIM atlas: 1 tiles -> 2048x2048 (1x1 grid, tile 2048x2048)
[2026-03-15T08:40:38Z INFO  bif_core::texture] Texture chemistry_flask_stand01_proxyTexture.jpg (512x512): decode=12.8ms, convert=1.6ms, linear=5.2ms, total=19.7ms
[2026-03-15T08:40:38Z INFO  bif_core::texture] Texture toy_curly_surgery_Normal_openGL.1013.jpg (2048x2048): decode=169.1ms, convert=28.4ms, linear=86.3ms, total=283.8ms
[2026-03-15T08:40:38Z INFO  bif_core::texture] Texture furniture_blackboard01_BaseColor.1002.jpg (2048x2048): decode=224.9ms, convert=84.8ms, linear=116.7ms, total=426.4ms
[2026-03-15T08:40:38Z INFO  bif_core::texture] Texture stationary_paper01_BaseColor.1001.jpg (2048x2048): decode=245.3ms, convert=37.7ms, linear=76.4ms, total=359.5ms
[2026-03-15T08:40:38Z INFO  bif_core::texture] Texture structure_wall_fibro02_BaseColor.1012.jpg (2048x2048): decode=121.5ms, convert=32.3ms, linear=125.3ms, total=279.1ms
[2026-03-15T08:40:38Z INFO  bif_viewport::texture_loader] UDIM atlas: 1 tiles -> 2048x2048 (1x1 grid, tile 2048x2048)
[2026-03-15T08:40:38Z INFO  bif_core::texture] Texture structure_wall_fibro01_Roughness.1003.jpg (2048x2048): decode=256.4ms, convert=25.3ms, linear=167.3ms, total=449.1ms
[2026-03-15T08:40:39Z INFO  bif_core::texture] Texture decor_wooden_box01_Normal_openGL.1011.jpg (2048x2048): decode=180.2ms, convert=25.9ms, linear=121.1ms, total=327.2ms
[2026-03-15T08:40:39Z INFO  bif_core::texture] Texture chemistry_beaker_stand01_proxyTexture.jpg (512x512): decode=77.2ms, convert=2.1ms, linear=6.3ms, total=85.6ms
[2026-03-15T08:40:39Z INFO  bif_core::texture] Texture electronics_portable_tv01_Metallic.1013.jpg (2048x2048): decode=54.1ms, convert=21.2ms, linear=138.9ms, total=214.2ms
[2026-03-15T08:40:39Z INFO  bif_core::texture] Texture electronics_oscilloscope01_BaseColor.1003.jpg (2048x2048): decode=126.5ms, convert=28.7ms, linear=103.6ms, total=258.7ms
[2026-03-15T08:40:39Z INFO  bif_viewport::texture_loader] UDIM atlas: 5 tiles -> 6144x4096 (3x2 grid, tile 2048x2048)
[2026-03-15T08:40:39Z INFO  bif_core::texture] Texture chemistry_microscope01_Metallic.1001.jpg (2048x2048): decode=40.1ms, convert=27.7ms, linear=101.7ms, total=169.5ms
[2026-03-15T08:40:39Z INFO  bif_core::texture] Texture electronics_oscilloscope01_Roughness.1003.jpg (2048x2048): decode=75.6ms, convert=37.0ms, linear=200.7ms, total=313.3ms
[2026-03-15T08:40:39Z INFO  bif_core::texture] Texture stationary_protractor_box01_Roughness.1012.jpg (2048x2048): decode=107.1ms, convert=50.6ms, linear=151.9ms, total=309.6ms
[2026-03-15T08:40:39Z INFO  bif_core::texture] Texture furniture_workbench01_Roughness.1022.jpg (2048x2048): decode=99.5ms, convert=67.4ms, linear=137.0ms, total=304.0ms
[2026-03-15T08:40:39Z INFO  bif_core::texture] Texture electronics_audio_generator01_BaseColor.1002.jpg (2048x2048): decode=1032.8ms, convert=136.2ms, linear=193.9ms, total=1362.9ms
[2026-03-15T08:40:39Z INFO  bif_viewport::texture_loader] UDIM atlas: 1 tiles -> 2048x2048 (1x1 grid, tile 2048x2048)
[2026-03-15T08:40:39Z INFO  bif_core::texture] Texture toy_curly_surgery_BaseColor.1012.jpg (2048x2048): decode=1890.8ms, convert=83.1ms, linear=270.9ms, total=2244.9ms
[2026-03-15T08:40:39Z INFO  bif_core::texture] Texture electronics_oscilloscope01_Normal_openGL.1022.jpg (2048x2048): decode=162.0ms, convert=38.1ms, linear=96.6ms, total=296.8ms
[2026-03-15T08:40:39Z INFO  bif_core::texture] Texture furniture_blackboard01_Roughness.1002.jpg (2048x2048): decode=196.6ms, convert=45.5ms, linear=193.8ms, total=435.9ms
[2026-03-15T08:40:39Z INFO  bif_core::texture] Texture chemistry_bottle03_BaseColor.1001.jpg (2048x2048): decode=155.7ms, convert=55.1ms, linear=144.1ms, total=354.9ms
[2026-03-15T08:40:39Z INFO  bif_core::texture] Texture structure_wall_fibro03_Roughness.1012.jpg (2048x2048): decode=288.8ms, convert=27.0ms, linear=306.5ms, total=622.3ms
[2026-03-15T08:40:39Z INFO  bif_viewport::texture_loader] UDIM atlas: 5 tiles -> 6144x4096 (3x2 grid, tile 2048x2048)
[2026-03-15T08:40:39Z INFO  bif_viewport::texture_loader] UDIM atlas: 3 tiles -> 6144x2048 (3x1 grid, tile 2048x2048)
[2026-03-15T08:40:39Z INFO  bif_core::texture] Texture chemistry_microscope01_Roughness.1002.jpg (2048x2048): decode=125.6ms, convert=32.8ms, linear=155.1ms, total=313.5ms
[2026-03-15T08:40:39Z INFO  bif_core::texture] Texture electronics_tesla_coil01_Normal_openGL.1002.jpg (2048x2048): decode=267.7ms, convert=40.8ms, linear=112.1ms, total=420.7ms
[2026-03-15T08:40:39Z INFO  bif_core::texture] Texture electronics_portable_tv01_Metallic.1014.jpg (2048x2048): decode=41.3ms, convert=79.2ms, linear=122.6ms, total=243.2ms
[2026-03-15T08:40:39Z INFO  bif_core::texture] Texture chemistry_microscope01_Metallic.1002.jpg (2048x2048): decode=70.5ms, convert=34.0ms, linear=159.6ms, total=264.1ms
[2026-03-15T08:40:39Z INFO  bif_core::texture] Texture electronics_tesla_coil01_BaseColor.1011.jpg (2048x2048): decode=386.0ms, convert=31.1ms, linear=253.7ms, total=670.8ms
[2026-03-15T08:40:39Z INFO  bif_viewport::texture_loader] UDIM atlas: 1 tiles -> 2048x2048 (1x1 grid, tile 2048x2048)
[2026-03-15T08:40:39Z INFO  bif_core::texture] Texture chemistry_flask_stand01_BaseColor.1001.jpg (2048x2048): decode=171.1ms, convert=23.3ms, linear=180.7ms, total=375.1ms
[2026-03-15T08:40:39Z INFO  bif_core::texture] Texture books_magazines01_Roughness.1002.jpg (2048x2048): decode=233.0ms, convert=61.7ms, linear=297.8ms, total=592.5ms
[2026-03-15T08:40:39Z INFO  bif_core::texture] Texture stationary_paper01_Roughness.1001.jpg (2048x2048): decode=53.0ms, convert=26.8ms, linear=126.5ms, total=206.3ms
[2026-03-15T08:40:39Z INFO  bif_core::texture] Texture stationary_protractor_box01_BaseColor.1012.jpg (2048x2048): decode=380.5ms, convert=68.0ms, linear=102.9ms, total=551.5ms
[2026-03-15T08:40:39Z INFO  bif_core::texture] Texture furniture_shelving01_BaseColor.1002.jpg (2048x2048): decode=306.8ms, convert=44.6ms, linear=139.1ms, total=490.4ms
[2026-03-15T08:40:39Z INFO  bif_core::texture] Texture structure_wall_fibro01_Roughness.1011.jpg (2048x2048): decode=74.3ms, convert=60.2ms, linear=204.8ms, total=339.3ms
[2026-03-15T08:40:39Z INFO  bif_viewport::texture_loader] UDIM atlas: 1 tiles -> 2048x2048 (1x1 grid, tile 2048x2048)
[2026-03-15T08:40:39Z INFO  bif_viewport::texture_loader] UDIM atlas: 6 tiles -> 6144x4096 (3x2 grid, tile 2048x2048)
[2026-03-15T08:40:39Z INFO  bif_viewport::texture_loader] UDIM atlas: 4 tiles -> 4096x4096 (2x2 grid, tile 2048x2048)
[2026-03-15T08:40:39Z INFO  bif_core::texture] Texture electronics_oscilloscope01_Roughness.1004.jpg (2048x2048): decode=77.4ms, convert=74.1ms, linear=114.8ms, total=266.3ms
[2026-03-15T08:40:39Z INFO  bif_core::texture] Texture electronics_tesla_coil01_Metallic.1001.jpg (2048x2048): decode=36.8ms, convert=51.4ms, linear=114.5ms, total=202.7ms
[2026-03-15T08:40:39Z INFO  bif_core::texture] Texture chemistry_beaker_stand01_Roughness.1001.jpg (2048x2048): decode=91.7ms, convert=41.6ms, linear=126.3ms, total=259.6ms
[2026-03-15T08:40:39Z INFO  bif_viewport::texture_loader] UDIM atlas: 5 tiles -> 6144x4096 (3x2 grid, tile 2048x2048)
[2026-03-15T08:40:39Z INFO  bif_core::texture] Texture electronics_portable_tv01_Metallic.1021.jpg (2048x2048): decode=131.5ms, convert=27.6ms, linear=106.2ms, total=265.3ms
[2026-03-15T08:40:39Z INFO  bif_core::texture] Texture electronics_oscilloscope01_BaseColor.1004.jpg (2048x2048): decode=190.2ms, convert=25.2ms, linear=142.0ms, total=357.3ms
[2026-03-15T08:40:39Z INFO  bif_core::texture] Texture electronics_tesla_coil01_Roughness.1001.jpg (2048x2048): decode=92.3ms, convert=45.1ms, linear=248.0ms, total=385.5ms
[2026-03-15T08:40:39Z INFO  bif_core::texture] Texture electronics_oscilloscope01_Normal_openGL.1023.jpg (2048x2048): decode=140.0ms, convert=31.2ms, linear=76.7ms, total=247.9ms
[2026-03-15T08:40:39Z INFO  bif_core::texture] Texture decor_wooden_box01_Normal_openGL.1012.jpg (2048x2048): decode=150.7ms, convert=37.2ms, linear=122.5ms, total=310.4ms
[2026-03-15T08:40:39Z INFO  bif_core::texture] Texture books_magazines01_BaseColor.1013.jpg (2048x2048): decode=260.6ms, convert=31.3ms, linear=161.6ms, total=453.5ms
[2026-03-15T08:40:40Z INFO  bif_core::texture] Texture furniture_workbench01_Roughness.1023.jpg (2048x2048): decode=61.7ms, convert=42.1ms, linear=208.1ms, total=311.9ms
[2026-03-15T08:40:40Z INFO  bif_core::texture] Texture chemistry_beaker_stand01_BaseColor.1001.jpg (2048x2048): decode=263.4ms, convert=68.5ms, linear=111.5ms, total=443.5ms
[2026-03-15T08:40:40Z INFO  bif_viewport::texture_loader] UDIM atlas: 7 tiles -> 8192x4096 (4x2 grid, tile 2048x2048)
[2026-03-15T08:40:40Z INFO  bif_core::texture] Texture chemistry_microscope01_Roughness.1003.jpg (2048x2048): decode=99.9ms, convert=28.7ms, linear=134.4ms, total=262.9ms
[2026-03-15T08:40:40Z INFO  bif_core::texture] Texture toy_curly_surgery_BaseColor.1013.jpg (2048x2048): decode=266.5ms, convert=26.4ms, linear=84.2ms, total=377.2ms
[2026-03-15T08:40:40Z INFO  bif_core::texture] Texture chemistry_bottle03_Roughness.1001.jpg (2048x2048): decode=88.9ms, convert=27.4ms, linear=91.3ms, total=207.7ms
[2026-03-15T08:40:40Z INFO  bif_core::texture] Texture furniture_blackboard01_Roughness.1003.jpg (2048x2048): decode=286.2ms, convert=23.3ms, linear=159.3ms, total=468.7ms
[2026-03-15T08:40:40Z INFO  bif_core::texture] Texture stationary_paper01_Normal_openGL.1001.jpg (2048x2048): decode=166.6ms, convert=28.6ms, linear=137.5ms, total=332.7ms
[2026-03-15T08:40:40Z INFO  bif_core::texture] Texture stationary_pencil01_proxyTexture.jpg (512x512): decode=17.5ms, convert=1.6ms, linear=4.5ms, total=23.6ms
[2026-03-15T08:40:40Z INFO  bif_viewport::texture_loader] UDIM atlas: 1 tiles -> 2048x2048 (1x1 grid, tile 2048x2048)
[2026-03-15T08:40:40Z INFO  bif_core::texture] Texture chemistry_microscope01_Metallic.1003.jpg (2048x2048): decode=95.0ms, convert=50.0ms, linear=68.9ms, total=213.9ms
[2026-03-15T08:40:40Z INFO  bif_core::texture] Texture chemistry_flask_stand01_BaseColor.1002.jpg (2048x2048): decode=164.9ms, convert=20.9ms, linear=92.3ms, total=278.1ms
[2026-03-15T08:40:40Z INFO  bif_core::texture] Texture furniture_blackboard01_BaseColor.1003.jpg (2048x2048): decode=230.0ms, convert=84.9ms, linear=177.0ms, total=491.8ms
[2026-03-15T08:40:40Z INFO  bif_viewport::texture_loader] UDIM atlas: 2 tiles -> 4096x2048 (2x1 grid, tile 2048x2048)
[2026-03-15T08:40:40Z INFO  bif_core::texture] Texture electronics_audio_generator01_BaseColor.1003.jpg (2048x2048): decode=271.3ms, convert=39.9ms, linear=188.8ms, total=500.0ms
[2026-03-15T08:40:40Z INFO  bif_core::texture] Texture electronics_tesla_coil01_Normal_openGL.1003.jpg (2048x2048): decode=224.5ms, convert=31.5ms, linear=97.9ms, total=353.9ms
[2026-03-15T08:40:40Z INFO  bif_viewport::texture_loader] UDIM atlas: 4 tiles -> 4096x4096 (2x2 grid, tile 2048x2048)
[2026-03-15T08:40:40Z INFO  bif_core::texture] Texture stationary_protractor_box01_Normal_openGL.1001.jpg (2048x2048): decode=130.5ms, convert=32.3ms, linear=88.7ms, total=251.5ms
[2026-03-15T08:40:40Z INFO  bif_core::texture] Texture electronics_audio_generator01_Metallic.1001.jpg (2048x2048): decode=40.0ms, convert=22.5ms, linear=88.3ms, total=150.7ms
[2026-03-15T08:40:40Z INFO  bif_core::texture] Texture electronics_oscilloscope01_Roughness.1011.jpg (2048x2048): decode=71.0ms, convert=61.1ms, linear=100.0ms, total=232.0ms
[2026-03-15T08:40:40Z INFO  bif_core::texture] Texture books_magazines01_Roughness.1003.jpg (2048x2048): decode=154.4ms, convert=26.6ms, linear=239.0ms, total=420.1ms
[2026-03-15T08:40:40Z INFO  bif_core::texture] Texture electronics_tesla_coil01_Metallic.1002.jpg (2048x2048): decode=42.9ms, convert=17.8ms, linear=94.5ms, total=155.2ms
[2026-03-15T08:40:40Z INFO  bif_core::texture] Texture electronics_tesla_coil01_BaseColor.1012.jpg (2048x2048): decode=287.6ms, convert=84.3ms, linear=138.0ms, total=509.9ms
[2026-03-15T08:40:40Z INFO  bif_viewport::texture_loader] UDIM atlas: 1 tiles -> 2048x2048 (1x1 grid, tile 2048x2048)
[2026-03-15T08:40:40Z INFO  bif_core::texture] Texture electronics_oscilloscope01_BaseColor.1011.jpg (2048x2048): decode=162.0ms, convert=42.6ms, linear=94.9ms, total=299.5ms
[2026-03-15T08:40:40Z INFO  bif_core::texture] Texture decor_wooden_box01_Roughness.1001.jpg (2048x2048): decode=55.3ms, convert=85.0ms, linear=90.3ms, total=230.5ms
[2026-03-15T08:40:40Z INFO  bif_core::texture] Texture decor_wooden_box01_Normal_openGL.1013.jpg (2048x2048): decode=106.8ms, convert=23.1ms, linear=92.0ms, total=221.9ms
[2026-03-15T08:40:40Z INFO  bif_viewport::texture_loader] UDIM atlas: 1 tiles -> 2048x2048 (1x1 grid, tile 2048x2048)
[2026-03-15T08:40:40Z INFO  bif_core::texture] Texture electronics_portable_tv01_Normal_openGL.1001.jpg (2048x2048): decode=81.2ms, convert=26.0ms, linear=147.5ms, total=254.7ms
[2026-03-15T08:40:40Z INFO  bif_viewport::texture_loader] UDIM atlas: 5 tiles -> 6144x4096 (3x2 grid, tile 2048x2048)
[2026-03-15T08:40:40Z INFO  bif_core::texture] Texture furniture_workbench01_Roughness.1024.jpg (2048x2048): decode=109.4ms, convert=36.1ms, linear=86.5ms, total=232.0ms
[2026-03-15T08:40:40Z INFO  bif_core::texture] Texture electronics_portable_tv01_Metallic.1022.jpg (2048x2048): decode=61.4ms, convert=44.0ms, linear=107.7ms, total=213.2ms
[2026-03-15T08:40:40Z INFO  bif_core::texture] Texture chemistry_microscope01_Roughness.1011.jpg (2048x2048): decode=110.5ms, convert=58.3ms, linear=164.3ms, total=333.1ms
[2026-03-15T08:40:40Z INFO  bif_core::texture] Texture electronics_oscilloscope01_Normal_openGL.1024.jpg (2048x2048): decode=202.6ms, convert=36.5ms, linear=133.0ms, total=372.1ms
[2026-03-15T08:40:40Z INFO  bif_core::texture] Texture electronics_tesla_coil01_Metallic.1003.jpg (2048x2048): decode=55.3ms, convert=45.1ms, linear=113.6ms, total=214.0ms
[2026-03-15T08:40:40Z INFO  bif_core::texture] Texture stationary_pencil01_BaseColor.1001.jpg (2048x2048): decode=313.7ms, convert=64.3ms, linear=156.2ms, total=534.2ms
[2026-03-15T08:40:40Z INFO  bif_core::texture] Texture chemistry_microscope01_Metallic.1011.jpg (2048x2048): decode=35.7ms, convert=30.6ms, linear=129.6ms, total=195.9ms
[2026-03-15T08:40:40Z INFO  bif_core::texture] Texture chemistry_beaker_stand01_Roughness.1002.jpg (2048x2048): decode=91.0ms, convert=43.9ms, linear=231.8ms, total=366.7ms
[2026-03-15T08:40:40Z INFO  bif_core::texture] Texture electronics_tesla_coil01_Normal_openGL.1004.jpg (2048x2048): decode=123.3ms, convert=38.9ms, linear=86.0ms, total=248.3ms
[2026-03-15T08:40:40Z INFO  bif_core::texture] Texture furniture_shelving01_Roughness.1001.jpg (2048x2048): decode=131.8ms, convert=57.3ms, linear=233.1ms, total=422.2ms
[2026-03-15T08:40:40Z INFO  bif_core::texture] Texture electronics_audio_generator01_Roughness.1001.jpg (2048x2048): decode=52.1ms, convert=55.2ms, linear=168.4ms, total=275.7ms
[2026-03-15T08:40:41Z INFO  bif_core::texture] Texture structure_wall_fibro01_Roughness.1012.jpg (2048x2048): decode=93.4ms, convert=75.6ms, linear=218.9ms, total=388.0ms
[2026-03-15T08:40:41Z INFO  bif_viewport::texture_loader] UDIM atlas: 3 tiles -> 6144x2048 (3x1 grid, tile 2048x2048)
[2026-03-15T08:40:41Z INFO  bif_core::texture] Texture electronics_portable_tv01_Metallic.1023.jpg (2048x2048): decode=41.7ms, convert=27.4ms, linear=122.7ms, total=191.9ms
[2026-03-15T08:40:41Z INFO  bif_viewport::texture_loader] UDIM atlas: 6 tiles -> 6144x4096 (3x2 grid, tile 2048x2048)
[2026-03-15T08:40:41Z INFO  bif_core::texture] Texture chemistry_flask_stand01_BaseColor.1003.jpg (2048x2048): decode=227.2ms, convert=58.0ms, linear=138.2ms, total=423.5ms
[2026-03-15T08:40:41Z INFO  bif_core::texture] Texture electronics_tesla_coil01_Metallic.1004.jpg (2048x2048): decode=64.2ms, convert=37.5ms, linear=114.2ms, total=215.9ms
[2026-03-15T08:40:41Z INFO  bif_core::texture] Texture electronics_tesla_coil01_Roughness.1002.jpg (2048x2048): decode=113.5ms, convert=29.6ms, linear=235.8ms, total=378.9ms
[2026-03-15T08:40:41Z INFO  bif_core::texture] Texture chemistry_beaker_stand01_BaseColor.1002.jpg (2048x2048): decode=244.8ms, convert=32.3ms, linear=284.3ms, total=561.4ms
[2026-03-15T08:40:41Z INFO  bif_core::texture] Texture stationary_protractor_box01_Normal_openGL.1002.jpg (2048x2048): decode=199.6ms, convert=62.8ms, linear=99.7ms, total=362.0ms
[2026-03-15T08:40:41Z INFO  bif_core::texture] Texture chemistry_microscope01_Metallic.1012.jpg (2048x2048): decode=51.3ms, convert=30.2ms, linear=174.4ms, total=255.9ms
[2026-03-15T08:40:41Z INFO  bif_core::texture] Texture electronics_audio_generator01_Metallic.1002.jpg (2048x2048): decode=53.3ms, convert=58.2ms, linear=300.3ms, total=411.7ms
[2026-03-15T08:40:41Z INFO  bif_core::texture] Texture electronics_oscilloscope01_Roughness.1012.jpg (2048x2048): decode=115.2ms, convert=31.3ms, linear=107.7ms, total=254.1ms
[2026-03-15T08:40:41Z INFO  bif_viewport::texture_loader] UDIM atlas: 3 tiles -> 6144x2048 (3x1 grid, tile 2048x2048)
[2026-03-15T08:40:41Z INFO  bif_core::texture] Texture electronics_audio_generator01_BaseColor.1004.jpg (2048x2048): decode=207.3ms, convert=71.7ms, linear=267.1ms, total=546.1ms
[2026-03-15T08:40:41Z INFO  bif_viewport::texture_loader] UDIM atlas: 6 tiles -> 6144x4096 (3x2 grid, tile 2048x2048)
[2026-03-15T08:40:41Z INFO  bif_core::texture] Texture electronics_portable_tv01_Normal_openGL.1002.jpg (2048x2048): decode=154.0ms, convert=25.6ms, linear=97.9ms, total=277.4ms
[2026-03-15T08:40:41Z INFO  bif_core::texture] Texture electronics_portable_tv01_Metallic.1024.jpg (2048x2048): decode=43.4ms, convert=70.1ms, linear=179.7ms, total=293.2ms
[2026-03-15T08:40:41Z INFO  bif_core::texture] Texture electronics_turntable01_proxyTexture.jpg (512x512): decode=133.7ms, convert=2.0ms, linear=7.3ms, total=143.1ms
[2026-03-15T08:40:41Z INFO  bif_viewport::texture_loader] UDIM atlas: 2 tiles -> 4096x2048 (2x1 grid, tile 2048x2048)
[2026-03-15T08:40:41Z INFO  bif_core::texture] Texture electronics_tesla_coil01_Metallic.1005.jpg (2048x2048): decode=72.6ms, convert=37.2ms, linear=133.3ms, total=243.1ms
[2026-03-15T08:40:41Z INFO  bif_core::texture] Texture chemistry_flask_stand01_Normal_openGL.1001.jpg (2048x2048): decode=130.5ms, convert=45.4ms, linear=101.1ms, total=277.0ms
[2026-03-15T08:40:41Z INFO  bif_core::texture] Texture books_magazines01_Roughness.1011.jpg (2048x2048): decode=126.6ms, convert=90.3ms, linear=293.3ms, total=510.2ms
[2026-03-15T08:40:41Z INFO  bif_core::texture] Texture furniture_shelving01_Normal_openGL.1001.jpg (2048x2048): decode=122.0ms, convert=34.1ms, linear=148.1ms, total=304.3ms
[2026-03-15T08:40:41Z INFO  bif_core::texture] Texture electronics_tesla_coil01_BaseColor.1013.jpg (2048x2048): decode=243.5ms, convert=112.6ms, linear=298.0ms, total=654.1ms
[2026-03-15T08:40:41Z INFO  bif_core::texture] Texture chemistry_flask_stand01_Roughness.1001.jpg (2048x2048): decode=149.3ms, convert=109.1ms, linear=140.0ms, total=398.4ms
[2026-03-15T08:40:41Z INFO  bif_viewport::texture_loader] UDIM atlas: 1 tiles -> 2048x2048 (1x1 grid, tile 2048x2048)
[2026-03-15T08:40:41Z INFO  bif_core::texture] Texture electronics_audio_generator01_Metallic.1003.jpg (2048x2048): decode=38.0ms, convert=50.8ms, linear=135.6ms, total=224.4ms
[2026-03-15T08:40:41Z INFO  bif_viewport::texture_loader] UDIM atlas: 3 tiles -> 6144x2048 (3x1 grid, tile 2048x2048)
[2026-03-15T08:40:41Z INFO  bif_core::texture] Texture chemistry_microscope01_Roughness.1012.jpg (2048x2048): decode=88.0ms, convert=61.5ms, linear=347.3ms, total=496.8ms
[2026-03-15T08:40:41Z INFO  bif_core::texture] Texture electronics_tesla_coil01_Normal_openGL.1005.jpg (2048x2048): decode=133.8ms, convert=50.9ms, linear=86.1ms, total=270.8ms
[2026-03-15T08:40:41Z INFO  bif_core::texture] Texture electronics_tesla_coil01_Metallic.1011.jpg (2048x2048): decode=38.8ms, convert=24.8ms, linear=134.5ms, total=198.1ms
[2026-03-15T08:40:41Z INFO  bif_core::texture] Texture decor_wooden_box01_Roughness.1002.jpg (2048x2048): decode=83.3ms, convert=112.0ms, linear=464.4ms, total=659.7ms
[2026-03-15T08:40:41Z INFO  bif_viewport::texture_loader] UDIM atlas: 12 tiles -> 8192x6144 (4x3 grid, tile 2048x2048)
[2026-03-15T08:40:41Z INFO  bif_core::texture] Texture electronics_oscilloscope01_Metallic.1001.jpg (2048x2048): decode=33.6ms, convert=102.2ms, linear=421.2ms, total=557.1ms
[2026-03-15T08:40:41Z INFO  bif_core::texture] Texture electronics_audio_generator01_Roughness.1002.jpg (2048x2048): decode=85.5ms, convert=66.4ms, linear=215.8ms, total=367.7ms
[2026-03-15T08:40:42Z INFO  bif_viewport::texture_loader] UDIM atlas: 2 tiles -> 4096x2048 (2x1 grid, tile 2048x2048)
[2026-03-15T08:40:42Z INFO  bif_viewport::texture_loader] UDIM atlas: 7 tiles -> 8192x4096 (4x2 grid, tile 2048x2048)
[2026-03-15T08:40:42Z INFO  bif_viewport::texture_loader] UDIM atlas: 5 tiles -> 6144x4096 (3x2 grid, tile 2048x2048)
[2026-03-15T08:40:42Z INFO  bif_core::texture] Texture electronics_oscilloscope01_Roughness.1013.jpg (2048x2048): decode=135.7ms, convert=35.1ms, linear=108.6ms, total=279.4ms
[2026-03-15T08:40:42Z INFO  bif_core::texture] Texture chemistry_beaker_stand01_Metallic.1001.jpg (2048x2048): decode=117.6ms, convert=32.1ms, linear=210.7ms, total=360.5ms
[2026-03-15T08:40:42Z INFO  bif_viewport::texture_loader] UDIM atlas: 12 tiles -> 8192x6144 (4x3 grid, tile 2048x2048)
[2026-03-15T08:40:42Z INFO  bif_core::texture] Texture stationary_set_square01_proxyTexture.jpg (512x512): decode=156.5ms, convert=1.9ms, linear=6.9ms, total=165.3ms
[2026-03-15T08:40:42Z INFO  bif_core::texture] Texture furniture_shelving01_Roughness.1002.jpg (2048x2048): decode=162.4ms, convert=98.6ms, linear=321.7ms, total=582.6ms
[2026-03-15T08:40:42Z INFO  bif_core::texture] Texture electronics_turntable01_BaseColor.1001.jpg (2048x2048): decode=290.6ms, convert=95.2ms, linear=220.0ms, total=605.9ms
[2026-03-15T08:40:42Z INFO  bif_core::texture] Texture stationary_protractor_box01_Normal_openGL.1011.jpg (2048x2048): decode=146.4ms, convert=29.2ms, linear=109.8ms, total=285.4ms
[2026-03-15T08:40:42Z INFO  bif_core::texture] Texture electronics_portable_tv01_proxyTexture.jpg (512x512): decode=16.8ms, convert=2.2ms, linear=5.2ms, total=24.2ms
[2026-03-15T08:40:42Z INFO  bif_core::texture] Texture furniture_workbench01_Normal_openGL.1001.jpg (2048x2048): decode=252.9ms, convert=82.7ms, linear=194.1ms, total=529.7ms
[2026-03-15T08:40:42Z INFO  bif_core::texture] Texture electronics_portable_tv01_BaseColor.1001.jpg (2048x2048): decode=148.8ms, convert=56.7ms, linear=319.5ms, total=525.1ms
[2026-03-15T08:40:42Z INFO  bif_core::texture] Texture chemistry_flask_stand01_Roughness.1002.jpg (2048x2048): decode=122.5ms, convert=25.2ms, linear=123.0ms, total=270.7ms
[2026-03-15T08:40:42Z INFO  bif_core::texture] Texture stationary_crayon_box01_proxyTexture.jpg (512x512): decode=36.3ms, convert=2.4ms, linear=21.8ms, total=60.5ms
[2026-03-15T08:40:42Z INFO  bif_core::texture] Texture chemistry_flask_stand01_Normal_openGL.1002.jpg (2048x2048): decode=160.6ms, convert=29.1ms, linear=96.8ms, total=286.6ms
[2026-03-15T08:40:42Z INFO  bif_core::texture] Texture electronics_audio_generator01_Metallic.1004.jpg (2048x2048): decode=43.2ms, convert=35.8ms, linear=126.9ms, total=205.8ms
[2026-03-15T08:40:42Z INFO  bif_viewport::texture_loader] UDIM atlas: 5 tiles -> 6144x4096 (3x2 grid, tile 2048x2048)
[2026-03-15T08:40:42Z INFO  bif_core::texture] Texture stationary_crayon_box01_BaseColor.1001.jpg (2048x2048): decode=567.2ms, convert=87.6ms, linear=113.0ms, total=767.7ms
[2026-03-15T08:40:42Z INFO  bif_core::texture] Texture furniture_shelving01_Normal_openGL.1002.jpg (2048x2048): decode=141.2ms, convert=71.1ms, linear=143.3ms, total=355.7ms
[2026-03-15T08:40:42Z INFO  bif_core::texture] Texture electronics_tesla_coil01_Normal_openGL.1011.jpg (2048x2048): decode=155.4ms, convert=41.2ms, linear=152.5ms, total=349.1ms
[2026-03-15T08:40:42Z INFO  bif_core::texture] Texture electronics_oscilloscope01_Metallic.1002.jpg (2048x2048): decode=44.9ms, convert=45.5ms, linear=301.9ms, total=392.3ms
[2026-03-15T08:40:42Z INFO  bif_core::texture] Texture electronics_portable_tv01_Normal_openGL.1003.jpg (2048x2048): decode=167.1ms, convert=53.6ms, linear=225.7ms, total=446.9ms
[2026-03-15T08:40:42Z INFO  bif_core::texture] Texture stationary_crayon_box01_Roughness.1001.jpg (2048x2048): decode=100.0ms, convert=50.7ms, linear=181.2ms, total=332.0ms
[2026-03-15T08:40:42Z INFO  bif_core::texture] Texture books_magazines01_Roughness.1012.jpg (2048x2048): decode=186.9ms, convert=53.7ms, linear=295.2ms, total=535.8ms
[2026-03-15T08:40:42Z INFO  bif_core::texture] Texture electronics_tesla_coil01_Metallic.1012.jpg (2048x2048): decode=53.7ms, convert=30.3ms, linear=203.4ms, total=287.4ms
[2026-03-15T08:40:42Z INFO  bif_core::texture] Texture electronics_portable_tv01_Roughness.1001.jpg (2048x2048): decode=84.6ms, convert=57.5ms, linear=98.4ms, total=240.5ms
[2026-03-15T08:40:42Z INFO  bif_core::texture] Texture electronics_oscilloscope01_Roughness.1014.jpg (2048x2048): decode=83.8ms, convert=33.6ms, linear=135.2ms, total=252.6ms
[2026-03-15T08:40:42Z INFO  bif_core::texture] Texture stationary_pencil01_Roughness.1001.jpg (2048x2048): decode=123.9ms, convert=81.7ms, linear=231.5ms, total=437.2ms
[2026-03-15T08:40:42Z INFO  bif_core::texture] Texture electronics_turntable01_Roughness.1001.jpg (2048x2048): decode=58.4ms, convert=80.3ms, linear=109.4ms, total=248.1ms
[2026-03-15T08:40:42Z INFO  bif_core::texture] Texture electronics_audio_generator01_Metallic.1005.jpg (2048x2048): decode=53.9ms, convert=32.7ms, linear=122.3ms, total=208.9ms
[2026-03-15T08:40:42Z INFO  bif_core::texture] Texture electronics_tesla_coil01_Roughness.1003.jpg (2048x2048): decode=127.9ms, convert=105.9ms, linear=176.2ms, total=410.0ms
[2026-03-15T08:40:42Z INFO  bif_viewport::texture_loader] UDIM atlas: 5 tiles -> 6144x4096 (3x2 grid, tile 2048x2048)
[2026-03-15T08:40:42Z INFO  bif_viewport::texture_loader] UDIM atlas: 13 tiles -> 10240x6144 (5x3 grid, tile 2048x2048)
[2026-03-15T08:40:42Z INFO  bif_core::texture] Texture electronics_audio_generator01_Roughness.1003.jpg (2048x2048): decode=142.4ms, convert=90.0ms, linear=140.9ms, total=373.2ms
[2026-03-15T08:40:42Z INFO  bif_core::texture] Texture stationary_crayon_box01_Normal_openGL.1001.jpg (2048x2048): decode=184.7ms, convert=63.5ms, linear=107.6ms, total=355.9ms
[2026-03-15T08:40:42Z INFO  bif_core::texture] Texture chemistry_flask_stand01_Roughness.1003.jpg (2048x2048): decode=113.9ms, convert=31.1ms, linear=79.9ms, total=224.8ms
[2026-03-15T08:40:42Z INFO  bif_core::texture] Texture electronics_audio_generator01_BaseColor.1005.jpg (2048x2048): decode=283.3ms, convert=64.8ms, linear=91.8ms, total=439.9ms
[2026-03-15T08:40:42Z INFO  bif_core::texture] Texture electronics_turntable01_Normal_openGL.1001.jpg (2048x2048): decode=205.1ms, convert=20.7ms, linear=88.7ms, total=314.5ms
[2026-03-15T08:40:42Z INFO  bif_core::texture] Texture stationary_protractor_box01_Normal_openGL.1012.jpg (2048x2048): decode=108.1ms, convert=30.5ms, linear=181.5ms, total=320.1ms
[2026-03-15T08:40:42Z INFO  bif_viewport::texture_loader] UDIM atlas: 2 tiles -> 4096x2048 (2x1 grid, tile 2048x2048)
[2026-03-15T08:40:42Z INFO  bif_core::texture] Texture decor_wooden_box01_Roughness.1003.jpg (2048x2048): decode=143.6ms, convert=24.5ms, linear=187.6ms, total=355.7ms
[2026-03-15T08:40:42Z INFO  bif_viewport::texture_loader] UDIM atlas: 1 tiles -> 2048x2048 (1x1 grid, tile 2048x2048)
[2026-03-15T08:40:42Z INFO  bif_core::texture] Texture electronics_tesla_coil01_Metallic.1013.jpg (2048x2048): decode=57.0ms, convert=24.8ms, linear=155.8ms, total=237.5ms
[2026-03-15T08:40:42Z INFO  bif_core::texture] Texture chemistry_beaker_stand01_Metallic.1002.jpg (2048x2048): decode=104.2ms, convert=24.9ms, linear=84.7ms, total=213.9ms
[2026-03-15T08:40:43Z INFO  bif_viewport::texture_loader] UDIM atlas: 2 tiles -> 4096x2048 (2x1 grid, tile 2048x2048)
[2026-03-15T08:40:43Z INFO  bif_core::texture] Texture chemistry_flask_stand01_Normal_openGL.1003.jpg (2048x2048): decode=166.2ms, convert=29.0ms, linear=60.4ms, total=255.7ms
[2026-03-15T08:40:43Z INFO  bif_core::texture] Texture electronics_portable_tv01_BaseColor.1002.jpg (2048x2048): decode=198.5ms, convert=23.6ms, linear=60.7ms, total=282.8ms
[2026-03-15T08:40:43Z INFO  bif_viewport::texture_loader] UDIM atlas: 1 tiles -> 2048x2048 (1x1 grid, tile 2048x2048)
[2026-03-15T08:40:43Z INFO  bif_core::texture] Texture electronics_portable_tv01_Roughness.1002.jpg (2048x2048): decode=77.8ms, convert=23.1ms, linear=97.9ms, total=198.8ms
[2026-03-15T08:40:43Z INFO  bif_core::texture] Texture electronics_tesla_coil01_Roughness.1004.jpg (2048x2048): decode=42.1ms, convert=24.1ms, linear=123.3ms, total=189.5ms
[2026-03-15T08:40:43Z INFO  bif_core::texture] Texture books_magazines01_Roughness.1013.jpg (2048x2048): decode=54.2ms, convert=25.3ms, linear=102.1ms, total=181.7ms
[2026-03-15T08:40:43Z INFO  bif_core::texture] Texture electronics_oscilloscope01_Roughness.1021.jpg (2048x2048): decode=43.2ms, convert=21.6ms, linear=140.4ms, total=205.3ms
[2026-03-15T08:40:43Z INFO  bif_core::texture] Texture electronics_turntable01_BaseColor.1002.jpg (2048x2048): decode=82.9ms, convert=44.8ms, linear=149.0ms, total=276.7ms
[2026-03-15T08:40:43Z INFO  bif_core::texture] Texture electronics_oscilloscope01_Metallic.1003.jpg (2048x2048): decode=59.5ms, convert=29.0ms, linear=99.7ms, total=188.1ms
[2026-03-15T08:40:43Z INFO  bif_core::texture] Texture electronics_turntable01_Roughness.1002.jpg (2048x2048): decode=81.5ms, convert=29.7ms, linear=100.1ms, total=211.3ms
[2026-03-15T08:40:43Z INFO  bif_viewport::texture_loader] UDIM atlas: 1 tiles -> 2048x2048 (1x1 grid, tile 2048x2048)
[2026-03-15T08:40:43Z INFO  bif_viewport::texture_loader] UDIM atlas: 1 tiles -> 2048x2048 (1x1 grid, tile 2048x2048)
[2026-03-15T08:40:43Z INFO  bif_core::texture] Texture electronics_portable_tv01_Normal_openGL.1004.jpg (2048x2048): decode=130.1ms, convert=39.1ms, linear=150.0ms, total=319.1ms
[2026-03-15T08:40:43Z INFO  bif_core::texture] Texture furniture_workbench01_Normal_openGL.1002.jpg (2048x2048): decode=144.9ms, convert=38.7ms, linear=172.0ms, total=355.7ms
[2026-03-15T08:40:43Z INFO  bif_core::texture] Texture electronics_audio_generator01_Metallic.1011.jpg (2048x2048): decode=50.0ms, convert=38.8ms, linear=92.9ms, total=181.7ms
[2026-03-15T08:40:43Z INFO  bif_core::texture] Texture electronics_tesla_coil01_Metallic.1014.jpg (2048x2048): decode=47.2ms, convert=30.7ms, linear=110.9ms, total=188.8ms
[2026-03-15T08:40:43Z INFO  bif_core::texture] Texture electronics_tesla_coil01_Normal_openGL.1012.jpg (2048x2048): decode=172.0ms, convert=27.2ms, linear=83.7ms, total=282.9ms
[2026-03-15T08:40:43Z INFO  bif_viewport::texture_loader] UDIM atlas: 3 tiles -> 6144x2048 (3x1 grid, tile 2048x2048)
[2026-03-15T08:40:43Z INFO  bif_core::texture] Texture electronics_oscilloscope01_BaseColor.1012.jpg (2048x2048): decode=2279.8ms, convert=24.3ms, linear=127.6ms, total=2431.7ms
[2026-03-15T08:40:43Z INFO  bif_core::texture] Texture electronics_audio_generator01_Roughness.1004.jpg (2048x2048): decode=56.1ms, convert=23.6ms, linear=103.9ms, total=183.6ms
[2026-03-15T08:40:43Z INFO  bif_viewport::texture_loader] UDIM atlas: 2 tiles -> 4096x2048 (2x1 grid, tile 2048x2048)
[2026-03-15T08:40:43Z INFO  bif_viewport::texture_loader] UDIM atlas: 4 tiles -> 4096x4096 (2x2 grid, tile 2048x2048)
[2026-03-15T08:40:43Z INFO  bif_core::texture] Texture electronics_audio_generator01_BaseColor.1011.jpg (2048x2048): decode=104.8ms, convert=25.7ms, linear=81.8ms, total=212.2ms
[2026-03-15T08:40:43Z INFO  bif_core::texture] Texture decor_wooden_box01_Roughness.1011.jpg (2048x2048): decode=111.2ms, convert=38.9ms, linear=115.8ms, total=266.0ms
[2026-03-15T08:40:43Z INFO  bif_viewport::texture_loader] UDIM atlas: 3 tiles -> 6144x2048 (3x1 grid, tile 2048x2048)
[2026-03-15T08:40:43Z INFO  bif_core::texture] Texture electronics_portable_tv01_BaseColor.1003.jpg (2048x2048): decode=77.9ms, convert=32.9ms, linear=85.7ms, total=196.5ms
[2026-03-15T08:40:43Z INFO  bif_core::texture] Texture electronics_turntable01_Normal_openGL.1002.jpg (2048x2048): decode=81.2ms, convert=34.6ms, linear=107.3ms, total=223.2ms
[2026-03-15T08:40:43Z INFO  bif_core::texture] Texture electronics_audio_generator01_Metallic.1012.jpg (2048x2048): decode=34.8ms, convert=27.1ms, linear=89.2ms, total=151.1ms
[2026-03-15T08:40:43Z INFO  bif_core::texture] Texture electronics_tesla_coil01_Roughness.1005.jpg (2048x2048): decode=74.5ms, convert=25.9ms, linear=98.8ms, total=199.2ms
[2026-03-15T08:40:43Z INFO  bif_core::texture] Texture electronics_portable_tv01_Roughness.1003.jpg (2048x2048): decode=79.5ms, convert=31.0ms, linear=136.5ms, total=247.0ms
[2026-03-15T08:40:43Z INFO  bif_core::texture] Texture electronics_oscilloscope01_Metallic.1004.jpg (2048x2048): decode=36.4ms, convert=24.5ms, linear=105.2ms, total=166.2ms
[2026-03-15T08:40:43Z INFO  bif_core::texture] Texture electronics_oscilloscope01_Roughness.1022.jpg (2048x2048): decode=95.9ms, convert=26.1ms, linear=110.2ms, total=232.2ms
[2026-03-15T08:40:43Z INFO  bif_viewport::texture_loader] UDIM atlas: 9 tiles -> 10240x4096 (5x2 grid, tile 2048x2048)
[2026-03-15T08:40:43Z INFO  bif_core::texture] Texture electronics_turntable01_Roughness.1003.jpg (2048x2048): decode=98.8ms, convert=36.3ms, linear=115.0ms, total=250.1ms
[2026-03-15T08:40:43Z INFO  bif_core::texture] Texture electronics_portable_tv01_Normal_openGL.1005.jpg (2048x2048): decode=80.5ms, convert=27.8ms, linear=122.0ms, total=230.3ms
[2026-03-15T08:40:43Z INFO  bif_core::texture] Texture furniture_workbench01_Normal_openGL.1003.jpg (2048x2048): decode=113.2ms, convert=33.3ms, linear=84.5ms, total=231.0ms
[2026-03-15T08:40:44Z INFO  bif_core::texture] Texture electronics_turntable01_BaseColor.1003.jpg (2048x2048): decode=174.4ms, convert=32.2ms, linear=87.4ms, total=294.1ms
[2026-03-15T08:40:44Z INFO  bif_viewport::texture_loader] UDIM atlas: 6 tiles -> 6144x4096 (3x2 grid, tile 2048x2048)
[2026-03-15T08:40:44Z INFO  bif_core::texture] Texture electronics_tesla_coil01_Normal_openGL.1013.jpg (2048x2048): decode=79.5ms, convert=32.9ms, linear=97.1ms, total=209.6ms
[2026-03-15T08:40:44Z INFO  bif_core::texture] Texture electronics_audio_generator01_Roughness.1005.jpg (2048x2048): decode=87.5ms, convert=34.9ms, linear=90.9ms, total=213.4ms
[2026-03-15T08:40:44Z INFO  bif_core::texture] Texture electronics_oscilloscope01_BaseColor.1013.jpg (2048x2048): decode=82.1ms, convert=22.2ms, linear=80.0ms, total=184.3ms
[2026-03-15T08:40:44Z INFO  bif_core::texture] Texture electronics_oscilloscope01_Metallic.1011.jpg (2048x2048): decode=38.9ms, convert=20.6ms, linear=86.4ms, total=145.9ms
[2026-03-15T08:40:44Z INFO  bif_core::texture] Texture decor_wooden_box01_Roughness.1012.jpg (2048x2048): decode=74.9ms, convert=20.4ms, linear=81.4ms, total=176.8ms
[2026-03-15T08:40:44Z INFO  bif_core::texture] Texture electronics_tesla_coil01_Roughness.1011.jpg (2048x2048): decode=70.5ms, convert=27.0ms, linear=84.7ms, total=182.2ms
[2026-03-15T08:40:44Z INFO  bif_core::texture] Texture electronics_audio_generator01_BaseColor.1012.jpg (2048x2048): decode=99.3ms, convert=33.7ms, linear=87.2ms, total=220.2ms
[2026-03-15T08:40:44Z INFO  bif_core::texture] Texture electronics_turntable01_Normal_openGL.1003.jpg (2048x2048): decode=64.6ms, convert=29.3ms, linear=62.0ms, total=156.0ms
[2026-03-15T08:40:44Z INFO  bif_core::texture] Texture electronics_portable_tv01_BaseColor.1004.jpg (2048x2048): decode=127.1ms, convert=21.5ms, linear=66.4ms, total=215.0ms
[2026-03-15T08:40:44Z INFO  bif_core::texture] Texture electronics_audio_generator01_Metallic.1013.jpg (2048x2048): decode=35.5ms, convert=17.6ms, linear=66.3ms, total=119.4ms
[2026-03-15T08:40:44Z INFO  bif_core::texture] Texture electronics_oscilloscope01_Metallic.1012.jpg (2048x2048): decode=30.8ms, convert=18.8ms, linear=55.1ms, total=104.6ms
[2026-03-15T08:40:44Z INFO  bif_core::texture] Texture electronics_portable_tv01_Roughness.1004.jpg (2048x2048): decode=75.3ms, convert=26.0ms, linear=55.0ms, total=156.2ms
[2026-03-15T08:40:44Z INFO  bif_core::texture] Texture electronics_oscilloscope01_Roughness.1023.jpg (2048x2048): decode=103.5ms, convert=17.6ms, linear=81.4ms, total=202.5ms
[2026-03-15T08:40:44Z INFO  bif_core::texture] Texture electronics_portable_tv01_Normal_openGL.1011.jpg (2048x2048): decode=59.3ms, convert=18.8ms, linear=95.7ms, total=173.8ms
[2026-03-15T08:40:44Z INFO  bif_core::texture] Texture electronics_turntable01_Roughness.1004.jpg (2048x2048): decode=92.3ms, convert=19.9ms, linear=97.3ms, total=209.6ms
[2026-03-15T08:40:44Z INFO  bif_core::texture] Texture electronics_audio_generator01_Metallic.1014.jpg (2048x2048): decode=35.0ms, convert=24.3ms, linear=98.4ms, total=157.7ms
[2026-03-15T08:40:44Z INFO  bif_core::texture] Texture electronics_oscilloscope01_Metallic.1013.jpg (2048x2048): decode=34.7ms, convert=24.9ms, linear=103.8ms, total=163.5ms
[2026-03-15T08:40:44Z INFO  bif_core::texture] Texture electronics_turntable01_BaseColor.1004.jpg (2048x2048): decode=93.8ms, convert=26.1ms, linear=98.3ms, total=218.1ms
[2026-03-15T08:40:44Z INFO  bif_core::texture] Texture electronics_tesla_coil01_Normal_openGL.1014.jpg (2048x2048): decode=83.7ms, convert=31.9ms, linear=79.5ms, total=195.1ms
[2026-03-15T08:40:44Z INFO  bif_core::texture] Texture electronics_audio_generator01_Roughness.1011.jpg (2048x2048): decode=73.8ms, convert=29.8ms, linear=88.1ms, total=191.7ms
[2026-03-15T08:40:44Z INFO  bif_core::texture] Texture furniture_workbench01_Normal_openGL.1004.jpg (2048x2048): decode=97.6ms, convert=36.5ms, linear=96.2ms, total=230.3ms
[2026-03-15T08:40:44Z INFO  bif_core::texture] Texture decor_wooden_box01_Roughness.1013.jpg (2048x2048): decode=81.8ms, convert=30.1ms, linear=88.9ms, total=200.8ms
[2026-03-15T08:40:44Z INFO  bif_core::texture] Texture electronics_tesla_coil01_Roughness.1012.jpg (2048x2048): decode=61.4ms, convert=32.1ms, linear=97.3ms, total=190.9ms
[2026-03-15T08:40:44Z INFO  bif_core::texture] Texture electronics_oscilloscope01_BaseColor.1014.jpg (2048x2048): decode=132.3ms, convert=24.1ms, linear=93.6ms, total=250.1ms
[2026-03-15T08:40:44Z INFO  bif_core::texture] Texture electronics_audio_generator01_BaseColor.1013.jpg (2048x2048): decode=111.8ms, convert=21.8ms, linear=94.3ms, total=227.9ms
[2026-03-15T08:40:44Z INFO  bif_core::texture] Texture electronics_oscilloscope01_Metallic.1014.jpg (2048x2048): decode=41.1ms, convert=31.0ms, linear=82.1ms, total=154.2ms
[2026-03-15T08:40:44Z INFO  bif_core::texture] Texture electronics_portable_tv01_BaseColor.1005.jpg (2048x2048): decode=76.9ms, convert=29.3ms, linear=85.6ms, total=191.9ms
[2026-03-15T08:40:44Z INFO  bif_core::texture] Texture electronics_turntable01_Normal_openGL.1004.jpg (2048x2048): decode=77.9ms, convert=30.8ms, linear=87.3ms, total=195.9ms
[2026-03-15T08:40:44Z INFO  bif_core::texture] Texture electronics_portable_tv01_Roughness.1005.jpg (2048x2048): decode=66.0ms, convert=24.9ms, linear=64.7ms, total=155.7ms
[2026-03-15T08:40:44Z INFO  bif_core::texture] Texture electronics_oscilloscope01_Roughness.1024.jpg (2048x2048): decode=51.1ms, convert=18.9ms, linear=65.1ms, total=135.1ms
[2026-03-15T08:40:44Z INFO  bif_core::texture] Texture electronics_turntable01_Roughness.1005.jpg (2048x2048): decode=32.5ms, convert=19.8ms, linear=75.4ms, total=127.7ms
[2026-03-15T08:40:45Z INFO  bif_core::texture] Texture electronics_portable_tv01_Normal_openGL.1012.jpg (2048x2048): decode=61.9ms, convert=19.7ms, linear=81.8ms, total=163.4ms
[2026-03-15T08:40:45Z INFO  bif_viewport::texture_loader] UDIM atlas: 9 tiles -> 10240x4096 (5x2 grid, tile 2048x2048)
[2026-03-15T08:40:45Z INFO  bif_core::texture] Texture electronics_turntable01_BaseColor.1005.jpg (2048x2048): decode=72.3ms, convert=25.8ms, linear=86.2ms, total=184.3ms
[2026-03-15T08:40:45Z INFO  bif_core::texture] Texture electronics_portable_tv01_BaseColor.1011.jpg (2048x2048): decode=84.6ms, convert=24.5ms, linear=87.5ms, total=196.6ms
[2026-03-15T08:40:45Z INFO  bif_core::texture] Texture electronics_audio_generator01_Roughness.1012.jpg (2048x2048): decode=79.9ms, convert=22.0ms, linear=85.2ms, total=187.1ms
[2026-03-15T08:40:45Z INFO  bif_core::texture] Texture furniture_workbench01_Normal_openGL.1011.jpg (2048x2048): decode=101.0ms, convert=24.2ms, linear=85.8ms, total=211.0ms
[2026-03-15T08:40:45Z INFO  bif_core::texture] Texture electronics_tesla_coil01_Roughness.1013.jpg (2048x2048): decode=73.1ms, convert=22.5ms, linear=92.3ms, total=187.9ms
[2026-03-15T08:40:45Z INFO  bif_core::texture] Texture electronics_oscilloscope01_BaseColor.1021.jpg (2048x2048): decode=70.7ms, convert=27.7ms, linear=92.1ms, total=190.5ms
[2026-03-15T08:40:45Z INFO  bif_core::texture] Texture electronics_audio_generator01_BaseColor.1014.jpg (2048x2048): decode=96.8ms, convert=26.5ms, linear=92.1ms, total=215.4ms
[2026-03-15T08:40:45Z INFO  bif_core::texture] Texture electronics_turntable01_Normal_openGL.1005.jpg (2048x2048): decode=66.4ms, convert=26.6ms, linear=95.3ms, total=188.3ms
[2026-03-15T08:40:45Z INFO  bif_core::texture] Texture electronics_oscilloscope01_Metallic.1021.jpg (2048x2048): decode=38.7ms, convert=25.5ms, linear=91.6ms, total=155.8ms
[2026-03-15T08:40:45Z INFO  bif_viewport::texture_loader] UDIM atlas: 6 tiles -> 6144x4096 (3x2 grid, tile 2048x2048)
[2026-03-15T08:40:45Z INFO  bif_core::texture] Texture electronics_portable_tv01_Roughness.1011.jpg (2048x2048): decode=99.5ms, convert=30.8ms, linear=84.7ms, total=215.0ms
[2026-03-15T08:40:45Z INFO  bif_viewport::texture_loader] UDIM atlas: 9 tiles -> 10240x4096 (5x2 grid, tile 2048x2048)
[2026-03-15T08:40:45Z INFO  bif_core::texture] Texture electronics_turntable01_Roughness.1011.jpg (2048x2048): decode=59.1ms, convert=32.2ms, linear=75.5ms, total=166.8ms
[2026-03-15T08:40:45Z INFO  bif_core::texture] Texture electronics_portable_tv01_BaseColor.1012.jpg (2048x2048): decode=77.7ms, convert=21.9ms, linear=69.2ms, total=168.9ms
[2026-03-15T08:40:45Z INFO  bif_core::texture] Texture electronics_portable_tv01_Normal_openGL.1013.jpg (2048x2048): decode=62.6ms, convert=19.2ms, linear=66.9ms, total=148.7ms
[2026-03-15T08:40:45Z INFO  bif_core::texture] Texture electronics_oscilloscope01_Metallic.1022.jpg (2048x2048): decode=28.5ms, convert=24.5ms, linear=65.0ms, total=118.1ms
[2026-03-15T08:40:45Z INFO  bif_core::texture] Texture electronics_turntable01_BaseColor.1011.jpg (2048x2048): decode=75.9ms, convert=16.8ms, linear=61.2ms, total=153.8ms
[2026-03-15T08:40:45Z INFO  bif_core::texture] Texture electronics_audio_generator01_Roughness.1013.jpg (2048x2048): decode=51.3ms, convert=19.5ms, linear=55.5ms, total=126.3ms
[2026-03-15T08:40:45Z INFO  bif_core::texture] Texture electronics_tesla_coil01_Roughness.1014.jpg (2048x2048): decode=42.1ms, convert=19.5ms, linear=71.0ms, total=132.6ms
[2026-03-15T08:40:45Z INFO  bif_core::texture] Texture furniture_workbench01_Normal_openGL.1012.jpg (2048x2048): decode=75.7ms, convert=20.2ms, linear=71.9ms, total=167.8ms
[2026-03-15T08:40:45Z INFO  bif_viewport::texture_loader] UDIM atlas: 12 tiles -> 8192x6144 (4x3 grid, tile 2048x2048)
[2026-03-15T08:40:45Z INFO  bif_core::texture] Texture electronics_oscilloscope01_Metallic.1023.jpg (2048x2048): decode=30.1ms, convert=25.0ms, linear=73.3ms, total=128.4ms
[2026-03-15T08:40:45Z INFO  bif_core::texture] Texture electronics_oscilloscope01_BaseColor.1022.jpg (2048x2048): decode=84.0ms, convert=24.8ms, linear=64.6ms, total=173.4ms
[2026-03-15T08:40:45Z INFO  bif_core::texture] Texture electronics_turntable01_Normal_openGL.1011.jpg (2048x2048): decode=57.8ms, convert=21.0ms, linear=59.6ms, total=138.4ms
[2026-03-15T08:40:45Z INFO  bif_core::texture] Texture electronics_portable_tv01_Roughness.1012.jpg (2048x2048): decode=87.4ms, convert=17.0ms, linear=69.2ms, total=173.6ms
[2026-03-15T08:40:45Z INFO  bif_core::texture] Texture electronics_turntable01_Roughness.1012.jpg (2048x2048): decode=41.9ms, convert=23.2ms, linear=71.3ms, total=136.5ms
[2026-03-15T08:40:45Z INFO  bif_core::texture] Texture electronics_portable_tv01_BaseColor.1013.jpg (2048x2048): decode=63.2ms, convert=24.4ms, linear=73.7ms, total=161.4ms
[2026-03-15T08:40:45Z INFO  bif_core::texture] Texture electronics_oscilloscope01_Metallic.1024.jpg (2048x2048): decode=32.9ms, convert=17.5ms, linear=78.7ms, total=129.1ms
[2026-03-15T08:40:45Z INFO  bif_viewport::texture_loader] UDIM atlas: 9 tiles -> 10240x4096 (5x2 grid, tile 2048x2048)
[2026-03-15T08:40:46Z INFO  bif_core::texture] Texture electronics_portable_tv01_Normal_openGL.1014.jpg (2048x2048): decode=72.0ms, convert=25.9ms, linear=64.8ms, total=162.8ms
[2026-03-15T08:40:46Z INFO  bif_core::texture] Texture electronics_turntable01_BaseColor.1012.jpg (2048x2048): decode=77.0ms, convert=24.7ms, linear=64.7ms, total=166.4ms
[2026-03-15T08:40:46Z INFO  bif_core::texture] Texture electronics_audio_generator01_Roughness.1014.jpg (2048x2048): decode=68.7ms, convert=21.1ms, linear=63.0ms, total=152.8ms
[2026-03-15T08:40:46Z INFO  bif_core::texture] Texture furniture_workbench01_Normal_openGL.1013.jpg (2048x2048): decode=74.4ms, convert=19.8ms, linear=58.0ms, total=152.2ms
[2026-03-15T08:40:46Z INFO  bif_core::texture] Texture electronics_oscilloscope01_BaseColor.1023.jpg (2048x2048): decode=80.6ms, convert=21.9ms, linear=69.9ms, total=172.5ms
[2026-03-15T08:40:46Z INFO  bif_core::texture] Texture electronics_turntable01_Normal_openGL.1012.jpg (2048x2048): decode=59.2ms, convert=18.3ms, linear=67.7ms, total=145.1ms
[2026-03-15T08:40:46Z INFO  bif_viewport::texture_loader] UDIM atlas: 9 tiles -> 10240x4096 (5x2 grid, tile 2048x2048)
[2026-03-15T08:40:46Z INFO  bif_core::texture] Texture electronics_portable_tv01_Roughness.1013.jpg (2048x2048): decode=79.4ms, convert=19.2ms, linear=79.9ms, total=178.6ms
[2026-03-15T08:40:46Z INFO  bif_core::texture] Texture electronics_turntable01_Roughness.1013.jpg (2048x2048): decode=69.9ms, convert=22.3ms, linear=82.9ms, total=175.1ms
[2026-03-15T08:40:46Z INFO  bif_core::texture] Texture electronics_portable_tv01_BaseColor.1014.jpg (2048x2048): decode=81.1ms, convert=24.4ms, linear=77.9ms, total=183.3ms
[2026-03-15T08:40:46Z INFO  bif_core::texture] Texture electronics_turntable01_BaseColor.1013.jpg (2048x2048): decode=104.0ms, convert=23.5ms, linear=66.2ms, total=193.6ms
[2026-03-15T08:40:46Z INFO  bif_core::texture] Texture electronics_portable_tv01_Normal_openGL.1021.jpg (2048x2048): decode=70.4ms, convert=25.9ms, linear=68.6ms, total=164.9ms
[2026-03-15T08:40:46Z INFO  bif_viewport::texture_loader] UDIM atlas: 9 tiles -> 10240x4096 (5x2 grid, tile 2048x2048)
[2026-03-15T08:40:46Z INFO  bif_core::texture] Texture furniture_workbench01_Normal_openGL.1014.jpg (2048x2048): decode=86.6ms, convert=22.5ms, linear=85.1ms, total=194.2ms
[2026-03-15T08:40:46Z INFO  bif_core::texture] Texture electronics_oscilloscope01_BaseColor.1024.jpg (2048x2048): decode=106.0ms, convert=23.5ms, linear=74.8ms, total=204.3ms
[2026-03-15T08:40:46Z INFO  bif_core::texture] Texture electronics_portable_tv01_BaseColor.1021.jpg (2048x2048): decode=78.5ms, convert=20.1ms, linear=83.5ms, total=182.1ms
[2026-03-15T08:40:46Z INFO  bif_viewport::texture_loader] UDIM atlas: 12 tiles -> 8192x6144 (4x3 grid, tile 2048x2048)
[2026-03-15T08:40:46Z INFO  bif_core::texture] Texture electronics_turntable01_Normal_openGL.1013.jpg (2048x2048): decode=68.2ms, convert=23.1ms, linear=59.3ms, total=150.6ms
[2026-03-15T08:40:46Z INFO  bif_core::texture] Texture electronics_turntable01_Roughness.1014.jpg (2048x2048): decode=45.4ms, convert=17.9ms, linear=61.4ms, total=124.8ms
[2026-03-15T08:40:46Z INFO  bif_core::texture] Texture electronics_portable_tv01_Roughness.1014.jpg (2048x2048): decode=83.6ms, convert=21.9ms, linear=54.7ms, total=160.1ms
[2026-03-15T08:40:47Z INFO  bif_core::texture] Texture electronics_portable_tv01_Normal_openGL.1022.jpg (2048x2048): decode=51.5ms, convert=16.0ms, linear=51.0ms, total=118.4ms
[2026-03-15T08:40:47Z INFO  bif_core::texture] Texture electronics_turntable01_BaseColor.1014.jpg (2048x2048): decode=70.7ms, convert=16.4ms, linear=50.3ms, total=137.4ms
[2026-03-15T08:40:47Z INFO  bif_core::texture] Texture electronics_portable_tv01_BaseColor.1022.jpg (2048x2048): decode=76.5ms, convert=17.5ms, linear=69.1ms, total=163.1ms
[2026-03-15T08:40:47Z INFO  bif_core::texture] Texture furniture_workbench01_Normal_openGL.1021.jpg (2048x2048): decode=75.6ms, convert=22.3ms, linear=67.3ms, total=165.2ms
[2026-03-15T08:40:47Z INFO  bif_core::texture] Texture electronics_turntable01_Normal_openGL.1014.jpg (2048x2048): decode=64.0ms, convert=17.7ms, linear=60.8ms, total=142.5ms
[2026-03-15T08:40:47Z INFO  bif_core::texture] Texture electronics_portable_tv01_Roughness.1021.jpg (2048x2048): decode=74.0ms, convert=16.2ms, linear=70.7ms, total=160.8ms
[2026-03-15T08:40:47Z INFO  bif_core::texture] Texture electronics_portable_tv01_Normal_openGL.1023.jpg (2048x2048): decode=59.0ms, convert=19.0ms, linear=58.2ms, total=136.2ms
[2026-03-15T08:40:47Z INFO  bif_viewport::texture_loader] UDIM atlas: 12 tiles -> 8192x6144 (4x3 grid, tile 2048x2048)
[2026-03-15T08:40:47Z INFO  bif_viewport::texture_loader] UDIM atlas: 9 tiles -> 10240x4096 (5x2 grid, tile 2048x2048)
[2026-03-15T08:40:47Z INFO  bif_viewport::texture_loader] UDIM atlas: 9 tiles -> 10240x4096 (5x2 grid, tile 2048x2048)
[2026-03-15T08:40:47Z INFO  bif_core::texture] Texture electronics_portable_tv01_BaseColor.1023.jpg (2048x2048): decode=50.2ms, convert=13.9ms, linear=39.7ms, total=103.8ms
[2026-03-15T08:40:47Z INFO  bif_core::texture] Texture furniture_workbench01_Normal_openGL.1022.jpg (2048x2048): decode=65.6ms, convert=16.4ms, linear=45.4ms, total=127.4ms
[2026-03-15T08:40:47Z INFO  bif_core::texture] Texture electronics_portable_tv01_Roughness.1022.jpg (2048x2048): decode=58.4ms, convert=12.8ms, linear=43.7ms, total=114.9ms
[2026-03-15T08:40:47Z INFO  bif_viewport::texture_loader] UDIM atlas: 9 tiles -> 10240x4096 (5x2 grid, tile 2048x2048)
[2026-03-15T08:40:47Z INFO  bif_core::texture] Texture electronics_portable_tv01_Normal_openGL.1024.jpg (2048x2048): decode=46.9ms, convert=13.0ms, linear=38.5ms, total=98.4ms
[2026-03-15T08:40:47Z INFO  bif_core::texture] Texture electronics_tesla_coil01_BaseColor.1014.jpg (2048x2048): decode=5872.7ms, convert=11.4ms, linear=34.2ms, total=5918.3ms
[2026-03-15T08:40:48Z INFO  bif_core::texture] Texture electronics_portable_tv01_BaseColor.1024.jpg (2048x2048): decode=41.2ms, convert=12.4ms, linear=36.9ms, total=90.5ms
[2026-03-15T08:40:48Z INFO  bif_core::texture] Texture furniture_workbench01_Normal_openGL.1023.jpg (2048x2048): decode=53.6ms, convert=15.4ms, linear=38.2ms, total=107.2ms
[2026-03-15T08:40:48Z INFO  bif_core::texture] Texture electronics_portable_tv01_Roughness.1023.jpg (2048x2048): decode=76.1ms, convert=12.7ms, linear=43.0ms, total=131.8ms
[2026-03-15T08:40:48Z INFO  bif_viewport::texture_loader] UDIM atlas: 9 tiles -> 10240x4096 (5x2 grid, tile 2048x2048)
[2026-03-15T08:40:48Z INFO  bif_viewport::texture_loader] UDIM atlas: 13 tiles -> 10240x6144 (5x3 grid, tile 2048x2048)
[2026-03-15T08:40:48Z INFO  bif_core::texture] Texture furniture_workbench01_Normal_openGL.1024.jpg (2048x2048): decode=51.7ms, convert=17.5ms, linear=41.8ms, total=111.0ms
[2026-03-15T08:40:48Z INFO  bif_core::texture] Texture electronics_portable_tv01_Roughness.1024.jpg (2048x2048): decode=75.0ms, convert=14.3ms, linear=44.1ms, total=133.3ms
[2026-03-15T08:40:48Z INFO  bif_core::texture] Texture books_magazines01_Normal_openGL.1013.jpg (2048x2048): decode=10801.1ms, convert=14.5ms, linear=43.0ms, total=10858.6ms
[2026-03-15T08:40:48Z INFO  bif_viewport::texture_loader] UDIM atlas: 13 tiles -> 10240x6144 (5x3 grid, tile 2048x2048)
[2026-03-15T08:40:49Z INFO  bif_viewport::texture_loader] UDIM atlas: 6 tiles -> 6144x4096 (3x2 grid, tile 2048x2048)
[2026-03-15T08:40:49Z INFO  bif_viewport::texture_loader] UDIM atlas: 12 tiles -> 8192x6144 (4x3 grid, tile 2048x2048)
[2026-03-15T08:40:49Z INFO  bif_viewport::texture_loader] UDIM atlas: 13 tiles -> 10240x6144 (5x3 grid, tile 2048x2048)
[2026-03-15T08:40:49Z INFO  bif_core::texture] Texture electronics_audio_generator01_Normal_openGL.1001.jpg (2048x2048): decode=8257.3ms, convert=14.7ms, linear=40.5ms, total=8312.5ms
[2026-03-15T08:40:49Z INFO  bif_core::texture] Texture electronics_audio_generator01_Normal_openGL.1002.jpg (2048x2048): decode=37.5ms, convert=10.6ms, linear=32.5ms, total=80.6ms
[2026-03-15T08:40:50Z INFO  bif_core::texture] Texture electronics_audio_generator01_Normal_openGL.1003.jpg (2048x2048): decode=37.2ms, convert=11.6ms, linear=33.4ms, total=82.2ms
[2026-03-15T08:40:50Z INFO  bif_core::texture] Texture electronics_audio_generator01_Normal_openGL.1004.jpg (2048x2048): decode=36.3ms, convert=10.0ms, linear=30.3ms, total=76.7ms
[2026-03-15T08:40:50Z INFO  bif_core::texture] Texture electronics_audio_generator01_Normal_openGL.1005.jpg (2048x2048): decode=37.3ms, convert=10.7ms, linear=27.1ms, total=75.2ms
[2026-03-15T08:40:51Z INFO  bif_core::texture] Texture electronics_audio_generator01_Normal_openGL.1011.jpg (2048x2048): decode=41.3ms, convert=10.0ms, linear=29.9ms, total=81.2ms
[2026-03-15T08:40:51Z INFO  bif_core::texture] Texture electronics_audio_generator01_Normal_openGL.1012.jpg (2048x2048): decode=39.9ms, convert=10.3ms, linear=25.4ms, total=75.6ms
[2026-03-15T08:40:51Z INFO  bif_core::texture] Texture electronics_audio_generator01_Normal_openGL.1013.jpg (2048x2048): decode=36.9ms, convert=10.3ms, linear=29.6ms, total=76.8ms
[2026-03-15T08:40:52Z INFO  bif_core::texture] Texture electronics_audio_generator01_Normal_openGL.1014.jpg (2048x2048): decode=31.5ms, convert=9.7ms, linear=22.8ms, total=63.9ms
[2026-03-15T08:40:52Z INFO  bif_viewport::texture_loader] UDIM atlas: 9 tiles -> 10240x4096 (5x2 grid, tile 2048x2048)
[2026-03-15T08:40:52Z INFO  bif_viewport::texture_loader] Loaded 272 textures (raw u8): 44806.5ms
[2026-03-15T08:40:52Z INFO  bif_viewport::texture_loader] Viewport downscale //freya/E_rename/_houdiniFiles/USD/USD_ALab_0730/fragment/look/surfacing/furniture_workbench01/render_high/texture/look_surfacing_furniture_workbench01_render_high_texture/furniture_workbench01_BaseColor.<UDIM>.jpg from 8192x6144 to 2048x1536 (limit 2048)
[2026-03-15T08:40:52Z INFO  bif_core::texture] Texture structure_wall_fibro03_BaseColor.1002.jpg (2048x2048): decode=29105.3ms, convert=13.5ms, linear=48.0ms, total=29166.7ms
[2026-03-15T08:40:52Z INFO  bif_core::texture] Texture structure_wall_fibro03_Normal_openGL.1012.jpg (2048x2048): decode=24203.4ms, convert=13.3ms, linear=48.1ms, total=24264.8ms
[2026-03-15T08:40:52Z INFO  bif_core::texture] Texture electronics_turntable01_BaseColor.1005.jpg (2048x2048): decode=29082.5ms, convert=13.6ms, linear=48.5ms, total=29144.6ms
[2026-03-15T08:40:52Z INFO  bif_core::texture] Texture structure_wall_fibro02_BaseColor.1002.jpg (2048x2048): decode=28708.5ms, convert=13.7ms, linear=49.4ms, total=28771.5ms
[2026-03-15T08:40:52Z INFO  bif_viewport::texture_loader] Viewport downscale //freya/E_rename/_houdiniFiles/USD/USD_ALab_0730/fragment/look/surfacing/furniture_workbench01/render_high/texture/look_surfacing_furniture_workbench01_render_high_texture/furniture_workbench01_Roughness.<UDIM>.jpg from 8192x6144 to 2048x1536 (limit 2048)
[2026-03-15T08:40:52Z INFO  bif_viewport::texture_loader] Viewport downscale //freya/E_rename/_houdiniFiles/USD/USD_ALab_0730/fragment/look/surfacing/furniture_workbench01/render_high/texture/look_surfacing_furniture_workbench01_render_high_texture/furniture_workbench01_Normal_openGL.<UDIM>.jpg from 8192x6144 to 2048x1536 (limit 2048)
[2026-03-15T08:40:52Z INFO  bif_viewport::texture_loader] Viewport downscale //freya/E_rename/_houdiniFiles/USD/USD_ALab_0730/fragment/look/surfacing/electronics_oscilloscope01/render_high/texture/look_surfacing_electronics_oscilloscope01_render_high_texture/electronics_oscilloscope01_BaseColor.<UDIM>.jpg from 8192x6144 to 2048x1536 (limit 2048)
[2026-03-15T08:40:52Z INFO  bif_viewport::texture_loader] Viewport downscale //freya/E_rename/_houdiniFiles/USD/USD_ALab_0730/fragment/look/surfacing/electronics_oscilloscope01/render_high/texture/look_surfacing_electronics_oscilloscope01_render_high_texture/electronics_oscilloscope01_Roughness.<UDIM>.jpg from 8192x6144 to 2048x1536 (limit 2048)
[2026-03-15T08:40:52Z INFO  bif_viewport::texture_loader] Viewport downscale //freya/E_rename/_houdiniFiles/USD/USD_ALab_0730/fragment/look/surfacing/electronics_oscilloscope01/render_high/texture/look_surfacing_electronics_oscilloscope01_render_high_texture/electronics_oscilloscope01_Metallic.<UDIM>.jpg from 8192x6144 to 2048x1536 (limit 2048)
[2026-03-15T08:40:52Z INFO  bif_viewport::texture_loader] Viewport downscale //freya/E_rename/_houdiniFiles/USD/USD_ALab_0730/fragment/look/surfacing/electronics_oscilloscope01/render_high/texture/look_surfacing_electronics_oscilloscope01_render_high_texture/electronics_oscilloscope01_Normal_openGL.<UDIM>.jpg from 8192x6144 to 2048x1536 (limit 2048)
[2026-03-15T08:40:52Z INFO  bif_core::texture] Texture electronics_turntable01_BaseColor.1011.jpg (2048x2048): decode=36.8ms, convert=10.8ms, linear=41.2ms, total=88.8ms
[2026-03-15T08:40:52Z INFO  bif_viewport::texture_loader] Viewport downscale //freya/E_rename/_houdiniFiles/USD/USD_ALab_0730/fragment/look/surfacing/electronics_portable_tv01/render_high/texture/look_surfacing_electronics_portable_tv01_render_high_texture/electronics_portable_tv01_BaseColor.<UDIM>.jpg from 10240x6144 to 2048x1228 (limit 2048)
[2026-03-15T08:40:52Z INFO  bif_viewport::texture_loader] UDIM atlas: 5 tiles -> 6144x4096 (3x2 grid, tile 2048x2048)
[2026-03-15T08:40:52Z INFO  bif_core::texture] Texture structure_wall_fibro03_BaseColor.1003.jpg (2048x2048): decode=91.0ms, convert=14.8ms, linear=39.5ms, total=145.3ms
[2026-03-15T08:40:52Z INFO  bif_core::texture] Texture structure_wall_fibro02_BaseColor.1003.jpg (2048x2048): decode=85.8ms, convert=16.7ms, linear=40.4ms, total=142.8ms
[2026-03-15T08:40:52Z INFO  bif_viewport::texture_loader] Viewport downscale //freya/E_rename/_houdiniFiles/USD/USD_ALab_0730/fragment/look/surfacing/electronics_portable_tv01/render_high/texture/look_surfacing_electronics_portable_tv01_render_high_texture/electronics_portable_tv01_Roughness.<UDIM>.jpg from 10240x6144 to 2048x1228 (limit 2048)
[2026-03-15T08:40:53Z INFO  bif_viewport::texture_loader] Viewport downscale //freya/E_rename/_houdiniFiles/USD/USD_ALab_0730/fragment/look/surfacing/electronics_portable_tv01/render_high/texture/look_surfacing_electronics_portable_tv01_render_high_texture/electronics_portable_tv01_Metallic.<UDIM>.jpg from 10240x6144 to 2048x1228 (limit 2048)
[2026-03-15T08:40:53Z INFO  bif_viewport::texture_loader] Viewport downscale //freya/E_rename/_houdiniFiles/USD/USD_ALab_0730/fragment/look/surfacing/electronics_portable_tv01/render_high/texture/look_surfacing_electronics_portable_tv01_render_high_texture/electronics_portable_tv01_Normal_openGL.<UDIM>.jpg from 10240x6144 to 2048x1228 (limit 2048)
[2026-03-15T08:40:53Z INFO  bif_core::texture] Texture structure_wall_fibro02_BaseColor.1011.jpg (2048x2048): decode=72.4ms, convert=19.2ms, linear=50.5ms, total=142.1ms
[2026-03-15T08:40:53Z INFO  bif_core::texture] Texture electronics_turntable01_BaseColor.1012.jpg (2048x2048): decode=67.5ms, convert=19.2ms, linear=51.1ms, total=137.8ms
[2026-03-15T08:40:53Z INFO  bif_core::texture] Texture structure_wall_fibro03_BaseColor.1011.jpg (2048x2048): decode=79.7ms, convert=18.9ms, linear=47.6ms, total=146.2ms
[2026-03-15T08:40:53Z INFO  bif_viewport::texture_loader] Viewport downscale //freya/E_rename/_houdiniFiles/USD/USD_ALab_0730/fragment/look/surfacing/books_magazines01/render_high/texture/look_surfacing_books_magazines01_render_high_texture/books_magazines01_BaseColor.<UDIM>.jpg from 6144x4096 to 2048x1365 (limit 2048)
[2026-03-15T08:40:53Z INFO  bif_viewport::texture_loader] Viewport downscale //freya/E_rename/_houdiniFiles/USD/USD_ALab_0730/fragment/look/surfacing/books_magazines01/render_high/texture/look_surfacing_books_magazines01_render_high_texture/books_magazines01_Roughness.<UDIM>.jpg from 6144x4096 to 2048x1365 (limit 2048)
[2026-03-15T08:40:53Z INFO  bif_viewport::texture_loader] Viewport downscale //freya/E_rename/_houdiniFiles/USD/USD_ALab_0730/fragment/look/surfacing/books_magazines01/render_high/texture/look_surfacing_books_magazines01_render_high_texture/books_magazines01_Normal_openGL.<UDIM>.jpg from 6144x4096 to 2048x1365 (limit 2048)
[2026-03-15T08:40:53Z INFO  bif_core::texture] Texture electronics_turntable01_BaseColor.1013.jpg (2048x2048): decode=72.0ms, convert=13.9ms, linear=46.2ms, total=132.1ms
[2026-03-15T08:40:53Z INFO  bif_core::texture] Texture structure_wall_fibro02_BaseColor.1012.jpg (2048x2048): decode=69.5ms, convert=16.1ms, linear=45.7ms, total=131.3ms
[2026-03-15T08:40:53Z INFO  bif_core::texture] Texture structure_wall_fibro03_BaseColor.1012.jpg (2048x2048): decode=70.1ms, convert=16.8ms, linear=47.8ms, total=134.8ms
[2026-03-15T08:40:53Z INFO  bif_viewport::texture_loader] Viewport downscale //freya/E_rename/_houdiniFiles/USD/USD_ALab_0730/fragment/look/surfacing/chemistry_beaker_stand01/render_high/texture/look_surfacing_chemistry_beaker_stand01_render_high_texture/chemistry_beaker_stand01_BaseColor.<UDIM>.jpg from 4096x2048 to 2048x1024 (limit 2048)
[2026-03-15T08:40:53Z INFO  bif_viewport::texture_loader] Viewport downscale //freya/E_rename/_houdiniFiles/USD/USD_ALab_0730/fragment/look/surfacing/chemistry_beaker_stand01/render_high/texture/look_surfacing_chemistry_beaker_stand01_render_high_texture/chemistry_beaker_stand01_Roughness.<UDIM>.jpg from 4096x2048 to 2048x1024 (limit 2048)
[2026-03-15T08:40:53Z INFO  bif_viewport::texture_loader] Viewport downscale //freya/E_rename/_houdiniFiles/USD/USD_ALab_0730/fragment/look/surfacing/chemistry_beaker_stand01/render_high/texture/look_surfacing_chemistry_beaker_stand01_render_high_texture/chemistry_beaker_stand01_Metallic.<UDIM>.jpg from 4096x2048 to 2048x1024 (limit 2048)
[2026-03-15T08:40:53Z INFO  bif_viewport::texture_loader] Viewport downscale //freya/E_rename/_houdiniFiles/USD/USD_ALab_0730/fragment/look/surfacing/chemistry_beaker_stand01/render_high/texture/look_surfacing_chemistry_beaker_stand01_render_high_texture/chemistry_beaker_stand01_Normal_openGL.<UDIM>.jpg from 4096x2048 to 2048x1024 (limit 2048)
[2026-03-15T08:40:54Z INFO  bif_core::texture] Texture electronics_turntable01_BaseColor.1014.jpg (2048x2048): decode=65.1ms, convert=19.0ms, linear=54.4ms, total=138.5ms
[2026-03-15T08:40:54Z INFO  bif_viewport::texture_loader] UDIM atlas: 5 tiles -> 6144x4096 (3x2 grid, tile 2048x2048)
[2026-03-15T08:40:54Z INFO  bif_viewport::texture_loader] UDIM atlas: 5 tiles -> 6144x4096 (3x2 grid, tile 2048x2048)
[2026-03-15T08:40:54Z INFO  bif_viewport::texture_loader] Viewport downscale //freya/E_rename/_houdiniFiles/USD/USD_ALab_0730/fragment/look/surfacing/chemistry_flask_stand01/render_high/texture/look_surfacing_chemistry_flask_stand01_render_high_texture/chemistry_flask_stand01_BaseColor.<UDIM>.jpg from 6144x2048 to 2048x682 (limit 2048)
[2026-03-15T08:40:54Z INFO  bif_core::texture] Texture electronics_audio_generator01_BaseColor.1011.jpg (2048x2048): decode=31603.4ms, convert=13.3ms, linear=32.9ms, total=31649.6ms
[2026-03-15T08:40:54Z INFO  bif_viewport::texture_loader] Viewport downscale //freya/E_rename/_houdiniFiles/USD/USD_ALab_0730/fragment/look/surfacing/chemistry_flask_stand01/render_high/texture/look_surfacing_chemistry_flask_stand01_render_high_texture/chemistry_flask_stand01_Roughness.<UDIM>.jpg from 6144x2048 to 2048x682 (limit 2048)
[2026-03-15T08:40:54Z INFO  bif_viewport::texture_loader] Viewport downscale //freya/E_rename/_houdiniFiles/USD/USD_ALab_0730/fragment/look/surfacing/chemistry_flask_stand01/render_high/texture/look_surfacing_chemistry_flask_stand01_render_high_texture/chemistry_flask_stand01_Normal_openGL.<UDIM>.jpg from 6144x2048 to 2048x682 (limit 2048)
[2026-03-15T08:40:54Z INFO  bif_viewport::texture_loader] Viewport downscale //freya/E_rename/_houdiniFiles/USD/USD_ALab_0730/fragment/look/surfacing/chemistry_kipps_apparatus01/render_high/texture/look_surfacing_chemistry_kipps_apparatus01_render_high_texture/chemistry_kipps_apparatus01_BaseColor.<UDIM>.jpg from 6144x2048 to 2048x682 (limit 2048)
[2026-03-15T08:40:54Z INFO  bif_viewport::texture_loader] Viewport downscale //freya/E_rename/_houdiniFiles/USD/USD_ALab_0730/fragment/look/surfacing/chemistry_kipps_apparatus01/render_high/texture/look_surfacing_chemistry_kipps_apparatus01_render_high_texture/chemistry_kipps_apparatus01_Roughness.<UDIM>.jpg from 6144x2048 to 2048x682 (limit 2048)
[2026-03-15T08:40:54Z INFO  bif_viewport::texture_loader] Viewport downscale //freya/E_rename/_houdiniFiles/USD/USD_ALab_0730/fragment/look/surfacing/chemistry_kipps_apparatus01/render_high/texture/look_surfacing_chemistry_kipps_apparatus01_render_high_texture/chemistry_kipps_apparatus01_Normal_openGL.<UDIM>.jpg from 6144x2048 to 2048x682 (limit 2048)
[2026-03-15T08:40:54Z INFO  bif_viewport::texture_loader] Viewport downscale //freya/E_rename/_houdiniFiles/USD/USD_ALab_0730/fragment/look/surfacing/chemistry_microscope01/render_high/texture/look_surfacing_chemistry_microscope01_render_high_texture/chemistry_microscope01_BaseColor.<UDIM>.jpg from 6144x4096 to 2048x1365 (limit 2048)
[2026-03-15T08:40:54Z INFO  bif_viewport::texture_loader] Viewport downscale //freya/E_rename/_houdiniFiles/USD/USD_ALab_0730/fragment/look/surfacing/chemistry_microscope01/render_high/texture/look_surfacing_chemistry_microscope01_render_high_texture/chemistry_microscope01_Roughness.<UDIM>.jpg from 6144x4096 to 2048x1365 (limit 2048)
[2026-03-15T08:40:54Z INFO  bif_viewport::texture_loader] Viewport downscale //freya/E_rename/_houdiniFiles/USD/USD_ALab_0730/fragment/look/surfacing/chemistry_microscope01/render_high/texture/look_surfacing_chemistry_microscope01_render_high_texture/chemistry_microscope01_Metallic.<UDIM>.jpg from 6144x4096 to 2048x1365 (limit 2048)
[2026-03-15T08:40:54Z INFO  bif_viewport::texture_loader] Viewport downscale //freya/E_rename/_houdiniFiles/USD/USD_ALab_0730/fragment/look/surfacing/chemistry_microscope01/render_high/texture/look_surfacing_chemistry_microscope01_render_high_texture/chemistry_microscope01_Normal_openGL.<UDIM>.jpg from 6144x4096 to 2048x1365 (limit 2048)
[2026-03-15T08:40:54Z INFO  bif_viewport::texture_loader] Viewport downscale //freya/E_rename/_houdiniFiles/USD/USD_ALab_0730/fragment/look/surfacing/decor_foam_hand/render_high/texture/look_surfacing_decor_foam_hand_render_high_texture/BakedDiffuse_porc_hand.<UDIM>.jpg from 4096x2048 to 2048x1024 (limit 2048)
[2026-03-15T08:40:54Z INFO  bif_viewport::texture_loader] UDIM atlas: 9 tiles -> 10240x4096 (5x2 grid, tile 2048x2048)
[2026-03-15T08:40:54Z INFO  bif_viewport::texture_loader] Viewport downscale //freya/E_rename/_houdiniFiles/USD/USD_ALab_0730/fragment/look/surfacing/decor_helmet_head01/render_high/texture/look_surfacing_decor_helmet_head01_render_high_texture/decor_helmet_head01_BaseColor.<UDIM>.jpg from 4096x2048 to 2048x1024 (limit 2048)
[2026-03-15T08:40:54Z INFO  bif_viewport::texture_loader] Viewport downscale //freya/E_rename/_houdiniFiles/USD/USD_ALab_0730/fragment/look/surfacing/decor_helmet_head01/render_high/texture/look_surfacing_decor_helmet_head01_render_high_texture/decor_helmet_head01_Roughness.<UDIM>.jpg from 4096x2048 to 2048x1024 (limit 2048)
[2026-03-15T08:40:54Z INFO  bif_viewport::texture_loader] Viewport downscale //freya/E_rename/_houdiniFiles/USD/USD_ALab_0730/fragment/look/surfacing/decor_helmet_head01/render_high/texture/look_surfacing_decor_helmet_head01_render_high_texture/decor_helmet_head01_Metallic.<UDIM>.jpg from 4096x2048 to 2048x1024 (limit 2048)
[2026-03-15T08:40:54Z INFO  bif_core::texture] Texture electronics_audio_generator01_BaseColor.1012.jpg (2048x2048): decode=50.6ms, convert=13.5ms, linear=29.6ms, total=93.7ms
[2026-03-15T08:40:54Z INFO  bif_viewport::texture_loader] Viewport downscale //freya/E_rename/_houdiniFiles/USD/USD_ALab_0730/fragment/look/surfacing/decor_helmet_head01/render_high/texture/look_surfacing_decor_helmet_head01_render_high_texture/decor_helmet_head01_Normal_openGL.<UDIM>.jpg from 4096x2048 to 2048x1024 (limit 2048)
[2026-03-15T08:40:54Z INFO  bif_viewport::texture_loader] Viewport downscale //freya/E_rename/_houdiniFiles/USD/USD_ALab_0730/fragment/look/surfacing/decor_wooden_box01/render_high/texture/look_surfacing_decor_wooden_box01_render_high_texture/decor_wooden_box01_BaseColor.<UDIM>.jpg from 6144x4096 to 2048x1365 (limit 2048)
[2026-03-15T08:40:54Z INFO  bif_viewport::texture_loader] Viewport downscale //freya/E_rename/_houdiniFiles/USD/USD_ALab_0730/fragment/look/surfacing/decor_wooden_box01/render_high/texture/look_surfacing_decor_wooden_box01_render_high_texture/decor_wooden_box01_Roughness.<UDIM>.jpg from 6144x4096 to 2048x1365 (limit 2048)
[2026-03-15T08:40:54Z INFO  bif_viewport::texture_loader] Viewport downscale //freya/E_rename/_houdiniFiles/USD/USD_ALab_0730/fragment/look/surfacing/decor_wooden_box01/render_high/texture/look_surfacing_decor_wooden_box01_render_high_texture/decor_wooden_box01_Normal_openGL.<UDIM>.jpg from 6144x4096 to 2048x1365 (limit 2048)
[2026-03-15T08:40:54Z INFO  bif_viewport::texture_loader] Viewport downscale //freya/E_rename/_houdiniFiles/USD/USD_ALab_0730/fragment/look/surfacing/electronics_audio_generator01/render_high/texture/look_surfacing_electronics_audio_generator01_render_high_texture/electronics_audio_generator01_BaseColor.<UDIM>.jpg from 10240x4096 to 2048x819 (limit 2048)
[2026-03-15T08:40:54Z INFO  bif_viewport::texture_loader] Viewport downscale //freya/E_rename/_houdiniFiles/USD/USD_ALab_0730/fragment/look/surfacing/electronics_audio_generator01/render_high/texture/look_surfacing_electronics_audio_generator01_render_high_texture/electronics_audio_generator01_Roughness.<UDIM>.jpg from 10240x4096 to 2048x819 (limit 2048)
[2026-03-15T08:40:54Z INFO  bif_viewport::texture_loader] Viewport downscale //freya/E_rename/_houdiniFiles/USD/USD_ALab_0730/fragment/look/surfacing/electronics_audio_generator01/render_high/texture/look_surfacing_electronics_audio_generator01_render_high_texture/electronics_audio_generator01_Metallic.<UDIM>.jpg from 10240x4096 to 2048x819 (limit 2048)
[2026-03-15T08:40:54Z INFO  bif_viewport::texture_loader] Viewport downscale //freya/E_rename/_houdiniFiles/USD/USD_ALab_0730/fragment/look/surfacing/electronics_audio_generator01/render_high/texture/look_surfacing_electronics_audio_generator01_render_high_texture/electronics_audio_generator01_Normal_openGL.<UDIM>.jpg from 10240x4096 to 2048x819 (limit 2048)
[2026-03-15T08:40:54Z INFO  bif_viewport::texture_loader] Viewport downscale //freya/E_rename/_houdiniFiles/USD/USD_ALab_0730/fragment/look/surfacing/electronics_tesla_coil01/render_high/texture/look_surfacing_electronics_tesla_coil01_render_high_texture/electronics_tesla_coil01_BaseColor.<UDIM>.jpg from 10240x4096 to 2048x819 (limit 2048)
[2026-03-15T08:40:54Z INFO  bif_viewport::texture_loader] Viewport downscale //freya/E_rename/_houdiniFiles/USD/USD_ALab_0730/fragment/look/surfacing/electronics_tesla_coil01/render_high/texture/look_surfacing_electronics_tesla_coil01_render_high_texture/electronics_tesla_coil01_Roughness.<UDIM>.jpg from 10240x4096 to 2048x819 (limit 2048)
[2026-03-15T08:40:54Z INFO  bif_core::texture] Texture electronics_audio_generator01_BaseColor.1013.jpg (2048x2048): decode=60.9ms, convert=13.3ms, linear=33.7ms, total=107.9ms
[2026-03-15T08:40:54Z INFO  bif_viewport::texture_loader] Viewport downscale //freya/E_rename/_houdiniFiles/USD/USD_ALab_0730/fragment/look/surfacing/electronics_tesla_coil01/render_high/texture/look_surfacing_electronics_tesla_coil01_render_high_texture/electronics_tesla_coil01_Metallic.<UDIM>.jpg from 10240x4096 to 2048x819 (limit 2048)
[2026-03-15T08:40:54Z INFO  bif_viewport::texture_loader] Viewport downscale //freya/E_rename/_houdiniFiles/USD/USD_ALab_0730/fragment/look/surfacing/electronics_tesla_coil01/render_high/texture/look_surfacing_electronics_tesla_coil01_render_high_texture/electronics_tesla_coil01_Normal_openGL.<UDIM>.jpg from 10240x4096 to 2048x819 (limit 2048)
[2026-03-15T08:40:55Z INFO  bif_viewport::texture_loader] Viewport downscale //freya/E_rename/_houdiniFiles/USD/USD_ALab_0730/fragment/look/surfacing/electronics_turntable01/render_high/texture/look_surfacing_electronics_turntable01_render_high_texture/electronics_turntable01_BaseColor.<UDIM>.jpg from 10240x4096 to 2048x819 (limit 2048)
[2026-03-15T08:40:55Z INFO  bif_viewport::texture_loader] Viewport downscale //freya/E_rename/_houdiniFiles/USD/USD_ALab_0730/fragment/look/surfacing/electronics_turntable01/render_high/texture/look_surfacing_electronics_turntable01_render_high_texture/electronics_turntable01_Roughness.<UDIM>.jpg from 10240x4096 to 2048x819 (limit 2048)
[2026-03-15T08:40:55Z INFO  bif_viewport::texture_loader] Viewport downscale //freya/E_rename/_houdiniFiles/USD/USD_ALab_0730/fragment/look/surfacing/electronics_turntable01/render_high/texture/look_surfacing_electronics_turntable01_render_high_texture/electronics_turntable01_Normal_openGL.<UDIM>.jpg from 10240x4096 to 2048x819 (limit 2048)
[2026-03-15T08:40:55Z INFO  bif_viewport::texture_loader] Viewport downscale //freya/E_rename/_houdiniFiles/USD/USD_ALab_0730/fragment/look/surfacing/electronics_wire_spool01/render_high/texture/look_surfacing_electronics_wire_spool01_render_high_texture/electronics_wire_spool01_BaseColor.<UDIM>.jpg from 4096x2048 to 2048x1024 (limit 2048)
[2026-03-15T08:40:55Z INFO  bif_viewport::texture_loader] Viewport downscale //freya/E_rename/_houdiniFiles/USD/USD_ALab_0730/fragment/look/surfacing/electronics_wire_spool01/render_high/texture/look_surfacing_electronics_wire_spool01_render_high_texture/electronics_wire_spool01_Roughness.<UDIM>.jpg from 4096x2048 to 2048x1024 (limit 2048)
[2026-03-15T08:40:55Z INFO  bif_viewport::texture_loader] Viewport downscale //freya/E_rename/_houdiniFiles/USD/USD_ALab_0730/fragment/look/surfacing/electronics_wire_spool01/render_high/texture/look_surfacing_electronics_wire_spool01_render_high_texture/electronics_wire_spool01_Metallic.<UDIM>.jpg from 4096x2048 to 2048x1024 (limit 2048)
[2026-03-15T08:40:55Z INFO  bif_viewport::texture_loader] Viewport downscale //freya/E_rename/_houdiniFiles/USD/USD_ALab_0730/fragment/look/surfacing/electronics_wire_spool01/render_high/texture/look_surfacing_electronics_wire_spool01_render_high_texture/electronics_wire_spool01_Normal_openGL.<UDIM>.jpg from 4096x2048 to 2048x1024 (limit 2048)
[2026-03-15T08:40:55Z INFO  bif_viewport::texture_loader] Viewport downscale //freya/E_rename/_houdiniFiles/USD/USD_ALab_0730/fragment/look/surfacing/furniture_blackboard01/render_high/texture/look_surfacing_furniture_blackboard01_render_high_texture/furniture_blackboard01_BaseColor.<UDIM>.jpg from 6144x2048 to 2048x682 (limit 2048)
[2026-03-15T08:40:55Z INFO  bif_viewport::texture_loader] Viewport downscale //freya/E_rename/_houdiniFiles/USD/USD_ALab_0730/fragment/look/surfacing/furniture_blackboard01/render_high/texture/look_surfacing_furniture_blackboard01_render_high_texture/furniture_blackboard01_Roughness.<UDIM>.jpg from 6144x2048 to 2048x682 (limit 2048)
[2026-03-15T08:40:55Z INFO  bif_core::texture] Texture electronics_audio_generator01_BaseColor.1014.jpg (2048x2048): decode=51.6ms, convert=12.1ms, linear=28.2ms, total=91.8ms
[2026-03-15T08:40:55Z INFO  bif_viewport::texture_loader] Viewport downscale //freya/E_rename/_houdiniFiles/USD/USD_ALab_0730/fragment/look/surfacing/furniture_blackboard01/render_high/texture/look_surfacing_furniture_blackboard01_render_high_texture/furniture_blackboard01_Normal_openGL.<UDIM>.jpg from 6144x2048 to 2048x682 (limit 2048)
[2026-03-15T08:40:55Z INFO  bif_viewport::texture_loader] Viewport downscale //freya/E_rename/_houdiniFiles/USD/USD_ALab_0730/fragment/look/surfacing/furniture_shelving01/render_high/texture/look_surfacing_furniture_shelving01_render_high_texture/furniture_shelving01_BaseColor.<UDIM>.jpg from 4096x2048 to 2048x1024 (limit 2048)
[2026-03-15T08:40:55Z INFO  bif_viewport::texture_loader] Viewport downscale //freya/E_rename/_houdiniFiles/USD/USD_ALab_0730/fragment/look/surfacing/furniture_shelving01/render_high/texture/look_surfacing_furniture_shelving01_render_high_texture/furniture_shelving01_Roughness.<UDIM>.jpg from 4096x2048 to 2048x1024 (limit 2048)
[2026-03-15T08:40:55Z INFO  bif_viewport::texture_loader] Viewport downscale //freya/E_rename/_houdiniFiles/USD/USD_ALab_0730/fragment/look/surfacing/furniture_shelving01/render_high/texture/look_surfacing_furniture_shelving01_render_high_texture/furniture_shelving01_Normal_openGL.<UDIM>.jpg from 4096x2048 to 2048x1024 (limit 2048)
[2026-03-15T08:40:55Z INFO  bif_viewport::texture_loader] Viewport downscale //freya/E_rename/_houdiniFiles/USD/USD_ALab_0730/fragment/look/surfacing/stationary_notepad01/render_high/texture/look_surfacing_stationary_notepad01_render_high_texture/stationary_notepad01_BaseColor.<UDIM>.jpg from 6144x2048 to 2048x682 (limit 2048)
[2026-03-15T08:40:55Z INFO  bif_viewport::texture_loader] Viewport downscale //freya/E_rename/_houdiniFiles/USD/USD_ALab_0730/fragment/look/surfacing/stationary_notepad01/render_high/texture/look_surfacing_stationary_notepad01_render_high_texture/stationary_notepad01_Roughness.<UDIM>.jpg from 6144x2048 to 2048x682 (limit 2048)
[2026-03-15T08:40:55Z INFO  bif_viewport::texture_loader] Viewport downscale //freya/E_rename/_houdiniFiles/USD/USD_ALab_0730/fragment/look/surfacing/stationary_notepad01/render_high/texture/look_surfacing_stationary_notepad01_render_high_texture/stationary_notepad01_Normal_openGL.<UDIM>.jpg from 6144x2048 to 2048x682 (limit 2048)
[2026-03-15T08:40:55Z INFO  bif_viewport::texture_loader] UDIM atlas: 9 tiles -> 10240x4096 (5x2 grid, tile 2048x2048)
[2026-03-15T08:40:55Z INFO  bif_viewport::texture_loader] Viewport downscale //freya/E_rename/_houdiniFiles/USD/USD_ALab_0730/fragment/look/surfacing/stationary_protractor_box01/render_high/texture/look_surfacing_stationary_protractor_box01_render_high_texture/stationary_protractor_box01_BaseColor.<UDIM>.jpg from 4096x4096 to 2048x2048 (limit 2048)
[2026-03-15T08:40:55Z INFO  bif_viewport::texture_loader] Viewport downscale //freya/E_rename/_houdiniFiles/USD/USD_ALab_0730/fragment/look/surfacing/stationary_protractor_box01/render_high/texture/look_surfacing_stationary_protractor_box01_render_high_texture/stationary_protractor_box01_Roughness.<UDIM>.jpg from 4096x4096 to 2048x2048 (limit 2048)
[2026-03-15T08:40:55Z INFO  bif_viewport::texture_loader] Viewport downscale //freya/E_rename/_houdiniFiles/USD/USD_ALab_0730/fragment/look/surfacing/stationary_protractor_box01/render_high/texture/look_surfacing_stationary_protractor_box01_render_high_texture/stationary_protractor_box01_Normal_openGL.<UDIM>.jpg from 4096x4096 to 2048x2048 (limit 2048)
[2026-03-15T08:40:55Z INFO  bif_viewport::texture_loader] Viewport downscale //freya/E_rename/_houdiniFiles/USD/USD_ALab_0730/fragment/look/surfacing/stationary_slide_rule01/render_high/texture/look_surfacing_stationary_slide_rule01_render_high_texture/stationary_slide_rule01_BaseColor.<UDIM>.jpg from 6144x2048 to 2048x682 (limit 2048)
[2026-03-15T08:40:55Z INFO  bif_viewport::texture_loader] Viewport downscale //freya/E_rename/_houdiniFiles/USD/USD_ALab_0730/fragment/look/surfacing/stationary_slide_rule01/render_high/texture/look_surfacing_stationary_slide_rule01_render_high_texture/stationary_slide_rule01_Roughness.<UDIM>.jpg from 6144x2048 to 2048x682 (limit 2048)
[2026-03-15T08:40:55Z INFO  bif_viewport::texture_loader] Viewport downscale //freya/E_rename/_houdiniFiles/USD/USD_ALab_0730/fragment/look/surfacing/stationary_slide_rule01/render_high/texture/look_surfacing_stationary_slide_rule01_render_high_texture/stationary_slide_rule01_Normal_openGL.<UDIM>.jpg from 6144x2048 to 2048x682 (limit 2048)
[2026-03-15T08:40:56Z INFO  bif_viewport::texture_loader] Viewport downscale //freya/E_rename/_houdiniFiles/USD/USD_ALab_0730/fragment/look/surfacing/books_encyclopedias01/render_high/texture/look_surfacing_books_encyclopedias01_render_high_texture/books_encyclopedias01_BaseColor.<UDIM>.jpg from 6144x2048 to 2048x682 (limit 2048)
[2026-03-15T08:40:56Z INFO  bif_viewport::texture_loader] Viewport downscale //freya/E_rename/_houdiniFiles/USD/USD_ALab_0730/fragment/look/surfacing/books_encyclopedias01/render_high/texture/look_surfacing_books_encyclopedias01_render_high_texture/books_encyclopedias01_Roughness.<UDIM>.jpg from 6144x2048 to 2048x682 (limit 2048)
[2026-03-15T08:40:56Z INFO  bif_viewport::texture_loader] Viewport downscale //freya/E_rename/_houdiniFiles/USD/USD_ALab_0730/fragment/look/surfacing/books_encyclopedias01/render_high/texture/look_surfacing_books_encyclopedias01_render_high_texture/books_encyclopedias01_Normal_openGL.<UDIM>.jpg from 6144x2048 to 2048x682 (limit 2048)
[2026-03-15T08:40:56Z INFO  bif_viewport::texture_loader] Viewport downscale //freya/E_rename/_houdiniFiles/USD/USD_ALab_0730/fragment/look/surfacing/toy_box03/render_high/texture/look_surfacing_toy_box03_render_high_texture/toy_box03_BaseColor.<UDIM>.jpg from 6144x2048 to 2048x682 (limit 2048)
[2026-03-15T08:40:56Z INFO  bif_viewport::texture_loader] Viewport downscale //freya/E_rename/_houdiniFiles/USD/USD_ALab_0730/fragment/look/surfacing/toy_box03/render_high/texture/look_surfacing_toy_box03_render_high_texture/toy_box03_Roughness.<UDIM>.jpg from 6144x2048 to 2048x682 (limit 2048)
[2026-03-15T08:40:56Z INFO  bif_viewport::texture_loader] Viewport downscale //freya/E_rename/_houdiniFiles/USD/USD_ALab_0730/fragment/look/surfacing/toy_box03/render_high/texture/look_surfacing_toy_box03_render_high_texture/toy_box03_Normal_openGL.<UDIM>.jpg from 6144x2048 to 2048x682 (limit 2048)
[2026-03-15T08:40:56Z INFO  bif_viewport::texture_loader] Viewport downscale //freya/E_rename/_houdiniFiles/USD/USD_ALab_0730/fragment/look/surfacing/chemistry_magnetic_stirrer01/render_high/texture/look_surfacing_chemistry_magnetic_stirrer01_render_high_texture/chemistry_magnetic_stirrer01_BaseColor.<UDIM>.jpg from 4096x4096 to 2048x2048 (limit 2048)
[2026-03-15T08:40:56Z INFO  bif_viewport::texture_loader] Viewport downscale //freya/E_rename/_houdiniFiles/USD/USD_ALab_0730/fragment/look/surfacing/chemistry_magnetic_stirrer01/render_high/texture/look_surfacing_chemistry_magnetic_stirrer01_render_high_texture/chemistry_magnetic_stirrer01_Roughness.<UDIM>.jpg from 4096x4096 to 2048x2048 (limit 2048)
[2026-03-15T08:40:56Z INFO  bif_viewport::texture_loader] Viewport downscale //freya/E_rename/_houdiniFiles/USD/USD_ALab_0730/fragment/look/surfacing/chemistry_magnetic_stirrer01/render_high/texture/look_surfacing_chemistry_magnetic_stirrer01_render_high_texture/chemistry_magnetic_stirrer01_Normal_openGL.<UDIM>.jpg from 4096x4096 to 2048x2048 (limit 2048)
[2026-03-15T08:40:56Z INFO  bif_viewport::texture_loader] Viewport downscale //freya/E_rename/_houdiniFiles/USD/USD_ALab_0730/fragment/look/surfacing/electronics_spoolrack/render_high/texture/look_surfacing_electronics_spoolrack_render_high_texture/electronics_spoolrack_BaseColor.<UDIM>.jpg from 4096x2048 to 2048x1024 (limit 2048)
[2026-03-15T08:40:56Z INFO  bif_viewport::texture_loader] Viewport downscale //freya/E_rename/_houdiniFiles/USD/USD_ALab_0730/fragment/look/surfacing/electronics_spoolrack/render_high/texture/look_surfacing_electronics_spoolrack_render_high_texture/electronics_spoolrack_Roughness.<UDIM>.jpg from 4096x2048 to 2048x1024 (limit 2048)
[2026-03-15T08:40:56Z INFO  bif_viewport::texture_loader] Viewport downscale //freya/E_rename/_houdiniFiles/USD/USD_ALab_0730/fragment/look/surfacing/electronics_spoolrack/render_high/texture/look_surfacing_electronics_spoolrack_render_high_texture/electronics_spoolrack_Normal_openGL.<UDIM>.jpg from 4096x2048 to 2048x1024 (limit 2048)
[2026-03-15T08:40:56Z INFO  bif_viewport::texture_loader] Viewport downscale //freya/E_rename/_houdiniFiles/USD/USD_ALab_0730/fragment/look/surfacing/electronics_wire_spool02/render_high/texture/look_surfacing_electronics_wire_spool02_render_high_texture/electronics_wire_spool02_BaseColor.<UDIM>.jpg from 4096x2048 to 2048x1024 (limit 2048)
[2026-03-15T08:40:56Z INFO  bif_viewport::texture_loader] Viewport downscale //freya/E_rename/_houdiniFiles/USD/USD_ALab_0730/fragment/look/surfacing/electronics_wire_spool02/render_high/texture/look_surfacing_electronics_wire_spool02_render_high_texture/electronics_wire_spool02_Roughness.<UDIM>.jpg from 4096x2048 to 2048x1024 (limit 2048)
[2026-03-15T08:40:56Z INFO  bif_viewport::texture_loader] Viewport downscale //freya/E_rename/_houdiniFiles/USD/USD_ALab_0730/fragment/look/surfacing/electronics_wire_spool02/render_high/texture/look_surfacing_electronics_wire_spool02_render_high_texture/electronics_wire_spool02_Metallic.<UDIM>.jpg from 4096x2048 to 2048x1024 (limit 2048)
[2026-03-15T08:40:56Z INFO  bif_viewport::texture_loader] Viewport downscale //freya/E_rename/_houdiniFiles/USD/USD_ALab_0730/fragment/look/surfacing/electronics_wire_spool02/render_high/texture/look_surfacing_electronics_wire_spool02_render_high_texture/electronics_wire_spool02_Normal_openGL.<UDIM>.jpg from 4096x2048 to 2048x1024 (limit 2048)
[2026-03-15T08:40:56Z INFO  bif_viewport::texture_loader] Viewport downscale //freya/E_rename/_houdiniFiles/USD/USD_ALab_0730/fragment/look/surfacing/toy_curly_surgery/render_high/texture/look_surfacing_toy_curly_surgery_render_high_texture/toy_curly_surgery_BaseColor.<UDIM>.jpg from 8192x4096 to 2048x1024 (limit 2048)
[2026-03-15T08:40:56Z INFO  bif_viewport::texture_loader] Viewport downscale //freya/E_rename/_houdiniFiles/USD/USD_ALab_0730/fragment/look/surfacing/toy_curly_surgery/render_high/texture/look_surfacing_toy_curly_surgery_render_high_texture/toy_curly_surgery_Roughness.<UDIM>.jpg from 8192x4096 to 2048x1024 (limit 2048)
[2026-03-15T08:40:56Z INFO  bif_viewport::texture_loader] Viewport downscale //freya/E_rename/_houdiniFiles/USD/USD_ALab_0730/fragment/look/surfacing/toy_curly_surgery/render_high/texture/look_surfacing_toy_curly_surgery_render_high_texture/toy_curly_surgery_Normal_openGL.<UDIM>.jpg from 8192x4096 to 2048x1024 (limit 2048)
[2026-03-15T08:40:56Z INFO  bif_viewport::texture_loader] Viewport downscale //freya/E_rename/_houdiniFiles/USD/USD_ALab_0730/fragment/look/surfacing/electronics_cabling/render_high/texture/look_surfacing_electronics_cabling_render_high_texture/electronics_cabling_BaseColor.<UDIM>.jpg from 8192x4096 to 2048x1024 (limit 2048)
[2026-03-15T08:40:56Z INFO  bif_viewport::texture_loader] Viewport downscale //freya/E_rename/_houdiniFiles/USD/USD_ALab_0730/fragment/look/surfacing/electronics_cabling/render_high/texture/look_surfacing_electronics_cabling_render_high_texture/electronics_cabling_Roughness.<UDIM>.jpg from 8192x4096 to 2048x1024 (limit 2048)
[2026-03-15T08:40:56Z INFO  bif_viewport::texture_loader] Viewport downscale //freya/E_rename/_houdiniFiles/USD/USD_ALab_0730/fragment/look/surfacing/electronics_cabling/render_high/texture/look_surfacing_electronics_cabling_render_high_texture/electronics_cabling_Normal_openGL.<UDIM>.jpg from 8192x4096 to 2048x1024 (limit 2048)
[2026-03-15T08:40:56Z INFO  bif_viewport::texture_loader] Viewport downscale //freya/E_rename/_houdiniFiles/USD/USD_ALab_0730/fragment/look/surfacing/decor_bonsai_jar01/render_high/texture/look_surfacing_decor_bonsai_jar01_render_high_texture/decor_bonsai_jar01_BaseColor.<UDIM>.jpg from 6144x2048 to 2048x682 (limit 2048)
[2026-03-15T08:40:56Z INFO  bif_viewport::texture_loader] Viewport downscale //freya/E_rename/_houdiniFiles/USD/USD_ALab_0730/fragment/look/surfacing/decor_bonsai_jar01/render_high/texture/look_surfacing_decor_bonsai_jar01_render_high_texture/decor_bonsai_jar01_Roughness.<UDIM>.jpg from 6144x2048 to 2048x682 (limit 2048)
[2026-03-15T08:40:56Z INFO  bif_viewport::texture_loader] Viewport downscale //freya/E_rename/_houdiniFiles/USD/USD_ALab_0730/fragment/look/surfacing/decor_bonsai_jar01/render_high/texture/look_surfacing_decor_bonsai_jar01_render_high_texture/decor_bonsai_jar01_Normal_openGL.<UDIM>.jpg from 6144x2048 to 2048x682 (limit 2048)
[2026-03-15T08:40:56Z INFO  bif_viewport::texture_loader] Viewport downscale //freya/E_rename/_houdiniFiles/USD/USD_ALab_0730/fragment/look/surfacing/electronics_wire_spool04/render_high/texture/look_surfacing_electronics_wire_spool04_render_high_texture/electronics_wire_spool04_BaseColor.<UDIM>.jpg from 4096x2048 to 2048x1024 (limit 2048)
[2026-03-15T08:40:56Z INFO  bif_viewport::texture_loader] Viewport downscale //freya/E_rename/_houdiniFiles/USD/USD_ALab_0730/fragment/look/surfacing/electronics_wire_spool04/render_high/texture/look_surfacing_electronics_wire_spool04_render_high_texture/electronics_wire_spool04_Roughness.<UDIM>.jpg from 4096x2048 to 2048x1024 (limit 2048)
[2026-03-15T08:40:56Z INFO  bif_viewport::texture_loader] Viewport downscale //freya/E_rename/_houdiniFiles/USD/USD_ALab_0730/fragment/look/surfacing/electronics_wire_spool04/render_high/texture/look_surfacing_electronics_wire_spool04_render_high_texture/electronics_wire_spool04_Metallic.<UDIM>.jpg from 4096x2048 to 2048x1024 (limit 2048)
[2026-03-15T08:40:56Z INFO  bif_viewport::texture_loader] Viewport downscale //freya/E_rename/_houdiniFiles/USD/USD_ALab_0730/fragment/look/surfacing/electronics_wire_spool04/render_high/texture/look_surfacing_electronics_wire_spool04_render_high_texture/electronics_wire_spool04_Normal_openGL.<UDIM>.jpg from 4096x2048 to 2048x1024 (limit 2048)
[2026-03-15T08:40:56Z INFO  bif_viewport::texture_loader] Viewport downscale //freya/E_rename/_houdiniFiles/USD/USD_ALab_0730/fragment/look/surfacing/electronics_wire_spool05/render_high/texture/look_surfacing_electronics_wire_spool05_render_high_texture/electronics_wire_spool05_BaseColor.<UDIM>.jpg from 4096x2048 to 2048x1024 (limit 2048)
[2026-03-15T08:40:56Z INFO  bif_viewport::texture_loader] Viewport downscale //freya/E_rename/_houdiniFiles/USD/USD_ALab_0730/fragment/look/surfacing/electronics_wire_spool05/render_high/texture/look_surfacing_electronics_wire_spool05_render_high_texture/electronics_wire_spool05_Roughness.<UDIM>.jpg from 4096x2048 to 2048x1024 (limit 2048)
[2026-03-15T08:40:57Z INFO  bif_viewport::texture_loader] Viewport downscale //freya/E_rename/_houdiniFiles/USD/USD_ALab_0730/fragment/look/surfacing/electronics_wire_spool05/render_high/texture/look_surfacing_electronics_wire_spool05_render_high_texture/electronics_wire_spool05_Metallic.<UDIM>.jpg from 4096x2048 to 2048x1024 (limit 2048)
[2026-03-15T08:40:57Z INFO  bif_viewport::texture_loader] Viewport downscale //freya/E_rename/_houdiniFiles/USD/USD_ALab_0730/fragment/look/surfacing/electronics_wire_spool05/render_high/texture/look_surfacing_electronics_wire_spool05_render_high_texture/electronics_wire_spool05_Normal_openGL.<UDIM>.jpg from 4096x2048 to 2048x1024 (limit 2048)
[2026-03-15T08:40:57Z INFO  bif_viewport::texture_loader] Viewport downscale //freya/E_rename/_houdiniFiles/USD/USD_ALab_0730/fragment/look/surfacing/electronics_wire_spool06/render_high/texture/look_surfacing_electronics_wire_spool06_render_high_texture/electronics_wire_spool06_BaseColor.<UDIM>.jpg from 4096x2048 to 2048x1024 (limit 2048)
[2026-03-15T08:40:57Z INFO  bif_viewport::texture_loader] Viewport downscale //freya/E_rename/_houdiniFiles/USD/USD_ALab_0730/fragment/look/surfacing/electronics_wire_spool06/render_high/texture/look_surfacing_electronics_wire_spool06_render_high_texture/electronics_wire_spool06_Roughness.<UDIM>.jpg from 4096x2048 to 2048x1024 (limit 2048)
[2026-03-15T08:40:57Z INFO  bif_viewport::texture_loader] Viewport downscale //freya/E_rename/_houdiniFiles/USD/USD_ALab_0730/fragment/look/surfacing/electronics_wire_spool06/render_high/texture/look_surfacing_electronics_wire_spool06_render_high_texture/electronics_wire_spool06_Metallic.<UDIM>.jpg from 4096x2048 to 2048x1024 (limit 2048)
[2026-03-15T08:40:57Z INFO  bif_viewport::texture_loader] Viewport downscale //freya/E_rename/_houdiniFiles/USD/USD_ALab_0730/fragment/look/surfacing/electronics_wire_spool06/render_high/texture/look_surfacing_electronics_wire_spool06_render_high_texture/electronics_wire_spool06_Normal_openGL.<UDIM>.jpg from 4096x2048 to 2048x1024 (limit 2048)
[2026-03-15T08:40:57Z INFO  bif_viewport::texture_loader] Viewport downscale //freya/E_rename/_houdiniFiles/USD/USD_ALab_0730/fragment/look/surfacing/structure_wall_fibro01/render_high/texture/look_surfacing_structure_wall_fibro01_render_high_texture/structure_wall_fibro01_BaseColor.<UDIM>.jpg from 6144x4096 to 2048x1365 (limit 2048)
[2026-03-15T08:40:57Z INFO  bif_viewport::texture_loader] Viewport downscale //freya/E_rename/_houdiniFiles/USD/USD_ALab_0730/fragment/look/surfacing/structure_wall_fibro01/render_high/texture/look_surfacing_structure_wall_fibro01_render_high_texture/structure_wall_fibro01_Roughness.<UDIM>.jpg from 6144x4096 to 2048x1365 (limit 2048)
[2026-03-15T08:40:57Z INFO  bif_viewport::texture_loader] Viewport downscale //freya/E_rename/_houdiniFiles/USD/USD_ALab_0730/fragment/look/surfacing/structure_wall_fibro01/render_high/texture/look_surfacing_structure_wall_fibro01_render_high_texture/structure_wall_fibro01_Normal_openGL.<UDIM>.jpg from 6144x4096 to 2048x1365 (limit 2048)
[2026-03-15T08:40:57Z INFO  bif_viewport::texture_loader] Viewport downscale //freya/E_rename/_houdiniFiles/USD/USD_ALab_0730/fragment/look/surfacing/structure_wall_fibro02/render_high/texture/look_surfacing_structure_wall_fibro02_render_high_texture/structure_wall_fibro02_BaseColor.<UDIM>.jpg from 6144x4096 to 2048x1365 (limit 2048)
[2026-03-15T08:40:57Z INFO  bif_viewport::texture_loader] Viewport downscale //freya/E_rename/_houdiniFiles/USD/USD_ALab_0730/fragment/look/surfacing/structure_wall_fibro02/render_high/texture/look_surfacing_structure_wall_fibro02_render_high_texture/structure_wall_fibro02_Roughness.<UDIM>.jpg from 6144x4096 to 2048x1365 (limit 2048)
[2026-03-15T08:40:57Z INFO  bif_viewport::texture_loader] Viewport downscale //freya/E_rename/_houdiniFiles/USD/USD_ALab_0730/fragment/look/surfacing/structure_wall_fibro02/render_high/texture/look_surfacing_structure_wall_fibro02_render_high_texture/structure_wall_fibro02_Normal_openGL.<UDIM>.jpg from 6144x4096 to 2048x1365 (limit 2048)
[2026-03-15T08:40:57Z INFO  bif_viewport::texture_loader] Viewport downscale //freya/E_rename/_houdiniFiles/USD/USD_ALab_0730/fragment/look/surfacing/structure_wall_fibro03/render_high/texture/look_surfacing_structure_wall_fibro03_render_high_texture/structure_wall_fibro03_BaseColor.<UDIM>.jpg from 6144x4096 to 2048x1365 (limit 2048)
[2026-03-15T08:40:57Z INFO  bif_viewport::texture_loader] Viewport downscale //freya/E_rename/_houdiniFiles/USD/USD_ALab_0730/fragment/look/surfacing/structure_wall_fibro03/render_high/texture/look_surfacing_structure_wall_fibro03_render_high_texture/structure_wall_fibro03_Roughness.<UDIM>.jpg from 6144x4096 to 2048x1365 (limit 2048)
[2026-03-15T08:40:57Z INFO  bif_viewport::texture_loader] Viewport downscale //freya/E_rename/_houdiniFiles/USD/USD_ALab_0730/fragment/look/surfacing/structure_wall_fibro03/render_high/texture/look_surfacing_structure_wall_fibro03_render_high_texture/structure_wall_fibro03_Normal_openGL.<UDIM>.jpg from 6144x4096 to 2048x1365 (limit 2048)
[2026-03-15T08:40:57Z INFO  bif_viewport::texture_loader] Uploaded 272 textures to GPU: 5504.8ms
[2026-03-15T08:40:58Z INFO  bif_renderer::pick_scene] Pick scene built (indexed): 2566649 triangles, 914 instances, 1640725 shared verts
[2026-03-15T08:40:58Z INFO  bif_viewport] Pick scene rebuilt (indexed): 2566649 tris, 1640725 shared verts, 914 instances
[2026-03-15T08:40:58Z INFO  bif_viewport::scene_loader] Working scene reloaded: 444 protos, 914 instances, 2345917186 tris
[2026-03-15T08:40:58Z INFO  bif_viewport::scene_loader] Viewport Setup:
[2026-03-15T08:40:58Z INFO  bif_viewport::scene_loader]   GPU buffers:   174.8ms
[2026-03-15T08:40:58Z INFO  bif_viewport::scene_loader]   Textures:        3.3ms (273 textures)
[2026-03-15T08:40:58Z INFO  bif_viewport::scene_loader]   Total:       51366.4ms
[2026-03-15T08:40:58Z INFO  bif_viewport::ivar_build] Started material pre-warm (132 materials)
[2026-03-15T08:40:58Z INFO  bif_viewport::render] UsdRead NodeId(0) owns protos [0, 1, 2, 3, 4, 5, 6, 7, 8, 9, 10, 11, 12, 13, 14, 15, 16, 17, 18, 19, 20, 21, 22, 23, 24, 25, 26, 27, 28, 29, 30, 31, 32, 33, 34, 35, 36, 37, 38, 39, 40, 41, 42, 43, 44, 45, 46, 47, 48, 49, 50, 51, 52, 53, 54, 55, 56, 57, 58, 59, 60, 61, 62, 63, 64, 65, 66, 67, 68, 69, 70, 71, 72, 73, 74, 75, 76, 77, 78, 79, 80, 81, 82, 83, 84, 85, 86, 87, 88, 89, 90, 91, 92, 93, 94, 95, 96, 97, 98, 99, 100, 101, 102, 103, 104, 105, 106, 107, 108, 109, 110, 111, 112, 113, 114, 115, 116, 117, 118, 119, 120, 121, 122, 123, 124, 125, 126, 127, 128, 129, 130, 131, 132, 133, 134, 135, 136, 137, 138, 139, 140, 141, 142, 143, 144, 145, 146, 147, 148, 149, 150, 151, 152, 153, 154, 155, 156, 157, 158, 159, 160, 161, 162, 163, 164, 165, 166, 167, 168, 169, 170, 171, 172, 173, 174, 175, 176, 177, 178, 179, 180, 181, 182, 183, 184, 185, 186, 187, 188, 189, 190, 191, 192, 193, 194, 195, 196, 197, 198, 199, 200, 201, 202, 203, 204, 205, 206, 207, 208, 209, 210, 211, 212, 213, 214, 215, 216, 217, 218, 219, 220, 221, 222, 223, 224, 225, 226, 227, 228, 229, 230, 231, 232, 233, 234, 235, 236, 237, 238, 239, 240, 241, 242, 243, 244, 245, 246, 247, 248, 249, 250, 251, 252, 253, 254, 255, 256, 257, 258, 259, 260, 261, 262, 263, 264, 265, 266, 267, 268, 269, 270, 271, 272, 273, 274, 275, 276, 277, 278, 279, 280, 281, 282, 283, 284, 285, 286, 287, 288, 289, 290, 291, 292, 293, 294, 295, 296, 297, 298, 299, 300, 301, 302, 303, 304, 305, 306, 307, 308, 309, 310, 311, 312, 313, 314, 315, 316, 317, 318, 319, 320, 321, 322, 323, 324, 325, 326, 327, 328, 329, 330, 331, 332, 333, 334, 335, 336, 337, 338, 339, 340, 341, 342, 343, 344, 345, 346, 347, 348, 349, 350, 351, 352, 353, 354, 355, 356, 357, 358, 359, 360, 361, 362, 363, 364, 365, 366, 367, 368, 369, 370, 371, 372, 373, 374, 375, 376, 377, 378, 379, 380, 381, 382, 383, 384, 385, 386, 387, 388, 389, 390, 391, 392, 393, 394, 395, 396, 397, 398, 399, 400, 401, 402, 403, 404, 405, 406, 407, 408, 409, 410, 411, 412, 413, 414, 415, 416, 417, 418, 419, 420, 421, 422, 423, 424, 425, 426, 427, 428, 429, 430, 431, 432, 433, 434, 435, 436, 437, 438, 439, 440, 441, 442, 443]
[2026-03-15T08:40:58Z INFO  bif_viewport::render] USD file loaded successfully: Z:\_houdiniFiles\USD\USD_ALab_0730\entry.usda
[2026-03-15T08:40:58Z INFO  bif_core::texture] Texture furniture_workbench01_proxyTexture.jpg (512x512): decode=14.4ms, convert=0.9ms, linear=2.0ms, total=17.4ms
[2026-03-15T08:40:58Z WARN  wgpu_hal::vulkan::conv] Unrecognized present mode 1000361000
[2026-03-15T08:40:58Z INFO  bif_core::texture] Texture furniture_workbench01_BaseColor.1001.jpg (2048x2048): decode=63.7ms, convert=15.7ms, linear=51.4ms, total=130.7ms
[2026-03-15T08:40:58Z INFO  bif_core::texture] Texture furniture_workbench01_BaseColor.1002.jpg (2048x2048): decode=78.4ms, convert=16.0ms, linear=46.2ms, total=140.6ms
[2026-03-15T08:40:59Z INFO  bif_viewer] Resized to 1280x720
[2026-03-15T08:40:59Z INFO  bif_core::texture] Texture furniture_workbench01_BaseColor.1003.jpg (2048x2048): decode=78.3ms, convert=13.6ms, linear=49.2ms, total=141.2ms
[2026-03-15T08:40:59Z INFO  bif_viewport::texture_loader] Viewport downscale //freya/E_rename/_houdiniFiles/USD/USD_ALab_0730/fragment/look/surfacing/furniture_workbench01/render_high/texture/look_surfacing_furniture_workbench01_render_high_texture/furniture_workbench01_BaseColor.<UDIM>.jpg from 8192x6144 to 2048x1536 (limit 2048)
[2026-03-15T08:40:59Z INFO  bif_core::texture] Texture furniture_workbench01_BaseColor.1004.jpg (2048x2048): decode=78.4ms, convert=12.6ms, linear=32.0ms, total=123.0ms
[2026-03-15T08:40:59Z INFO  bif_viewport::texture_loader] Viewport downscale //freya/E_rename/_houdiniFiles/USD/USD_ALab_0730/fragment/look/surfacing/furniture_workbench01/render_high/texture/look_surfacing_furniture_workbench01_render_high_texture/furniture_workbench01_Roughness.<UDIM>.jpg from 8192x6144 to 2048x1536 (limit 2048)
[2026-03-15T08:40:59Z INFO  bif_core::texture] Texture furniture_workbench01_BaseColor.1011.jpg (2048x2048): decode=76.6ms, convert=11.7ms, linear=30.9ms, total=119.1ms
[2026-03-15T08:40:59Z INFO  bif_viewport::texture_loader] Viewport downscale //freya/E_rename/_houdiniFiles/USD/USD_ALab_0730/fragment/look/surfacing/furniture_workbench01/render_high/texture/look_surfacing_furniture_workbench01_render_high_texture/furniture_workbench01_Normal_openGL.<UDIM>.jpg from 8192x6144 to 2048x1536 (limit 2048)
[2026-03-15T08:40:59Z INFO  bif_core::texture] Texture furniture_workbench01_BaseColor.1012.jpg (2048x2048): decode=74.7ms, convert=13.6ms, linear=28.7ms, total=117.0ms
[2026-03-15T08:40:59Z INFO  bif_viewport::texture_loader] Viewport downscale //freya/E_rename/_houdiniFiles/USD/USD_ALab_0730/fragment/look/surfacing/electronics_oscilloscope01/render_high/texture/look_surfacing_electronics_oscilloscope01_render_high_texture/electronics_oscilloscope01_BaseColor.<UDIM>.jpg from 8192x6144 to 2048x1536 (limit 2048)
[2026-03-15T08:40:59Z INFO  bif_viewport::texture_loader] Viewport downscale //freya/E_rename/_houdiniFiles/USD/USD_ALab_0730/fragment/look/surfacing/electronics_oscilloscope01/render_high/texture/look_surfacing_electronics_oscilloscope01_render_high_texture/electronics_oscilloscope01_Roughness.<UDIM>.jpg from 8192x6144 to 2048x1536 (limit 2048)
[2026-03-15T08:40:59Z INFO  bif_core::texture] Texture furniture_workbench01_BaseColor.1013.jpg (2048x2048): decode=70.0ms, convert=12.6ms, linear=32.1ms, total=114.7ms
[2026-03-15T08:40:59Z INFO  bif_viewport::texture_loader] Viewport downscale //freya/E_rename/_houdiniFiles/USD/USD_ALab_0730/fragment/look/surfacing/electronics_oscilloscope01/render_high/texture/look_surfacing_electronics_oscilloscope01_render_high_texture/electronics_oscilloscope01_Metallic.<UDIM>.jpg from 8192x6144 to 2048x1536 (limit 2048)
[2026-03-15T08:41:00Z INFO  bif_core::texture] Texture furniture_workbench01_BaseColor.1014.jpg (2048x2048): decode=75.0ms, convert=13.0ms, linear=35.7ms, total=123.7ms
[2026-03-15T08:41:00Z INFO  bif_viewport::texture_loader] Viewport downscale //freya/E_rename/_houdiniFiles/USD/USD_ALab_0730/fragment/look/surfacing/electronics_oscilloscope01/render_high/texture/look_surfacing_electronics_oscilloscope01_render_high_texture/electronics_oscilloscope01_Normal_openGL.<UDIM>.jpg from 8192x6144 to 2048x1536 (limit 2048)
[2026-03-15T08:41:00Z INFO  bif_core::texture] Texture furniture_workbench01_BaseColor.1021.jpg (2048x2048): decode=64.8ms, convert=11.9ms, linear=28.0ms, total=104.7ms
[2026-03-15T08:41:00Z INFO  bif_viewport::texture_loader] Viewport downscale //freya/E_rename/_houdiniFiles/USD/USD_ALab_0730/fragment/look/surfacing/electronics_portable_tv01/render_high/texture/look_surfacing_electronics_portable_tv01_render_high_texture/electronics_portable_tv01_BaseColor.<UDIM>.jpg from 10240x6144 to 2048x1228 (limit 2048)
[2026-03-15T08:41:00Z INFO  bif_core::texture] Texture furniture_workbench01_BaseColor.1022.jpg (2048x2048): decode=64.3ms, convert=9.4ms, linear=26.6ms, total=100.3ms
[2026-03-15T08:41:00Z INFO  bif_viewport::texture_loader] Viewport downscale //freya/E_rename/_houdiniFiles/USD/USD_ALab_0730/fragment/look/surfacing/electronics_portable_tv01/render_high/texture/look_surfacing_electronics_portable_tv01_render_high_texture/electronics_portable_tv01_Roughness.<UDIM>.jpg from 10240x6144 to 2048x1228 (limit 2048)
[2026-03-15T08:41:00Z INFO  bif_core::texture] Texture furniture_workbench01_BaseColor.1023.jpg (2048x2048): decode=36.7ms, convert=9.5ms, linear=25.7ms, total=71.8ms
[2026-03-15T08:41:00Z INFO  bif_core::texture] Texture furniture_workbench01_BaseColor.1024.jpg (2048x2048): decode=29.6ms, convert=9.6ms, linear=32.3ms, total=71.6ms
[2026-03-15T08:41:00Z INFO  bif_viewport::texture_loader] Viewport downscale //freya/E_rename/_houdiniFiles/USD/USD_ALab_0730/fragment/look/surfacing/electronics_portable_tv01/render_high/texture/look_surfacing_electronics_portable_tv01_render_high_texture/electronics_portable_tv01_Metallic.<UDIM>.jpg from 10240x6144 to 2048x1228 (limit 2048)
[2026-03-15T08:41:00Z INFO  bif_core::texture] UDIM atlas (Ivar): 12 tiles -> 8192x6144 (4x3 grid, tile 2048x2048)
[2026-03-15T08:41:00Z INFO  bif_viewport::texture_loader] Viewport downscale //freya/E_rename/_houdiniFiles/USD/USD_ALab_0730/fragment/look/surfacing/electronics_portable_tv01/render_high/texture/look_surfacing_electronics_portable_tv01_render_high_texture/electronics_portable_tv01_Normal_openGL.<UDIM>.jpg from 10240x6144 to 2048x1228 (limit 2048)
[2026-03-15T08:41:01Z INFO  bif_viewport::texture_loader] Viewport downscale //freya/E_rename/_houdiniFiles/USD/USD_ALab_0730/fragment/look/surfacing/books_magazines01/render_high/texture/look_surfacing_books_magazines01_render_high_texture/books_magazines01_BaseColor.<UDIM>.jpg from 6144x4096 to 2048x1365 (limit 2048)
[2026-03-15T08:41:01Z INFO  bif_viewport::texture_loader] Viewport downscale //freya/E_rename/_houdiniFiles/USD/USD_ALab_0730/fragment/look/surfacing/books_magazines01/render_high/texture/look_surfacing_books_magazines01_render_high_texture/books_magazines01_Roughness.<UDIM>.jpg from 6144x4096 to 2048x1365 (limit 2048)
[2026-03-15T08:41:01Z INFO  bif_viewport::texture_loader] Viewport downscale //freya/E_rename/_houdiniFiles/USD/USD_ALab_0730/fragment/look/surfacing/books_magazines01/render_high/texture/look_surfacing_books_magazines01_render_high_texture/books_magazines01_Normal_openGL.<UDIM>.jpg from 6144x4096 to 2048x1365 (limit 2048)
[2026-03-15T08:41:01Z INFO  bif_viewport::texture_loader] Viewport downscale //freya/E_rename/_houdiniFiles/USD/USD_ALab_0730/fragment/look/surfacing/chemistry_beaker_stand01/render_high/texture/look_surfacing_chemistry_beaker_stand01_render_high_texture/chemistry_beaker_stand01_BaseColor.<UDIM>.jpg from 4096x2048 to 2048x1024 (limit 2048)
[2026-03-15T08:41:02Z INFO  bif_viewport::texture_loader] Viewport downscale //freya/E_rename/_houdiniFiles/USD/USD_ALab_0730/fragment/look/surfacing/chemistry_beaker_stand01/render_high/texture/look_surfacing_chemistry_beaker_stand01_render_high_texture/chemistry_beaker_stand01_Roughness.<UDIM>.jpg from 4096x2048 to 2048x1024 (limit 2048)
[2026-03-15T08:41:02Z INFO  bif_viewport::texture_loader] Viewport downscale //freya/E_rename/_houdiniFiles/USD/USD_ALab_0730/fragment/look/surfacing/chemistry_beaker_stand01/render_high/texture/look_surfacing_chemistry_beaker_stand01_render_high_texture/chemistry_beaker_stand01_Metallic.<UDIM>.jpg from 4096x2048 to 2048x1024 (limit 2048)
[2026-03-15T08:41:02Z INFO  bif_viewport::texture_loader] Viewport downscale //freya/E_rename/_houdiniFiles/USD/USD_ALab_0730/fragment/look/surfacing/chemistry_beaker_stand01/render_high/texture/look_surfacing_chemistry_beaker_stand01_render_high_texture/chemistry_beaker_stand01_Normal_openGL.<UDIM>.jpg from 4096x2048 to 2048x1024 (limit 2048)
[2026-03-15T08:41:02Z INFO  bif_viewport::texture_loader] Viewport downscale //freya/E_rename/_houdiniFiles/USD/USD_ALab_0730/fragment/look/surfacing/chemistry_flask_stand01/render_high/texture/look_surfacing_chemistry_flask_stand01_render_high_texture/chemistry_flask_stand01_BaseColor.<UDIM>.jpg from 6144x2048 to 2048x682 (limit 2048)
[2026-03-15T08:41:02Z INFO  bif_viewport::texture_loader] Viewport downscale //freya/E_rename/_houdiniFiles/USD/USD_ALab_0730/fragment/look/surfacing/chemistry_flask_stand01/render_high/texture/look_surfacing_chemistry_flask_stand01_render_high_texture/chemistry_flask_stand01_Roughness.<UDIM>.jpg from 6144x2048 to 2048x682 (limit 2048)
[2026-03-15T08:41:02Z INFO  bif_viewport::texture_loader] Viewport downscale //freya/E_rename/_houdiniFiles/USD/USD_ALab_0730/fragment/look/surfacing/chemistry_flask_stand01/render_high/texture/look_surfacing_chemistry_flask_stand01_render_high_texture/chemistry_flask_stand01_Normal_openGL.<UDIM>.jpg from 6144x2048 to 2048x682 (limit 2048)
[2026-03-15T08:41:02Z INFO  bif_viewport::texture_loader] Viewport downscale //freya/E_rename/_houdiniFiles/USD/USD_ALab_0730/fragment/look/surfacing/chemistry_kipps_apparatus01/render_high/texture/look_surfacing_chemistry_kipps_apparatus01_render_high_texture/chemistry_kipps_apparatus01_BaseColor.<UDIM>.jpg from 6144x2048 to 2048x682 (limit 2048)
[2026-03-15T08:41:02Z INFO  bif_viewport::texture_loader] Viewport downscale //freya/E_rename/_houdiniFiles/USD/USD_ALab_0730/fragment/look/surfacing/chemistry_kipps_apparatus01/render_high/texture/look_surfacing_chemistry_kipps_apparatus01_render_high_texture/chemistry_kipps_apparatus01_Roughness.<UDIM>.jpg from 6144x2048 to 2048x682 (limit 2048)
[2026-03-15T08:41:02Z INFO  bif_viewport::texture_loader] Viewport downscale //freya/E_rename/_houdiniFiles/USD/USD_ALab_0730/fragment/look/surfacing/chemistry_kipps_apparatus01/render_high/texture/look_surfacing_chemistry_kipps_apparatus01_render_high_texture/chemistry_kipps_apparatus01_Normal_openGL.<UDIM>.jpg from 6144x2048 to 2048x682 (limit 2048)
[2026-03-15T08:41:02Z INFO  bif_viewport::texture_loader] Viewport downscale //freya/E_rename/_houdiniFiles/USD/USD_ALab_0730/fragment/look/surfacing/chemistry_microscope01/render_high/texture/look_surfacing_chemistry_microscope01_render_high_texture/chemistry_microscope01_BaseColor.<UDIM>.jpg from 6144x4096 to 2048x1365 (limit 2048)
[2026-03-15T08:41:02Z INFO  bif_viewport::texture_loader] Viewport downscale //freya/E_rename/_houdiniFiles/USD/USD_ALab_0730/fragment/look/surfacing/chemistry_microscope01/render_high/texture/look_surfacing_chemistry_microscope01_render_high_texture/chemistry_microscope01_Roughness.<UDIM>.jpg from 6144x4096 to 2048x1365 (limit 2048)
[2026-03-15T08:41:02Z INFO  bif_viewport::texture_loader] Viewport downscale //freya/E_rename/_houdiniFiles/USD/USD_ALab_0730/fragment/look/surfacing/chemistry_microscope01/render_high/texture/look_surfacing_chemistry_microscope01_render_high_texture/chemistry_microscope01_Metallic.<UDIM>.jpg from 6144x4096 to 2048x1365 (limit 2048)
[2026-03-15T08:41:02Z INFO  bif_viewport::texture_loader] Viewport downscale //freya/E_rename/_houdiniFiles/USD/USD_ALab_0730/fragment/look/surfacing/chemistry_microscope01/render_high/texture/look_surfacing_chemistry_microscope01_render_high_texture/chemistry_microscope01_Normal_openGL.<UDIM>.jpg from 6144x4096 to 2048x1365 (limit 2048)
[2026-03-15T08:41:02Z INFO  bif_viewport::texture_loader] Viewport downscale //freya/E_rename/_houdiniFiles/USD/USD_ALab_0730/fragment/look/surfacing/decor_foam_hand/render_high/texture/look_surfacing_decor_foam_hand_render_high_texture/BakedDiffuse_porc_hand.<UDIM>.jpg from 4096x2048 to 2048x1024 (limit 2048)
[2026-03-15T08:41:02Z INFO  bif_viewport::texture_loader] Viewport downscale //freya/E_rename/_houdiniFiles/USD/USD_ALab_0730/fragment/look/surfacing/decor_helmet_head01/render_high/texture/look_surfacing_decor_helmet_head01_render_high_texture/decor_helmet_head01_BaseColor.<UDIM>.jpg from 4096x2048 to 2048x1024 (limit 2048)
[2026-03-15T08:41:03Z INFO  bif_viewport::texture_loader] Viewport downscale //freya/E_rename/_houdiniFiles/USD/USD_ALab_0730/fragment/look/surfacing/decor_helmet_head01/render_high/texture/look_surfacing_decor_helmet_head01_render_high_texture/decor_helmet_head01_Roughness.<UDIM>.jpg from 4096x2048 to 2048x1024 (limit 2048)
[2026-03-15T08:41:03Z INFO  bif_core::texture] UDIM atlas (Ivar): 12 tiles -> 8192x6144 (4x3 grid, tile 2048x2048)
[2026-03-15T08:41:03Z INFO  bif_viewport::texture_loader] Viewport downscale //freya/E_rename/_houdiniFiles/USD/USD_ALab_0730/fragment/look/surfacing/decor_helmet_head01/render_high/texture/look_surfacing_decor_helmet_head01_render_high_texture/decor_helmet_head01_Metallic.<UDIM>.jpg from 4096x2048 to 2048x1024 (limit 2048)
[2026-03-15T08:41:03Z INFO  bif_viewport::texture_loader] Viewport downscale //freya/E_rename/_houdiniFiles/USD/USD_ALab_0730/fragment/look/surfacing/decor_helmet_head01/render_high/texture/look_surfacing_decor_helmet_head01_render_high_texture/decor_helmet_head01_Normal_openGL.<UDIM>.jpg from 4096x2048 to 2048x1024 (limit 2048)
[2026-03-15T08:41:03Z INFO  bif_viewport::texture_loader] Viewport downscale //freya/E_rename/_houdiniFiles/USD/USD_ALab_0730/fragment/look/surfacing/decor_wooden_box01/render_high/texture/look_surfacing_decor_wooden_box01_render_high_texture/decor_wooden_box01_BaseColor.<UDIM>.jpg from 6144x4096 to 2048x1365 (limit 2048)
[2026-03-15T08:41:03Z INFO  bif_viewport::texture_loader] Viewport downscale //freya/E_rename/_houdiniFiles/USD/USD_ALab_0730/fragment/look/surfacing/decor_wooden_box01/render_high/texture/look_surfacing_decor_wooden_box01_render_high_texture/decor_wooden_box01_Roughness.<UDIM>.jpg from 6144x4096 to 2048x1365 (limit 2048)
[2026-03-15T08:41:03Z INFO  bif_viewport::texture_loader] Viewport downscale //freya/E_rename/_houdiniFiles/USD/USD_ALab_0730/fragment/look/surfacing/decor_wooden_box01/render_high/texture/look_surfacing_decor_wooden_box01_render_high_texture/decor_wooden_box01_Normal_openGL.<UDIM>.jpg from 6144x4096 to 2048x1365 (limit 2048)
[2026-03-15T08:41:03Z INFO  bif_viewport::texture_loader] Viewport downscale //freya/E_rename/_houdiniFiles/USD/USD_ALab_0730/fragment/look/surfacing/electronics_audio_generator01/render_high/texture/look_surfacing_electronics_audio_generator01_render_high_texture/electronics_audio_generator01_BaseColor.<UDIM>.jpg from 10240x4096 to 2048x819 (limit 2048)
[2026-03-15T08:41:03Z INFO  bif_viewport::texture_loader] Viewport downscale //freya/E_rename/_houdiniFiles/USD/USD_ALab_0730/fragment/look/surfacing/electronics_audio_generator01/render_high/texture/look_surfacing_electronics_audio_generator01_render_high_texture/electronics_audio_generator01_Roughness.<UDIM>.jpg from 10240x4096 to 2048x819 (limit 2048)
[2026-03-15T08:41:03Z INFO  bif_viewport::texture_loader] Viewport downscale //freya/E_rename/_houdiniFiles/USD/USD_ALab_0730/fragment/look/surfacing/electronics_audio_generator01/render_high/texture/look_surfacing_electronics_audio_generator01_render_high_texture/electronics_audio_generator01_Metallic.<UDIM>.jpg from 10240x4096 to 2048x819 (limit 2048)
[2026-03-15T08:41:03Z INFO  bif_viewport::texture_loader] Viewport downscale //freya/E_rename/_houdiniFiles/USD/USD_ALab_0730/fragment/look/surfacing/electronics_audio_generator01/render_high/texture/look_surfacing_electronics_audio_generator01_render_high_texture/electronics_audio_generator01_Normal_openGL.<UDIM>.jpg from 10240x4096 to 2048x819 (limit 2048)
[2026-03-15T08:41:04Z INFO  bif_viewport::texture_loader] Viewport downscale //freya/E_rename/_houdiniFiles/USD/USD_ALab_0730/fragment/look/surfacing/electronics_tesla_coil01/render_high/texture/look_surfacing_electronics_tesla_coil01_render_high_texture/electronics_tesla_coil01_BaseColor.<UDIM>.jpg from 10240x4096 to 2048x819 (limit 2048)
[2026-03-15T08:41:04Z INFO  bif_viewport::texture_loader] Viewport downscale //freya/E_rename/_houdiniFiles/USD/USD_ALab_0730/fragment/look/surfacing/electronics_tesla_coil01/render_high/texture/look_surfacing_electronics_tesla_coil01_render_high_texture/electronics_tesla_coil01_Roughness.<UDIM>.jpg from 10240x4096 to 2048x819 (limit 2048)
[2026-03-15T08:41:04Z INFO  bif_viewport::texture_loader] Viewport downscale //freya/E_rename/_houdiniFiles/USD/USD_ALab_0730/fragment/look/surfacing/electronics_tesla_coil01/render_high/texture/look_surfacing_electronics_tesla_coil01_render_high_texture/electronics_tesla_coil01_Metallic.<UDIM>.jpg from 10240x4096 to 2048x819 (limit 2048)
[2026-03-15T08:41:04Z INFO  bif_viewport::texture_loader] Viewport downscale //freya/E_rename/_houdiniFiles/USD/USD_ALab_0730/fragment/look/surfacing/electronics_tesla_coil01/render_high/texture/look_surfacing_electronics_tesla_coil01_render_high_texture/electronics_tesla_coil01_Normal_openGL.<UDIM>.jpg from 10240x4096 to 2048x819 (limit 2048)
[2026-03-15T08:41:04Z INFO  bif_viewport::texture_loader] Viewport downscale //freya/E_rename/_houdiniFiles/USD/USD_ALab_0730/fragment/look/surfacing/electronics_turntable01/render_high/texture/look_surfacing_electronics_turntable01_render_high_texture/electronics_turntable01_BaseColor.<UDIM>.jpg from 10240x4096 to 2048x819 (limit 2048)
[2026-03-15T08:41:04Z INFO  bif_viewport::texture_loader] Viewport downscale //freya/E_rename/_houdiniFiles/USD/USD_ALab_0730/fragment/look/surfacing/electronics_turntable01/render_high/texture/look_surfacing_electronics_turntable01_render_high_texture/electronics_turntable01_Roughness.<UDIM>.jpg from 10240x4096 to 2048x819 (limit 2048)
[2026-03-15T08:41:04Z INFO  bif_viewport::texture_loader] Viewport downscale //freya/E_rename/_houdiniFiles/USD/USD_ALab_0730/fragment/look/surfacing/electronics_turntable01/render_high/texture/look_surfacing_electronics_turntable01_render_high_texture/electronics_turntable01_Normal_openGL.<UDIM>.jpg from 10240x4096 to 2048x819 (limit 2048)
[2026-03-15T08:41:05Z INFO  bif_viewport::texture_loader] Viewport downscale //freya/E_rename/_houdiniFiles/USD/USD_ALab_0730/fragment/look/surfacing/electronics_wire_spool01/render_high/texture/look_surfacing_electronics_wire_spool01_render_high_texture/electronics_wire_spool01_BaseColor.<UDIM>.jpg from 4096x2048 to 2048x1024 (limit 2048)
[2026-03-15T08:41:05Z INFO  bif_viewport::texture_loader] Viewport downscale //freya/E_rename/_houdiniFiles/USD/USD_ALab_0730/fragment/look/surfacing/electronics_wire_spool01/render_high/texture/look_surfacing_electronics_wire_spool01_render_high_texture/electronics_wire_spool01_Roughness.<UDIM>.jpg from 4096x2048 to 2048x1024 (limit 2048)
[2026-03-15T08:41:05Z INFO  bif_viewport::texture_loader] Viewport downscale //freya/E_rename/_houdiniFiles/USD/USD_ALab_0730/fragment/look/surfacing/electronics_wire_spool01/render_high/texture/look_surfacing_electronics_wire_spool01_render_high_texture/electronics_wire_spool01_Metallic.<UDIM>.jpg from 4096x2048 to 2048x1024 (limit 2048)
[2026-03-15T08:41:05Z INFO  bif_viewport::texture_loader] Viewport downscale //freya/E_rename/_houdiniFiles/USD/USD_ALab_0730/fragment/look/surfacing/electronics_wire_spool01/render_high/texture/look_surfacing_electronics_wire_spool01_render_high_texture/electronics_wire_spool01_Normal_openGL.<UDIM>.jpg from 4096x2048 to 2048x1024 (limit 2048)
[2026-03-15T08:41:05Z INFO  bif_viewport::texture_loader] Viewport downscale //freya/E_rename/_houdiniFiles/USD/USD_ALab_0730/fragment/look/surfacing/furniture_blackboard01/render_high/texture/look_surfacing_furniture_blackboard01_render_high_texture/furniture_blackboard01_BaseColor.<UDIM>.jpg from 6144x2048 to 2048x682 (limit 2048)
[2026-03-15T08:41:05Z INFO  bif_viewport::texture_loader] Viewport downscale //freya/E_rename/_houdiniFiles/USD/USD_ALab_0730/fragment/look/surfacing/furniture_blackboard01/render_high/texture/look_surfacing_furniture_blackboard01_render_high_texture/furniture_blackboard01_Roughness.<UDIM>.jpg from 6144x2048 to 2048x682 (limit 2048)
[2026-03-15T08:41:05Z INFO  bif_core::texture] UDIM atlas (Ivar): 12 tiles -> 8192x6144 (4x3 grid, tile 2048x2048)
[2026-03-15T08:41:05Z INFO  bif_core::texture] Texture electronics_oscilloscope01_proxyTexture.jpg (512x512): decode=11.6ms, convert=0.6ms, linear=1.9ms, total=14.1ms
[2026-03-15T08:41:05Z INFO  bif_viewport::texture_loader] Viewport downscale //freya/E_rename/_houdiniFiles/USD/USD_ALab_0730/fragment/look/surfacing/furniture_blackboard01/render_high/texture/look_surfacing_furniture_blackboard01_render_high_texture/furniture_blackboard01_Normal_openGL.<UDIM>.jpg from 6144x2048 to 2048x682 (limit 2048)
[2026-03-15T08:41:05Z INFO  bif_viewport::texture_loader] Viewport downscale //freya/E_rename/_houdiniFiles/USD/USD_ALab_0730/fragment/look/surfacing/furniture_shelving01/render_high/texture/look_surfacing_furniture_shelving01_render_high_texture/furniture_shelving01_BaseColor.<UDIM>.jpg from 4096x2048 to 2048x1024 (limit 2048)
[2026-03-15T08:41:05Z INFO  bif_viewport::texture_loader] Viewport downscale //freya/E_rename/_houdiniFiles/USD/USD_ALab_0730/fragment/look/surfacing/furniture_shelving01/render_high/texture/look_surfacing_furniture_shelving01_render_high_texture/furniture_shelving01_Roughness.<UDIM>.jpg from 4096x2048 to 2048x1024 (limit 2048)
[2026-03-15T08:41:05Z INFO  bif_viewport::texture_loader] Viewport downscale //freya/E_rename/_houdiniFiles/USD/USD_ALab_0730/fragment/look/surfacing/furniture_shelving01/render_high/texture/look_surfacing_furniture_shelving01_render_high_texture/furniture_shelving01_Normal_openGL.<UDIM>.jpg from 4096x2048 to 2048x1024 (limit 2048)
[2026-03-15T08:41:05Z INFO  bif_viewport::texture_loader] Viewport downscale //freya/E_rename/_houdiniFiles/USD/USD_ALab_0730/fragment/look/surfacing/stationary_notepad01/render_high/texture/look_surfacing_stationary_notepad01_render_high_texture/stationary_notepad01_BaseColor.<UDIM>.jpg from 6144x2048 to 2048x682 (limit 2048)
[2026-03-15T08:41:05Z INFO  bif_viewport::texture_loader] Viewport downscale //freya/E_rename/_houdiniFiles/USD/USD_ALab_0730/fragment/look/surfacing/stationary_notepad01/render_high/texture/look_surfacing_stationary_notepad01_render_high_texture/stationary_notepad01_Roughness.<UDIM>.jpg from 6144x2048 to 2048x682 (limit 2048)
[2026-03-15T08:41:05Z INFO  bif_core::texture] Texture electronics_oscilloscope01_BaseColor.1001.jpg (2048x2048): decode=50.1ms, convert=9.7ms, linear=29.8ms, total=89.7ms
[2026-03-15T08:41:05Z INFO  bif_viewport::texture_loader] Viewport downscale //freya/E_rename/_houdiniFiles/USD/USD_ALab_0730/fragment/look/surfacing/stationary_notepad01/render_high/texture/look_surfacing_stationary_notepad01_render_high_texture/stationary_notepad01_Normal_openGL.<UDIM>.jpg from 6144x2048 to 2048x682 (limit 2048)
[2026-03-15T08:41:05Z INFO  bif_core::texture] Texture electronics_oscilloscope01_BaseColor.1002.jpg (2048x2048): decode=63.8ms, convert=13.4ms, linear=34.5ms, total=111.8ms
[2026-03-15T08:41:05Z INFO  bif_viewport::texture_loader] Viewport downscale //freya/E_rename/_houdiniFiles/USD/USD_ALab_0730/fragment/look/surfacing/stationary_protractor_box01/render_high/texture/look_surfacing_stationary_protractor_box01_render_high_texture/stationary_protractor_box01_BaseColor.<UDIM>.jpg from 4096x4096 to 2048x2048 (limit 2048)
[2026-03-15T08:41:05Z INFO  bif_viewport::texture_loader] Viewport downscale //freya/E_rename/_houdiniFiles/USD/USD_ALab_0730/fragment/look/surfacing/stationary_protractor_box01/render_high/texture/look_surfacing_stationary_protractor_box01_render_high_texture/stationary_protractor_box01_Roughness.<UDIM>.jpg from 4096x4096 to 2048x2048 (limit 2048)
[2026-03-15T08:41:05Z INFO  bif_core::texture] Texture electronics_oscilloscope01_BaseColor.1003.jpg (2048x2048): decode=61.2ms, convert=13.1ms, linear=31.1ms, total=105.4ms
[2026-03-15T08:41:05Z INFO  bif_viewport::texture_loader] Viewport downscale //freya/E_rename/_houdiniFiles/USD/USD_ALab_0730/fragment/look/surfacing/stationary_protractor_box01/render_high/texture/look_surfacing_stationary_protractor_box01_render_high_texture/stationary_protractor_box01_Normal_openGL.<UDIM>.jpg from 4096x4096 to 2048x2048 (limit 2048)
[2026-03-15T08:41:06Z INFO  bif_core::texture] Texture electronics_oscilloscope01_BaseColor.1004.jpg (2048x2048): decode=55.2ms, convert=15.8ms, linear=37.6ms, total=108.6ms
[2026-03-15T08:41:06Z INFO  bif_viewport::texture_loader] Viewport downscale //freya/E_rename/_houdiniFiles/USD/USD_ALab_0730/fragment/look/surfacing/stationary_slide_rule01/render_high/texture/look_surfacing_stationary_slide_rule01_render_high_texture/stationary_slide_rule01_BaseColor.<UDIM>.jpg from 6144x2048 to 2048x682 (limit 2048)
[2026-03-15T08:41:06Z INFO  bif_viewport::texture_loader] Viewport downscale //freya/E_rename/_houdiniFiles/USD/USD_ALab_0730/fragment/look/surfacing/stationary_slide_rule01/render_high/texture/look_surfacing_stationary_slide_rule01_render_high_texture/stationary_slide_rule01_Roughness.<UDIM>.jpg from 6144x2048 to 2048x682 (limit 2048)
[2026-03-15T08:41:06Z INFO  bif_core::texture] Texture electronics_oscilloscope01_BaseColor.1011.jpg (2048x2048): decode=72.4ms, convert=12.3ms, linear=39.1ms, total=123.8ms
[2026-03-15T08:41:06Z INFO  bif_viewport::texture_loader] Viewport downscale //freya/E_rename/_houdiniFiles/USD/USD_ALab_0730/fragment/look/surfacing/stationary_slide_rule01/render_high/texture/look_surfacing_stationary_slide_rule01_render_high_texture/stationary_slide_rule01_Normal_openGL.<UDIM>.jpg from 6144x2048 to 2048x682 (limit 2048)
[2026-03-15T08:41:06Z INFO  bif_core::texture] Texture electronics_oscilloscope01_BaseColor.1012.jpg (2048x2048): decode=49.4ms, convert=13.1ms, linear=39.9ms, total=102.5ms
[2026-03-15T08:41:06Z INFO  bif_viewport::texture_loader] Viewport downscale //freya/E_rename/_houdiniFiles/USD/USD_ALab_0730/fragment/look/surfacing/books_encyclopedias01/render_high/texture/look_surfacing_books_encyclopedias01_render_high_texture/books_encyclopedias01_BaseColor.<UDIM>.jpg from 6144x2048 to 2048x682 (limit 2048)
[2026-03-15T08:41:06Z INFO  bif_core::texture] Texture electronics_oscilloscope01_BaseColor.1013.jpg (2048x2048): decode=47.3ms, convert=15.0ms, linear=31.9ms, total=94.2ms
[2026-03-15T08:41:06Z INFO  bif_viewport::texture_loader] Viewport downscale //freya/E_rename/_houdiniFiles/USD/USD_ALab_0730/fragment/look/surfacing/books_encyclopedias01/render_high/texture/look_surfacing_books_encyclopedias01_render_high_texture/books_encyclopedias01_Roughness.<UDIM>.jpg from 6144x2048 to 2048x682 (limit 2048)
[2026-03-15T08:41:06Z INFO  bif_viewport::texture_loader] Viewport downscale //freya/E_rename/_houdiniFiles/USD/USD_ALab_0730/fragment/look/surfacing/books_encyclopedias01/render_high/texture/look_surfacing_books_encyclopedias01_render_high_texture/books_encyclopedias01_Normal_openGL.<UDIM>.jpg from 6144x2048 to 2048x682 (limit 2048)
[2026-03-15T08:41:06Z INFO  bif_viewport::texture_loader] Viewport downscale //freya/E_rename/_houdiniFiles/USD/USD_ALab_0730/fragment/look/surfacing/toy_box03/render_high/texture/look_surfacing_toy_box03_render_high_texture/toy_box03_BaseColor.<UDIM>.jpg from 6144x2048 to 2048x682 (limit 2048)
[2026-03-15T08:41:06Z INFO  bif_core::texture] Texture electronics_oscilloscope01_BaseColor.1014.jpg (2048x2048): decode=66.1ms, convert=11.9ms, linear=33.6ms, total=111.6ms
[2026-03-15T08:41:06Z INFO  bif_viewport::texture_loader] Viewport downscale //freya/E_rename/_houdiniFiles/USD/USD_ALab_0730/fragment/look/surfacing/toy_box03/render_high/texture/look_surfacing_toy_box03_render_high_texture/toy_box03_Roughness.<UDIM>.jpg from 6144x2048 to 2048x682 (limit 2048)
[2026-03-15T08:41:06Z INFO  bif_viewport::texture_loader] Viewport downscale //freya/E_rename/_houdiniFiles/USD/USD_ALab_0730/fragment/look/surfacing/toy_box03/render_high/texture/look_surfacing_toy_box03_render_high_texture/toy_box03_Normal_openGL.<UDIM>.jpg from 6144x2048 to 2048x682 (limit 2048)
[2026-03-15T08:41:06Z INFO  bif_viewport::texture_loader] Viewport downscale //freya/E_rename/_houdiniFiles/USD/USD_ALab_0730/fragment/look/surfacing/chemistry_magnetic_stirrer01/render_high/texture/look_surfacing_chemistry_magnetic_stirrer01_render_high_texture/chemistry_magnetic_stirrer01_BaseColor.<UDIM>.jpg from 4096x4096 to 2048x2048 (limit 2048)
[2026-03-15T08:41:06Z INFO  bif_core::texture] Texture electronics_oscilloscope01_BaseColor.1021.jpg (2048x2048): decode=40.8ms, convert=12.3ms, linear=34.6ms, total=87.7ms
[2026-03-15T08:41:06Z INFO  bif_viewport::texture_loader] Viewport downscale //freya/E_rename/_houdiniFiles/USD/USD_ALab_0730/fragment/look/surfacing/chemistry_magnetic_stirrer01/render_high/texture/look_surfacing_chemistry_magnetic_stirrer01_render_high_texture/chemistry_magnetic_stirrer01_Roughness.<UDIM>.jpg from 4096x4096 to 2048x2048 (limit 2048)
[2026-03-15T08:41:07Z INFO  bif_viewport::texture_loader] Viewport downscale //freya/E_rename/_houdiniFiles/USD/USD_ALab_0730/fragment/look/surfacing/chemistry_magnetic_stirrer01/render_high/texture/look_surfacing_chemistry_magnetic_stirrer01_render_high_texture/chemistry_magnetic_stirrer01_Normal_openGL.<UDIM>.jpg from 4096x4096 to 2048x2048 (limit 2048)
[2026-03-15T08:41:07Z INFO  bif_core::texture] Texture electronics_oscilloscope01_BaseColor.1022.jpg (2048x2048): decode=58.5ms, convert=11.4ms, linear=32.6ms, total=102.6ms
[2026-03-15T08:41:07Z INFO  bif_core::texture] Texture electronics_oscilloscope01_BaseColor.1023.jpg (2048x2048): decode=64.0ms, convert=11.6ms, linear=35.9ms, total=111.5ms
[2026-03-15T08:41:07Z INFO  bif_viewport::texture_loader] Viewport downscale //freya/E_rename/_houdiniFiles/USD/USD_ALab_0730/fragment/look/surfacing/electronics_spoolrack/render_high/texture/look_surfacing_electronics_spoolrack_render_high_texture/electronics_spoolrack_BaseColor.<UDIM>.jpg from 4096x2048 to 2048x1024 (limit 2048)
[2026-03-15T08:41:07Z INFO  bif_viewport::texture_loader] Viewport downscale //freya/E_rename/_houdiniFiles/USD/USD_ALab_0730/fragment/look/surfacing/electronics_spoolrack/render_high/texture/look_surfacing_electronics_spoolrack_render_high_texture/electronics_spoolrack_Roughness.<UDIM>.jpg from 4096x2048 to 2048x1024 (limit 2048)
[2026-03-15T08:41:07Z INFO  bif_core::texture] Texture electronics_oscilloscope01_BaseColor.1024.jpg (2048x2048): decode=71.6ms, convert=14.2ms, linear=32.0ms, total=117.8ms
[2026-03-15T08:41:07Z INFO  bif_viewport::texture_loader] Viewport downscale //freya/E_rename/_houdiniFiles/USD/USD_ALab_0730/fragment/look/surfacing/electronics_spoolrack/render_high/texture/look_surfacing_electronics_spoolrack_render_high_texture/electronics_spoolrack_Normal_openGL.<UDIM>.jpg from 4096x2048 to 2048x1024 (limit 2048)
[2026-03-15T08:41:07Z INFO  bif_core::texture] UDIM atlas (Ivar): 12 tiles -> 8192x6144 (4x3 grid, tile 2048x2048)
[2026-03-15T08:41:07Z INFO  bif_viewport::texture_loader] Viewport downscale //freya/E_rename/_houdiniFiles/USD/USD_ALab_0730/fragment/look/surfacing/electronics_wire_spool02/render_high/texture/look_surfacing_electronics_wire_spool02_render_high_texture/electronics_wire_spool02_BaseColor.<UDIM>.jpg from 4096x2048 to 2048x1024 (limit 2048)
[2026-03-15T08:41:07Z INFO  bif_viewport::texture_loader] Viewport downscale //freya/E_rename/_houdiniFiles/USD/USD_ALab_0730/fragment/look/surfacing/electronics_wire_spool02/render_high/texture/look_surfacing_electronics_wire_spool02_render_high_texture/electronics_wire_spool02_Roughness.<UDIM>.jpg from 4096x2048 to 2048x1024 (limit 2048)
[2026-03-15T08:41:07Z INFO  bif_viewport::texture_loader] Viewport downscale //freya/E_rename/_houdiniFiles/USD/USD_ALab_0730/fragment/look/surfacing/electronics_wire_spool02/render_high/texture/look_surfacing_electronics_wire_spool02_render_high_texture/electronics_wire_spool02_Metallic.<UDIM>.jpg from 4096x2048 to 2048x1024 (limit 2048)
[2026-03-15T08:41:07Z INFO  bif_viewport::texture_loader] Viewport downscale //freya/E_rename/_houdiniFiles/USD/USD_ALab_0730/fragment/look/surfacing/electronics_wire_spool02/render_high/texture/look_surfacing_electronics_wire_spool02_render_high_texture/electronics_wire_spool02_Normal_openGL.<UDIM>.jpg from 4096x2048 to 2048x1024 (limit 2048)
[2026-03-15T08:41:07Z INFO  bif_viewport::texture_loader] Viewport downscale //freya/E_rename/_houdiniFiles/USD/USD_ALab_0730/fragment/look/surfacing/toy_curly_surgery/render_high/texture/look_surfacing_toy_curly_surgery_render_high_texture/toy_curly_surgery_BaseColor.<UDIM>.jpg from 8192x4096 to 2048x1024 (limit 2048)
[2026-03-15T08:41:07Z INFO  bif_viewport::texture_loader] Viewport downscale //freya/E_rename/_houdiniFiles/USD/USD_ALab_0730/fragment/look/surfacing/toy_curly_surgery/render_high/texture/look_surfacing_toy_curly_surgery_render_high_texture/toy_curly_surgery_Roughness.<UDIM>.jpg from 8192x4096 to 2048x1024 (limit 2048)
[2026-03-15T08:41:08Z INFO  bif_viewport::texture_loader] Viewport downscale //freya/E_rename/_houdiniFiles/USD/USD_ALab_0730/fragment/look/surfacing/toy_curly_surgery/render_high/texture/look_surfacing_toy_curly_surgery_render_high_texture/toy_curly_surgery_Normal_openGL.<UDIM>.jpg from 8192x4096 to 2048x1024 (limit 2048)
[2026-03-15T08:41:08Z INFO  bif_viewport::texture_loader] Viewport downscale //freya/E_rename/_houdiniFiles/USD/USD_ALab_0730/fragment/look/surfacing/electronics_cabling/render_high/texture/look_surfacing_electronics_cabling_render_high_texture/electronics_cabling_BaseColor.<UDIM>.jpg from 8192x4096 to 2048x1024 (limit 2048)
[2026-03-15T08:41:08Z INFO  bif_viewport::texture_loader] Viewport downscale //freya/E_rename/_houdiniFiles/USD/USD_ALab_0730/fragment/look/surfacing/electronics_cabling/render_high/texture/look_surfacing_electronics_cabling_render_high_texture/electronics_cabling_Roughness.<UDIM>.jpg from 8192x4096 to 2048x1024 (limit 2048)
[2026-03-15T08:41:08Z INFO  bif_viewport::texture_loader] Viewport downscale //freya/E_rename/_houdiniFiles/USD/USD_ALab_0730/fragment/look/surfacing/electronics_cabling/render_high/texture/look_surfacing_electronics_cabling_render_high_texture/electronics_cabling_Normal_openGL.<UDIM>.jpg from 8192x4096 to 2048x1024 (limit 2048)
[2026-03-15T08:41:08Z INFO  bif_viewport::texture_loader] Viewport downscale //freya/E_rename/_houdiniFiles/USD/USD_ALab_0730/fragment/look/surfacing/decor_bonsai_jar01/render_high/texture/look_surfacing_decor_bonsai_jar01_render_high_texture/decor_bonsai_jar01_BaseColor.<UDIM>.jpg from 6144x2048 to 2048x682 (limit 2048)
[2026-03-15T08:41:08Z INFO  bif_viewport::texture_loader] Viewport downscale //freya/E_rename/_houdiniFiles/USD/USD_ALab_0730/fragment/look/surfacing/decor_bonsai_jar01/render_high/texture/look_surfacing_decor_bonsai_jar01_render_high_texture/decor_bonsai_jar01_Roughness.<UDIM>.jpg from 6144x2048 to 2048x682 (limit 2048)
[2026-03-15T08:41:08Z INFO  bif_viewport::texture_loader] Viewport downscale //freya/E_rename/_houdiniFiles/USD/USD_ALab_0730/fragment/look/surfacing/decor_bonsai_jar01/render_high/texture/look_surfacing_decor_bonsai_jar01_render_high_texture/decor_bonsai_jar01_Normal_openGL.<UDIM>.jpg from 6144x2048 to 2048x682 (limit 2048)
[2026-03-15T08:41:08Z INFO  bif_viewport::texture_loader] Viewport downscale //freya/E_rename/_houdiniFiles/USD/USD_ALab_0730/fragment/look/surfacing/electronics_wire_spool04/render_high/texture/look_surfacing_electronics_wire_spool04_render_high_texture/electronics_wire_spool04_BaseColor.<UDIM>.jpg from 4096x2048 to 2048x1024 (limit 2048)
[2026-03-15T08:41:08Z INFO  bif_viewport::texture_loader] Viewport downscale //freya/E_rename/_houdiniFiles/USD/USD_ALab_0730/fragment/look/surfacing/electronics_wire_spool04/render_high/texture/look_surfacing_electronics_wire_spool04_render_high_texture/electronics_wire_spool04_Roughness.<UDIM>.jpg from 4096x2048 to 2048x1024 (limit 2048)
[2026-03-15T08:41:08Z INFO  bif_viewport::texture_loader] Viewport downscale //freya/E_rename/_houdiniFiles/USD/USD_ALab_0730/fragment/look/surfacing/electronics_wire_spool04/render_high/texture/look_surfacing_electronics_wire_spool04_render_high_texture/electronics_wire_spool04_Metallic.<UDIM>.jpg from 4096x2048 to 2048x1024 (limit 2048)
[2026-03-15T08:41:08Z INFO  bif_viewport::texture_loader] Viewport downscale //freya/E_rename/_houdiniFiles/USD/USD_ALab_0730/fragment/look/surfacing/electronics_wire_spool04/render_high/texture/look_surfacing_electronics_wire_spool04_render_high_texture/electronics_wire_spool04_Normal_openGL.<UDIM>.jpg from 4096x2048 to 2048x1024 (limit 2048)
[2026-03-15T08:41:08Z INFO  bif_viewport::texture_loader] Viewport downscale //freya/E_rename/_houdiniFiles/USD/USD_ALab_0730/fragment/look/surfacing/electronics_wire_spool05/render_high/texture/look_surfacing_electronics_wire_spool05_render_high_texture/electronics_wire_spool05_BaseColor.<UDIM>.jpg from 4096x2048 to 2048x1024 (limit 2048)
[2026-03-15T08:41:08Z INFO  bif_viewport::texture_loader] Viewport downscale //freya/E_rename/_houdiniFiles/USD/USD_ALab_0730/fragment/look/surfacing/electronics_wire_spool05/render_high/texture/look_surfacing_electronics_wire_spool05_render_high_texture/electronics_wire_spool05_Roughness.<UDIM>.jpg from 4096x2048 to 2048x1024 (limit 2048)
[2026-03-15T08:41:08Z INFO  bif_viewport::texture_loader] Viewport downscale //freya/E_rename/_houdiniFiles/USD/USD_ALab_0730/fragment/look/surfacing/electronics_wire_spool05/render_high/texture/look_surfacing_electronics_wire_spool05_render_high_texture/electronics_wire_spool05_Metallic.<UDIM>.jpg from 4096x2048 to 2048x1024 (limit 2048)
[2026-03-15T08:41:08Z INFO  bif_viewport::texture_loader] Viewport downscale //freya/E_rename/_houdiniFiles/USD/USD_ALab_0730/fragment/look/surfacing/electronics_wire_spool05/render_high/texture/look_surfacing_electronics_wire_spool05_render_high_texture/electronics_wire_spool05_Normal_openGL.<UDIM>.jpg from 4096x2048 to 2048x1024 (limit 2048)
[2026-03-15T08:41:08Z INFO  bif_viewport::texture_loader] Viewport downscale //freya/E_rename/_houdiniFiles/USD/USD_ALab_0730/fragment/look/surfacing/electronics_wire_spool06/render_high/texture/look_surfacing_electronics_wire_spool06_render_high_texture/electronics_wire_spool06_BaseColor.<UDIM>.jpg from 4096x2048 to 2048x1024 (limit 2048)
[2026-03-15T08:41:08Z INFO  bif_viewport::texture_loader] Viewport downscale //freya/E_rename/_houdiniFiles/USD/USD_ALab_0730/fragment/look/surfacing/electronics_wire_spool06/render_high/texture/look_surfacing_electronics_wire_spool06_render_high_texture/electronics_wire_spool06_Roughness.<UDIM>.jpg from 4096x2048 to 2048x1024 (limit 2048)
[2026-03-15T08:41:08Z INFO  bif_viewport::texture_loader] Viewport downscale //freya/E_rename/_houdiniFiles/USD/USD_ALab_0730/fragment/look/surfacing/electronics_wire_spool06/render_high/texture/look_surfacing_electronics_wire_spool06_render_high_texture/electronics_wire_spool06_Metallic.<UDIM>.jpg from 4096x2048 to 2048x1024 (limit 2048)
[2026-03-15T08:41:08Z INFO  bif_viewport::texture_loader] Viewport downscale //freya/E_rename/_houdiniFiles/USD/USD_ALab_0730/fragment/look/surfacing/electronics_wire_spool06/render_high/texture/look_surfacing_electronics_wire_spool06_render_high_texture/electronics_wire_spool06_Normal_openGL.<UDIM>.jpg from 4096x2048 to 2048x1024 (limit 2048)
[2026-03-15T08:41:09Z INFO  bif_core::texture] UDIM atlas (Ivar): 12 tiles -> 8192x6144 (4x3 grid, tile 2048x2048)
[2026-03-15T08:41:09Z INFO  bif_viewport::texture_loader] Viewport downscale //freya/E_rename/_houdiniFiles/USD/USD_ALab_0730/fragment/look/surfacing/structure_wall_fibro01/render_high/texture/look_surfacing_structure_wall_fibro01_render_high_texture/structure_wall_fibro01_BaseColor.<UDIM>.jpg from 6144x4096 to 2048x1365 (limit 2048)
[2026-03-15T08:41:09Z INFO  bif_viewport::texture_loader] Viewport downscale //freya/E_rename/_houdiniFiles/USD/USD_ALab_0730/fragment/look/surfacing/structure_wall_fibro01/render_high/texture/look_surfacing_structure_wall_fibro01_render_high_texture/structure_wall_fibro01_Roughness.<UDIM>.jpg from 6144x4096 to 2048x1365 (limit 2048)
[2026-03-15T08:41:09Z INFO  bif_viewport::texture_loader] Viewport downscale //freya/E_rename/_houdiniFiles/USD/USD_ALab_0730/fragment/look/surfacing/structure_wall_fibro01/render_high/texture/look_surfacing_structure_wall_fibro01_render_high_texture/structure_wall_fibro01_Normal_openGL.<UDIM>.jpg from 6144x4096 to 2048x1365 (limit 2048)
[2026-03-15T08:41:09Z INFO  bif_viewport::texture_loader] Viewport downscale //freya/E_rename/_houdiniFiles/USD/USD_ALab_0730/fragment/look/surfacing/structure_wall_fibro02/render_high/texture/look_surfacing_structure_wall_fibro02_render_high_texture/structure_wall_fibro02_BaseColor.<UDIM>.jpg from 6144x4096 to 2048x1365 (limit 2048)
[2026-03-15T08:41:09Z INFO  bif_viewport::texture_loader] Viewport downscale //freya/E_rename/_houdiniFiles/USD/USD_ALab_0730/fragment/look/surfacing/structure_wall_fibro02/render_high/texture/look_surfacing_structure_wall_fibro02_render_high_texture/structure_wall_fibro02_Roughness.<UDIM>.jpg from 6144x4096 to 2048x1365 (limit 2048)
[2026-03-15T08:41:10Z INFO  bif_viewport::texture_loader] Viewport downscale //freya/E_rename/_houdiniFiles/USD/USD_ALab_0730/fragment/look/surfacing/structure_wall_fibro02/render_high/texture/look_surfacing_structure_wall_fibro02_render_high_texture/structure_wall_fibro02_Normal_openGL.<UDIM>.jpg from 6144x4096 to 2048x1365 (limit 2048)
[2026-03-15T08:41:10Z INFO  bif_viewport::texture_loader] Viewport downscale //freya/E_rename/_houdiniFiles/USD/USD_ALab_0730/fragment/look/surfacing/structure_wall_fibro03/render_high/texture/look_surfacing_structure_wall_fibro03_render_high_texture/structure_wall_fibro03_BaseColor.<UDIM>.jpg from 6144x4096 to 2048x1365 (limit 2048)
[2026-03-15T08:41:10Z INFO  bif_viewport::texture_loader] Viewport downscale //freya/E_rename/_houdiniFiles/USD/USD_ALab_0730/fragment/look/surfacing/structure_wall_fibro03/render_high/texture/look_surfacing_structure_wall_fibro03_render_high_texture/structure_wall_fibro03_Roughness.<UDIM>.jpg from 6144x4096 to 2048x1365 (limit 2048)
[2026-03-15T08:41:10Z INFO  bif_viewport::texture_loader] Viewport downscale //freya/E_rename/_houdiniFiles/USD/USD_ALab_0730/fragment/look/surfacing/structure_wall_fibro03/render_high/texture/look_surfacing_structure_wall_fibro03_render_high_texture/structure_wall_fibro03_Normal_openGL.<UDIM>.jpg from 6144x4096 to 2048x1365 (limit 2048)
[2026-03-15T08:41:10Z INFO  bif_viewport::scene_loader] Streamed 272 textures to GPU
[2026-03-15T08:41:10Z INFO  bif_viewport::scene_loader] Rebuilt material table with UDIM grid info
[2026-03-15T08:41:10Z WARN  wgpu_hal::vulkan::conv] Unrecognized present mode 1000361000
[2026-03-15T08:41:10Z INFO  bif_viewer] Resized to 1280x720
[2026-03-15T08:41:11Z INFO  bif_core::texture] UDIM atlas (Ivar): 12 tiles -> 8192x6144 (4x3 grid, tile 2048x2048)
[2026-03-15T08:41:12Z INFO  bif_core::texture] UDIM atlas (Ivar): 12 tiles -> 8192x6144 (4x3 grid, tile 2048x2048)
[2026-03-15T08:41:12Z INFO  bif_core::texture] Texture electronics_portable_tv01_proxyTexture.jpg (512x512): decode=9.2ms, convert=0.8ms, linear=1.9ms, total=11.8ms
[2026-03-15T08:41:13Z WARN  bif_core::texture] Large UDIM atlas 10240x6144 (960 MB) for //freya/E_rename/_houdiniFiles/USD/USD_ALab_0730/fragment/look/surfacing/electronics_portable_tv01/render_high/texture/look_surfacing_electronics_portable_tv01_render_high_texture/electronics_portable_tv01_BaseColor.<UDIM>.jpg — may use significant memory
[2026-03-15T08:41:13Z INFO  bif_core::texture] Texture electronics_portable_tv01_BaseColor.1001.jpg (2048x2048): decode=47.3ms, convert=9.6ms, linear=23.1ms, total=80.0ms
[2026-03-15T08:41:13Z INFO  bif_core::texture] Texture electronics_portable_tv01_BaseColor.1002.jpg (2048x2048): decode=28.3ms, convert=9.0ms, linear=24.0ms, total=61.4ms
[2026-03-15T08:41:13Z INFO  bif_core::texture] Texture electronics_portable_tv01_BaseColor.1003.jpg (2048x2048): decode=36.5ms, convert=9.6ms, linear=26.5ms, total=72.5ms
[2026-03-15T08:41:13Z INFO  bif_core::texture] Texture electronics_portable_tv01_BaseColor.1004.jpg (2048x2048): decode=64.0ms, convert=9.0ms, linear=22.8ms, total=95.9ms
[2026-03-15T08:41:13Z INFO  bif_core::texture] Texture electronics_portable_tv01_BaseColor.1005.jpg (2048x2048): decode=29.0ms, convert=9.0ms, linear=22.4ms, total=60.4ms
[2026-03-15T08:41:13Z INFO  bif_core::texture] Texture electronics_portable_tv01_BaseColor.1011.jpg (2048x2048): decode=45.1ms, convert=10.4ms, linear=21.8ms, total=77.3ms
[2026-03-15T08:41:13Z INFO  bif_core::texture] Texture electronics_portable_tv01_BaseColor.1012.jpg (2048x2048): decode=36.7ms, convert=9.6ms, linear=24.4ms, total=70.8ms
[2026-03-15T08:41:14Z INFO  bif_core::texture] Texture electronics_portable_tv01_BaseColor.1013.jpg (2048x2048): decode=38.1ms, convert=12.2ms, linear=30.9ms, total=81.3ms
[2026-03-15T08:41:14Z INFO  bif_core::texture] Texture electronics_portable_tv01_BaseColor.1014.jpg (2048x2048): decode=44.1ms, convert=9.7ms, linear=26.3ms, total=80.1ms
[2026-03-15T08:41:14Z INFO  bif_core::texture] Texture electronics_portable_tv01_BaseColor.1021.jpg (2048x2048): decode=39.8ms, convert=10.5ms, linear=24.4ms, total=74.7ms
[2026-03-15T08:41:14Z INFO  bif_core::texture] Texture electronics_portable_tv01_BaseColor.1022.jpg (2048x2048): decode=47.1ms, convert=10.4ms, linear=24.7ms, total=82.2ms
[2026-03-15T08:41:14Z INFO  bif_core::texture] Texture electronics_portable_tv01_BaseColor.1023.jpg (2048x2048): decode=39.9ms, convert=13.0ms, linear=34.9ms, total=87.9ms
[2026-03-15T08:41:14Z INFO  bif_core::texture] Texture electronics_portable_tv01_BaseColor.1024.jpg (2048x2048): decode=37.4ms, convert=10.7ms, linear=25.2ms, total=73.4ms
[2026-03-15T08:41:14Z INFO  bif_core::texture] UDIM atlas (Ivar): 13 tiles -> 10240x6144 (5x3 grid, tile 2048x2048)
[2026-03-15T08:41:15Z WARN  bif_core::texture] Large UDIM atlas 10240x6144 (960 MB) for //freya/E_rename/_houdiniFiles/USD/USD_ALab_0730/fragment/look/surfacing/electronics_portable_tv01/render_high/texture/look_surfacing_electronics_portable_tv01_render_high_texture/electronics_portable_tv01_Roughness.<UDIM>.jpg — may use significant memory
[2026-03-15T08:41:16Z INFO  bif_core::texture] UDIM atlas (Ivar): 13 tiles -> 10240x6144 (5x3 grid, tile 2048x2048)
[2026-03-15T08:41:16Z WARN  bif_core::texture] Large UDIM atlas 10240x6144 (960 MB) for //freya/E_rename/_houdiniFiles/USD/USD_ALab_0730/fragment/look/surfacing/electronics_portable_tv01/render_high/texture/look_surfacing_electronics_portable_tv01_render_high_texture/electronics_portable_tv01_Metallic.<UDIM>.jpg — may use significant memory
[2026-03-15T08:41:18Z INFO  bif_core::texture] UDIM atlas (Ivar): 13 tiles -> 10240x6144 (5x3 grid, tile 2048x2048)
[2026-03-15T08:41:18Z WARN  bif_core::texture] Large UDIM atlas 10240x6144 (960 MB) for //freya/E_rename/_houdiniFiles/USD/USD_ALab_0730/fragment/look/surfacing/electronics_portable_tv01/render_high/texture/look_surfacing_electronics_portable_tv01_render_high_texture/electronics_portable_tv01_Normal_openGL.<UDIM>.jpg — may use significant memory
[2026-03-15T08:41:20Z INFO  bif_core::texture] UDIM atlas (Ivar): 13 tiles -> 10240x6144 (5x3 grid, tile 2048x2048)
[2026-03-15T08:41:20Z INFO  bif_core::texture] Texture stationary_pencil01_proxyTexture.jpg (512x512): decode=7.9ms, convert=1.3ms, linear=1.8ms, total=11.0ms
[2026-03-15T08:41:20Z INFO  bif_core::texture] Texture stationary_pencil01_BaseColor.1001.jpg (2048x2048): decode=61.1ms, convert=9.0ms, linear=27.6ms, total=97.8ms
[2026-03-15T08:41:20Z INFO  bif_core::texture] UDIM atlas (Ivar): 1 tiles -> 2048x2048 (1x1 grid, tile 2048x2048)
[2026-03-15T08:41:20Z INFO  bif_core::texture] UDIM atlas (Ivar): 1 tiles -> 2048x2048 (1x1 grid, tile 2048x2048)
[2026-03-15T08:41:20Z INFO  bif_core::texture] UDIM atlas (Ivar): 1 tiles -> 2048x2048 (1x1 grid, tile 2048x2048)
[2026-03-15T08:41:20Z INFO  bif_core::texture] Texture stationary_pencil02_proxyTexture.jpg (512x512): decode=7.5ms, convert=0.6ms, linear=1.5ms, total=9.7ms
[2026-03-15T08:41:20Z INFO  bif_core::texture] Texture stationary_pencil02_BaseColor.1001.jpg (2048x2048): decode=42.5ms, convert=9.0ms, linear=29.5ms, total=81.1ms
[2026-03-15T08:41:21Z INFO  bif_core::texture] UDIM atlas (Ivar): 1 tiles -> 2048x2048 (1x1 grid, tile 2048x2048)
[2026-03-15T08:41:21Z INFO  bif_core::texture] UDIM atlas (Ivar): 1 tiles -> 2048x2048 (1x1 grid, tile 2048x2048)
[2026-03-15T08:41:21Z INFO  bif_core::texture] UDIM atlas (Ivar): 1 tiles -> 2048x2048 (1x1 grid, tile 2048x2048)
[2026-03-15T08:41:21Z INFO  bif_core::texture] Texture stationary_pencil03_proxyTexture.jpg (512x512): decode=6.6ms, convert=0.6ms, linear=1.3ms, total=8.6ms
[2026-03-15T08:41:21Z INFO  bif_core::texture] Texture stationary_pencil03_BaseColor.1001.jpg (2048x2048): decode=38.8ms, convert=10.3ms, linear=23.7ms, total=72.8ms
[2026-03-15T08:41:21Z INFO  bif_core::texture] UDIM atlas (Ivar): 1 tiles -> 2048x2048 (1x1 grid, tile 2048x2048)
[2026-03-15T08:41:21Z INFO  bif_core::texture] UDIM atlas (Ivar): 1 tiles -> 2048x2048 (1x1 grid, tile 2048x2048)
[2026-03-15T08:41:22Z INFO  bif_core::texture] UDIM atlas (Ivar): 1 tiles -> 2048x2048 (1x1 grid, tile 2048x2048)
[2026-03-15T08:41:22Z INFO  bif_core::texture] Texture books_magazines01_proxyTexture.jpg (512x512): decode=15.2ms, convert=0.7ms, linear=1.4ms, total=17.3ms
[2026-03-15T08:41:22Z INFO  bif_core::texture] Texture books_magazines01_BaseColor.1001.jpg (2048x2048): decode=77.9ms, convert=9.4ms, linear=28.7ms, total=116.0ms
[2026-03-15T08:41:22Z INFO  bif_core::texture] Texture books_magazines01_BaseColor.1002.jpg (2048x2048): decode=72.5ms, convert=9.2ms, linear=25.2ms, total=106.9ms
[2026-03-15T08:41:22Z INFO  bif_core::texture] Texture books_magazines01_BaseColor.1003.jpg (2048x2048): decode=72.8ms, convert=9.1ms, linear=21.7ms, total=103.6ms
[2026-03-15T08:41:22Z INFO  bif_core::texture] Texture books_magazines01_BaseColor.1011.jpg (2048x2048): decode=67.6ms, convert=8.7ms, linear=23.8ms, total=100.1ms
[2026-03-15T08:41:23Z INFO  bif_core::texture] Texture books_magazines01_BaseColor.1012.jpg (2048x2048): decode=70.9ms, convert=10.0ms, linear=30.7ms, total=111.6ms
[2026-03-15T08:41:23Z INFO  bif_core::texture] Texture books_magazines01_BaseColor.1013.jpg (2048x2048): decode=54.4ms, convert=10.0ms, linear=21.4ms, total=85.8ms
[2026-03-15T08:41:23Z INFO  bif_core::texture] UDIM atlas (Ivar): 6 tiles -> 6144x4096 (3x2 grid, tile 2048x2048)
[2026-03-15T08:41:24Z INFO  bif_core::texture] UDIM atlas (Ivar): 6 tiles -> 6144x4096 (3x2 grid, tile 2048x2048)
[2026-03-15T08:41:25Z INFO  bif_core::texture] UDIM atlas (Ivar): 6 tiles -> 6144x4096 (3x2 grid, tile 2048x2048)
[2026-03-15T08:41:25Z INFO  bif_core::texture] Texture chemistry_beaker01_proxyTexture.jpg (512x512): decode=8.8ms, convert=0.6ms, linear=1.4ms, total=10.8ms
[2026-03-15T08:41:25Z INFO  bif_core::texture] Texture chemistry_beaker01_BaseColor.1001.jpg (2048x2048): decode=37.6ms, convert=11.5ms, linear=27.6ms, total=76.8ms
[2026-03-15T08:41:25Z INFO  bif_core::texture] UDIM atlas (Ivar): 1 tiles -> 2048x2048 (1x1 grid, tile 2048x2048)
[2026-03-15T08:41:25Z INFO  bif_core::texture] UDIM atlas (Ivar): 1 tiles -> 2048x2048 (1x1 grid, tile 2048x2048)
[2026-03-15T08:41:25Z INFO  bif_core::texture] UDIM atlas (Ivar): 1 tiles -> 2048x2048 (1x1 grid, tile 2048x2048)
[2026-03-15T08:41:25Z INFO  bif_core::texture] Texture chemistry_beaker02_proxyTexture.jpg (512x512): decode=7.7ms, convert=0.7ms, linear=1.4ms, total=9.8ms
[2026-03-15T08:41:26Z INFO  bif_core::texture] Texture chemistry_beaker02_BaseColor.1001.jpg (2048x2048): decode=39.0ms, convert=8.9ms, linear=29.2ms, total=77.1ms
[2026-03-15T08:41:26Z INFO  bif_core::texture] UDIM atlas (Ivar): 1 tiles -> 2048x2048 (1x1 grid, tile 2048x2048)
[2026-03-15T08:41:26Z INFO  bif_core::texture] UDIM atlas (Ivar): 1 tiles -> 2048x2048 (1x1 grid, tile 2048x2048)
[2026-03-15T08:41:26Z INFO  bif_core::texture] UDIM atlas (Ivar): 1 tiles -> 2048x2048 (1x1 grid, tile 2048x2048)
[2026-03-15T08:41:26Z INFO  bif_core::texture] Texture chemistry_beaker03_proxyTexture.jpg (512x512): decode=8.3ms, convert=0.6ms, linear=1.5ms, total=10.4ms
[2026-03-15T08:41:26Z INFO  bif_core::texture] Texture chemistry_beaker03_BaseColor.1001.jpg (2048x2048): decode=38.3ms, convert=8.9ms, linear=24.4ms, total=71.6ms
[2026-03-15T08:41:26Z INFO  bif_core::texture] UDIM atlas (Ivar): 1 tiles -> 2048x2048 (1x1 grid, tile 2048x2048)
[2026-03-15T08:41:27Z INFO  bif_core::texture] UDIM atlas (Ivar): 1 tiles -> 2048x2048 (1x1 grid, tile 2048x2048)
[2026-03-15T08:41:27Z INFO  bif_core::texture] UDIM atlas (Ivar): 1 tiles -> 2048x2048 (1x1 grid, tile 2048x2048)
[2026-03-15T08:41:27Z INFO  bif_core::texture] Texture chemistry_beaker_rack01_proxyTexture.jpg (512x512): decode=10.0ms, convert=0.7ms, linear=2.1ms, total=12.8ms
[2026-03-15T08:41:27Z INFO  bif_core::texture] Texture chemistry_beaker_rack01_BaseColor.1001.jpg (2048x2048): decode=55.0ms, convert=10.3ms, linear=23.5ms, total=88.8ms
[2026-03-15T08:41:27Z INFO  bif_core::texture] UDIM atlas (Ivar): 1 tiles -> 2048x2048 (1x1 grid, tile 2048x2048)
[2026-03-15T08:41:27Z INFO  bif_core::texture] UDIM atlas (Ivar): 1 tiles -> 2048x2048 (1x1 grid, tile 2048x2048)
[2026-03-15T08:41:28Z INFO  bif_core::texture] UDIM atlas (Ivar): 1 tiles -> 2048x2048 (1x1 grid, tile 2048x2048)
[2026-03-15T08:41:28Z INFO  bif_core::texture] UDIM atlas (Ivar): 1 tiles -> 2048x2048 (1x1 grid, tile 2048x2048)
[2026-03-15T08:41:28Z INFO  bif_core::texture] Texture chemistry_beaker_stand01_proxyTexture.jpg (512x512): decode=10.3ms, convert=0.8ms, linear=1.3ms, total=12.4ms
[2026-03-15T08:41:28Z INFO  bif_core::texture] Texture chemistry_beaker_stand01_BaseColor.1001.jpg (2048x2048): decode=57.2ms, convert=9.6ms, linear=21.9ms, total=88.7ms
[2026-03-15T08:41:28Z INFO  bif_core::texture] Texture chemistry_beaker_stand01_BaseColor.1002.jpg (2048x2048): decode=56.0ms, convert=12.2ms, linear=23.7ms, total=91.9ms
[2026-03-15T08:41:28Z INFO  bif_core::texture] UDIM atlas (Ivar): 2 tiles -> 4096x2048 (2x1 grid, tile 2048x2048)
[2026-03-15T08:41:29Z INFO  bif_core::texture] UDIM atlas (Ivar): 2 tiles -> 4096x2048 (2x1 grid, tile 2048x2048)
[2026-03-15T08:41:29Z INFO  bif_core::texture] UDIM atlas (Ivar): 2 tiles -> 4096x2048 (2x1 grid, tile 2048x2048)
[2026-03-15T08:41:29Z INFO  bif_core::texture] UDIM atlas (Ivar): 2 tiles -> 4096x2048 (2x1 grid, tile 2048x2048)
[2026-03-15T08:41:29Z INFO  bif_core::texture] Texture chemistry_bottle01_proxyTexture.jpg (512x512): decode=9.5ms, convert=0.6ms, linear=1.3ms, total=11.5ms
[2026-03-15T08:41:30Z INFO  bif_core::texture] Texture chemistry_bottle01_BaseColor.1001.jpg (2048x2048): decode=34.4ms, convert=11.9ms, linear=31.4ms, total=77.6ms
[2026-03-15T08:41:30Z INFO  bif_core::texture] UDIM atlas (Ivar): 1 tiles -> 2048x2048 (1x1 grid, tile 2048x2048)
[2026-03-15T08:41:30Z INFO  bif_core::texture] UDIM atlas (Ivar): 1 tiles -> 2048x2048 (1x1 grid, tile 2048x2048)
[2026-03-15T08:41:30Z INFO  bif_core::texture] UDIM atlas (Ivar): 1 tiles -> 2048x2048 (1x1 grid, tile 2048x2048)
[2026-03-15T08:41:30Z INFO  bif_core::texture] Texture chemistry_bottle02_proxyTexture.jpg (512x512): decode=8.8ms, convert=0.7ms, linear=2.4ms, total=11.9ms
[2026-03-15T08:41:30Z INFO  bif_core::texture] Texture chemistry_bottle02_BaseColor.1001.jpg (2048x2048): decode=30.4ms, convert=9.6ms, linear=22.8ms, total=62.8ms
[2026-03-15T08:41:30Z INFO  bif_core::texture] UDIM atlas (Ivar): 1 tiles -> 2048x2048 (1x1 grid, tile 2048x2048)
[2026-03-15T08:41:31Z INFO  bif_core::texture] UDIM atlas (Ivar): 1 tiles -> 2048x2048 (1x1 grid, tile 2048x2048)
[2026-03-15T08:41:31Z INFO  bif_core::texture] UDIM atlas (Ivar): 1 tiles -> 2048x2048 (1x1 grid, tile 2048x2048)
[2026-03-15T08:41:31Z INFO  bif_core::texture] Texture chemistry_bottle03_proxyTexture.jpg (512x512): decode=8.5ms, convert=0.7ms, linear=1.8ms, total=11.0ms
[2026-03-15T08:41:31Z INFO  bif_core::texture] Texture chemistry_bottle03_BaseColor.1001.jpg (2048x2048): decode=28.1ms, convert=9.0ms, linear=23.5ms, total=60.5ms
[2026-03-15T08:41:31Z INFO  bif_core::texture] UDIM atlas (Ivar): 1 tiles -> 2048x2048 (1x1 grid, tile 2048x2048)
[2026-03-15T08:41:31Z INFO  bif_core::texture] UDIM atlas (Ivar): 1 tiles -> 2048x2048 (1x1 grid, tile 2048x2048)
[2026-03-15T08:41:32Z INFO  bif_core::texture] UDIM atlas (Ivar): 1 tiles -> 2048x2048 (1x1 grid, tile 2048x2048)
[2026-03-15T08:41:32Z INFO  bif_core::texture] Texture chemistry_flask_stand01_proxyTexture.jpg (512x512): decode=10.9ms, convert=0.6ms, linear=1.4ms, total=12.9ms
[2026-03-15T08:41:32Z INFO  bif_core::texture] Texture chemistry_flask_stand01_BaseColor.1001.jpg (2048x2048): decode=53.7ms, convert=8.6ms, linear=22.8ms, total=85.2ms
[2026-03-15T08:41:32Z INFO  bif_core::texture] Texture chemistry_flask_stand01_BaseColor.1002.jpg (2048x2048): decode=27.3ms, convert=8.8ms, linear=22.5ms, total=58.6ms
[2026-03-15T08:41:32Z INFO  bif_core::texture] Texture chemistry_flask_stand01_BaseColor.1003.jpg (2048x2048): decode=48.6ms, convert=9.6ms, linear=25.2ms, total=83.4ms
[2026-03-15T08:41:32Z INFO  bif_core::texture] UDIM atlas (Ivar): 3 tiles -> 6144x2048 (3x1 grid, tile 2048x2048)
[2026-03-15T08:41:33Z INFO  bif_core::texture] UDIM atlas (Ivar): 3 tiles -> 6144x2048 (3x1 grid, tile 2048x2048)
[2026-03-15T08:41:33Z INFO  bif_core::texture] UDIM atlas (Ivar): 3 tiles -> 6144x2048 (3x1 grid, tile 2048x2048)
[2026-03-15T08:41:33Z INFO  bif_core::texture] Texture chemistry_kipps_apparatus01_proxyTexture.jpg (512x512): decode=10.9ms, convert=0.6ms, linear=1.3ms, total=12.9ms
[2026-03-15T08:41:33Z INFO  bif_core::texture] Texture chemistry_kipps_apparatus01_BaseColor.1001.jpg (2048x2048): decode=27.8ms, convert=8.9ms, linear=22.3ms, total=58.9ms
[2026-03-15T08:41:33Z INFO  bif_core::texture] Texture chemistry_kipps_apparatus01_BaseColor.1002.jpg (2048x2048): decode=69.2ms, convert=9.8ms, linear=24.1ms, total=103.1ms
[2026-03-15T08:41:34Z INFO  bif_core::texture] Texture chemistry_kipps_apparatus01_BaseColor.1003.jpg (2048x2048): decode=30.8ms, convert=9.3ms, linear=27.0ms, total=67.1ms
[2026-03-15T08:41:34Z INFO  bif_core::texture] UDIM atlas (Ivar): 3 tiles -> 6144x2048 (3x1 grid, tile 2048x2048)
[2026-03-15T08:41:34Z INFO  bif_core::texture] UDIM atlas (Ivar): 3 tiles -> 6144x2048 (3x1 grid, tile 2048x2048)
[2026-03-15T08:41:35Z INFO  bif_core::texture] UDIM atlas (Ivar): 3 tiles -> 6144x2048 (3x1 grid, tile 2048x2048)
[2026-03-15T08:41:35Z INFO  bif_core::texture] Texture chemistry_microscope01_proxyTexture.jpg (512x512): decode=12.7ms, convert=0.6ms, linear=1.3ms, total=14.7ms
[2026-03-15T08:41:35Z INFO  bif_core::texture] Texture chemistry_microscope01_BaseColor.1001.jpg (2048x2048): decode=54.0ms, convert=10.1ms, linear=25.6ms, total=89.7ms
[2026-03-15T08:41:35Z INFO  bif_core::texture] Texture chemistry_microscope01_BaseColor.1002.jpg (2048x2048): decode=51.1ms, convert=11.2ms, linear=30.4ms, total=92.7ms
[2026-03-15T08:41:35Z INFO  bif_core::texture] Texture chemistry_microscope01_BaseColor.1003.jpg (2048x2048): decode=27.3ms, convert=9.3ms, linear=27.3ms, total=63.9ms
[2026-03-15T08:41:35Z INFO  bif_core::texture] Texture chemistry_microscope01_BaseColor.1011.jpg (2048x2048): decode=37.8ms, convert=9.2ms, linear=22.4ms, total=69.4ms
[2026-03-15T08:41:35Z INFO  bif_core::texture] Texture chemistry_microscope01_BaseColor.1012.jpg (2048x2048): decode=31.6ms, convert=9.3ms, linear=22.3ms, total=63.2ms
[2026-03-15T08:41:35Z INFO  bif_core::texture] UDIM atlas (Ivar): 5 tiles -> 6144x4096 (3x2 grid, tile 2048x2048)
[2026-03-15T08:41:36Z INFO  bif_core::texture] UDIM atlas (Ivar): 5 tiles -> 6144x4096 (3x2 grid, tile 2048x2048)
[2026-03-15T08:41:37Z INFO  bif_core::texture] UDIM atlas (Ivar): 5 tiles -> 6144x4096 (3x2 grid, tile 2048x2048)
[2026-03-15T08:41:38Z INFO  bif_core::texture] UDIM atlas (Ivar): 5 tiles -> 6144x4096 (3x2 grid, tile 2048x2048)
[2026-03-15T08:41:38Z INFO  bif_core::texture] Texture decor_foam_hand01_proxyTexture.jpg (512x512): decode=8.2ms, convert=0.6ms, linear=1.4ms, total=10.2ms
[2026-03-15T08:41:38Z INFO  bif_core::texture] Texture BakedDiffuse_porc_hand.1001.jpg (2048x2048): decode=33.7ms, convert=10.7ms, linear=23.0ms, total=67.4ms
[2026-03-15T08:41:38Z INFO  bif_core::texture] Texture BakedDiffuse_porc_hand.1002.jpg (2048x2048): decode=32.3ms, convert=9.2ms, linear=22.4ms, total=63.9ms
[2026-03-15T08:41:38Z INFO  bif_core::texture] UDIM atlas (Ivar): 2 tiles -> 4096x2048 (2x1 grid, tile 2048x2048)
[2026-03-15T08:41:38Z INFO  bif_core::texture] Texture decor_helmet_head01_proxyTexture.jpg (512x512): decode=11.6ms, convert=0.6ms, linear=1.5ms, total=13.7ms
[2026-03-15T08:41:38Z INFO  bif_core::texture] Texture decor_helmet_head01_BaseColor.1001.jpg (2048x2048): decode=66.5ms, convert=11.1ms, linear=23.5ms, total=101.2ms
[2026-03-15T08:41:38Z INFO  bif_core::texture] Texture decor_helmet_head01_BaseColor.1002.jpg (2048x2048): decode=52.5ms, convert=8.8ms, linear=30.1ms, total=91.4ms
[2026-03-15T08:41:38Z INFO  bif_core::texture] UDIM atlas (Ivar): 2 tiles -> 4096x2048 (2x1 grid, tile 2048x2048)
[2026-03-15T08:41:39Z INFO  bif_core::texture] UDIM atlas (Ivar): 2 tiles -> 4096x2048 (2x1 grid, tile 2048x2048)
[2026-03-15T08:41:39Z INFO  bif_core::texture] UDIM atlas (Ivar): 2 tiles -> 4096x2048 (2x1 grid, tile 2048x2048)
[2026-03-15T08:41:39Z INFO  bif_core::texture] UDIM atlas (Ivar): 2 tiles -> 4096x2048 (2x1 grid, tile 2048x2048)
[2026-03-15T08:41:39Z INFO  bif_core::texture] Texture decor_wooden_box01_proxyTexture.jpg (512x512): decode=10.6ms, convert=0.7ms, linear=1.5ms, total=12.9ms
[2026-03-15T08:41:40Z INFO  bif_core::texture] Texture decor_wooden_box01_BaseColor.1001.jpg (2048x2048): decode=68.9ms, convert=10.2ms, linear=25.5ms, total=104.5ms
[2026-03-15T08:41:40Z INFO  bif_core::texture] Texture decor_wooden_box01_BaseColor.1002.jpg (2048x2048): decode=64.2ms, convert=9.4ms, linear=24.6ms, total=98.1ms
[2026-03-15T08:41:40Z INFO  bif_core::texture] Texture decor_wooden_box01_BaseColor.1003.jpg (2048x2048): decode=48.7ms, convert=9.5ms, linear=23.3ms, total=81.6ms
[2026-03-15T08:41:40Z INFO  bif_core::texture] Texture decor_wooden_box01_BaseColor.1011.jpg (2048x2048): decode=73.0ms, convert=10.0ms, linear=24.8ms, total=107.8ms
[2026-03-15T08:41:40Z INFO  bif_core::texture] Texture decor_wooden_box01_BaseColor.1012.jpg (2048x2048): decode=32.0ms, convert=9.2ms, linear=23.6ms, total=64.8ms
[2026-03-15T08:41:40Z INFO  bif_core::texture] Texture decor_wooden_box01_BaseColor.1013.jpg (2048x2048): decode=54.4ms, convert=9.2ms, linear=23.0ms, total=86.6ms
[2026-03-15T08:41:40Z INFO  bif_core::texture] UDIM atlas (Ivar): 6 tiles -> 6144x4096 (3x2 grid, tile 2048x2048)
[2026-03-15T08:41:41Z INFO  bif_core::texture] UDIM atlas (Ivar): 6 tiles -> 6144x4096 (3x2 grid, tile 2048x2048)
[2026-03-15T08:41:42Z INFO  bif_core::texture] UDIM atlas (Ivar): 6 tiles -> 6144x4096 (3x2 grid, tile 2048x2048)
[2026-03-15T08:41:42Z INFO  bif_core::texture] Texture electronics_audio_generator01_proxyTexture.jpg (512x512): decode=9.0ms, convert=0.6ms, linear=1.4ms, total=11.0ms
[2026-03-15T08:41:42Z WARN  bif_core::texture] Large UDIM atlas 10240x4096 (640 MB) for //freya/E_rename/_houdiniFiles/USD/USD_ALab_0730/fragment/look/surfacing/electronics_audio_generator01/render_high/texture/look_surfacing_electronics_audio_generator01_render_high_texture/electronics_audio_generator01_BaseColor.<UDIM>.jpg — may use significant memory
[2026-03-15T08:41:43Z INFO  bif_core::texture] Texture electronics_audio_generator01_BaseColor.1001.jpg (2048x2048): decode=78.9ms, convert=9.9ms, linear=28.8ms, total=117.7ms
[2026-03-15T08:41:43Z INFO  bif_core::texture] Texture electronics_audio_generator01_BaseColor.1002.jpg (2048x2048): decode=53.6ms, convert=9.0ms, linear=21.5ms, total=84.1ms
[2026-03-15T08:41:43Z INFO  bif_core::texture] Texture electronics_audio_generator01_BaseColor.1003.jpg (2048x2048): decode=54.0ms, convert=8.8ms, linear=22.4ms, total=85.2ms
[2026-03-15T08:41:43Z INFO  bif_core::texture] Texture electronics_audio_generator01_BaseColor.1004.jpg (2048x2048): decode=32.8ms, convert=9.5ms, linear=21.9ms, total=64.2ms
[2026-03-15T08:41:43Z INFO  bif_core::texture] Texture electronics_audio_generator01_BaseColor.1005.jpg (2048x2048): decode=51.0ms, convert=8.5ms, linear=24.4ms, total=84.0ms
[2026-03-15T08:41:43Z INFO  bif_core::texture] Texture electronics_audio_generator01_BaseColor.1011.jpg (2048x2048): decode=49.8ms, convert=8.8ms, linear=23.5ms, total=82.1ms
[2026-03-15T08:41:43Z INFO  bif_core::texture] Texture electronics_audio_generator01_BaseColor.1012.jpg (2048x2048): decode=50.0ms, convert=8.9ms, linear=26.2ms, total=85.1ms
[2026-03-15T08:41:43Z INFO  bif_core::texture] Texture electronics_audio_generator01_BaseColor.1013.jpg (2048x2048): decode=55.3ms, convert=12.6ms, linear=22.6ms, total=90.5ms
[2026-03-15T08:41:44Z INFO  bif_core::texture] Texture electronics_audio_generator01_BaseColor.1014.jpg (2048x2048): decode=54.4ms, convert=10.4ms, linear=31.5ms, total=96.4ms
[2026-03-15T08:41:44Z INFO  bif_core::texture] UDIM atlas (Ivar): 9 tiles -> 10240x4096 (5x2 grid, tile 2048x2048)
[2026-03-15T08:41:44Z WARN  bif_core::texture] Large UDIM atlas 10240x4096 (640 MB) for //freya/E_rename/_houdiniFiles/USD/USD_ALab_0730/fragment/look/surfacing/electronics_audio_generator01/render_high/texture/look_surfacing_electronics_audio_generator01_render_high_texture/electronics_audio_generator01_Roughness.<UDIM>.jpg — may use significant memory
[2026-03-15T08:41:45Z INFO  bif_core::texture] UDIM atlas (Ivar): 9 tiles -> 10240x4096 (5x2 grid, tile 2048x2048)
[2026-03-15T08:41:45Z WARN  bif_core::texture] Large UDIM atlas 10240x4096 (640 MB) for //freya/E_rename/_houdiniFiles/USD/USD_ALab_0730/fragment/look/surfacing/electronics_audio_generator01/render_high/texture/look_surfacing_electronics_audio_generator01_render_high_texture/electronics_audio_generator01_Metallic.<UDIM>.jpg — may use significant memory
[2026-03-15T08:41:46Z INFO  bif_core::texture] UDIM atlas (Ivar): 9 tiles -> 10240x4096 (5x2 grid, tile 2048x2048)
[2026-03-15T08:41:46Z WARN  bif_core::texture] Large UDIM atlas 10240x4096 (640 MB) for //freya/E_rename/_houdiniFiles/USD/USD_ALab_0730/fragment/look/surfacing/electronics_audio_generator01/render_high/texture/look_surfacing_electronics_audio_generator01_render_high_texture/electronics_audio_generator01_Normal_openGL.<UDIM>.jpg — may use significant memory
[2026-03-15T08:41:47Z INFO  bif_core::texture] UDIM atlas (Ivar): 9 tiles -> 10240x4096 (5x2 grid, tile 2048x2048)
[2026-03-15T08:41:47Z INFO  bif_core::texture] Texture electronics_tesla_coil01_proxyTexture.jpg (512x512): decode=15.6ms, convert=0.8ms, linear=1.9ms, total=18.3ms
[2026-03-15T08:41:47Z WARN  bif_core::texture] Large UDIM atlas 10240x4096 (640 MB) for //freya/E_rename/_houdiniFiles/USD/USD_ALab_0730/fragment/look/surfacing/electronics_tesla_coil01/render_high/texture/look_surfacing_electronics_tesla_coil01_render_high_texture/electronics_tesla_coil01_BaseColor.<UDIM>.jpg — may use significant memory
[2026-03-15T08:41:47Z INFO  bif_core::texture] Texture electronics_tesla_coil01_BaseColor.1001.jpg (2048x2048): decode=64.0ms, convert=10.1ms, linear=22.3ms, total=96.4ms
[2026-03-15T08:41:48Z INFO  bif_core::texture] Texture electronics_tesla_coil01_BaseColor.1002.jpg (2048x2048): decode=96.9ms, convert=9.8ms, linear=23.0ms, total=129.7ms
[2026-03-15T08:41:48Z INFO  bif_core::texture] Texture electronics_tesla_coil01_BaseColor.1003.jpg (2048x2048): decode=63.6ms, convert=8.9ms, linear=31.9ms, total=104.5ms
[2026-03-15T08:41:48Z INFO  bif_core::texture] Texture electronics_tesla_coil01_BaseColor.1004.jpg (2048x2048): decode=34.1ms, convert=12.1ms, linear=28.7ms, total=74.8ms
[2026-03-15T08:41:48Z INFO  bif_core::texture] Texture electronics_tesla_coil01_BaseColor.1005.jpg (2048x2048): decode=26.5ms, convert=9.8ms, linear=24.7ms, total=61.0ms
[2026-03-15T08:41:48Z INFO  bif_core::texture] Texture electronics_tesla_coil01_BaseColor.1011.jpg (2048x2048): decode=62.2ms, convert=9.6ms, linear=24.5ms, total=96.4ms
[2026-03-15T08:41:48Z INFO  bif_core::texture] Texture electronics_tesla_coil01_BaseColor.1012.jpg (2048x2048): decode=73.3ms, convert=9.2ms, linear=22.7ms, total=105.1ms
[2026-03-15T08:41:48Z INFO  bif_core::texture] Texture electronics_tesla_coil01_BaseColor.1013.jpg (2048x2048): decode=50.3ms, convert=8.8ms, linear=21.9ms, total=81.0ms
[2026-03-15T08:41:49Z INFO  bif_core::texture] Texture electronics_tesla_coil01_BaseColor.1014.jpg (2048x2048): decode=37.1ms, convert=10.9ms, linear=26.8ms, total=74.8ms
[2026-03-15T08:41:49Z INFO  bif_core::texture] UDIM atlas (Ivar): 9 tiles -> 10240x4096 (5x2 grid, tile 2048x2048)
[2026-03-15T08:41:49Z WARN  bif_core::texture] Large UDIM atlas 10240x4096 (640 MB) for //freya/E_rename/_houdiniFiles/USD/USD_ALab_0730/fragment/look/surfacing/electronics_tesla_coil01/render_high/texture/look_surfacing_electronics_tesla_coil01_render_high_texture/electronics_tesla_coil01_Roughness.<UDIM>.jpg — may use significant memory
[2026-03-15T08:41:50Z INFO  bif_core::texture] UDIM atlas (Ivar): 9 tiles -> 10240x4096 (5x2 grid, tile 2048x2048)
[2026-03-15T08:41:50Z WARN  bif_core::texture] Large UDIM atlas 10240x4096 (640 MB) for //freya/E_rename/_houdiniFiles/USD/USD_ALab_0730/fragment/look/surfacing/electronics_tesla_coil01/render_high/texture/look_surfacing_electronics_tesla_coil01_render_high_texture/electronics_tesla_coil01_Metallic.<UDIM>.jpg — may use significant memory
[2026-03-15T08:41:51Z INFO  bif_core::texture] UDIM atlas (Ivar): 9 tiles -> 10240x4096 (5x2 grid, tile 2048x2048)
[2026-03-15T08:41:52Z WARN  bif_core::texture] Large UDIM atlas 10240x4096 (640 MB) for //freya/E_rename/_houdiniFiles/USD/USD_ALab_0730/fragment/look/surfacing/electronics_tesla_coil01/render_high/texture/look_surfacing_electronics_tesla_coil01_render_high_texture/electronics_tesla_coil01_Normal_openGL.<UDIM>.jpg — may use significant memory
[2026-03-15T08:41:53Z INFO  bif_core::texture] UDIM atlas (Ivar): 9 tiles -> 10240x4096 (5x2 grid, tile 2048x2048)
[2026-03-15T08:41:53Z INFO  bif_core::texture] Texture electronics_turntable01_proxyTexture.jpg (512x512): decode=11.3ms, convert=0.8ms, linear=1.4ms, total=13.5ms
[2026-03-15T08:41:53Z WARN  bif_core::texture] Large UDIM atlas 10240x4096 (640 MB) for //freya/E_rename/_houdiniFiles/USD/USD_ALab_0730/fragment/look/surfacing/electronics_turntable01/render_high/texture/look_surfacing_electronics_turntable01_render_high_texture/electronics_turntable01_BaseColor.<UDIM>.jpg — may use significant memory
[2026-03-15T08:41:53Z INFO  bif_core::texture] Texture electronics_turntable01_BaseColor.1001.jpg (2048x2048): decode=32.1ms, convert=9.6ms, linear=22.5ms, total=64.2ms
[2026-03-15T08:41:53Z INFO  bif_core::texture] Texture electronics_turntable01_BaseColor.1002.jpg (2048x2048): decode=35.1ms, convert=9.0ms, linear=22.4ms, total=66.5ms
[2026-03-15T08:41:53Z INFO  bif_core::texture] Texture electronics_turntable01_BaseColor.1003.jpg (2048x2048): decode=77.8ms, convert=9.5ms, linear=31.9ms, total=119.3ms
[2026-03-15T08:41:53Z INFO  bif_core::texture] Texture electronics_turntable01_BaseColor.1004.jpg (2048x2048): decode=46.7ms, convert=9.0ms, linear=24.0ms, total=79.7ms
[2026-03-15T08:41:53Z INFO  bif_core::texture] Texture electronics_turntable01_BaseColor.1005.jpg (2048x2048): decode=32.3ms, convert=9.1ms, linear=23.0ms, total=64.3ms
[2026-03-15T08:41:54Z INFO  bif_core::texture] Texture electronics_turntable01_BaseColor.1011.jpg (2048x2048): decode=39.7ms, convert=9.2ms, linear=30.2ms, total=79.1ms
[2026-03-15T08:41:54Z INFO  bif_core::texture] Texture electronics_turntable01_BaseColor.1012.jpg (2048x2048): decode=47.4ms, convert=8.9ms, linear=22.6ms, total=78.9ms
[2026-03-15T08:41:54Z INFO  bif_core::texture] Texture electronics_turntable01_BaseColor.1013.jpg (2048x2048): decode=60.1ms, convert=10.8ms, linear=22.7ms, total=93.6ms
[2026-03-15T08:41:54Z INFO  bif_core::texture] Texture electronics_turntable01_BaseColor.1014.jpg (2048x2048): decode=45.7ms, convert=9.5ms, linear=25.5ms, total=80.6ms
[2026-03-15T08:41:54Z INFO  bif_core::texture] UDIM atlas (Ivar): 9 tiles -> 10240x4096 (5x2 grid, tile 2048x2048)
[2026-03-15T08:41:54Z WARN  bif_core::texture] Large UDIM atlas 10240x4096 (640 MB) for //freya/E_rename/_houdiniFiles/USD/USD_ALab_0730/fragment/look/surfacing/electronics_turntable01/render_high/texture/look_surfacing_electronics_turntable01_render_high_texture/electronics_turntable01_Roughness.<UDIM>.jpg — may use significant memory
[2026-03-15T08:41:55Z INFO  bif_core::texture] UDIM atlas (Ivar): 9 tiles -> 10240x4096 (5x2 grid, tile 2048x2048)
[2026-03-15T08:41:55Z WARN  bif_core::texture] Large UDIM atlas 10240x4096 (640 MB) for //freya/E_rename/_houdiniFiles/USD/USD_ALab_0730/fragment/look/surfacing/electronics_turntable01/render_high/texture/look_surfacing_electronics_turntable01_render_high_texture/electronics_turntable01_Normal_openGL.<UDIM>.jpg — may use significant memory
[2026-03-15T08:41:56Z INFO  bif_core::texture] UDIM atlas (Ivar): 9 tiles -> 10240x4096 (5x2 grid, tile 2048x2048)
[2026-03-15T08:41:56Z INFO  bif_core::texture] Texture electronics_wire_spool01_proxyTexture.jpg (512x512): decode=8.8ms, convert=0.8ms, linear=1.6ms, total=11.2ms
[2026-03-15T08:41:57Z INFO  bif_core::texture] Texture electronics_wire_spool01_BaseColor.1001.jpg (2048x2048): decode=46.3ms, convert=9.6ms, linear=26.4ms, total=82.3ms
[2026-03-15T08:41:57Z INFO  bif_core::texture] Texture electronics_wire_spool01_BaseColor.1002.jpg (2048x2048): decode=75.9ms, convert=10.1ms, linear=23.0ms, total=108.9ms
[2026-03-15T08:41:57Z INFO  bif_core::texture] UDIM atlas (Ivar): 2 tiles -> 4096x2048 (2x1 grid, tile 2048x2048)
[2026-03-15T08:41:57Z INFO  bif_core::texture] UDIM atlas (Ivar): 2 tiles -> 4096x2048 (2x1 grid, tile 2048x2048)
[2026-03-15T08:41:58Z INFO  bif_core::texture] UDIM atlas (Ivar): 2 tiles -> 4096x2048 (2x1 grid, tile 2048x2048)
[2026-03-15T08:41:58Z INFO  bif_core::texture] UDIM atlas (Ivar): 2 tiles -> 4096x2048 (2x1 grid, tile 2048x2048)
[2026-03-15T08:41:58Z INFO  bif_core::texture] Texture furniture_blackboard01_proxyTexture.jpg (512x512): decode=10.1ms, convert=0.6ms, linear=1.3ms, total=12.0ms
[2026-03-15T08:41:58Z INFO  bif_core::texture] Texture furniture_blackboard01_BaseColor.1001.jpg (2048x2048): decode=72.2ms, convert=9.2ms, linear=21.7ms, total=103.1ms
[2026-03-15T08:41:58Z INFO  bif_core::texture] Texture furniture_blackboard01_BaseColor.1002.jpg (2048x2048): decode=58.8ms, convert=9.7ms, linear=22.2ms, total=90.7ms
[2026-03-15T08:41:59Z INFO  bif_core::texture] Texture furniture_blackboard01_BaseColor.1003.jpg (2048x2048): decode=32.3ms, convert=10.0ms, linear=29.4ms, total=71.8ms
[2026-03-15T08:41:59Z INFO  bif_core::texture] UDIM atlas (Ivar): 3 tiles -> 6144x2048 (3x1 grid, tile 2048x2048)
[2026-03-15T08:41:59Z INFO  bif_core::texture] UDIM atlas (Ivar): 3 tiles -> 6144x2048 (3x1 grid, tile 2048x2048)
[2026-03-15T08:42:00Z INFO  bif_core::texture] UDIM atlas (Ivar): 3 tiles -> 6144x2048 (3x1 grid, tile 2048x2048)
[2026-03-15T08:42:00Z INFO  bif_core::texture] Texture furniture_shelving01_proxyTexture.jpg (512x512): decode=8.9ms, convert=0.6ms, linear=1.2ms, total=10.7ms
[2026-03-15T08:42:00Z INFO  bif_core::texture] Texture furniture_shelving01_BaseColor.1001.jpg (2048x2048): decode=51.6ms, convert=9.5ms, linear=23.0ms, total=84.1ms
[2026-03-15T08:42:00Z INFO  bif_core::texture] Texture furniture_shelving01_BaseColor.1002.jpg (2048x2048): decode=71.1ms, convert=8.8ms, linear=22.8ms, total=102.7ms
[2026-03-15T08:42:00Z INFO  bif_core::texture] UDIM atlas (Ivar): 2 tiles -> 4096x2048 (2x1 grid, tile 2048x2048)
[2026-03-15T08:42:00Z INFO  bif_core::texture] UDIM atlas (Ivar): 2 tiles -> 4096x2048 (2x1 grid, tile 2048x2048)
[2026-03-15T08:42:01Z INFO  bif_core::texture] UDIM atlas (Ivar): 2 tiles -> 4096x2048 (2x1 grid, tile 2048x2048)
[2026-03-15T08:42:01Z INFO  bif_core::texture] Texture stationary_crayon_box01_proxyTexture.jpg (512x512): decode=10.3ms, convert=0.6ms, linear=1.3ms, total=12.2ms
[2026-03-15T08:42:01Z INFO  bif_core::texture] Texture stationary_crayon_box01_BaseColor.1001.jpg (2048x2048): decode=90.3ms, convert=9.0ms, linear=22.9ms, total=122.2ms
[2026-03-15T08:42:01Z INFO  bif_core::texture] UDIM atlas (Ivar): 1 tiles -> 2048x2048 (1x1 grid, tile 2048x2048)
[2026-03-15T08:42:01Z INFO  bif_core::texture] UDIM atlas (Ivar): 1 tiles -> 2048x2048 (1x1 grid, tile 2048x2048)
[2026-03-15T08:42:02Z INFO  bif_core::texture] UDIM atlas (Ivar): 1 tiles -> 2048x2048 (1x1 grid, tile 2048x2048)
[2026-03-15T08:42:02Z INFO  bif_core::texture] Texture stationary_notepad01_proxyTexture.jpg (512x512): decode=12.7ms, convert=0.6ms, linear=2.0ms, total=15.3ms
[2026-03-15T08:42:02Z INFO  bif_core::texture] Texture stationary_notepad01_BaseColor.1001.jpg (2048x2048): decode=63.5ms, convert=9.7ms, linear=26.5ms, total=99.7ms
[2026-03-15T08:42:02Z INFO  bif_core::texture] Texture stationary_notepad01_BaseColor.1002.jpg (2048x2048): decode=47.6ms, convert=9.0ms, linear=22.9ms, total=79.5ms
[2026-03-15T08:42:02Z INFO  bif_core::texture] Texture stationary_notepad01_BaseColor.1003.jpg (2048x2048): decode=29.0ms, convert=9.7ms, linear=22.5ms, total=61.2ms
[2026-03-15T08:42:02Z INFO  bif_core::texture] UDIM atlas (Ivar): 3 tiles -> 6144x2048 (3x1 grid, tile 2048x2048)
[2026-03-15T08:42:03Z INFO  bif_core::texture] UDIM atlas (Ivar): 3 tiles -> 6144x2048 (3x1 grid, tile 2048x2048)
[2026-03-15T08:42:03Z INFO  bif_core::texture] UDIM atlas (Ivar): 3 tiles -> 6144x2048 (3x1 grid, tile 2048x2048)
[2026-03-15T08:42:03Z INFO  bif_core::texture] Texture stationary_paper01_proxyTexture.jpg (512x512): decode=10.6ms, convert=0.6ms, linear=1.3ms, total=12.6ms
[2026-03-15T08:42:03Z INFO  bif_core::texture] Texture stationary_paper01_BaseColor.1001.jpg (2048x2048): decode=59.8ms, convert=8.9ms, linear=21.9ms, total=90.6ms
[2026-03-15T08:42:03Z INFO  bif_core::texture] UDIM atlas (Ivar): 1 tiles -> 2048x2048 (1x1 grid, tile 2048x2048)
[2026-03-15T08:42:04Z INFO  bif_core::texture] UDIM atlas (Ivar): 1 tiles -> 2048x2048 (1x1 grid, tile 2048x2048)
[2026-03-15T08:42:04Z INFO  bif_core::texture] UDIM atlas (Ivar): 1 tiles -> 2048x2048 (1x1 grid, tile 2048x2048)
[2026-03-15T08:42:04Z INFO  bif_core::texture] Texture stationary_paper02_proxyTexture.jpg (512x512): decode=12.1ms, convert=0.6ms, linear=1.7ms, total=14.3ms
[2026-03-15T08:42:04Z INFO  bif_core::texture] Texture stationary_paper02_BaseColor.1001.jpg (2048x2048): decode=57.6ms, convert=9.4ms, linear=22.6ms, total=89.6ms
[2026-03-15T08:42:04Z INFO  bif_core::texture] UDIM atlas (Ivar): 1 tiles -> 2048x2048 (1x1 grid, tile 2048x2048)
[2026-03-15T08:42:04Z INFO  bif_core::texture] UDIM atlas (Ivar): 1 tiles -> 2048x2048 (1x1 grid, tile 2048x2048)
[2026-03-15T08:42:05Z INFO  bif_core::texture] UDIM atlas (Ivar): 1 tiles -> 2048x2048 (1x1 grid, tile 2048x2048)
[2026-03-15T08:42:05Z INFO  bif_core::texture] Texture stationary_protractor_box01_proxyTexture.jpg (512x512): decode=10.5ms, convert=0.6ms, linear=1.4ms, total=12.6ms
[2026-03-15T08:42:05Z INFO  bif_core::texture] Texture stationary_protractor_box01_BaseColor.1001.jpg (2048x2048): decode=51.6ms, convert=9.4ms, linear=24.4ms, total=85.3ms
[2026-03-15T08:42:05Z INFO  bif_core::texture] Texture stationary_protractor_box01_BaseColor.1002.jpg (2048x2048): decode=43.5ms, convert=12.5ms, linear=24.6ms, total=80.6ms
[2026-03-15T08:42:05Z INFO  bif_core::texture] Texture stationary_protractor_box01_BaseColor.1011.jpg (2048x2048): decode=58.1ms, convert=8.8ms, linear=22.9ms, total=89.8ms
[2026-03-15T08:42:05Z INFO  bif_core::texture] Texture stationary_protractor_box01_BaseColor.1012.jpg (2048x2048): decode=28.3ms, convert=8.7ms, linear=23.0ms, total=60.0ms
[2026-03-15T08:42:05Z INFO  bif_core::texture] UDIM atlas (Ivar): 4 tiles -> 4096x4096 (2x2 grid, tile 2048x2048)
[2026-03-15T08:42:06Z INFO  bif_core::texture] UDIM atlas (Ivar): 4 tiles -> 4096x4096 (2x2 grid, tile 2048x2048)
[2026-03-15T08:42:06Z INFO  bif_core::texture] UDIM atlas (Ivar): 4 tiles -> 4096x4096 (2x2 grid, tile 2048x2048)
[2026-03-15T08:42:06Z INFO  bif_core::texture] Texture stationary_set_square01_proxyTexture.jpg (512x512): decode=8.1ms, convert=0.8ms, linear=2.1ms, total=11.0ms
[2026-03-15T08:42:07Z INFO  bif_core::texture] Texture stationary_set_square01_BaseColor.1001.jpg (2048x2048): decode=42.9ms, convert=10.6ms, linear=23.2ms, total=76.7ms
[2026-03-15T08:42:07Z INFO  bif_core::texture] UDIM atlas (Ivar): 1 tiles -> 2048x2048 (1x1 grid, tile 2048x2048)
[2026-03-15T08:42:07Z INFO  bif_core::texture] UDIM atlas (Ivar): 1 tiles -> 2048x2048 (1x1 grid, tile 2048x2048)
[2026-03-15T08:42:07Z INFO  bif_core::texture] UDIM atlas (Ivar): 1 tiles -> 2048x2048 (1x1 grid, tile 2048x2048)
[2026-03-15T08:42:07Z INFO  bif_core::texture] Texture stationary_set_square02_proxyTexture.jpg (512x512): decode=7.5ms, convert=0.7ms, linear=1.6ms, total=9.8ms
[2026-03-15T08:42:07Z INFO  bif_core::texture] Texture stationary_set_square02_BaseColor.1001.jpg (2048x2048): decode=33.9ms, convert=12.6ms, linear=24.1ms, total=70.6ms
[2026-03-15T08:42:07Z INFO  bif_core::texture] UDIM atlas (Ivar): 1 tiles -> 2048x2048 (1x1 grid, tile 2048x2048)
[2026-03-15T08:42:08Z INFO  bif_core::texture] UDIM atlas (Ivar): 1 tiles -> 2048x2048 (1x1 grid, tile 2048x2048)
[2026-03-15T08:42:08Z INFO  bif_core::texture] UDIM atlas (Ivar): 1 tiles -> 2048x2048 (1x1 grid, tile 2048x2048)
[2026-03-15T08:42:08Z INFO  bif_core::texture] Texture stationary_slide_rule01_proxyTexture.jpg (512x512): decode=10.9ms, convert=0.8ms, linear=2.7ms, total=14.5ms
[2026-03-15T08:42:08Z INFO  bif_core::texture] Texture stationary_slide_rule01_BaseColor.1001.jpg (2048x2048): decode=50.4ms, convert=11.6ms, linear=24.7ms, total=86.8ms
[2026-03-15T08:42:08Z INFO  bif_core::texture] Texture stationary_slide_rule01_BaseColor.1002.jpg (2048x2048): decode=82.2ms, convert=9.1ms, linear=24.4ms, total=115.7ms
[2026-03-15T08:42:08Z INFO  bif_core::texture] Texture stationary_slide_rule01_BaseColor.1003.jpg (2048x2048): decode=28.9ms, convert=9.0ms, linear=24.3ms, total=62.2ms
[2026-03-15T08:42:08Z INFO  bif_core::texture] UDIM atlas (Ivar): 3 tiles -> 6144x2048 (3x1 grid, tile 2048x2048)
[2026-03-15T08:42:09Z INFO  bif_core::texture] UDIM atlas (Ivar): 3 tiles -> 6144x2048 (3x1 grid, tile 2048x2048)
[2026-03-15T08:42:09Z INFO  bif_core::texture] UDIM atlas (Ivar): 3 tiles -> 6144x2048 (3x1 grid, tile 2048x2048)
[2026-03-15T08:42:09Z INFO  bif_core::texture] Texture toy_box01_proxyTexture.jpg (512x512): decode=8.5ms, convert=0.6ms, linear=1.3ms, total=10.4ms
[2026-03-15T08:42:10Z INFO  bif_core::texture] Texture toy_box01_BaseColor.1001.jpg (2048x2048): decode=55.4ms, convert=9.2ms, linear=29.5ms, total=94.1ms
[2026-03-15T08:42:10Z INFO  bif_core::texture] UDIM atlas (Ivar): 1 tiles -> 2048x2048 (1x1 grid, tile 2048x2048)
[2026-03-15T08:42:10Z INFO  bif_core::texture] UDIM atlas (Ivar): 1 tiles -> 2048x2048 (1x1 grid, tile 2048x2048)
[2026-03-15T08:42:10Z INFO  bif_core::texture] UDIM atlas (Ivar): 1 tiles -> 2048x2048 (1x1 grid, tile 2048x2048)
[2026-03-15T08:42:10Z INFO  bif_core::texture] Texture toy_box02_proxyTexture.jpg (512x512): decode=10.0ms, convert=0.7ms, linear=1.3ms, total=12.0ms
[2026-03-15T08:42:10Z INFO  bif_core::texture] Texture toy_box02_BaseColor.1001.jpg (2048x2048): decode=68.9ms, convert=9.2ms, linear=23.0ms, total=101.1ms
[2026-03-15T08:42:10Z INFO  bif_core::texture] UDIM atlas (Ivar): 1 tiles -> 2048x2048 (1x1 grid, tile 2048x2048)
[2026-03-15T08:42:11Z INFO  bif_core::texture] UDIM atlas (Ivar): 1 tiles -> 2048x2048 (1x1 grid, tile 2048x2048)
[2026-03-15T08:42:11Z INFO  bif_core::texture] UDIM atlas (Ivar): 1 tiles -> 2048x2048 (1x1 grid, tile 2048x2048)
[2026-03-15T08:42:11Z INFO  bif_core::texture] Texture toy_box04_proxyTexture.jpg (512x512): decode=9.4ms, convert=0.7ms, linear=1.3ms, total=11.4ms
[2026-03-15T08:42:11Z INFO  bif_core::texture] Texture toy_box04_BaseColor.1001.jpg (2048x2048): decode=52.4ms, convert=10.0ms, linear=22.2ms, total=84.6ms
[2026-03-15T08:42:11Z INFO  bif_core::texture] UDIM atlas (Ivar): 1 tiles -> 2048x2048 (1x1 grid, tile 2048x2048)
[2026-03-15T08:42:11Z INFO  bif_core::texture] UDIM atlas (Ivar): 1 tiles -> 2048x2048 (1x1 grid, tile 2048x2048)
[2026-03-15T08:42:12Z INFO  bif_core::texture] UDIM atlas (Ivar): 1 tiles -> 2048x2048 (1x1 grid, tile 2048x2048)
[2026-03-15T08:42:12Z INFO  bif_core::texture] Texture books_encyclopedias01_proxyTexture.jpg (512x512): decode=12.7ms, convert=1.0ms, linear=1.6ms, total=15.4ms
[2026-03-15T08:42:12Z INFO  bif_core::texture] Texture books_encyclopedias01_BaseColor.1001.jpg (2048x2048): decode=70.8ms, convert=9.3ms, linear=27.1ms, total=107.1ms
[2026-03-15T08:42:12Z INFO  bif_core::texture] Texture books_encyclopedias01_BaseColor.1002.jpg (2048x2048): decode=74.4ms, convert=9.5ms, linear=24.4ms, total=108.4ms
[2026-03-15T08:42:12Z INFO  bif_core::texture] Texture books_encyclopedias01_BaseColor.1003.jpg (2048x2048): decode=57.5ms, convert=9.5ms, linear=23.4ms, total=90.4ms
[2026-03-15T08:42:12Z INFO  bif_core::texture] UDIM atlas (Ivar): 3 tiles -> 6144x2048 (3x1 grid, tile 2048x2048)
[2026-03-15T08:42:13Z INFO  bif_core::texture] UDIM atlas (Ivar): 3 tiles -> 6144x2048 (3x1 grid, tile 2048x2048)
[2026-03-15T08:42:13Z INFO  bif_core::texture] UDIM atlas (Ivar): 3 tiles -> 6144x2048 (3x1 grid, tile 2048x2048)
[2026-03-15T08:42:13Z INFO  bif_core::texture] Texture toy_box03_proxyTexture.jpg (512x512): decode=13.4ms, convert=0.7ms, linear=1.8ms, total=16.0ms
[2026-03-15T08:42:13Z INFO  bif_core::texture] Texture toy_box03_BaseColor.1001.jpg (2048x2048): decode=79.5ms, convert=9.6ms, linear=22.8ms, total=112.0ms
[2026-03-15T08:42:14Z INFO  bif_core::texture] Texture toy_box03_BaseColor.1002.jpg (2048x2048): decode=75.0ms, convert=10.9ms, linear=28.1ms, total=114.0ms
[2026-03-15T08:42:14Z INFO  bif_core::texture] Texture toy_box03_BaseColor.1003.jpg (2048x2048): decode=81.5ms, convert=10.1ms, linear=23.8ms, total=115.4ms
[2026-03-15T08:42:14Z INFO  bif_core::texture] UDIM atlas (Ivar): 3 tiles -> 6144x2048 (3x1 grid, tile 2048x2048)
[2026-03-15T08:42:14Z INFO  bif_core::texture] UDIM atlas (Ivar): 3 tiles -> 6144x2048 (3x1 grid, tile 2048x2048)
[2026-03-15T08:42:15Z INFO  bif_core::texture] UDIM atlas (Ivar): 3 tiles -> 6144x2048 (3x1 grid, tile 2048x2048)
[2026-03-15T08:42:15Z INFO  bif_core::texture] Texture chemistry_magnetic_stirrer01_proxyTexture.jpg (512x512): decode=11.4ms, convert=0.7ms, linear=1.4ms, total=13.5ms
[2026-03-15T08:42:15Z INFO  bif_core::texture] Texture chemistry_magnetic_stirrer01_BaseColor.1001.jpg (2048x2048): decode=55.0ms, convert=9.0ms, linear=25.4ms, total=89.4ms
[2026-03-15T08:42:15Z INFO  bif_core::texture] Texture chemistry_magnetic_stirrer01_BaseColor.1002.jpg (2048x2048): decode=51.1ms, convert=12.2ms, linear=22.8ms, total=86.0ms
[2026-03-15T08:42:15Z INFO  bif_core::texture] Texture chemistry_magnetic_stirrer01_BaseColor.1011.jpg (2048x2048): decode=47.7ms, convert=9.4ms, linear=23.4ms, total=80.5ms
[2026-03-15T08:42:15Z INFO  bif_core::texture] UDIM atlas (Ivar): 3 tiles -> 4096x4096 (2x2 grid, tile 2048x2048)
[2026-03-15T08:42:16Z INFO  bif_core::texture] UDIM atlas (Ivar): 3 tiles -> 4096x4096 (2x2 grid, tile 2048x2048)
[2026-03-15T08:42:16Z INFO  bif_core::texture] UDIM atlas (Ivar): 3 tiles -> 4096x4096 (2x2 grid, tile 2048x2048)
[2026-03-15T08:42:16Z INFO  bif_core::texture] Texture chemistry_test_tube01_proxyTexture.jpg (512x512): decode=8.6ms, convert=0.6ms, linear=1.4ms, total=10.6ms
[2026-03-15T08:42:17Z INFO  bif_core::texture] Texture chemistry_test_tube01_BaseColor.1001.jpg (2048x2048): decode=38.5ms, convert=10.2ms, linear=28.7ms, total=77.3ms
[2026-03-15T08:42:17Z INFO  bif_core::texture] UDIM atlas (Ivar): 1 tiles -> 2048x2048 (1x1 grid, tile 2048x2048)
[2026-03-15T08:42:17Z INFO  bif_core::texture] UDIM atlas (Ivar): 1 tiles -> 2048x2048 (1x1 grid, tile 2048x2048)
[2026-03-15T08:42:17Z INFO  bif_core::texture] UDIM atlas (Ivar): 1 tiles -> 2048x2048 (1x1 grid, tile 2048x2048)
[2026-03-15T08:42:17Z INFO  bif_core::texture] Texture chemistry_test_tube02_proxyTexture.jpg (512x512): decode=8.9ms, convert=0.8ms, linear=2.4ms, total=12.1ms
[2026-03-15T08:42:17Z INFO  bif_core::texture] Texture chemistry_test_tube02_BaseColor.1001.jpg (2048x2048): decode=35.6ms, convert=8.7ms, linear=23.6ms, total=67.9ms
[2026-03-15T08:42:17Z INFO  bif_core::texture] UDIM atlas (Ivar): 1 tiles -> 2048x2048 (1x1 grid, tile 2048x2048)
[2026-03-15T08:42:17Z INFO  bif_core::texture] UDIM atlas (Ivar): 1 tiles -> 2048x2048 (1x1 grid, tile 2048x2048)
[2026-03-15T08:42:18Z INFO  bif_core::texture] UDIM atlas (Ivar): 1 tiles -> 2048x2048 (1x1 grid, tile 2048x2048)
[2026-03-15T08:42:18Z INFO  bif_core::texture] Texture chemistry_test_tube03_proxyTexture.jpg (512x512): decode=8.5ms, convert=0.6ms, linear=1.2ms, total=10.3ms
[2026-03-15T08:42:18Z INFO  bif_core::texture] Texture chemistry_test_tube03_BaseColor.1001.jpg (2048x2048): decode=32.2ms, convert=9.4ms, linear=23.4ms, total=65.0ms
[2026-03-15T08:42:18Z INFO  bif_core::texture] UDIM atlas (Ivar): 1 tiles -> 2048x2048 (1x1 grid, tile 2048x2048)
[2026-03-15T08:42:18Z INFO  bif_core::texture] UDIM atlas (Ivar): 1 tiles -> 2048x2048 (1x1 grid, tile 2048x2048)
[2026-03-15T08:42:18Z INFO  bif_core::texture] UDIM atlas (Ivar): 1 tiles -> 2048x2048 (1x1 grid, tile 2048x2048)
[2026-03-15T08:42:18Z INFO  bif_core::texture] Texture electronics_spoolrack_proxyTexture.jpg (512x512): decode=9.9ms, convert=1.0ms, linear=2.1ms, total=13.0ms
[2026-03-15T08:42:19Z INFO  bif_core::texture] Texture electronics_spoolrack_BaseColor.1001.jpg (2048x2048): decode=77.7ms, convert=16.2ms, linear=26.7ms, total=120.6ms
[2026-03-15T08:42:19Z INFO  bif_core::texture] Texture electronics_spoolrack_BaseColor.1002.jpg (2048x2048): decode=55.7ms, convert=9.0ms, linear=22.6ms, total=87.3ms
[2026-03-15T08:42:19Z INFO  bif_core::texture] UDIM atlas (Ivar): 2 tiles -> 4096x2048 (2x1 grid, tile 2048x2048)
[2026-03-15T08:42:19Z INFO  bif_core::texture] UDIM atlas (Ivar): 2 tiles -> 4096x2048 (2x1 grid, tile 2048x2048)
[2026-03-15T08:42:20Z INFO  bif_core::texture] UDIM atlas (Ivar): 2 tiles -> 4096x2048 (2x1 grid, tile 2048x2048)
[2026-03-15T08:42:20Z INFO  bif_core::texture] Texture electronics_wire_spool02_proxyTexture.jpg (512x512): decode=6.2ms, convert=0.6ms, linear=1.3ms, total=8.1ms
[2026-03-15T08:42:20Z INFO  bif_core::texture] Texture electronics_wire_spool02_BaseColor.1001.jpg (2048x2048): decode=30.0ms, convert=9.2ms, linear=23.2ms, total=62.4ms
[2026-03-15T08:42:20Z INFO  bif_core::texture] Texture electronics_wire_spool02_BaseColor.1002.jpg (2048x2048): decode=79.0ms, convert=11.3ms, linear=29.2ms, total=119.5ms
[2026-03-15T08:42:20Z INFO  bif_core::texture] UDIM atlas (Ivar): 2 tiles -> 4096x2048 (2x1 grid, tile 2048x2048)
[2026-03-15T08:42:20Z INFO  bif_core::texture] UDIM atlas (Ivar): 2 tiles -> 4096x2048 (2x1 grid, tile 2048x2048)
[2026-03-15T08:42:21Z INFO  bif_core::texture] UDIM atlas (Ivar): 2 tiles -> 4096x2048 (2x1 grid, tile 2048x2048)
[2026-03-15T08:42:21Z INFO  bif_core::texture] UDIM atlas (Ivar): 2 tiles -> 4096x2048 (2x1 grid, tile 2048x2048)
[2026-03-15T08:42:21Z INFO  bif_core::texture] Texture toy_fun_coil_proxyTexture.jpg (512x512): decode=9.3ms, convert=0.8ms, linear=1.5ms, total=11.6ms
[2026-03-15T08:42:21Z INFO  bif_core::texture] Texture toy_fun_coil_BaseColor.1001.jpg (2048x2048): decode=46.8ms, convert=10.0ms, linear=23.1ms, total=80.0ms
[2026-03-15T08:42:21Z INFO  bif_core::texture] UDIM atlas (Ivar): 1 tiles -> 2048x2048 (1x1 grid, tile 2048x2048)
[2026-03-15T08:42:22Z INFO  bif_core::texture] UDIM atlas (Ivar): 1 tiles -> 2048x2048 (1x1 grid, tile 2048x2048)
[2026-03-15T08:42:22Z INFO  bif_core::texture] UDIM atlas (Ivar): 1 tiles -> 2048x2048 (1x1 grid, tile 2048x2048)
[2026-03-15T08:42:22Z INFO  bif_core::texture] UDIM atlas (Ivar): 1 tiles -> 2048x2048 (1x1 grid, tile 2048x2048)
[2026-03-15T08:42:22Z INFO  bif_core::texture] Texture toy_curly_surgery_proxyTexture.jpg (512x512): decode=12.0ms, convert=0.6ms, linear=1.4ms, total=14.0ms
[2026-03-15T08:42:22Z INFO  bif_core::texture] Texture toy_curly_surgery_BaseColor.1001.jpg (2048x2048): decode=65.4ms, convert=10.5ms, linear=26.0ms, total=101.9ms
[2026-03-15T08:42:22Z INFO  bif_core::texture] Texture toy_curly_surgery_BaseColor.1002.jpg (2048x2048): decode=38.9ms, convert=11.5ms, linear=28.5ms, total=79.0ms
[2026-03-15T08:42:23Z INFO  bif_core::texture] Texture toy_curly_surgery_BaseColor.1003.jpg (2048x2048): decode=45.4ms, convert=9.4ms, linear=25.4ms, total=80.1ms
[2026-03-15T08:42:23Z INFO  bif_core::texture] Texture toy_curly_surgery_BaseColor.1004.jpg (2048x2048): decode=26.8ms, convert=9.5ms, linear=21.8ms, total=58.1ms
[2026-03-15T08:42:23Z INFO  bif_core::texture] Texture toy_curly_surgery_BaseColor.1011.jpg (2048x2048): decode=26.8ms, convert=9.3ms, linear=22.2ms, total=58.3ms
[2026-03-15T08:42:23Z INFO  bif_core::texture] Texture toy_curly_surgery_BaseColor.1012.jpg (2048x2048): decode=29.6ms, convert=9.3ms, linear=23.5ms, total=62.4ms
[2026-03-15T08:42:23Z INFO  bif_core::texture] Texture toy_curly_surgery_BaseColor.1013.jpg (2048x2048): decode=61.3ms, convert=8.7ms, linear=23.1ms, total=93.1ms
[2026-03-15T08:42:23Z INFO  bif_core::texture] UDIM atlas (Ivar): 7 tiles -> 8192x4096 (4x2 grid, tile 2048x2048)
[2026-03-15T08:42:24Z INFO  bif_core::texture] UDIM atlas (Ivar): 7 tiles -> 8192x4096 (4x2 grid, tile 2048x2048)
[2026-03-15T08:42:25Z INFO  bif_core::texture] UDIM atlas (Ivar): 7 tiles -> 8192x4096 (4x2 grid, tile 2048x2048)
[2026-03-15T08:42:25Z INFO  bif_core::texture] Texture electronics_cabling_proxyTexture.jpg (512x512): decode=8.3ms, convert=0.7ms, linear=1.3ms, total=10.3ms
[2026-03-15T08:42:25Z INFO  bif_core::texture] Texture electronics_cabling_BaseColor.1001.jpg (2048x2048): decode=30.7ms, convert=9.6ms, linear=25.7ms, total=65.9ms
[2026-03-15T08:42:25Z INFO  bif_core::texture] Texture electronics_cabling_BaseColor.1002.jpg (2048x2048): decode=37.3ms, convert=10.2ms, linear=22.5ms, total=70.0ms
[2026-03-15T08:42:26Z INFO  bif_core::texture] Texture electronics_cabling_BaseColor.1003.jpg (2048x2048): decode=45.6ms, convert=9.7ms, linear=30.0ms, total=85.3ms
[2026-03-15T08:42:26Z INFO  bif_core::texture] Texture electronics_cabling_BaseColor.1004.jpg (2048x2048): decode=43.0ms, convert=10.5ms, linear=31.4ms, total=84.9ms
[2026-03-15T08:42:26Z INFO  bif_core::texture] Texture electronics_cabling_BaseColor.1011.jpg (2048x2048): decode=41.6ms, convert=10.1ms, linear=22.7ms, total=74.4ms
[2026-03-15T08:42:26Z INFO  bif_core::texture] Texture electronics_cabling_BaseColor.1012.jpg (2048x2048): decode=39.4ms, convert=10.2ms, linear=25.2ms, total=74.7ms
[2026-03-15T08:42:26Z INFO  bif_core::texture] Texture electronics_cabling_BaseColor.1013.jpg (2048x2048): decode=38.8ms, convert=9.3ms, linear=26.1ms, total=74.1ms
[2026-03-15T08:42:26Z INFO  bif_core::texture] Texture electronics_cabling_BaseColor.1014.jpg (2048x2048): decode=40.0ms, convert=10.9ms, linear=27.7ms, total=78.7ms
[2026-03-15T08:42:26Z INFO  bif_core::texture] UDIM atlas (Ivar): 8 tiles -> 8192x4096 (4x2 grid, tile 2048x2048)
[2026-03-15T08:42:27Z INFO  bif_core::texture] UDIM atlas (Ivar): 8 tiles -> 8192x4096 (4x2 grid, tile 2048x2048)
[2026-03-15T08:42:28Z INFO  bif_core::texture] UDIM atlas (Ivar): 8 tiles -> 8192x4096 (4x2 grid, tile 2048x2048)
[2026-03-15T08:42:28Z INFO  bif_core::texture] Texture decor_bonsai_jar01_proxyTexture.jpg (512x512): decode=8.8ms, convert=0.6ms, linear=2.1ms, total=11.5ms
[2026-03-15T08:42:29Z INFO  bif_core::texture] Texture decor_bonsai_jar01_BaseColor.1001.jpg (2048x2048): decode=30.0ms, convert=12.3ms, linear=28.6ms, total=70.9ms
[2026-03-15T08:42:29Z INFO  bif_core::texture] Texture decor_bonsai_jar01_BaseColor.1002.jpg (2048x2048): decode=86.0ms, convert=10.7ms, linear=27.1ms, total=123.8ms
[2026-03-15T08:42:29Z INFO  bif_core::texture] Texture decor_bonsai_jar01_BaseColor.1003.jpg (2048x2048): decode=74.8ms, convert=8.9ms, linear=24.1ms, total=107.8ms
[2026-03-15T08:42:29Z INFO  bif_core::texture] UDIM atlas (Ivar): 3 tiles -> 6144x2048 (3x1 grid, tile 2048x2048)
[2026-03-15T08:42:29Z INFO  bif_core::texture] UDIM atlas (Ivar): 3 tiles -> 6144x2048 (3x1 grid, tile 2048x2048)
[2026-03-15T08:42:30Z INFO  bif_core::texture] UDIM atlas (Ivar): 3 tiles -> 6144x2048 (3x1 grid, tile 2048x2048)
[2026-03-15T08:42:30Z INFO  bif_core::texture] Texture electronics_wire_spool04_proxyTexture.jpg (512x512): decode=7.8ms, convert=0.9ms, linear=1.7ms, total=10.3ms
[2026-03-15T08:42:30Z INFO  bif_core::texture] Texture electronics_wire_spool04_BaseColor.1001.jpg (2048x2048): decode=44.0ms, convert=9.1ms, linear=23.3ms, total=76.4ms
[2026-03-15T08:42:30Z INFO  bif_core::texture] Texture electronics_wire_spool04_BaseColor.1002.jpg (2048x2048): decode=82.5ms, convert=10.3ms, linear=28.0ms, total=120.8ms
[2026-03-15T08:42:30Z INFO  bif_core::texture] UDIM atlas (Ivar): 2 tiles -> 4096x2048 (2x1 grid, tile 2048x2048)
[2026-03-15T08:42:31Z INFO  bif_core::texture] UDIM atlas (Ivar): 2 tiles -> 4096x2048 (2x1 grid, tile 2048x2048)
[2026-03-15T08:42:31Z INFO  bif_core::texture] UDIM atlas (Ivar): 2 tiles -> 4096x2048 (2x1 grid, tile 2048x2048)
[2026-03-15T08:42:32Z INFO  bif_core::texture] UDIM atlas (Ivar): 2 tiles -> 4096x2048 (2x1 grid, tile 2048x2048)
[2026-03-15T08:42:32Z INFO  bif_core::texture] Texture electronics_wire_spool05_proxyTexture.jpg (512x512): decode=8.2ms, convert=0.8ms, linear=1.9ms, total=10.9ms
[2026-03-15T08:42:32Z INFO  bif_core::texture] Texture electronics_wire_spool05_BaseColor.1001.jpg (2048x2048): decode=31.7ms, convert=9.6ms, linear=22.1ms, total=63.4ms
[2026-03-15T08:42:32Z INFO  bif_core::texture] Texture electronics_wire_spool05_BaseColor.1002.jpg (2048x2048): decode=72.3ms, convert=9.9ms, linear=23.6ms, total=105.9ms
[2026-03-15T08:42:32Z INFO  bif_core::texture] UDIM atlas (Ivar): 2 tiles -> 4096x2048 (2x1 grid, tile 2048x2048)
[2026-03-15T08:42:32Z INFO  bif_core::texture] UDIM atlas (Ivar): 2 tiles -> 4096x2048 (2x1 grid, tile 2048x2048)
[2026-03-15T08:42:33Z INFO  bif_core::texture] UDIM atlas (Ivar): 2 tiles -> 4096x2048 (2x1 grid, tile 2048x2048)
[2026-03-15T08:42:33Z INFO  bif_core::texture] UDIM atlas (Ivar): 2 tiles -> 4096x2048 (2x1 grid, tile 2048x2048)
[2026-03-15T08:42:33Z INFO  bif_core::texture] Texture electronics_wire_spool06_proxyTexture.jpg (512x512): decode=7.3ms, convert=0.8ms, linear=1.3ms, total=9.4ms
[2026-03-15T08:42:33Z INFO  bif_core::texture] Texture electronics_wire_spool06_BaseColor.1001.jpg (2048x2048): decode=31.8ms, convert=9.0ms, linear=23.3ms, total=64.1ms
[2026-03-15T08:42:33Z INFO  bif_core::texture] Texture electronics_wire_spool06_BaseColor.1002.jpg (2048x2048): decode=72.5ms, convert=9.1ms, linear=22.8ms, total=104.4ms
[2026-03-15T08:42:33Z INFO  bif_core::texture] UDIM atlas (Ivar): 2 tiles -> 4096x2048 (2x1 grid, tile 2048x2048)
[2026-03-15T08:42:34Z INFO  bif_core::texture] UDIM atlas (Ivar): 2 tiles -> 4096x2048 (2x1 grid, tile 2048x2048)
[2026-03-15T08:42:34Z INFO  bif_core::texture] UDIM atlas (Ivar): 2 tiles -> 4096x2048 (2x1 grid, tile 2048x2048)
[2026-03-15T08:42:35Z INFO  bif_core::texture] UDIM atlas (Ivar): 2 tiles -> 4096x2048 (2x1 grid, tile 2048x2048)
[2026-03-15T08:42:35Z INFO  bif_core::texture] Texture electronics_powerpoint01_proxyTexture.jpg (512x512): decode=10.9ms, convert=0.7ms, linear=1.5ms, total=13.0ms
[2026-03-15T08:42:35Z INFO  bif_core::texture] Texture electronics_powerpoint01_BaseColor.1001.jpg (2048x2048): decode=55.0ms, convert=8.7ms, linear=23.3ms, total=87.0ms
[2026-03-15T08:42:35Z INFO  bif_core::texture] UDIM atlas (Ivar): 1 tiles -> 2048x2048 (1x1 grid, tile 2048x2048)
[2026-03-15T08:42:35Z INFO  bif_core::texture] UDIM atlas (Ivar): 1 tiles -> 2048x2048 (1x1 grid, tile 2048x2048)
[2026-03-15T08:42:35Z INFO  bif_core::texture] UDIM atlas (Ivar): 1 tiles -> 2048x2048 (1x1 grid, tile 2048x2048)
[2026-03-15T08:42:35Z INFO  bif_core::texture] Texture vegetation_bonsai_trunk01_proxyTexture.jpg (512x512): decode=11.1ms, convert=0.8ms, linear=1.6ms, total=13.6ms
[2026-03-15T08:42:36Z INFO  bif_core::texture] Texture vegetation_bonsai_trunk01_BaseColor.1001.jpg (2048x2048): decode=65.1ms, convert=9.0ms, linear=23.0ms, total=97.2ms
[2026-03-15T08:42:36Z INFO  bif_core::texture] UDIM atlas (Ivar): 1 tiles -> 2048x2048 (1x1 grid, tile 2048x2048)
[2026-03-15T08:42:36Z INFO  bif_core::texture] Texture vegetation_bonsai_branch01_proxyTexture.jpg (512x512): decode=9.5ms, convert=0.6ms, linear=1.6ms, total=11.7ms
[2026-03-15T08:42:36Z INFO  bif_core::texture] Texture vegetation_bonsai_branch01_BaseColor.1001.jpg (2048x2048): decode=65.7ms, convert=9.7ms, linear=22.3ms, total=97.7ms
[2026-03-15T08:42:36Z INFO  bif_core::texture] UDIM atlas (Ivar): 1 tiles -> 2048x2048 (1x1 grid, tile 2048x2048)
[2026-03-15T08:42:36Z INFO  bif_core::texture] Texture vegetation_bonsai_branch02_proxyTexture.jpg (512x512): decode=9.0ms, convert=0.6ms, linear=1.3ms, total=10.9ms
[2026-03-15T08:42:37Z INFO  bif_core::texture] Texture vegetation_bonsai_branch02_BaseColor.1001.jpg (2048x2048): decode=70.0ms, convert=10.3ms, linear=28.4ms, total=108.8ms
[2026-03-15T08:42:37Z INFO  bif_core::texture] UDIM atlas (Ivar): 1 tiles -> 2048x2048 (1x1 grid, tile 2048x2048)
[2026-03-15T08:42:37Z INFO  bif_core::texture] Texture vegetation_bonsai_branch03_proxyTexture.jpg (512x512): decode=9.4ms, convert=0.6ms, linear=1.3ms, total=11.4ms
[2026-03-15T08:42:37Z INFO  bif_core::texture] Texture vegetation_bonsai_branch03_BaseColor.1001.jpg (2048x2048): decode=66.4ms, convert=9.3ms, linear=23.9ms, total=99.7ms
[2026-03-15T08:42:37Z INFO  bif_core::texture] UDIM atlas (Ivar): 1 tiles -> 2048x2048 (1x1 grid, tile 2048x2048)
[2026-03-15T08:42:37Z INFO  bif_core::texture] Texture vegetation_bonsai_twig01_proxyTexture.jpg (512x512): decode=8.7ms, convert=0.6ms, linear=1.3ms, total=10.6ms
[2026-03-15T08:42:37Z INFO  bif_core::texture] Texture vegetation_bonsai_twig01_BaseColor.1001.jpg (2048x2048): decode=66.8ms, convert=9.1ms, linear=24.7ms, total=100.6ms
[2026-03-15T08:42:37Z INFO  bif_core::texture] Texture vegetation_bonsai_twig02_proxyTexture.jpg (512x512): decode=9.7ms, convert=0.7ms, linear=1.9ms, total=12.2ms
[2026-03-15T08:42:38Z INFO  bif_core::texture] Texture vegetation_bonsai_twig02_BaseColor.1001.jpg (2048x2048): decode=75.0ms, convert=11.0ms, linear=26.4ms, total=112.4ms
[2026-03-15T08:42:38Z INFO  bif_core::texture] Texture vegetation_bonsai_twig03_proxyTexture.jpg (512x512): decode=8.2ms, convert=0.6ms, linear=1.5ms, total=10.3ms
[2026-03-15T08:42:38Z INFO  bif_core::texture] Texture vegetation_bonsai_twig03_BaseColor.1001.jpg (2048x2048): decode=69.1ms, convert=8.9ms, linear=23.0ms, total=101.0ms
[2026-03-15T08:42:38Z INFO  bif_core::texture] Texture test202009demo_ll_leaf01_sm01_proxyTexture.jpg (512x512): decode=6.9ms, convert=0.6ms, linear=1.3ms, total=8.8ms
[2026-03-15T08:42:38Z INFO  bif_core::texture] Texture test202009demo_ll_leaf01_sm01_BaseColor.1001.jpg (2048x2048): decode=40.2ms, convert=8.8ms, linear=27.7ms, total=76.7ms
[2026-03-15T08:42:38Z INFO  bif_core::texture] Texture structure_wall_fibro01_proxyTexture.jpg (512x512): decode=8.2ms, convert=0.7ms, linear=1.6ms, total=10.5ms
[2026-03-15T08:42:38Z INFO  bif_core::texture] Texture structure_wall_fibro01_BaseColor.1001.jpg (2048x2048): decode=49.6ms, convert=11.6ms, linear=30.5ms, total=91.7ms
[2026-03-15T08:42:39Z INFO  bif_core::texture] Texture structure_wall_fibro01_BaseColor.1002.jpg (2048x2048): decode=47.7ms, convert=9.1ms, linear=24.5ms, total=81.3ms
[2026-03-15T08:42:39Z INFO  bif_core::texture] Texture structure_wall_fibro01_BaseColor.1003.jpg (2048x2048): decode=62.6ms, convert=9.0ms, linear=24.3ms, total=95.9ms
[2026-03-15T08:42:39Z INFO  bif_core::texture] Texture structure_wall_fibro01_BaseColor.1011.jpg (2048x2048): decode=46.9ms, convert=9.0ms, linear=25.4ms, total=81.3ms
[2026-03-15T08:42:39Z INFO  bif_core::texture] Texture structure_wall_fibro01_BaseColor.1012.jpg (2048x2048): decode=47.8ms, convert=10.1ms, linear=22.5ms, total=80.4ms
[2026-03-15T08:42:39Z INFO  bif_core::texture] UDIM atlas (Ivar): 5 tiles -> 6144x4096 (3x2 grid, tile 2048x2048)
[2026-03-15T08:42:40Z INFO  bif_core::texture] UDIM atlas (Ivar): 5 tiles -> 6144x4096 (3x2 grid, tile 2048x2048)
[2026-03-15T08:42:41Z INFO  bif_core::texture] UDIM atlas (Ivar): 5 tiles -> 6144x4096 (3x2 grid, tile 2048x2048)
[2026-03-15T08:42:41Z INFO  bif_core::texture] Texture structure_wall_fibro02_proxyTexture.jpg (512x512): decode=8.4ms, convert=0.6ms, linear=1.4ms, total=10.4ms
[2026-03-15T08:42:41Z INFO  bif_core::texture] Texture structure_wall_fibro02_BaseColor.1001.jpg (2048x2048): decode=44.3ms, convert=9.6ms, linear=23.3ms, total=77.3ms
[2026-03-15T08:42:41Z INFO  bif_core::texture] Texture structure_wall_fibro02_BaseColor.1002.jpg (2048x2048): decode=47.9ms, convert=10.1ms, linear=23.2ms, total=81.1ms
[2026-03-15T08:42:41Z INFO  bif_core::texture] Texture structure_wall_fibro02_BaseColor.1003.jpg (2048x2048): decode=68.9ms, convert=10.6ms, linear=22.7ms, total=102.2ms
[2026-03-15T08:42:41Z INFO  bif_core::texture] Texture structure_wall_fibro02_BaseColor.1011.jpg (2048x2048): decode=49.2ms, convert=9.2ms, linear=22.6ms, total=81.1ms
[2026-03-15T08:42:42Z INFO  bif_core::texture] Texture structure_wall_fibro02_BaseColor.1012.jpg (2048x2048): decode=50.3ms, convert=10.0ms, linear=25.1ms, total=85.4ms
[2026-03-15T08:42:42Z INFO  bif_core::texture] UDIM atlas (Ivar): 5 tiles -> 6144x4096 (3x2 grid, tile 2048x2048)
[2026-03-15T08:42:42Z INFO  bif_core::texture] UDIM atlas (Ivar): 5 tiles -> 6144x4096 (3x2 grid, tile 2048x2048)
[2026-03-15T08:42:43Z INFO  bif_core::texture] UDIM atlas (Ivar): 5 tiles -> 6144x4096 (3x2 grid, tile 2048x2048)
[2026-03-15T08:42:43Z INFO  bif_core::texture] Texture structure_wall_fibro03_proxyTexture.jpg (512x512): decode=8.7ms, convert=0.7ms, linear=1.3ms, total=10.7ms
[2026-03-15T08:42:43Z INFO  bif_core::texture] Texture structure_wall_fibro03_BaseColor.1001.jpg (2048x2048): decode=45.1ms, convert=10.2ms, linear=27.0ms, total=82.3ms
[2026-03-15T08:42:44Z INFO  bif_core::texture] Texture structure_wall_fibro03_BaseColor.1002.jpg (2048x2048): decode=51.1ms, convert=12.7ms, linear=32.0ms, total=95.8ms
[2026-03-15T08:42:44Z INFO  bif_core::texture] Texture structure_wall_fibro03_BaseColor.1003.jpg (2048x2048): decode=65.8ms, convert=10.6ms, linear=26.7ms, total=103.1ms
[2026-03-15T08:42:44Z INFO  bif_core::texture] Texture structure_wall_fibro03_BaseColor.1011.jpg (2048x2048): decode=43.6ms, convert=9.0ms, linear=23.4ms, total=76.0ms
[2026-03-15T08:42:44Z INFO  bif_core::texture] Texture structure_wall_fibro03_BaseColor.1012.jpg (2048x2048): decode=44.7ms, convert=9.2ms, linear=23.3ms, total=77.2ms
[2026-03-15T08:42:44Z INFO  bif_core::texture] UDIM atlas (Ivar): 5 tiles -> 6144x4096 (3x2 grid, tile 2048x2048)
[2026-03-15T08:42:45Z INFO  bif_core::texture] UDIM atlas (Ivar): 5 tiles -> 6144x4096 (3x2 grid, tile 2048x2048)
[2026-03-15T08:42:46Z INFO  bif_core::texture] UDIM atlas (Ivar): 5 tiles -> 6144x4096 (3x2 grid, tile 2048x2048)
[2026-03-15T08:42:46Z INFO  bif_viewport::batch_render] Built 132 materials (textures cached: 272)
[2026-03-15T08:42:46Z INFO  bif_viewport::ivar_build] Pre-warmed 132 materials in 108155.08ms
[2026-03-15T08:54:13Z INFO  bif_viewport] USD camera '/root/camera_ztl01_060/GEO/camera_main_srt/camera_M_default_render_cam_srt/camera_M_default_render_cam_srtBuffer/camera_M_render_cam' at frame 1200: pos=Vec3(160.12311, 225.0419, 379.38004), target=Vec3(162.79419, 227.86374, 370.16577), up=Vec3(-2.8833306e-6, 0.9561668, 0.29282254)
[2026-03-15T08:54:17Z INFO  bif_viewport::render] Switched to Ivar mode - starting render
[2026-03-15T08:54:17Z INFO  bif_viewport::ivar_build] Starting background Ivar scene build: 914 instances, 2566649 tris/instance
[2026-03-15T08:54:17Z INFO  bif_viewport::ivar_build] Multi-prototype: using identity transform for Ivar (transforms baked into combined mesh)
[2026-03-15T08:54:17Z INFO  bif_viewport::ivar_build] Grabbed pre-warmed materials (132) before build
[2026-03-15T08:54:17Z ERROR bif_viewport::ivar_build] Cannot start Ivar render: no scene
[2026-03-15T08:54:17Z INFO  bif_viewport::ivar_build] Background thread: Building Embree scene (2566649 tris, 1640725 shared verts, 1 instances)...
[2026-03-15T08:54:17Z INFO  bif_viewport::ivar_build] Using cached materials (132 materials)
[2026-03-15T08:54:17Z INFO  bif_renderer::embree] EmbreeScene::from_indexed() timing: total=483.3ms (device=0.0, pad=67.5, bvh=356.6, instances=0.1, hitdata=44.8, normats=0.0) | 2566649 tris, 1 instances, 1640725 shared verts
[2026-03-15T08:54:17Z INFO  bif_viewport::ivar_build] Using Embree (indexed) for hardware-accelerated ray tracing
[2026-03-15T08:54:17Z INFO  bif_viewport::ivar_build] Background thread: Ivar scene built in 483.64ms
[2026-03-15T08:54:17Z INFO  bif_viewport::ivar_build] Scene build completed, received on main thread
[2026-03-15T08:54:17Z INFO  bif_viewport::ivar_build] SHARC radiance cache created
[2026-03-15T08:54:17Z INFO  bif_viewport::ivar_build] Starting Ivar render with built scene
[2026-03-15T08:54:17Z INFO  bif_viewport::ivar_build] Restarting Ivar at 1/1 scale (700x460)
[2026-03-15T08:54:17Z INFO  bif_renderer::embree] Ray hit #3: t=31.439201, geom_id=0, prim_id=1766133, normal=(-24447.889, 0, 0)
[2026-03-15T08:54:17Z INFO  bif_renderer::embree] Ray hit #5: t=29.37341, geom_id=0, prim_id=1766117, normal=(0.00048762932, -176487.5, 66786.95)
[2026-03-15T08:54:17Z INFO  bif_renderer::embree] Ray hit #4: t=29.899843, geom_id=0, prim_id=1766117, normal=(0.00048762932, -176487.5, 66786.95)
[2026-03-15T08:54:17Z INFO  bif_renderer::embree] Ray hit #2: t=21.660189, geom_id=0, prim_id=1766096, normal=(0, -6135.361, -2321.7964)
[2026-03-15T08:54:17Z INFO  bif_renderer::embree] Ray hit #1: t=37.21008, geom_id=0, prim_id=1766117, normal=(0.00048762932, -176487.5, 66786.95)
[2026-03-15T08:54:18Z INFO  bif_viewport::ivar_build] Pass 0 complete (1/16 SPP)
[2026-03-15T08:54:18Z INFO  bif_viewport::ivar_build] Pass 1 complete (2/16 SPP)
[2026-03-15T08:54:18Z INFO  bif_viewport::ivar_build] Pass 2 complete (3/16 SPP)
[2026-03-15T08:54:18Z INFO  bif_viewport::ivar_build] Pass 3 complete (4/16 SPP)
[2026-03-15T08:54:18Z INFO  bif_viewport::ivar_build] Pass 4 complete (5/16 SPP)
[2026-03-15T08:54:18Z INFO  bif_viewport::ivar_build] Pass 5 complete (6/16 SPP)
[2026-03-15T08:54:18Z INFO  bif_viewport::ivar_build] Pass 6 complete (7/16 SPP)
[2026-03-15T08:54:18Z INFO  bif_viewport::ivar_build] Pass 7 complete (8/16 SPP)
[2026-03-15T08:54:19Z INFO  bif_viewport::ivar_build] Pass 8 complete (9/16 SPP)
[2026-03-15T08:54:19Z INFO  bif_viewport::ivar_build] Pass 9 complete (10/16 SPP)
[2026-03-15T08:54:19Z INFO  bif_viewport::ivar_build] Pass 10 complete (11/16 SPP)
[2026-03-15T08:54:19Z INFO  bif_viewport::ivar_build] Pass 11 complete (12/16 SPP)
[2026-03-15T08:54:19Z INFO  bif_viewport::ivar_build] Pass 12 complete (13/16 SPP)
[2026-03-15T08:54:19Z INFO  bif_viewport::ivar_build] Pass 13 complete (14/16 SPP)
[2026-03-15T08:54:19Z INFO  bif_viewport::ivar_build] Pass 14 complete (15/16 SPP)
[2026-03-15T08:54:20Z INFO  bif_viewport::ivar_build] Pass 15 complete (16/16 SPP)
[2026-03-15T08:54:20Z INFO  bif_viewport::ivar_build] Progressive render complete: 16 SPP in 2.04s
[2026-03-15T08:54:26Z INFO  bif_viewer] Close requested
